SOURCE_FILE,INGESTED_AT,API_RESPONSE
nhtsa_safety_2003.json,2026-08-28 16:05:12.636,"{
  ""make"": ""Mercedes-Benz"",
  ""model_year"": 2003,
  ""record_count"": 4,
  ""results"": [
    {
      ""source"": {
        ""model_year"": 2003,
        ""nhtsa_model"": ""A-CLASS"",
        ""uk_model"": "" A Class""
      },
      ""vehicle_count"": 0,
      ""vehicles"": []
    },
    {
      ""source"": {
        ""model_year"": 2003,
        ""nhtsa_model"": ""CLK"",
        ""uk_model"": "" CLK""
      },
      ""vehicle_count"": 0,
      ""vehicles"": []
    },
    {
      ""source"": {
        ""model_year"": 2003,
        ""nhtsa_model"": ""SL-CLASS"",
        ""uk_model"": "" SL CLASS""
      },
      ""vehicle_count"": 1,
      ""vehicles"": [
        {
          ""safety_ratings"": {
            ""Count"": 1,
            ""Message"": ""Results returned successfully"",
            ""Results"": [
              {
                ""ComplaintsCount"": 114,
                ""FrontCrashDriversideRating"": ""Not Rated"",
                ""FrontCrashPassengersideRating"": ""Not Rated"",
                ""InvestigationCount"": 1,
                ""Make"": ""MERCEDES-BENZ"",
                ""Model"": ""SL-CLASS"",
                ""ModelYear"": 2003,
                ""NHTSAElectronicStabilityControl"": ""Standard"",
                ""NHTSAForwardCollisionWarning"": ""No"",
                ""NHTSALaneDepartureWarning"": ""No"",
                ""OverallFrontCrashRating"": ""Not Rated"",
                ""OverallRating"": ""Not Rated"",
                ""OverallSideCrashRating"": ""Not Rated"",
                ""RecallsCount"": 4,
                ""RolloverPossibility"": 0,
                ""RolloverPossibility2"": 0,
                ""RolloverRating"": ""Not Rated"",
                ""RolloverRating2"": ""Not Rated"",
                ""SideCrashDriversideRating"": ""Not Rated"",
                ""SideCrashPassengersideRating"": ""Not Rated"",
                ""SidePoleCrashRating"": ""Not Rated"",
                ""VehicleDescription"": ""2003 Mercedes-Benz SL-Class Convertible w/SAB"",
                ""VehicleId"": 4714,
                ""combinedSideBarrierAndPoleRating-Front"": ""Not Rated"",
                ""combinedSideBarrierAndPoleRating-Rear"": ""Not Rated"",
                ""dynamicTipResult"": "" "",
                ""sideBarrierRating-Overall"": ""Not Rated""
              }
            ]
          },
          ""vehicle_description"": ""2003 Mercedes-Benz SL-Class Convertible w/SAB"",
          ""vehicle_id"": 4714
        }
      ]
    },
    {
      ""source"": {
        ""model_year"": 2003,
        ""nhtsa_model"": ""SLK"",
        ""uk_model"": "" SLK""
      },
      ""vehicle_count"": 1,
      ""vehicles"": [
        {
          ""safety_ratings"": {
            ""Count"": 1,
            ""Message"": ""Results returned successfully"",
            ""Results"": [
              {
                ""ComplaintsCount"": 15,
                ""FrontCrashDriversideRating"": ""Not Rated"",
                ""FrontCrashPassengersideRating"": ""Not Rated"",
                ""InvestigationCount"": 1,
                ""Make"": ""MERCEDES-BENZ"",
                ""Model"": ""SLK"",
                ""ModelYear"": 2003,
                ""NHTSAElectronicStabilityControl"": ""Standard"",
                ""NHTSAForwardCollisionWarning"": ""No"",
                ""NHTSALaneDepartureWarning"": ""No"",
                ""OverallFrontCrashRating"": ""Not Rated"",
                ""OverallRating"": ""Not Rated"",
                ""OverallSideCrashRating"": ""Not Rated"",
                ""RecallsCount"": 1,
                ""RolloverPossibility"": 0,
                ""RolloverPossibility2"": 0,
                ""RolloverRating"": ""Not Rated"",
                ""RolloverRating2"": ""Not Rated"",
                ""SideCrashDriversideRating"": ""Not Rated"",
                ""SideCrashPassengersideRating"": ""Not Rated"",
                ""SidePoleCrashRating"": ""Not Rated"",
                ""VehicleDescription"": ""2003 Mercedes-Benz SLK w/SAB"",
                ""VehicleId"": 4715,
                ""combinedSideBarrierAndPoleRating-Front"": ""Not Rated"",
                ""combinedSideBarrierAndPoleRating-Rear"": ""Not Rated"",
                ""dynamicTipResult"": "" "",
                ""sideBarrierRating-Overall"": ""Not Rated""
              }
            ]
          },
          ""vehicle_description"": ""2003 Mercedes-Benz SLK w/SAB"",
          ""vehicle_id"": 4715
        }
      ]
    }
  ],
  ""source"": ""NHTSA""
}"
nhtsa_safety_2005.json,2026-08-28 16:05:12.636,"{
  ""make"": ""Mercedes-Benz"",
  ""model_year"": 2005,
  ""record_count"": 7,
  ""results"": [
    {
      ""source"": {
        ""model_year"": 2005,
        ""nhtsa_model"": ""B-CLASS"",
        ""uk_model"": "" B Class""
      },
      ""vehicle_count"": 0,
      ""vehicles"": []
    },
    {
      ""source"": {
        ""model_year"": 2005,
        ""nhtsa_model"": ""C-CLASS"",
        ""uk_model"": "" C Class""
      },
      ""vehicle_count"": 2,
      ""vehicles"": [
        {
          ""safety_ratings"": {
            ""Count"": 1,
            ""Message"": ""Results returned successfully"",
            ""Results"": [
              {
                ""ComplaintsCount"": 140,
                ""FrontCrashDriversideRating"": ""4"",
                ""FrontCrashPassengersideRating"": ""4"",
                ""FrontCrashPicture"": ""https://static.nhtsa.gov/crashTest/images/2005/03C-class.jpg"",
                ""InvestigationCount"": 1,
                ""Make"": ""MERCEDES-BENZ"",
                ""Model"": ""C-CLASS"",
                ""ModelYear"": 2005,
                ""NHTSAElectronicStabilityControl"": ""Standard"",
                ""NHTSAForwardCollisionWarning"": ""No"",
                ""NHTSALaneDepartureWarning"": ""No"",
                ""OverallFrontCrashRating"": ""Not Rated"",
                ""OverallRating"": ""Not Rated"",
                ""OverallSideCrashRating"": ""Not Rated"",
                ""RecallsCount"": 6,
                ""RolloverPossibility"": 0,
                ""RolloverPossibility2"": 0.124,
                ""RolloverRating"": ""Not Rated"",
                ""RolloverRating2"": ""4"",
                ""SideCrashDriversideRating"": ""5"",
                ""SideCrashPassengersideRating"": ""5"",
                ""SidePoleCrashRating"": ""Not Rated"",
                ""VehicleDescription"": ""2005 Mercedes-Benz C-Class 4-DR. w/SAB"",
                ""VehicleId"": 1484,
                ""combinedSideBarrierAndPoleRating-Front"": ""Not Rated"",
                ""combinedSideBarrierAndPoleRating-Rear"": ""Not Rated"",
                ""dynamicTipResult"": "" "",
                ""sideBarrierRating-Overall"": ""Not Rated""
              }
            ]
          },
          ""vehicle_description"": ""2005 Mercedes-Benz C-Class 4-DR. w/SAB"",
          ""vehicle_id"": 1484
        },
        {
          ""safety_ratings"": {
            ""Count"": 1,
            ""Message"": ""Results returned successfully"",
            ""Results"": [
              {
                ""ComplaintsCount"": 140,
                ""FrontCrashDriversideRating"": ""Not Rated"",
                ""FrontCrashPassengersideRating"": ""Not Rated"",
                ""InvestigationCount"": 1,
                ""Make"": ""MERCEDES-BENZ"",
                ""Model"": ""C-CLASS"",
                ""ModelYear"": 2005,
                ""NHTSAElectronicStabilityControl"": ""Standard"",
                ""NHTSAForwardCollisionWarning"": ""No"",
                ""NHTSALaneDepartureWarning"": ""No"",
                ""OverallFrontCrashRating"": ""Not Rated"",
                ""OverallRating"": ""Not Rated"",
                ""OverallSideCrashRating"": ""Not Rated"",
                ""RecallsCount"": 6,
                ""RolloverPossibility"": 0,
                ""RolloverPossibility2"": 0,
                ""RolloverRating"": ""Not Rated"",
                ""RolloverRating2"": ""Not Rated"",
                ""SideCrashDriversideRating"": ""Not Rated"",
                ""SideCrashPassengersideRating"": ""Not Rated"",
                ""SidePoleCrashRating"": ""Not Rated"",
                ""VehicleDescription"": ""2005 Mercedes-Benz C-Class 2-DR w/SAB"",
                ""VehicleId"": 1407,
                ""combinedSideBarrierAndPoleRating-Front"": ""Not Rated"",
                ""combinedSideBarrierAndPoleRating-Rear"": ""Not Rated"",
                ""dynamicTipResult"": "" "",
                ""sideBarrierRating-Overall"": ""Not Rated""
              }
            ]
          },
          ""vehicle_description"": ""2005 Mercedes-Benz C-Class 2-DR w/SAB"",
          ""vehicle_id"": 1407
        }
      ]
    },
    {
      ""source"": {
        ""model_year"": 2005,
        ""nhtsa_model"": ""CLK"",
        ""uk_model"": "" CLK""
      },
      ""vehicle_count"": 0,
      ""vehicles"": []
    },
    {
      ""source"": {
        ""model_year"": 2005,
        ""nhtsa_model"": ""E-CLASS"",
        ""uk_model"": "" E Class""
      },
      ""vehicle_count"": 1,
      ""vehicles"": [
        {
          ""safety_ratings"": {
            ""Count"": 1,
            ""Message"": ""Results returned successfully"",
            ""Results"": [
              {
                ""ComplaintsCount"": 532,
                ""FrontCrashDriversideRating"": ""4"",
                ""FrontCrashPassengersideRating"": ""4"",
                ""FrontCrashPicture"": ""https://static.nhtsa.gov/crashTest/images/2005/03E-classpost.jpg"",
                ""FrontCrashVideo"": ""https://static.nhtsa.gov/crashTest/videos/2005/03E-class.wmv"",
                ""InvestigationCount"": 3,
                ""Make"": ""MERCEDES-BENZ"",
                ""Model"": ""E-CLASS"",
                ""ModelYear"": 2005,
                ""NHTSAElectronicStabilityControl"": ""Standard"",
                ""NHTSAForwardCollisionWarning"": ""No"",
                ""NHTSALaneDepartureWarning"": ""No"",
                ""OverallFrontCrashRating"": ""Not Rated"",
                ""OverallRating"": ""Not Rated"",
                ""OverallSideCrashRating"": ""Not Rated"",
                ""RecallsCount"": 6,
                ""RolloverPossibility"": 0,
                ""RolloverPossibility2"": 0.101,
                ""RolloverRating"": ""Not Rated"",
                ""RolloverRating2"": ""5"",
                ""SideCrashDriversideRating"": ""5"",
                ""SideCrashPassengersideRating"": ""5"",
                ""SideCrashPicture"": ""https://static.nhtsa.gov/crashTest/images/2005/03E-class_s.jpg"",
                ""SideCrashVideo"": ""https://static.nhtsa.gov/crashTest/videos/2005/03E-class_s.wmv"",
                ""SidePoleCrashRating"": ""Not Rated"",
                ""VehicleDescription"": ""2005 Mercedes-Benz E-Class 4-DR. w/SAB"",
                ""VehicleId"": 1485,
                ""combinedSideBarrierAndPoleRating-Front"": ""Not Rated"",
                ""combinedSideBarrierAndPoleRating-Rear"": ""Not Rated"",
                ""dynamicTipResult"": "" "",
                ""sideBarrierRating-Overall"": ""Not Rated""
              }
            ]
          },
          ""vehicle_description"": ""2005 Mercedes-Benz E-Class 4-DR. w/SAB"",
          ""vehicle_id"": 1485
        }
      ]
    },
    {
      ""source"": {
        ""model_year"": 2005,
        ""nhtsa_model"": ""S-CLASS"",
        ""uk_model"": "" S Class""
      },
      ""vehicle_count"": 1,
      ""vehicles"": [
        {
          ""safety_ratings"": {
            ""Count"": 1,
            ""Message"": ""Results returned successfully"",
            ""Results"": [
              {
                ""ComplaintsCount"": 26,
                ""FrontCrashDriversideRating"": ""Not Rated"",
                ""FrontCrashPassengersideRating"": ""Not Rated"",
                ""InvestigationCount"": 0,
                ""Make"": ""MERCEDES-BENZ"",
                ""Model"": ""S-CLASS"",
                ""ModelYear"": 2005,
                ""NHTSAElectronicStabilityControl"": ""Standard"",
                ""NHTSAForwardCollisionWarning"": ""No"",
                ""NHTSALaneDepartureWarning"": ""No"",
                ""OverallFrontCrashRating"": ""Not Rated"",
                ""OverallRating"": ""Not Rated"",
                ""OverallSideCrashRating"": ""Not Rated"",
                ""RecallsCount"": 1,
                ""RolloverPossibility"": 0,
                ""RolloverPossibility2"": 0,
                ""RolloverRating"": ""Not Rated"",
                ""RolloverRating2"": ""Not Rated"",
                ""SideCrashDriversideRating"": ""Not Rated"",
                ""SideCrashPassengersideRating"": ""Not Rated"",
                ""SidePoleCrashRating"": ""Not Rated"",
                ""VehicleDescription"": ""2005 Mercedes-Benz S-Class 4-DR"",
                ""VehicleId"": 1415,
                ""combinedSideBarrierAndPoleRating-Front"": ""Not Rated"",
                ""combinedSideBarrierAndPoleRating-Rear"": ""Not Rated"",
                ""dynamicTipResult"": "" "",
                ""sideBarrierRating-Overall"": ""Not Rated""
              }
            ]
          },
          ""vehicle_description"": ""2005 Mercedes-Benz S-Class 4-DR"",
          ""vehicle_id"": 1415
        }
      ]
    },
    {
      ""source"": {
        ""model_year"": 2005,
        ""nhtsa_model"": ""SL-CLASS"",
        ""uk_model"": "" SL CLASS""
      },
      ""vehicle_count"": 1,
      ""vehicles"": [
        {
          ""safety_ratings"": {
            ""Count"": 1,
            ""Message"": ""Results returned successfully"",
            ""Results"": [
              {
                ""ComplaintsCount"": 29,
                ""FrontCrashDriversideRating"": ""Not Rated"",
                ""FrontCrashPassengersideRating"": ""Not Rated"",
                ""InvestigationCount"": 0,
                ""Make"": ""MERCEDES-BENZ"",
                ""Model"": ""SL-CLASS"",
                ""ModelYear"": 2005,
                ""NHTSAElectronicStabilityControl"": ""Standard"",
                ""NHTSAForwardCollisionWarning"": ""No"",
                ""NHTSALaneDepartureWarning"": ""No"",
                ""OverallFrontCrashRating"": ""Not Rated"",
                ""OverallRating"": ""Not Rated"",
                ""OverallSideCrashRating"": ""Not Rated"",
                ""RecallsCount"": 2,
                ""RolloverPossibility"": 0,
                ""RolloverPossibility2"": 0,
                ""RolloverRating"": ""Not Rated"",
                ""RolloverRating2"": ""Not Rated"",
                ""SideCrashDriversideRating"": ""Not Rated"",
                ""SideCrashPassengersideRating"": ""Not Rated"",
                ""SidePoleCrashRating"": ""Not Rated"",
                ""VehicleDescription"": ""2005 Mercedes-Benz SL-Class C-DR"",
                ""VehicleId"": 1416,
                ""combinedSideBarrierAndPoleRating-Front"": ""Not Rated"",
                ""combinedSideBarrierAndPoleRating-Rear"": ""Not Rated"",
                ""dynamicTipResult"": "" "",
                ""sideBarrierRating-Overall"": ""Not Rated""
              }
            ]
          },
          ""vehicle_description"": ""2005 Mercedes-Benz SL-Class C-DR"",
          ""vehicle_id"": 1416
        }
      ]
    },
    {
      ""source"": {
        ""model_year"": 2005,
        ""nhtsa_model"": ""SLK"",
        ""uk_model"": "" SLK""
      },
      ""vehicle_count"": 0,
      ""vehicles"": []
    }
  ],
  ""source"": ""NHTSA""
}"
nhtsa_safety_2014.json,2026-08-28 16:05:12.636,"{
  ""make"": ""Mercedes-Benz"",
  ""model_year"": 2014,
  ""record_count"": 14,
  ""results"": [
    {
      ""source"": {
        ""model_year"": 2014,
        ""nhtsa_model"": ""180"",
        ""uk_model"": ""180""
      },
      ""vehicle_count"": 0,
      ""vehicles"": []
    },
    {
      ""source"": {
        ""model_year"": 2014,
        ""nhtsa_model"": ""A-CLASS"",
        ""uk_model"": "" A Class""
      },
      ""vehicle_count"": 0,
      ""vehicles"": []
    },
    {
      ""source"": {
        ""model_year"": 2014,
        ""nhtsa_model"": ""B-CLASS"",
        ""uk_model"": "" B Class""
      },
      ""vehicle_count"": 0,
      ""vehicles"": []
    },
    {
      ""source"": {
        ""model_year"": 2014,
        ""nhtsa_model"": ""C-CLASS"",
        ""uk_model"": "" C Class""
      },
      ""vehicle_count"": 4,
      ""vehicles"": [
        {
          ""safety_ratings"": {
            ""Count"": 1,
            ""Message"": ""Results returned successfully"",
            ""Results"": [
              {
                ""ComplaintsCount"": 284,
                ""FrontCrashDriversideRating"": ""Not Rated"",
                ""FrontCrashPassengersideRating"": ""Not Rated"",
                ""InvestigationCount"": 1,
                ""Make"": ""MERCEDES-BENZ"",
                ""Model"": ""C-CLASS"",
                ""ModelYear"": 2014,
                ""NHTSAElectronicStabilityControl"": ""Standard"",
                ""NHTSAForwardCollisionWarning"": ""Optional"",
                ""NHTSALaneDepartureWarning"": ""No"",
                ""OverallFrontCrashRating"": ""Not Rated"",
                ""OverallRating"": ""Not Rated"",
                ""OverallSideCrashRating"": ""Not Rated"",
                ""RecallsCount"": 6,
                ""RolloverPossibility"": 0,
                ""RolloverPossibility2"": 0,
                ""RolloverRating"": ""Not Rated"",
                ""RolloverRating2"": ""Not Rated"",
                ""SideCrashDriversideRating"": ""Not Rated"",
                ""SideCrashPassengersideRating"": ""Not Rated"",
                ""SidePoleCrashRating"": ""Not Rated"",
                ""VehicleDescription"": ""2014 Mercedes-Benz C-CLASS 2 DR 4WD"",
                ""VehicleId"": 8618,
                ""combinedSideBarrierAndPoleRating-Front"": ""Not Rated"",
                ""combinedSideBarrierAndPoleRating-Rear"": ""Not Rated"",
                ""dynamicTipResult"": "" "",
                ""sideBarrierRating-Overall"": ""Not Rated""
              }
            ]
          },
          ""vehicle_description"": ""2014 Mercedes-Benz C-CLASS 2 DR 4WD"",
          ""vehicle_id"": 8618
        },
        {
          ""safety_ratings"": {
            ""Count"": 1,
            ""Message"": ""Results returned successfully"",
            ""Results"": [
              {
                ""ComplaintsCount"": 284,
                ""FrontCrashDriversideRating"": ""Not Rated"",
                ""FrontCrashPassengersideRating"": ""Not Rated"",
                ""InvestigationCount"": 1,
                ""Make"": ""MERCEDES-BENZ"",
                ""Model"": ""C-CLASS"",
                ""ModelYear"": 2014,
                ""NHTSAElectronicStabilityControl"": ""Standard"",
                ""NHTSAForwardCollisionWarning"": ""Optional"",
                ""NHTSALaneDepartureWarning"": ""No"",
                ""OverallFrontCrashRating"": ""Not Rated"",
                ""OverallRating"": ""Not Rated"",
                ""OverallSideCrashRating"": ""Not Rated"",
                ""RecallsCount"": 6,
                ""RolloverPossibility"": 0,
                ""RolloverPossibility2"": 0,
                ""RolloverRating"": ""Not Rated"",
                ""RolloverRating2"": ""Not Rated"",
                ""SideCrashDriversideRating"": ""Not Rated"",
                ""SideCrashPassengersideRating"": ""Not Rated"",
                ""SidePoleCrashRating"": ""Not Rated"",
                ""VehicleDescription"": ""2014 Mercedes-Benz C-CLASS 2 DR RWD"",
                ""VehicleId"": 8617,
                ""combinedSideBarrierAndPoleRating-Front"": ""Not Rated"",
                ""combinedSideBarrierAndPoleRating-Rear"": ""Not Rated"",
                ""dynamicTipResult"": "" "",
                ""sideBarrierRating-Overall"": ""Not Rated""
              }
            ]
          },
          ""vehicle_description"": ""2014 Mercedes-Benz C-CLASS 2 DR RWD"",
          ""vehicle_id"": 8617
        },
        {
          ""safety_ratings"": {
            ""Count"": 1,
            ""Message"": ""Results returned successfully"",
            ""Results"": [
              {
                ""ComplaintsCount"": 284,
                ""FrontCrashDriversideRating"": ""4"",
                ""FrontCrashPassengersideRating"": ""4"",
                ""FrontCrashPicture"": ""https://static.nhtsa.gov/crashTest/images/2014/v08080P081.jpg"",
                ""FrontCrashVideo"": ""https://static.nhtsa.gov/crashTest/videos/2014/v08080C021.wmv"",
                ""InvestigationCount"": 1,
                ""Make"": ""MERCEDES-BENZ"",
                ""Model"": ""C-CLASS"",
                ""ModelYear"": 2014,
                ""NHTSAElectronicStabilityControl"": ""Standard"",
                ""NHTSAForwardCollisionWarning"": ""Optional"",
                ""NHTSALaneDepartureWarning"": ""No"",
                ""OverallFrontCrashRating"": ""4"",
                ""OverallRating"": ""5"",
                ""OverallSideCrashRating"": ""5"",
                ""RecallsCount"": 6,
                ""RolloverPossibility"": 0.105,
                ""RolloverPossibility2"": 0,
                ""RolloverRating"": ""4"",
                ""RolloverRating2"": ""Not Rated"",
                ""SideCrashDriversideRating"": ""5"",
                ""SideCrashPassengersideRating"": ""5"",
                ""SideCrashPicture"": ""https://static.nhtsa.gov/crashTest/images/2014/v08079P105.jpg"",
                ""SideCrashVideo"": ""https://static.nhtsa.gov/crashTest/videos/2014/v08079C013.wmv"",
                ""SidePoleCrashRating"": ""5"",
                ""SidePolePicture"": ""https://static.nhtsa.gov/crashTest/images/2014/v08075P072.jpg"",
                ""SidePoleVideo"": ""https://static.nhtsa.gov/crashTest/videos/2014/v08075C014.wmv"",
                ""VehicleDescription"": ""2014 Mercedes-Benz C-Class 4 DR AWD"",
                ""VehicleId"": 8335,
                ""combinedSideBarrierAndPoleRating-Front"": ""5"",
                ""combinedSideBarrierAndPoleRating-Rear"": ""5"",
                ""dynamicTipResult"": ""No Tip"",
                ""sideBarrierRating-Overall"": ""5""
              }
            ]
          },
          ""vehicle_description"": ""2014 Mercedes-Benz C-Class 4 DR AWD"",
          ""vehicle_id"": 8335
        },
        {
          ""safety_ratings"": {
            ""Count"": 1,
            ""Message"": ""Results returned successfully"",
            ""Results"": [
              {
                ""ComplaintsCount"": 284,
                ""FrontCrashDriversideRating"": ""4"",
                ""FrontCrashPassengersideRating"": ""4"",
                ""FrontCrashPicture"": ""https://static.nhtsa.gov/crashTest/images/2014/v08080P081.jpg"",
                ""FrontCrashVideo"": ""https://static.nhtsa.gov/crashTest/videos/2014/v08080C021.wmv"",
                ""InvestigationCount"": 1,
                ""Make"": ""MERCEDES-BENZ"",
                ""Model"": ""C-CLASS"",
                ""ModelYear"": 2014,
                ""NHTSAElectronicStabilityControl"": ""Standard"",
                ""NHTSAForwardCollisionWarning"": ""Optional"",
                ""NHTSALaneDepartureWarning"": ""No"",
                ""OverallFrontCrashRating"": ""4"",
                ""OverallRating"": ""5"",
                ""OverallSideCrashRating"": ""5"",
                ""RecallsCount"": 6,
                ""RolloverPossibility"": 0.105,
                ""RolloverPossibility2"": 0,
                ""RolloverRating"": ""4"",
                ""RolloverRating2"": ""Not Rated"",
                ""SideCrashDriversideRating"": ""5"",
                ""SideCrashPassengersideRating"": ""5"",
                ""SideCrashPicture"": ""https://static.nhtsa.gov/crashTest/images/2014/v08079P105.jpg"",
                ""SideCrashVideo"": ""https://static.nhtsa.gov/crashTest/videos/2014/v08079C013.wmv"",
                ""SidePoleCrashRating"": ""5"",
                ""SidePolePicture"": ""https://static.nhtsa.gov/crashTest/images/2014/v08075P072.jpg"",
                ""SidePoleVideo"": ""https://static.nhtsa.gov/crashTest/videos/2014/v08075C014.wmv"",
                ""VehicleDescription"": ""2014 Mercedes-Benz C-Class 4 DR RWD"",
                ""VehicleId"": 8334,
                ""combinedSideBarrierAndPoleRating-Front"": ""5"",
                ""combinedSideBarrierAndPoleRating-Rear"": ""5"",
                ""dynamicTipResult"": ""No Tip"",
                ""sideBarrierRating-Overall"": ""5""
              }
            ]
          },
          ""vehicle_description"": ""2014 Mercedes-Benz C-Class 4 DR RWD"",
          ""vehicle_id"": 8334
        }
      ]
    },
    {
      ""source"": {
        ""model_year"": 2014,
        ""nhtsa_model"": ""CL-CLASS"",
        ""uk_model"": "" CL Class""
      },
      ""vehicle_count"": 2,
      ""vehicles"": [
        {
          ""safety_ratings"": {
            ""Count"": 1,
            ""Message"": ""Results returned successfully"",
            ""Results"": [
              {
                ""ComplaintsCount"": 0,
                ""FrontCrashDriversideRating"": ""Not Rated"",
                ""FrontCrashPassengersideRating"": ""Not Rated"",
                ""InvestigationCount"": 0,
                ""Make"": ""MERCEDES-BENZ"",
                ""Model"": ""CL-CLASS"",
                ""ModelYear"": 2014,
                ""NHTSAElectronicStabilityControl"": ""Standard"",
                ""NHTSAForwardCollisionWarning"": ""No"",
                ""NHTSALaneDepartureWarning"": ""No"",
                ""OverallFrontCrashRating"": ""Not Rated"",
                ""OverallRating"": ""Not Rated"",
                ""OverallSideCrashRating"": ""Not Rated"",
                ""RecallsCount"": 0,
                ""RolloverPossibility"": 0,
                ""RolloverPossibility2"": 0,
                ""RolloverRating"": ""Not Rated"",
                ""RolloverRating2"": ""Not Rated"",
                ""SideCrashDriversideRating"": ""Not Rated"",
                ""SideCrashPassengersideRating"": ""Not Rated"",
                ""SidePoleCrashRating"": ""Not Rated"",
                ""VehicleDescription"": ""2014 Mercedes-Benz CL-CLASS 2 DR 4WD"",
                ""VehicleId"": 8625,
                ""combinedSideBarrierAndPoleRating-Front"": ""Not Rated"",
                ""combinedSideBarrierAndPoleRating-Rear"": ""Not Rated"",
                ""dynamicTipResult"": "" "",
                ""sideBarrierRating-Overall"": ""Not Rated""
              }
            ]
          },
          ""vehicle_description"": ""2014 Mercedes-Benz CL-CLASS 2 DR 4WD"",
          ""vehicle_id"": 8625
        },
        {
          ""safety_ratings"": {
            ""Count"": 1,
            ""Message"": ""Results returned successfully"",
            ""Results"": [
              {
                ""ComplaintsCount"": 0,
                ""FrontCrashDriversideRating"": ""Not Rated"",
                ""FrontCrashPassengersideRating"": ""Not Rated"",
                ""InvestigationCount"": 0,
                ""Make"": ""MERCEDES-BENZ"",
                ""Model"": ""CL-CLASS"",
                ""ModelYear"": 2014,
                ""NHTSAElectronicStabilityControl"": ""Standard"",
                ""NHTSAForwardCollisionWarning"": ""No"",
                ""NHTSALaneDepartureWarning"": ""No"",
                ""OverallFrontCrashRating"": ""Not Rated"",
                ""OverallRating"": ""Not Rated"",
                ""OverallSideCrashRating"": ""Not Rated"",
                ""RecallsCount"": 0,
                ""RolloverPossibility"": 0,
                ""RolloverPossibility2"": 0,
                ""RolloverRating"": ""Not Rated"",
                ""RolloverRating2"": ""Not Rated"",
                ""SideCrashDriversideRating"": ""Not Rated"",
                ""SideCrashPassengersideRating"": ""Not Rated"",
                ""SidePoleCrashRating"": ""Not Rated"",
                ""VehicleDescription"": ""2014 Mercedes-Benz CL-CLASS 2 DR RWD"",
                ""VehicleId"": 8624,
                ""combinedSideBarrierAndPoleRating-Front"": ""Not Rated"",
                ""combinedSideBarrierAndPoleRating-Rear"": ""Not Rated"",
                ""dynamicTipResult"": "" "",
                ""sideBarrierRating-Overall"": ""Not Rated""
              }
            ]
          },
          ""vehicle_description"": ""2014 Mercedes-Benz CL-CLASS 2 DR RWD"",
          ""vehicle_id"": 8624
        }
      ]
    },
    {
      ""source"": {
        ""model_year"": 2014,
        ""nhtsa_model"": ""CLA-CLASS"",
        ""uk_model"": "" CLA Class""
      },
      ""vehicle_count"": 2,
      ""vehicles"": [
        {
          ""safety_ratings"": {
            ""Count"": 1,
            ""Message"": ""Results returned successfully"",
            ""Results"": [
              {
                ""ComplaintsCount"": 193,
                ""FrontCrashDriversideRating"": ""Not Rated"",
                ""FrontCrashPassengersideRating"": ""Not Rated"",
                ""InvestigationCount"": 2,
                ""Make"": ""MERCEDES-BENZ"",
                ""Model"": ""CLA-CLASS"",
                ""ModelYear"": 2014,
                ""NHTSAElectronicStabilityControl"": ""Standard"",
                ""NHTSAForwardCollisionWarning"": ""Standard"",
                ""NHTSALaneDepartureWarning"": ""Optional"",
                ""OverallFrontCrashRating"": ""Not Rated"",
                ""OverallRating"": ""Not Rated"",
                ""OverallSideCrashRating"": ""Not Rated"",
                ""RecallsCount"": 6,
                ""RolloverPossibility"": 0,
                ""RolloverPossibility2"": 0,
                ""RolloverRating"": ""Not Rated"",
                ""RolloverRating2"": ""Not Rated"",
                ""SideCrashDriversideRating"": ""Not Rated"",
                ""SideCrashPassengersideRating"": ""Not Rated"",
                ""SidePoleCrashRating"": ""Not Rated"",
                ""VehicleDescription"": ""2014 Mercedes-Benz CLA-CLASS 4 DR 4WD"",
                ""VehicleId"": 8614,
                ""combinedSideBarrierAndPoleRating-Front"": ""Not Rated"",
                ""combinedSideBarrierAndPoleRating-Rear"": ""Not Rated"",
                ""dynamicTipResult"": "" "",
                ""sideBarrierRating-Overall"": ""Not Rated""
              }
            ]
          },
          ""vehicle_description"": ""2014 Mercedes-Benz CLA-CLASS 4 DR 4WD"",
          ""vehicle_id"": 8614
        },
        {
          ""safety_ratings"": {
            ""Count"": 1,
            ""Message"": ""Results returned successfully"",
            ""Results"": [
              {
                ""ComplaintsCount"": 193,
                ""FrontCrashDriversideRating"": ""Not Rated"",
                ""FrontCrashPassengersideRating"": ""Not Rated"",
                ""InvestigationCount"": 2,
                ""Make"": ""MERCEDES-BENZ"",
                ""Model"": ""CLA-CLASS"",
                ""ModelYear"": 2014,
                ""NHTSAElectronicStabilityControl"": ""Standard"",
                ""NHTSAForwardCollisionWarning"": ""Standard"",
                ""NHTSALaneDepartureWarning"": ""Optional"",
                ""OverallFrontCrashRating"": ""Not Rated"",
                ""OverallRating"": ""Not Rated"",
                ""OverallSideCrashRating"": ""Not Rated"",
                ""RecallsCount"": 6,
                ""RolloverPossibility"": 0,
                ""RolloverPossibility2"": 0,
                ""RolloverRating"": ""Not Rated"",
                ""RolloverRating2"": ""Not Rated"",
                ""SideCrashDriversideRating"": ""Not Rated"",
                ""SideCrashPassengersideRating"": ""Not Rated"",
                ""SidePoleCrashRating"": ""Not Rated"",
                ""VehicleDescription"": ""2014 Mercedes-Benz CLA-CLASS 4 DR FWD"",
                ""VehicleId"": 8613,
                ""combinedSideBarrierAndPoleRating-Front"": ""Not Rated"",
                ""combinedSideBarrierAndPoleRating-Rear"": ""Not Rated"",
                ""dynamicTipResult"": "" "",
                ""sideBarrierRating-Overall"": ""Not Rated""
              }
            ]
          },
          ""vehicle_description"": ""2014 Mercedes-Benz CLA-CLASS 4 DR FWD"",
          ""vehicle_id"": 8613
        }
      ]
    },
    {
      ""source"": {
        ""model_year"": 2014,
        ""nhtsa_model"": ""CLS-CLASS"",
        ""uk_model"": "" CLS Class""
      },
      ""vehicle_count"": 2,
      ""vehicles"": [
        {
          ""safety_ratings"": {
            ""Count"": 1,
            ""Message"": ""Results returned successfully"",
            ""Results"": [
              {
                ""ComplaintsCount"": 11,
                ""FrontCrashDriversideRating"": ""Not Rated"",
                ""FrontCrashPassengersideRating"": ""Not Rated"",
                ""InvestigationCount"": 1,
                ""Make"": ""MERCEDES-BENZ"",
                ""Model"": ""CLS-CLASS"",
                ""ModelYear"": 2014,
                ""NHTSAElectronicStabilityControl"": ""Standard"",
                ""NHTSAForwardCollisionWarning"": ""No"",
                ""NHTSALaneDepartureWarning"": ""No"",
                ""OverallFrontCrashRating"": ""Not Rated"",
                ""OverallRating"": ""Not Rated"",
                ""OverallSideCrashRating"": ""Not Rated"",
                ""RecallsCount"": 4,
                ""RolloverPossibility"": 0,
                ""RolloverPossibility2"": 0,
                ""RolloverRating"": ""Not Rated"",
                ""RolloverRating2"": ""Not Rated"",
                ""SideCrashDriversideRating"": ""Not Rated"",
                ""SideCrashPassengersideRating"": ""Not Rated"",
                ""SidePoleCrashRating"": ""Not Rated"",
                ""VehicleDescription"": ""2014 Mercedes-Benz CLS-CLASS 2 DR 4WD"",
                ""VehicleId"": 8620,
                ""combinedSideBarrierAndPoleRating-Front"": ""Not Rated"",
                ""combinedSideBarrierAndPoleRating-Rear"": ""Not Rated"",
                ""dynamicTipResult"": "" "",
                ""sideBarrierRating-Overall"": ""Not Rated""
              }
            ]
          },
          ""vehicle_description"": ""2014 Mercedes-Benz CLS-CLASS 2 DR 4WD"",
          ""vehicle_id"": 8620
        },
        {
          ""safety_ratings"": {
            ""Count"": 1,
            ""Message"": ""Results returned successfully"",
            ""Results"": [
              {
                ""ComplaintsCount"": 11,
                ""FrontCrashDriversideRating"": ""Not Rated"",
                ""FrontCrashPassengersideRating"": ""Not Rated"",
                ""InvestigationCount"": 1,
                ""Make"": ""MERCEDES-BENZ"",
                ""Model"": ""CLS-CLASS"",
                ""ModelYear"": 2014,
                ""NHTSAElectronicStabilityControl"": ""Standard"",
                ""NHTSAForwardCollisionWarning"": ""No"",
                ""NHTSALaneDepartureWarning"": ""No"",
                ""OverallFrontCrashRating"": ""Not Rated"",
                ""OverallRating"": ""Not Rated"",
                ""OverallSideCrashRating"": ""Not Rated"",
                ""RecallsCount"": 4,
                ""RolloverPossibility"": 0,
                ""RolloverPossibility2"": 0,
                ""RolloverRating"": ""Not Rated"",
                ""RolloverRating2"": ""Not Rated"",
                ""SideCrashDriversideRating"": ""Not Rated"",
                ""SideCrashPassengersideRating"": ""Not Rated"",
                ""SidePoleCrashRating"": ""Not Rated"",
                ""VehicleDescription"": ""2014 Mercedes-Benz CLS-CLASS 2 DR RWD"",
                ""VehicleId"": 8619,
                ""combinedSideBarrierAndPoleRating-Front"": ""Not Rated"",
                ""combinedSideBarrierAndPoleRating-Rear"": ""Not Rated"",
                ""dynamicTipResult"": "" "",
                ""sideBarrierRating-Overall"": ""Not Rated""
              }
            ]
          },
          ""vehicle_description"": ""2014 Mercedes-Benz CLS-CLASS 2 DR RWD"",
          ""vehicle_id"": 8619
        }
      ]
    },
    {
      ""source"": {
        ""model_year"": 2014,
        ""nhtsa_model"": ""E-CLASS"",
        ""uk_model"": "" E Class""
      },
      ""vehicle_count"": 6,
      ""vehicles"": [
        {
          ""safety_ratings"": {
            ""Count"": 1,
            ""Message"": ""Results returned successfully"",
            ""Results"": [
              {
                ""ComplaintsCount"": 303,
                ""FrontCrashDriversideRating"": ""4"",
                ""FrontCrashPassengersideRating"": ""4"",
                ""InvestigationCount"": 2,
                ""Make"": ""MERCEDES-BENZ"",
                ""Model"": ""E-CLASS"",
                ""ModelYear"": 2014,
                ""NHTSAElectronicStabilityControl"": ""Standard"",
                ""NHTSAForwardCollisionWarning"": ""Standard"",
                ""NHTSALaneDepartureWarning"": ""Optional"",
                ""OverallFrontCrashRating"": ""4"",
                ""OverallRating"": ""4"",
                ""OverallSideCrashRating"": ""5"",
                ""RecallsCount"": 9,
                ""RolloverPossibility"": 0.099,
                ""RolloverPossibility2"": 0,
                ""RolloverRating"": ""5"",
                ""RolloverRating2"": ""Not Rated"",
                ""SideCrashDriversideRating"": ""5"",
                ""SideCrashPassengersideRating"": ""5"",
                ""SidePoleCrashRating"": ""3"",
                ""VehicleDescription"": ""2014 Mercedes-Benz E-CLASS SW 4WD"",
                ""VehicleId"": 8634,
                ""combinedSideBarrierAndPoleRating-Front"": ""5"",
                ""combinedSideBarrierAndPoleRating-Rear"": ""5"",
                ""dynamicTipResult"": ""No Tip"",
                ""sideBarrierRating-Overall"": ""5""
              }
            ]
          },
          ""vehicle_description"": ""2014 Mercedes-Benz E-CLASS SW 4WD"",
          ""vehicle_id"": 8634
        },
        {
          ""safety_ratings"": {
            ""Count"": 1,
            ""Message"": ""Results returned successfully"",
            ""Results"": [
              {
                ""ComplaintsCount"": 303,
                ""FrontCrashDriversideRating"": ""4"",
                ""FrontCrashPassengersideRating"": ""4"",
                ""InvestigationCount"": 2,
                ""Make"": ""MERCEDES-BENZ"",
                ""Model"": ""E-CLASS"",
                ""ModelYear"": 2014,
                ""NHTSAElectronicStabilityControl"": ""Standard"",
                ""NHTSAForwardCollisionWarning"": ""Standard"",
                ""NHTSALaneDepartureWarning"": ""Optional"",
                ""OverallFrontCrashRating"": ""4"",
                ""OverallRating"": ""4"",
                ""OverallSideCrashRating"": ""5"",
                ""RecallsCount"": 9,
                ""RolloverPossibility"": 0.099,
                ""RolloverPossibility2"": 0,
                ""RolloverRating"": ""5"",
                ""RolloverRating2"": ""Not Rated"",
                ""SideCrashDriversideRating"": ""5"",
                ""SideCrashPassengersideRating"": ""5"",
                ""SidePoleCrashRating"": ""3"",
                ""VehicleDescription"": ""2014 Mercedes-Benz E-CLASS SW RWD"",
                ""VehicleId"": 8633,
                ""combinedSideBarrierAndPoleRating-Front"": ""5"",
                ""combinedSideBarrierAndPoleRating-Rear"": ""5"",
                ""dynamicTipResult"": ""No Tip"",
                ""sideBarrierRating-Overall"": ""5""
              }
            ]
          },
          ""vehicle_description"": ""2014 Mercedes-Benz E-CLASS SW RWD"",
          ""vehicle_id"": 8633
        },
        {
          ""safety_ratings"": {
            ""Count"": 1,
            ""Message"": ""Results returned successfully"",
            ""Results"": [
              {
                ""ComplaintsCount"": 303,
                ""FrontCrashDriversideRating"": ""Not Rated"",
                ""FrontCrashPassengersideRating"": ""Not Rated"",
                ""InvestigationCount"": 2,
                ""Make"": ""MERCEDES-BENZ"",
                ""Model"": ""E-CLASS"",
                ""ModelYear"": 2014,
                ""NHTSAElectronicStabilityControl"": ""Standard"",
                ""NHTSAForwardCollisionWarning"": ""Standard"",
                ""NHTSALaneDepartureWarning"": ""Optional"",
                ""OverallFrontCrashRating"": ""Not Rated"",
                ""OverallRating"": ""Not Rated"",
                ""OverallSideCrashRating"": ""Not Rated"",
                ""RecallsCount"": 9,
                ""RolloverPossibility"": 0,
                ""RolloverPossibility2"": 0,
                ""RolloverRating"": ""Not Rated"",
                ""RolloverRating2"": ""Not Rated"",
                ""SideCrashDriversideRating"": ""Not Rated"",
                ""SideCrashPassengersideRating"": ""Not Rated"",
                ""SidePoleCrashRating"": ""Not Rated"",
                ""VehicleDescription"": ""2014 Mercedes-Benz E-CLASS 2 DR 4WD"",
                ""VehicleId"": 8628,
                ""combinedSideBarrierAndPoleRating-Front"": ""Not Rated"",
                ""combinedSideBarrierAndPoleRating-Rear"": ""Not Rated"",
                ""dynamicTipResult"": "" "",
                ""sideBarrierRating-Overall"": ""Not Rated""
              }
            ]
          },
          ""vehicle_description"": ""2014 Mercedes-Benz E-CLASS 2 DR 4WD"",
          ""vehicle_id"": 8628
        },
        {
          ""safety_ratings"": {
            ""Count"": 1,
            ""Message"": ""Results returned successfully"",
            ""Results"": [
              {
                ""ComplaintsCount"": 303,
                ""FrontCrashDriversideRating"": ""Not Rated"",
                ""FrontCrashPassengersideRating"": ""Not Rated"",
                ""InvestigationCount"": 2,
                ""Make"": ""MERCEDES-BENZ"",
                ""Model"": ""E-CLASS"",
                ""ModelYear"": 2014,
                ""NHTSAElectronicStabilityControl"": ""Standard"",
                ""NHTSAForwardCollisionWarning"": ""Standard"",
                ""NHTSALaneDepartureWarning"": ""Optional"",
                ""OverallFrontCrashRating"": ""Not Rated"",
                ""OverallRating"": ""Not Rated"",
                ""OverallSideCrashRating"": ""Not Rated"",
                ""RecallsCount"": 9,
                ""RolloverPossibility"": 0,
                ""RolloverPossibility2"": 0,
                ""RolloverRating"": ""Not Rated"",
                ""RolloverRating2"": ""Not Rated"",
                ""SideCrashDriversideRating"": ""Not Rated"",
                ""SideCrashPassengersideRating"": ""Not Rated"",
                ""SidePoleCrashRating"": ""Not Rated"",
                ""VehicleDescription"": ""2014 Mercedes-Benz E-CLASS 2 DR RWD"",
                ""VehicleId"": 8627,
                ""combinedSideBarrierAndPoleRating-Front"": ""Not Rated"",
                ""combinedSideBarrierAndPoleRating-Rear"": ""Not Rated"",
                ""dynamicTipResult"": "" "",
                ""sideBarrierRating-Overall"": ""Not Rated""
              }
            ]
          },
          ""vehicle_description"": ""2014 Mercedes-Benz E-CLASS 2 DR RWD"",
          ""vehicle_id"": 8627
        },
        {
          ""safety_ratings"": {
            ""Count"": 1,
            ""Message"": ""Results returned successfully"",
            ""Results"": [
              {
                ""ComplaintsCount"": 303,
                ""FrontCrashDriversideRating"": ""4"",
                ""FrontCrashPassengersideRating"": ""4"",
                ""FrontCrashPicture"": ""https://static.nhtsa.gov/crashTest/images/2014/v08413P083.jpg"",
                ""FrontCrashVideo"": ""https://static.nhtsa.gov/crashTest/videos/2014/v08413C019.wmv"",
                ""InvestigationCount"": 2,
                ""Make"": ""MERCEDES-BENZ"",
                ""Model"": ""E-CLASS"",
                ""ModelYear"": 2014,
                ""NHTSAElectronicStabilityControl"": ""Standard"",
                ""NHTSAForwardCollisionWarning"": ""Standard"",
                ""NHTSALaneDepartureWarning"": ""Optional"",
                ""OverallFrontCrashRating"": ""4"",
                ""OverallRating"": ""4"",
                ""OverallSideCrashRating"": ""5"",
                ""RecallsCount"": 9,
                ""RolloverPossibility"": 0.099,
                ""RolloverPossibility2"": 0,
                ""RolloverRating"": ""5"",
                ""RolloverRating2"": ""Not Rated"",
                ""SideCrashDriversideRating"": ""5"",
                ""SideCrashPassengersideRating"": ""5"",
                ""SideCrashPicture"": ""https://static.nhtsa.gov/crashTest/images/2014/v08445P107.jpg"",
                ""SideCrashVideo"": ""https://static.nhtsa.gov/crashTest/videos/2014/v08445C012.wmv"",
                ""SidePoleCrashRating"": ""3"",
                ""SidePolePicture"": ""https://static.nhtsa.gov/crashTest/images/2014/v08443P072.jpg"",
                ""SidePoleVideo"": ""https://static.nhtsa.gov/crashTest/videos/2014/v08443C013.wmv"",
                ""VehicleDescription"": ""2014 Mercedes-Benz E-Class 4 DR AWD"",
                ""VehicleId"": 8337,
                ""combinedSideBarrierAndPoleRating-Front"": ""5"",
                ""combinedSideBarrierAndPoleRating-Rear"": ""5"",
                ""dynamicTipResult"": ""No Tip"",
                ""sideBarrierRating-Overall"": ""5""
              }
            ]
          },
          ""vehicle_description"": ""2014 Mercedes-Benz E-Class 4 DR AWD"",
          ""vehicle_id"": 8337
        },
        {
          ""safety_ratings"": {
            ""Count"": 1,
            ""Message"": ""Results returned successfully"",
            ""Results"": [
              {
                ""ComplaintsCount"": 303,
                ""FrontCrashDriversideRating"": ""4"",
                ""FrontCrashPassengersideRating"": ""4"",
                ""FrontCrashPicture"": ""https://static.nhtsa.gov/crashTest/images/2014/v08413P083.jpg"",
                ""FrontCrashVideo"": ""https://static.nhtsa.gov/crashTest/videos/2014/v08413C019.wmv"",
                ""InvestigationCount"": 2,
                ""Make"": ""MERCEDES-BENZ"",
                ""Model"": ""E-CLASS"",
                ""ModelYear"": 2014,
                ""NHTSAElectronicStabilityControl"": ""Standard"",
                ""NHTSAForwardCollisionWarning"": ""Standard"",
                ""NHTSALaneDepartureWarning"": ""Optional"",
                ""OverallFrontCrashRating"": ""4"",
                ""OverallRating"": ""4"",
                ""OverallSideCrashRating"": ""5"",
                ""RecallsCount"": 9,
                ""RolloverPossibility"": 0.099,
                ""RolloverPossibility2"": 0,
                ""RolloverRating"": ""5"",
                ""RolloverRating2"": ""Not Rated"",
                ""SideCrashDriversideRating"": ""5"",
                ""SideCrashPassengersideRating"": ""5"",
                ""SideCrashPicture"": ""https://static.nhtsa.gov/crashTest/images/2014/v08445P107.jpg"",
                ""SideCrashVideo"": ""https://static.nhtsa.gov/crashTest/videos/2014/v08445C012.wmv"",
                ""SidePoleCrashRating"": ""3"",
                ""SidePolePicture"": ""https://static.nhtsa.gov/crashTest/images/2014/v08443P072.jpg"",
                ""SidePoleVideo"": ""https://static.nhtsa.gov/crashTest/videos/2014/v08443C013.wmv"",
                ""VehicleDescription"": ""2014 Mercedes-Benz E-Class 4 DR RWD"",
                ""VehicleId"": 8336,
                ""combinedSideBarrierAndPoleRating-Front"": ""5"",
                ""combinedSideBarrierAndPoleRating-Rear"": ""5"",
                ""dynamicTipResult"": ""No Tip"",
                ""sideBarrierRating-Overall"": ""5""
              }
            ]
          },
          ""vehicle_description"": ""2014 Mercedes-Benz E-Class 4 DR RWD"",
          ""vehicle_id"": 8336
        }
      ]
    },
    {
      ""source"": {
        ""model_year"": 2014,
        ""nhtsa_model"": ""GL-CLASS"",
        ""uk_model"": "" GL Class""
      },
      ""vehicle_count"": 1,
      ""vehicles"": [
        {
          ""safety_ratings"": {
            ""Count"": 1,
            ""Message"": ""Results returned successfully"",
            ""Results"": [
              {
                ""ComplaintsCount"": 39,
                ""FrontCrashDriversideRating"": ""Not Rated"",
                ""FrontCrashPassengersideRating"": ""Not Rated"",
                ""InvestigationCount"": 0,
                ""Make"": ""MERCEDES-BENZ"",
                ""Model"": ""GL-CLASS"",
                ""ModelYear"": 2014,
                ""NHTSAElectronicStabilityControl"": ""Standard"",
                ""NHTSAForwardCollisionWarning"": ""Standard"",
                ""NHTSALaneDepartureWarning"": ""No"",
                ""OverallFrontCrashRating"": ""Not Rated"",
                ""OverallRating"": ""Not Rated"",
                ""OverallSideCrashRating"": ""Not Rated"",
                ""RecallsCount"": 3,
                ""RolloverPossibility"": 0,
                ""RolloverPossibility2"": 0,
                ""RolloverRating"": ""Not Rated"",
                ""RolloverRating2"": ""Not Rated"",
                ""SideCrashDriversideRating"": ""Not Rated"",
                ""SideCrashPassengersideRating"": ""Not Rated"",
                ""SidePoleCrashRating"": ""Not Rated"",
                ""VehicleDescription"": ""2014 Mercedes-Benz GL-CLASS SUV 4WD"",
                ""VehicleId"": 8641,
                ""combinedSideBarrierAndPoleRating-Front"": ""Not Rated"",
                ""combinedSideBarrierAndPoleRating-Rear"": ""Not Rated"",
                ""dynamicTipResult"": "" "",
                ""sideBarrierRating-Overall"": ""Not Rated""
              }
            ]
          },
          ""vehicle_description"": ""2014 Mercedes-Benz GL-CLASS SUV 4WD"",
          ""vehicle_id"": 8641
        }
      ]
    },
    {
      ""source"": {
        ""model_year"": 2014,
        ""nhtsa_model"": ""GLA-CLASS"",
        ""uk_model"": "" GLA Class""
      },
      ""vehicle_count"": 0,
      ""vehicles"": []
    },
    {
      ""source"": {
        ""model_year"": 2014,
        ""nhtsa_model"": ""M-CLASS"",
        ""uk_model"": "" M Class""
      },
      ""vehicle_count"": 0,
      ""vehicles"": []
    },
    {
      ""source"": {
        ""model_year"": 2014,
        ""nhtsa_model"": ""S-CLASS"",
        ""uk_model"": "" S Class""
      },
      ""vehicle_count"": 2,
      ""vehicles"": [
        {
          ""safety_ratings"": {
            ""Count"": 1,
            ""Message"": ""Results returned successfully"",
            ""Results"": [
              {
                ""ComplaintsCount"": 25,
                ""FrontCrashDriversideRating"": ""Not Rated"",
                ""FrontCrashPassengersideRating"": ""Not Rated"",
                ""InvestigationCount"": 1,
                ""Make"": ""MERCEDES-BENZ"",
                ""Model"": ""S-CLASS"",
                ""ModelYear"": 2014,
                ""NHTSAElectronicStabilityControl"": ""Standard"",
                ""NHTSAForwardCollisionWarning"": ""Standard"",
                ""NHTSALaneDepartureWarning"": ""Optional"",
                ""OverallFrontCrashRating"": ""Not Rated"",
                ""OverallRating"": ""Not Rated"",
                ""OverallSideCrashRating"": ""Not Rated"",
                ""RecallsCount"": 6,
                ""RolloverPossibility"": 0,
                ""RolloverPossibility2"": 0,
                ""RolloverRating"": ""Not Rated"",
                ""RolloverRating2"": ""Not Rated"",
                ""SideCrashDriversideRating"": ""Not Rated"",
                ""SideCrashPassengersideRating"": ""Not Rated"",
                ""SidePoleCrashRating"": ""Not Rated"",
                ""VehicleDescription"": ""2014 Mercedes-Benz S-CLASS 4 DR 4WD"",
                ""VehicleId"": 8622,
                ""combinedSideBarrierAndPoleRating-Front"": ""Not Rated"",
                ""combinedSideBarrierAndPoleRating-Rear"": ""Not Rated"",
                ""dynamicTipResult"": "" "",
                ""sideBarrierRating-Overall"": ""Not Rated""
              }
            ]
          },
          ""vehicle_description"": ""2014 Mercedes-Benz S-CLASS 4 DR 4WD"",
          ""vehicle_id"": 8622
        },
        {
          ""safety_ratings"": {
            ""Count"": 1,
            ""Message"": ""Results returned successfully"",
            ""Results"": [
              {
                ""ComplaintsCount"": 25,
                ""FrontCrashDriversideRating"": ""Not Rated"",
                ""FrontCrashPassengersideRating"": ""Not Rated"",
                ""InvestigationCount"": 1,
                ""Make"": ""MERCEDES-BENZ"",
                ""Model"": ""S-CLASS"",
                ""ModelYear"": 2014,
                ""NHTSAElectronicStabilityControl"": ""Standard"",
                ""NHTSAForwardCollisionWarning"": ""Standard"",
                ""NHTSALaneDepartureWarning"": ""Optional"",
                ""OverallFrontCrashRating"": ""Not Rated"",
                ""OverallRating"": ""Not Rated"",
                ""OverallSideCrashRating"": ""Not Rated"",
                ""RecallsCount"": 6,
                ""RolloverPossibility"": 0,
                ""RolloverPossibility2"": 0,
                ""RolloverRating"": ""Not Rated"",
                ""RolloverRating2"": ""Not Rated"",
                ""SideCrashDriversideRating"": ""Not Rated"",
                ""SideCrashPassengersideRating"": ""Not Rated"",
                ""SidePoleCrashRating"": ""Not Rated"",
                ""VehicleDescription"": ""2014 Mercedes-Benz S-CLASS 4 DR RWD"",
                ""VehicleId"": 8621,
                ""combinedSideBarrierAndPoleRating-Front"": ""Not Rated"",
                ""combinedSideBarrierAndPoleRating-Rear"": ""Not Rated"",
                ""dynamicTipResult"": "" "",
                ""sideBarrierRating-Overall"": ""Not Rated""
              }
            ]
          },
          ""vehicle_description"": ""2014 Mercedes-Benz S-CLASS 4 DR RWD"",
          ""vehicle_id"": 8621
        }
      ]
    },
    {
      ""source"": {
        ""model_year"": 2014,
        ""nhtsa_model"": ""SL-CLASS"",
        ""uk_model"": "" SL CLASS""
      },
      ""vehicle_count"": 1,
      ""vehicles"": [
        {
          ""safety_ratings"": {
            ""Count"": 1,
            ""Message"": ""Results returned successfully"",
            ""Results"": [
              {
                ""ComplaintsCount"": 4,
                ""FrontCrashDriversideRating"": ""Not Rated"",
                ""FrontCrashPassengersideRating"": ""Not Rated"",
                ""InvestigationCount"": 1,
                ""Make"": ""MERCEDES-BENZ"",
                ""Model"": ""SL-CLASS"",
                ""ModelYear"": 2014,
                ""NHTSAElectronicStabilityControl"": ""Standard"",
                ""NHTSAForwardCollisionWarning"": ""No"",
                ""NHTSALaneDepartureWarning"": ""No"",
                ""OverallFrontCrashRating"": ""Not Rated"",
                ""OverallRating"": ""Not Rated"",
                ""OverallSideCrashRating"": ""Not Rated"",
                ""RecallsCount"": 4,
                ""RolloverPossibility"": 0,
                ""RolloverPossibility2"": 0,
                ""RolloverRating"": ""Not Rated"",
                ""RolloverRating2"": ""Not Rated"",
                ""SideCrashDriversideRating"": ""Not Rated"",
                ""SideCrashPassengersideRating"": ""Not Rated"",
                ""SidePoleCrashRating"": ""Not Rated"",
                ""VehicleDescription"": ""2014 Mercedes-Benz SL-CLASS C RWD"",
                ""VehicleId"": 8626,
                ""combinedSideBarrierAndPoleRating-Front"": ""Not Rated"",
                ""combinedSideBarrierAndPoleRating-Rear"": ""Not Rated"",
                ""dynamicTipResult"": "" "",
                ""sideBarrierRating-Overall"": ""Not Rated""
              }
            ]
          },
          ""vehicle_description"": ""2014 Mercedes-Benz SL-CLASS C RWD"",
          ""vehicle_id"": 8626
        }
      ]
    },
    {
      ""source"": {
        ""model_year"": 2014,
        ""nhtsa_model"": ""SLK"",
        ""uk_model"": "" SLK""
      },
      ""vehicle_count"": 0,
      ""vehicles"": []
    }
  ],
  ""source"": ""NHTSA""
}"
nhtsa_safety_2002.json,2026-08-28 16:05:12.636,"{
  ""make"": ""Mercedes-Benz"",
  ""model_year"": 2002,
  ""record_count"": 6,
  ""results"": [
    {
      ""source"": {
        ""model_year"": 2002,
        ""nhtsa_model"": ""C-CLASS"",
        ""uk_model"": "" C Class""
      },
      ""vehicle_count"": 1,
      ""vehicles"": [
        {
          ""safety_ratings"": {
            ""Count"": 1,
            ""Message"": ""Results returned successfully"",
            ""Results"": [
              {
                ""ComplaintsCount"": 190,
                ""FrontCrashDriversideRating"": ""Not Rated"",
                ""FrontCrashPassengersideRating"": ""Not Rated"",
                ""InvestigationCount"": 0,
                ""Make"": ""MERCEDES-BENZ"",
                ""Model"": ""C-CLASS"",
                ""ModelYear"": 2002,
                ""NHTSAElectronicStabilityControl"": ""Standard"",
                ""NHTSAForwardCollisionWarning"": ""No"",
                ""NHTSALaneDepartureWarning"": ""No"",
                ""OverallFrontCrashRating"": ""Not Rated"",
                ""OverallRating"": ""Not Rated"",
                ""OverallSideCrashRating"": ""Not Rated"",
                ""RecallsCount"": 3,
                ""RolloverPossibility"": 0,
                ""RolloverPossibility2"": 0,
                ""RolloverRating"": ""Not Rated"",
                ""RolloverRating2"": ""Not Rated"",
                ""SideCrashDriversideRating"": ""Not Rated"",
                ""SideCrashPassengersideRating"": ""Not Rated"",
                ""SidePoleCrashRating"": ""Not Rated"",
                ""VehicleDescription"": ""2002 Mercedes-Benz C-Class w/SAB"",
                ""VehicleId"": 4416,
                ""combinedSideBarrierAndPoleRating-Front"": ""Not Rated"",
                ""combinedSideBarrierAndPoleRating-Rear"": ""Not Rated"",
                ""dynamicTipResult"": "" "",
                ""sideBarrierRating-Overall"": ""Not Rated""
              }
            ]
          },
          ""vehicle_description"": ""2002 Mercedes-Benz C-Class w/SAB"",
          ""vehicle_id"": 4416
        }
      ]
    },
    {
      ""source"": {
        ""model_year"": 2002,
        ""nhtsa_model"": ""CL-CLASS"",
        ""uk_model"": "" CL Class""
      },
      ""vehicle_count"": 0,
      ""vehicles"": []
    },
    {
      ""source"": {
        ""model_year"": 2002,
        ""nhtsa_model"": ""CLK"",
        ""uk_model"": "" CLK""
      },
      ""vehicle_count"": 0,
      ""vehicles"": []
    },
    {
      ""source"": {
        ""model_year"": 2002,
        ""nhtsa_model"": ""S-CLASS"",
        ""uk_model"": "" S Class""
      },
      ""vehicle_count"": 1,
      ""vehicles"": [
        {
          ""safety_ratings"": {
            ""Count"": 1,
            ""Message"": ""Results returned successfully"",
            ""Results"": [
              {
                ""ComplaintsCount"": 133,
                ""FrontCrashDriversideRating"": ""Not Rated"",
                ""FrontCrashPassengersideRating"": ""Not Rated"",
                ""InvestigationCount"": 1,
                ""Make"": ""MERCEDES-BENZ"",
                ""Model"": ""S-CLASS"",
                ""ModelYear"": 2002,
                ""NHTSAElectronicStabilityControl"": ""Standard"",
                ""NHTSAForwardCollisionWarning"": ""No"",
                ""NHTSALaneDepartureWarning"": ""No"",
                ""OverallFrontCrashRating"": ""Not Rated"",
                ""OverallRating"": ""Not Rated"",
                ""OverallSideCrashRating"": ""Not Rated"",
                ""RecallsCount"": 4,
                ""RolloverPossibility"": 0,
                ""RolloverPossibility2"": 0,
                ""RolloverRating"": ""Not Rated"",
                ""RolloverRating2"": ""Not Rated"",
                ""SideCrashDriversideRating"": ""Not Rated"",
                ""SideCrashPassengersideRating"": ""Not Rated"",
                ""SidePoleCrashRating"": ""Not Rated"",
                ""VehicleDescription"": ""2002 Mercedes-Benz S-Class 4DR. w/SAB"",
                ""VehicleId"": 4410,
                ""combinedSideBarrierAndPoleRating-Front"": ""Not Rated"",
                ""combinedSideBarrierAndPoleRating-Rear"": ""Not Rated"",
                ""dynamicTipResult"": "" "",
                ""sideBarrierRating-Overall"": ""Not Rated""
              }
            ]
          },
          ""vehicle_description"": ""2002 Mercedes-Benz S-Class 4DR. w/SAB"",
          ""vehicle_id"": 4410
        }
      ]
    },
    {
      ""source"": {
        ""model_year"": 2002,
        ""nhtsa_model"": ""SL-CLASS"",
        ""uk_model"": "" SL CLASS""
      },
      ""vehicle_count"": 1,
      ""vehicles"": [
        {
          ""safety_ratings"": {
            ""Count"": 1,
            ""Message"": ""Results returned successfully"",
            ""Results"": [
              {
                ""ComplaintsCount"": 13,
                ""FrontCrashDriversideRating"": ""Not Rated"",
                ""FrontCrashPassengersideRating"": ""Not Rated"",
                ""InvestigationCount"": 1,
                ""Make"": ""MERCEDES-BENZ"",
                ""Model"": ""SL-CLASS"",
                ""ModelYear"": 2002,
                ""NHTSAElectronicStabilityControl"": ""Standard"",
                ""NHTSAForwardCollisionWarning"": ""No"",
                ""NHTSALaneDepartureWarning"": ""No"",
                ""OverallFrontCrashRating"": ""Not Rated"",
                ""OverallRating"": ""Not Rated"",
                ""OverallSideCrashRating"": ""Not Rated"",
                ""RecallsCount"": 0,
                ""RolloverPossibility"": 0,
                ""RolloverPossibility2"": 0,
                ""RolloverRating"": ""Not Rated"",
                ""RolloverRating2"": ""Not Rated"",
                ""SideCrashDriversideRating"": ""Not Rated"",
                ""SideCrashPassengersideRating"": ""Not Rated"",
                ""SidePoleCrashRating"": ""Not Rated"",
                ""VehicleDescription"": ""2002 Mercedes-Benz SL-Class Convertible w/SAB"",
                ""VehicleId"": 4642,
                ""combinedSideBarrierAndPoleRating-Front"": ""Not Rated"",
                ""combinedSideBarrierAndPoleRating-Rear"": ""Not Rated"",
                ""dynamicTipResult"": "" "",
                ""sideBarrierRating-Overall"": ""Not Rated""
              }
            ]
          },
          ""vehicle_description"": ""2002 Mercedes-Benz SL-Class Convertible w/SAB"",
          ""vehicle_id"": 4642
        }
      ]
    },
    {
      ""source"": {
        ""model_year"": 2002,
        ""nhtsa_model"": ""SLK"",
        ""uk_model"": "" SLK""
      },
      ""vehicle_count"": 1,
      ""vehicles"": [
        {
          ""safety_ratings"": {
            ""Count"": 1,
            ""Message"": ""Results returned successfully"",
            ""Results"": [
              {
                ""ComplaintsCount"": 53,
                ""FrontCrashDriversideRating"": ""Not Rated"",
                ""FrontCrashPassengersideRating"": ""Not Rated"",
                ""InvestigationCount"": 1,
                ""Make"": ""MERCEDES-BENZ"",
                ""Model"": ""SLK"",
                ""ModelYear"": 2002,
                ""NHTSAElectronicStabilityControl"": ""Standard"",
                ""NHTSAForwardCollisionWarning"": ""No"",
                ""NHTSALaneDepartureWarning"": ""No"",
                ""OverallFrontCrashRating"": ""Not Rated"",
                ""OverallRating"": ""Not Rated"",
                ""OverallSideCrashRating"": ""Not Rated"",
                ""RecallsCount"": 2,
                ""RolloverPossibility"": 0,
                ""RolloverPossibility2"": 0,
                ""RolloverRating"": ""Not Rated"",
                ""RolloverRating2"": ""Not Rated"",
                ""SideCrashDriversideRating"": ""Not Rated"",
                ""SideCrashPassengersideRating"": ""Not Rated"",
                ""SidePoleCrashRating"": ""Not Rated"",
                ""VehicleDescription"": ""2002 Mercedes-Benz SLK w/SAB"",
                ""VehicleId"": 4417,
                ""combinedSideBarrierAndPoleRating-Front"": ""Not Rated"",
                ""combinedSideBarrierAndPoleRating-Rear"": ""Not Rated"",
                ""dynamicTipResult"": "" "",
                ""sideBarrierRating-Overall"": ""Not Rated""
              }
            ]
          },
          ""vehicle_description"": ""2002 Mercedes-Benz SLK w/SAB"",
          ""vehicle_id"": 4417
        }
      ]
    }
  ],
  ""source"": ""NHTSA""
}"
nhtsa_safety_2011.json,2026-08-28 16:05:12.636,"{
  ""make"": ""Mercedes-Benz"",
  ""model_year"": 2011,
  ""record_count"": 10,
  ""results"": [
    {
      ""source"": {
        ""model_year"": 2011,
        ""nhtsa_model"": ""A-CLASS"",
        ""uk_model"": "" A Class""
      },
      ""vehicle_count"": 0,
      ""vehicles"": []
    },
    {
      ""source"": {
        ""model_year"": 2011,
        ""nhtsa_model"": ""B-CLASS"",
        ""uk_model"": "" B Class""
      },
      ""vehicle_count"": 0,
      ""vehicles"": []
    },
    {
      ""source"": {
        ""model_year"": 2011,
        ""nhtsa_model"": ""C-CLASS"",
        ""uk_model"": "" C Class""
      },
      ""vehicle_count"": 2,
      ""vehicles"": [
        {
          ""safety_ratings"": {
            ""Count"": 1,
            ""Message"": ""Results returned successfully"",
            ""Results"": [
              {
                ""ComplaintsCount"": 516,
                ""FrontCrashDriversideRating"": ""4"",
                ""FrontCrashPassengersideRating"": ""2"",
                ""FrontCrashPicture"": ""https://static.nhtsa.gov/crashTest/images/2011/v07182P024.jpg"",
                ""FrontCrashVideo"": ""https://static.nhtsa.gov/crashTest/videos/2011/v07182C016.wmv"",
                ""InvestigationCount"": 2,
                ""Make"": ""MERCEDES-BENZ"",
                ""Model"": ""C-CLASS"",
                ""ModelYear"": 2011,
                ""NHTSAElectronicStabilityControl"": ""Standard"",
                ""NHTSAForwardCollisionWarning"": ""No"",
                ""NHTSALaneDepartureWarning"": ""No"",
                ""OverallFrontCrashRating"": ""3"",
                ""OverallRating"": ""4"",
                ""OverallSideCrashRating"": ""5"",
                ""RecallsCount"": 6,
                ""RolloverPossibility"": 0.105,
                ""RolloverPossibility2"": 0,
                ""RolloverRating"": ""4"",
                ""RolloverRating2"": ""Not Rated"",
                ""SideCrashDriversideRating"": ""5"",
                ""SideCrashPassengersideRating"": ""4"",
                ""SideCrashPicture"": ""https://static.nhtsa.gov/crashTest/images/2011/v07029P092.jpg"",
                ""SideCrashVideo"": ""https://static.nhtsa.gov/crashTest/videos/2011/v07029C012.wmv"",
                ""SidePoleCrashRating"": ""4"",
                ""SidePolePicture"": ""https://static.nhtsa.gov/crashTest/images/2011/v07072P051.jpg"",
                ""SidePoleVideo"": ""https://static.nhtsa.gov/crashTest/videos/2011/v07072C005.wmv"",
                ""VehicleDescription"": ""2011 Mercedes-Benz C-Class 4 DR AWD"",
                ""VehicleId"": 705,
                ""combinedSideBarrierAndPoleRating-Front"": ""5"",
                ""combinedSideBarrierAndPoleRating-Rear"": ""4"",
                ""dynamicTipResult"": ""No Tip"",
                ""sideBarrierRating-Overall"": ""5""
              }
            ]
          },
          ""vehicle_description"": ""2011 Mercedes-Benz C-Class 4 DR AWD"",
          ""vehicle_id"": 705
        },
        {
          ""safety_ratings"": {
            ""Count"": 1,
            ""Message"": ""Results returned successfully"",
            ""Results"": [
              {
                ""ComplaintsCount"": 516,
                ""FrontCrashDriversideRating"": ""4"",
                ""FrontCrashPassengersideRating"": ""2"",
                ""FrontCrashPicture"": ""https://static.nhtsa.gov/crashTest/images/2011/v07182P024.jpg"",
                ""FrontCrashVideo"": ""https://static.nhtsa.gov/crashTest/videos/2011/v07182C016.wmv"",
                ""InvestigationCount"": 2,
                ""Make"": ""MERCEDES-BENZ"",
                ""Model"": ""C-CLASS"",
                ""ModelYear"": 2011,
                ""NHTSAElectronicStabilityControl"": ""Standard"",
                ""NHTSAForwardCollisionWarning"": ""No"",
                ""NHTSALaneDepartureWarning"": ""No"",
                ""OverallFrontCrashRating"": ""3"",
                ""OverallRating"": ""4"",
                ""OverallSideCrashRating"": ""5"",
                ""RecallsCount"": 6,
                ""RolloverPossibility"": 0.105,
                ""RolloverPossibility2"": 0,
                ""RolloverRating"": ""4"",
                ""RolloverRating2"": ""Not Rated"",
                ""SideCrashDriversideRating"": ""5"",
                ""SideCrashPassengersideRating"": ""4"",
                ""SideCrashPicture"": ""https://static.nhtsa.gov/crashTest/images/2011/v07029P092.jpg"",
                ""SideCrashVideo"": ""https://static.nhtsa.gov/crashTest/videos/2011/v07029C012.wmv"",
                ""SidePoleCrashRating"": ""4"",
                ""SidePolePicture"": ""https://static.nhtsa.gov/crashTest/images/2011/v07072P051.jpg"",
                ""SidePoleVideo"": ""https://static.nhtsa.gov/crashTest/videos/2011/v07072C005.wmv"",
                ""VehicleDescription"": ""2011 Mercedes-Benz C-Class 4 DR RWD"",
                ""VehicleId"": 119,
                ""combinedSideBarrierAndPoleRating-Front"": ""5"",
                ""combinedSideBarrierAndPoleRating-Rear"": ""4"",
                ""dynamicTipResult"": ""No Tip"",
                ""sideBarrierRating-Overall"": ""5""
              }
            ]
          },
          ""vehicle_description"": ""2011 Mercedes-Benz C-Class 4 DR RWD"",
          ""vehicle_id"": 119
        }
      ]
    },
    {
      ""source"": {
        ""model_year"": 2011,
        ""nhtsa_model"": ""CLS-CLASS"",
        ""uk_model"": "" CLS Class""
      },
      ""vehicle_count"": 1,
      ""vehicles"": [
        {
          ""safety_ratings"": {
            ""Count"": 1,
            ""Message"": ""Results returned successfully"",
            ""Results"": [
              {
                ""ComplaintsCount"": 7,
                ""FrontCrashDriversideRating"": ""Not Rated"",
                ""FrontCrashPassengersideRating"": ""Not Rated"",
                ""InvestigationCount"": 1,
                ""Make"": ""MERCEDES-BENZ"",
                ""Model"": ""CLS-CLASS"",
                ""ModelYear"": 2011,
                ""NHTSAElectronicStabilityControl"": ""Standard"",
                ""NHTSAForwardCollisionWarning"": ""No"",
                ""NHTSALaneDepartureWarning"": ""No"",
                ""OverallFrontCrashRating"": ""Not Rated"",
                ""OverallRating"": ""Not Rated"",
                ""OverallSideCrashRating"": ""Not Rated"",
                ""RecallsCount"": 3,
                ""RolloverPossibility"": 0,
                ""RolloverPossibility2"": 0,
                ""RolloverRating"": ""Not Rated"",
                ""RolloverRating2"": ""Not Rated"",
                ""SideCrashDriversideRating"": ""Not Rated"",
                ""SideCrashPassengersideRating"": ""Not Rated"",
                ""SidePoleCrashRating"": ""Not Rated"",
                ""VehicleDescription"": ""2011 Mercedes-Benz CLS-Class 4 DR RWD"",
                ""VehicleId"": 121,
                ""combinedSideBarrierAndPoleRating-Front"": ""Not Rated"",
                ""combinedSideBarrierAndPoleRating-Rear"": ""Not Rated"",
                ""dynamicTipResult"": "" "",
                ""sideBarrierRating-Overall"": ""Not Rated""
              }
            ]
          },
          ""vehicle_description"": ""2011 Mercedes-Benz CLS-Class 4 DR RWD"",
          ""vehicle_id"": 121
        }
      ]
    },
    {
      ""source"": {
        ""model_year"": 2011,
        ""nhtsa_model"": ""E-CLASS"",
        ""uk_model"": "" E Class""
      },
      ""vehicle_count"": 4,
      ""vehicles"": [
        {
          ""safety_ratings"": {
            ""Count"": 1,
            ""Message"": ""Results returned successfully"",
            ""Results"": [
              {
                ""ComplaintsCount"": 296,
                ""FrontCrashDriversideRating"": ""Not Rated"",
                ""FrontCrashPassengersideRating"": ""Not Rated"",
                ""InvestigationCount"": 2,
                ""Make"": ""MERCEDES-BENZ"",
                ""Model"": ""E-CLASS"",
                ""ModelYear"": 2011,
                ""NHTSAElectronicStabilityControl"": ""Standard"",
                ""NHTSAForwardCollisionWarning"": ""No"",
                ""NHTSALaneDepartureWarning"": ""No"",
                ""OverallFrontCrashRating"": ""Not Rated"",
                ""OverallRating"": ""Not Rated"",
                ""OverallSideCrashRating"": ""Not Rated"",
                ""RecallsCount"": 9,
                ""RolloverPossibility"": 0.099,
                ""RolloverPossibility2"": 0,
                ""RolloverRating"": ""5"",
                ""RolloverRating2"": ""Not Rated"",
                ""SideCrashDriversideRating"": ""Not Rated"",
                ""SideCrashPassengersideRating"": ""Not Rated"",
                ""SidePoleCrashRating"": ""Not Rated"",
                ""VehicleDescription"": ""2011 Mercedes-Benz E-Class 4 DR AWD"",
                ""VehicleId"": 525,
                ""combinedSideBarrierAndPoleRating-Front"": ""Not Rated"",
                ""combinedSideBarrierAndPoleRating-Rear"": ""Not Rated"",
                ""dynamicTipResult"": ""No Tip"",
                ""sideBarrierRating-Overall"": ""Not Rated""
              }
            ]
          },
          ""vehicle_description"": ""2011 Mercedes-Benz E-Class 4 DR AWD"",
          ""vehicle_id"": 525
        },
        {
          ""safety_ratings"": {
            ""Count"": 1,
            ""Message"": ""Results returned successfully"",
            ""Results"": [
              {
                ""ComplaintsCount"": 296,
                ""FrontCrashDriversideRating"": ""Not Rated"",
                ""FrontCrashPassengersideRating"": ""Not Rated"",
                ""InvestigationCount"": 2,
                ""Make"": ""MERCEDES-BENZ"",
                ""Model"": ""E-CLASS"",
                ""ModelYear"": 2011,
                ""NHTSAElectronicStabilityControl"": ""Standard"",
                ""NHTSAForwardCollisionWarning"": ""No"",
                ""NHTSALaneDepartureWarning"": ""No"",
                ""OverallFrontCrashRating"": ""Not Rated"",
                ""OverallRating"": ""Not Rated"",
                ""OverallSideCrashRating"": ""Not Rated"",
                ""RecallsCount"": 9,
                ""RolloverPossibility"": 0,
                ""RolloverPossibility2"": 0,
                ""RolloverRating"": ""Not Rated"",
                ""RolloverRating2"": ""Not Rated"",
                ""SideCrashDriversideRating"": ""Not Rated"",
                ""SideCrashPassengersideRating"": ""Not Rated"",
                ""SidePoleCrashRating"": ""Not Rated"",
                ""VehicleDescription"": ""2011 Mercedes-Benz E-Class 2 DR AWD"",
                ""VehicleId"": 524,
                ""combinedSideBarrierAndPoleRating-Front"": ""Not Rated"",
                ""combinedSideBarrierAndPoleRating-Rear"": ""Not Rated"",
                ""dynamicTipResult"": "" "",
                ""sideBarrierRating-Overall"": ""Not Rated""
              }
            ]
          },
          ""vehicle_description"": ""2011 Mercedes-Benz E-Class 2 DR AWD"",
          ""vehicle_id"": 524
        },
        {
          ""safety_ratings"": {
            ""Count"": 1,
            ""Message"": ""Results returned successfully"",
            ""Results"": [
              {
                ""ComplaintsCount"": 296,
                ""FrontCrashDriversideRating"": ""Not Rated"",
                ""FrontCrashPassengersideRating"": ""Not Rated"",
                ""InvestigationCount"": 2,
                ""Make"": ""MERCEDES-BENZ"",
                ""Model"": ""E-CLASS"",
                ""ModelYear"": 2011,
                ""NHTSAElectronicStabilityControl"": ""Standard"",
                ""NHTSAForwardCollisionWarning"": ""No"",
                ""NHTSALaneDepartureWarning"": ""No"",
                ""OverallFrontCrashRating"": ""Not Rated"",
                ""OverallRating"": ""Not Rated"",
                ""OverallSideCrashRating"": ""Not Rated"",
                ""RecallsCount"": 9,
                ""RolloverPossibility"": 0.099,
                ""RolloverPossibility2"": 0,
                ""RolloverRating"": ""5"",
                ""RolloverRating2"": ""Not Rated"",
                ""SideCrashDriversideRating"": ""Not Rated"",
                ""SideCrashPassengersideRating"": ""Not Rated"",
                ""SidePoleCrashRating"": ""Not Rated"",
                ""VehicleDescription"": ""2011 Mercedes-Benz E-Class 4 DR RWD"",
                ""VehicleId"": 124,
                ""combinedSideBarrierAndPoleRating-Front"": ""Not Rated"",
                ""combinedSideBarrierAndPoleRating-Rear"": ""Not Rated"",
                ""dynamicTipResult"": ""No Tip"",
                ""sideBarrierRating-Overall"": ""Not Rated""
              }
            ]
          },
          ""vehicle_description"": ""2011 Mercedes-Benz E-Class 4 DR RWD"",
          ""vehicle_id"": 124
        },
        {
          ""safety_ratings"": {
            ""Count"": 1,
            ""Message"": ""Results returned successfully"",
            ""Results"": [
              {
                ""ComplaintsCount"": 296,
                ""FrontCrashDriversideRating"": ""Not Rated"",
                ""FrontCrashPassengersideRating"": ""Not Rated"",
                ""InvestigationCount"": 2,
                ""Make"": ""MERCEDES-BENZ"",
                ""Model"": ""E-CLASS"",
                ""ModelYear"": 2011,
                ""NHTSAElectronicStabilityControl"": ""Standard"",
                ""NHTSAForwardCollisionWarning"": ""No"",
                ""NHTSALaneDepartureWarning"": ""No"",
                ""OverallFrontCrashRating"": ""Not Rated"",
                ""OverallRating"": ""Not Rated"",
                ""OverallSideCrashRating"": ""Not Rated"",
                ""RecallsCount"": 9,
                ""RolloverPossibility"": 0,
                ""RolloverPossibility2"": 0,
                ""RolloverRating"": ""Not Rated"",
                ""RolloverRating2"": ""Not Rated"",
                ""SideCrashDriversideRating"": ""Not Rated"",
                ""SideCrashPassengersideRating"": ""Not Rated"",
                ""SidePoleCrashRating"": ""Not Rated"",
                ""VehicleDescription"": ""2011 Mercedes-Benz E-Class 2 DR RWD"",
                ""VehicleId"": 123,
                ""combinedSideBarrierAndPoleRating-Front"": ""Not Rated"",
                ""combinedSideBarrierAndPoleRating-Rear"": ""Not Rated"",
                ""dynamicTipResult"": "" "",
                ""sideBarrierRating-Overall"": ""Not Rated""
              }
            ]
          },
          ""vehicle_description"": ""2011 Mercedes-Benz E-Class 2 DR RWD"",
          ""vehicle_id"": 123
        }
      ]
    },
    {
      ""source"": {
        ""model_year"": 2011,
        ""nhtsa_model"": ""M-CLASS"",
        ""uk_model"": "" M Class""
      },
      ""vehicle_count"": 0,
      ""vehicles"": []
    },
    {
      ""source"": {
        ""model_year"": 2011,
        ""nhtsa_model"": ""R-CLASS"",
        ""uk_model"": "" R Class""
      },
      ""vehicle_count"": 2,
      ""vehicles"": [
        {
          ""safety_ratings"": {
            ""Count"": 1,
            ""Message"": ""Results returned successfully"",
            ""Results"": [
              {
                ""ComplaintsCount"": 18,
                ""FrontCrashDriversideRating"": ""Not Rated"",
                ""FrontCrashPassengersideRating"": ""Not Rated"",
                ""InvestigationCount"": 1,
                ""Make"": ""MERCEDES-BENZ"",
                ""Model"": ""R-CLASS"",
                ""ModelYear"": 2011,
                ""NHTSAElectronicStabilityControl"": ""Standard"",
                ""NHTSAForwardCollisionWarning"": ""No"",
                ""NHTSALaneDepartureWarning"": ""No"",
                ""OverallFrontCrashRating"": ""Not Rated"",
                ""OverallRating"": ""Not Rated"",
                ""OverallSideCrashRating"": ""Not Rated"",
                ""RecallsCount"": 5,
                ""RolloverPossibility"": 0,
                ""RolloverPossibility2"": 0,
                ""RolloverRating"": ""Not Rated"",
                ""RolloverRating2"": ""Not Rated"",
                ""SideCrashDriversideRating"": ""Not Rated"",
                ""SideCrashPassengersideRating"": ""Not Rated"",
                ""SidePoleCrashRating"": ""Not Rated"",
                ""VehicleDescription"": ""2011 Mercedes-Benz R-Class SUV AWD"",
                ""VehicleId"": 529,
                ""combinedSideBarrierAndPoleRating-Front"": ""Not Rated"",
                ""combinedSideBarrierAndPoleRating-Rear"": ""Not Rated"",
                ""dynamicTipResult"": "" "",
                ""sideBarrierRating-Overall"": ""Not Rated""
              }
            ]
          },
          ""vehicle_description"": ""2011 Mercedes-Benz R-Class SUV AWD"",
          ""vehicle_id"": 529
        },
        {
          ""safety_ratings"": {
            ""Count"": 1,
            ""Message"": ""Results returned successfully"",
            ""Results"": [
              {
                ""ComplaintsCount"": 18,
                ""FrontCrashDriversideRating"": ""Not Rated"",
                ""FrontCrashPassengersideRating"": ""Not Rated"",
                ""InvestigationCount"": 1,
                ""Make"": ""MERCEDES-BENZ"",
                ""Model"": ""R-CLASS"",
                ""ModelYear"": 2011,
                ""NHTSAElectronicStabilityControl"": ""Standard"",
                ""NHTSAForwardCollisionWarning"": ""No"",
                ""NHTSALaneDepartureWarning"": ""No"",
                ""OverallFrontCrashRating"": ""Not Rated"",
                ""OverallRating"": ""Not Rated"",
                ""OverallSideCrashRating"": ""Not Rated"",
                ""RecallsCount"": 5,
                ""RolloverPossibility"": 0,
                ""RolloverPossibility2"": 0,
                ""RolloverRating"": ""Not Rated"",
                ""RolloverRating2"": ""Not Rated"",
                ""SideCrashDriversideRating"": ""Not Rated"",
                ""SideCrashPassengersideRating"": ""Not Rated"",
                ""SidePoleCrashRating"": ""Not Rated"",
                ""VehicleDescription"": ""2011 Mercedes-Benz R-Class SUV RWD"",
                ""VehicleId"": 129,
                ""combinedSideBarrierAndPoleRating-Front"": ""Not Rated"",
                ""combinedSideBarrierAndPoleRating-Rear"": ""Not Rated"",
                ""dynamicTipResult"": "" "",
                ""sideBarrierRating-Overall"": ""Not Rated""
              }
            ]
          },
          ""vehicle_description"": ""2011 Mercedes-Benz R-Class SUV RWD"",
          ""vehicle_id"": 129
        }
      ]
    },
    {
      ""source"": {
        ""model_year"": 2011,
        ""nhtsa_model"": ""S-CLASS"",
        ""uk_model"": "" S Class""
      },
      ""vehicle_count"": 1,
      ""vehicles"": [
        {
          ""safety_ratings"": {
            ""Count"": 1,
            ""Message"": ""Results returned successfully"",
            ""Results"": [
              {
                ""ComplaintsCount"": 19,
                ""FrontCrashDriversideRating"": ""Not Rated"",
                ""FrontCrashPassengersideRating"": ""Not Rated"",
                ""InvestigationCount"": 0,
                ""Make"": ""MERCEDES-BENZ"",
                ""Model"": ""S-CLASS"",
                ""ModelYear"": 2011,
                ""NHTSAElectronicStabilityControl"": ""Standard"",
                ""NHTSAForwardCollisionWarning"": ""No"",
                ""NHTSALaneDepartureWarning"": ""No"",
                ""OverallFrontCrashRating"": ""Not Rated"",
                ""OverallRating"": ""Not Rated"",
                ""OverallSideCrashRating"": ""Not Rated"",
                ""RecallsCount"": 2,
                ""RolloverPossibility"": 0,
                ""RolloverPossibility2"": 0,
                ""RolloverRating"": ""Not Rated"",
                ""RolloverRating2"": ""Not Rated"",
                ""SideCrashDriversideRating"": ""Not Rated"",
                ""SideCrashPassengersideRating"": ""Not Rated"",
                ""SidePoleCrashRating"": ""Not Rated"",
                ""VehicleDescription"": ""2011 Mercedes-Benz S-Class 4 DR RWD"",
                ""VehicleId"": 130,
                ""combinedSideBarrierAndPoleRating-Front"": ""Not Rated"",
                ""combinedSideBarrierAndPoleRating-Rear"": ""Not Rated"",
                ""dynamicTipResult"": "" "",
                ""sideBarrierRating-Overall"": ""Not Rated""
              }
            ]
          },
          ""vehicle_description"": ""2011 Mercedes-Benz S-Class 4 DR RWD"",
          ""vehicle_id"": 130
        }
      ]
    },
    {
      ""source"": {
        ""model_year"": 2011,
        ""nhtsa_model"": ""SL-CLASS"",
        ""uk_model"": "" SL CLASS""
      },
      ""vehicle_count"": 2,
      ""vehicles"": [
        {
          ""safety_ratings"": {
            ""Count"": 1,
            ""Message"": ""Results returned successfully"",
            ""Results"": [
              {
                ""ComplaintsCount"": 3,
                ""FrontCrashDriversideRating"": ""Not Rated"",
                ""FrontCrashPassengersideRating"": ""Not Rated"",
                ""InvestigationCount"": 0,
                ""Make"": ""MERCEDES-BENZ"",
                ""Model"": ""SL-CLASS"",
                ""ModelYear"": 2011,
                ""NHTSAElectronicStabilityControl"": ""Standard"",
                ""NHTSAForwardCollisionWarning"": ""No"",
                ""NHTSALaneDepartureWarning"": ""No"",
                ""OverallFrontCrashRating"": ""Not Rated"",
                ""OverallRating"": ""Not Rated"",
                ""OverallSideCrashRating"": ""Not Rated"",
                ""RecallsCount"": 0,
                ""RolloverPossibility"": 0,
                ""RolloverPossibility2"": 0,
                ""RolloverRating"": ""Not Rated"",
                ""RolloverRating2"": ""Not Rated"",
                ""SideCrashDriversideRating"": ""Not Rated"",
                ""SideCrashPassengersideRating"": ""Not Rated"",
                ""SidePoleCrashRating"": ""Not Rated"",
                ""VehicleDescription"": ""2011 Mercedes-Benz Sl-Class C AWD"",
                ""VehicleId"": 530,
                ""combinedSideBarrierAndPoleRating-Front"": ""Not Rated"",
                ""combinedSideBarrierAndPoleRating-Rear"": ""Not Rated"",
                ""dynamicTipResult"": "" "",
                ""sideBarrierRating-Overall"": ""Not Rated""
              }
            ]
          },
          ""vehicle_description"": ""2011 Mercedes-Benz Sl-Class C AWD"",
          ""vehicle_id"": 530
        },
        {
          ""safety_ratings"": {
            ""Count"": 1,
            ""Message"": ""Results returned successfully"",
            ""Results"": [
              {
                ""ComplaintsCount"": 3,
                ""FrontCrashDriversideRating"": ""Not Rated"",
                ""FrontCrashPassengersideRating"": ""Not Rated"",
                ""InvestigationCount"": 0,
                ""Make"": ""MERCEDES-BENZ"",
                ""Model"": ""SL-CLASS"",
                ""ModelYear"": 2011,
                ""NHTSAElectronicStabilityControl"": ""Standard"",
                ""NHTSAForwardCollisionWarning"": ""No"",
                ""NHTSALaneDepartureWarning"": ""No"",
                ""OverallFrontCrashRating"": ""Not Rated"",
                ""OverallRating"": ""Not Rated"",
                ""OverallSideCrashRating"": ""Not Rated"",
                ""RecallsCount"": 0,
                ""RolloverPossibility"": 0,
                ""RolloverPossibility2"": 0,
                ""RolloverRating"": ""Not Rated"",
                ""RolloverRating2"": ""Not Rated"",
                ""SideCrashDriversideRating"": ""Not Rated"",
                ""SideCrashPassengersideRating"": ""Not Rated"",
                ""SidePoleCrashRating"": ""Not Rated"",
                ""VehicleDescription"": ""2011 Mercedes-Benz Sl-Class C RWD"",
                ""VehicleId"": 131,
                ""combinedSideBarrierAndPoleRating-Front"": ""Not Rated"",
                ""combinedSideBarrierAndPoleRating-Rear"": ""Not Rated"",
                ""dynamicTipResult"": "" "",
                ""sideBarrierRating-Overall"": ""Not Rated""
              }
            ]
          },
          ""vehicle_description"": ""2011 Mercedes-Benz Sl-Class C RWD"",
          ""vehicle_id"": 131
        }
      ]
    },
    {
      ""source"": {
        ""model_year"": 2011,
        ""nhtsa_model"": ""SLK"",
        ""uk_model"": "" SLK""
      },
      ""vehicle_count"": 0,
      ""vehicles"": []
    }
  ],
  ""source"": ""NHTSA""
}"
nhtsa_safety_2016.json,2026-08-28 16:05:12.636,"{
  ""make"": ""Mercedes-Benz"",
  ""model_year"": 2016,
  ""record_count"": 17,
  ""results"": [
    {
      ""source"": {
        ""model_year"": 2016,
        ""nhtsa_model"": ""A-CLASS"",
        ""uk_model"": "" A Class""
      },
      ""vehicle_count"": 0,
      ""vehicles"": []
    },
    {
      ""source"": {
        ""model_year"": 2016,
        ""nhtsa_model"": ""B-CLASS"",
        ""uk_model"": "" B Class""
      },
      ""vehicle_count"": 0,
      ""vehicles"": []
    },
    {
      ""source"": {
        ""model_year"": 2016,
        ""nhtsa_model"": ""C-CLASS"",
        ""uk_model"": "" C Class""
      },
      ""vehicle_count"": 2,
      ""vehicles"": [
        {
          ""safety_ratings"": {
            ""Count"": 1,
            ""Message"": ""Results returned successfully"",
            ""Results"": [
              {
                ""ComplaintsCount"": 315,
                ""FrontCrashDriversideRating"": ""5"",
                ""FrontCrashPassengersideRating"": ""4"",
                ""FrontCrashPicture"": ""https://static.nhtsa.gov/crashTest/images/2016/v09248P083.jpg"",
                ""FrontCrashVideo"": ""https://static.nhtsa.gov/crashTest/videos/2016/v09248C021.wmv"",
                ""InvestigationCount"": 3,
                ""Make"": ""MERCEDES-BENZ"",
                ""Model"": ""C-CLASS"",
                ""ModelYear"": 2016,
                ""NHTSAElectronicStabilityControl"": ""Standard"",
                ""NHTSAForwardCollisionWarning"": ""Optional"",
                ""NHTSALaneDepartureWarning"": ""Optional"",
                ""OverallFrontCrashRating"": ""4"",
                ""OverallRating"": ""5"",
                ""OverallSideCrashRating"": ""5"",
                ""RecallsCount"": 14,
                ""RolloverPossibility"": 0.11,
                ""RolloverPossibility2"": 0,
                ""RolloverRating"": ""4"",
                ""RolloverRating2"": ""Not Rated"",
                ""SideCrashDriversideRating"": ""5"",
                ""SideCrashPassengersideRating"": ""5"",
                ""SideCrashPicture"": ""https://static.nhtsa.gov/crashTest/images/2016/v09327P108.jpg"",
                ""SideCrashVideo"": ""https://static.nhtsa.gov/crashTest/videos/2016/v09327C013.wmv"",
                ""SidePoleCrashRating"": ""5"",
                ""SidePolePicture"": ""https://static.nhtsa.gov/crashTest/images/2016/v09169P072.jpg"",
                ""SidePoleVideo"": ""https://static.nhtsa.gov/crashTest/videos/2016/v09169C014.wmv"",
                ""VehicleDescription"": ""2016 Mercedes-Benz C-Class 4 DR RWD"",
                ""VehicleId"": 10775,
                ""combinedSideBarrierAndPoleRating-Front"": ""5"",
                ""combinedSideBarrierAndPoleRating-Rear"": ""5"",
                ""dynamicTipResult"": ""No Tip"",
                ""sideBarrierRating-Overall"": ""5""
              }
            ]
          },
          ""vehicle_description"": ""2016 Mercedes-Benz C-Class 4 DR RWD"",
          ""vehicle_id"": 10775
        },
        {
          ""safety_ratings"": {
            ""Count"": 1,
            ""Message"": ""Results returned successfully"",
            ""Results"": [
              {
                ""ComplaintsCount"": 315,
                ""FrontCrashDriversideRating"": ""5"",
                ""FrontCrashPassengersideRating"": ""4"",
                ""FrontCrashPicture"": ""https://static.nhtsa.gov/crashTest/images/2016/v09248P083.jpg"",
                ""FrontCrashVideo"": ""https://static.nhtsa.gov/crashTest/videos/2016/v09248C021.wmv"",
                ""InvestigationCount"": 3,
                ""Make"": ""MERCEDES-BENZ"",
                ""Model"": ""C-CLASS"",
                ""ModelYear"": 2016,
                ""NHTSAElectronicStabilityControl"": ""Standard"",
                ""NHTSAForwardCollisionWarning"": ""Optional"",
                ""NHTSALaneDepartureWarning"": ""Optional"",
                ""OverallFrontCrashRating"": ""4"",
                ""OverallRating"": ""5"",
                ""OverallSideCrashRating"": ""5"",
                ""RecallsCount"": 14,
                ""RolloverPossibility"": 0.11,
                ""RolloverPossibility2"": 0,
                ""RolloverRating"": ""4"",
                ""RolloverRating2"": ""Not Rated"",
                ""SideCrashDriversideRating"": ""5"",
                ""SideCrashPassengersideRating"": ""5"",
                ""SideCrashPicture"": ""https://static.nhtsa.gov/crashTest/images/2016/v09327P108.jpg"",
                ""SideCrashVideo"": ""https://static.nhtsa.gov/crashTest/videos/2016/v09327C013.wmv"",
                ""SidePoleCrashRating"": ""5"",
                ""SidePolePicture"": ""https://static.nhtsa.gov/crashTest/images/2016/v09169P072.jpg"",
                ""SidePoleVideo"": ""https://static.nhtsa.gov/crashTest/videos/2016/v09169C014.wmv"",
                ""VehicleDescription"": ""2016 Mercedes-Benz C-Class 4 DR 4WD"",
                ""VehicleId"": 10774,
                ""combinedSideBarrierAndPoleRating-Front"": ""5"",
                ""combinedSideBarrierAndPoleRating-Rear"": ""5"",
                ""dynamicTipResult"": ""No Tip"",
                ""sideBarrierRating-Overall"": ""5""
              }
            ]
          },
          ""vehicle_description"": ""2016 Mercedes-Benz C-Class 4 DR 4WD"",
          ""vehicle_id"": 10774
        }
      ]
    },
    {
      ""source"": {
        ""model_year"": 2016,
        ""nhtsa_model"": ""CL-CLASS"",
        ""uk_model"": "" CL Class""
      },
      ""vehicle_count"": 0,
      ""vehicles"": []
    },
    {
      ""source"": {
        ""model_year"": 2016,
        ""nhtsa_model"": ""CLA-CLASS"",
        ""uk_model"": "" CLA Class""
      },
      ""vehicle_count"": 1,
      ""vehicles"": [
        {
          ""safety_ratings"": {
            ""Count"": 1,
            ""Message"": ""Results returned successfully"",
            ""Results"": [
              {
                ""ComplaintsCount"": 66,
                ""FrontCrashDriversideRating"": ""Not Rated"",
                ""FrontCrashPassengersideRating"": ""Not Rated"",
                ""InvestigationCount"": 2,
                ""Make"": ""MERCEDES-BENZ"",
                ""Model"": ""CLA-CLASS"",
                ""ModelYear"": 2016,
                ""NHTSAElectronicStabilityControl"": ""Standard"",
                ""NHTSAForwardCollisionWarning"": ""Optional"",
                ""NHTSALaneDepartureWarning"": ""Optional"",
                ""OverallFrontCrashRating"": ""Not Rated"",
                ""OverallRating"": ""Not Rated"",
                ""OverallSideCrashRating"": ""Not Rated"",
                ""RecallsCount"": 9,
                ""RolloverPossibility"": 0,
                ""RolloverPossibility2"": 0,
                ""RolloverRating"": ""Not Rated"",
                ""RolloverRating2"": ""Not Rated"",
                ""SideCrashDriversideRating"": ""Not Rated"",
                ""SideCrashPassengersideRating"": ""Not Rated"",
                ""SidePoleCrashRating"": ""Not Rated"",
                ""VehicleDescription"": ""2016 Mercedes-Benz Cla-Class 4 DR 4WD"",
                ""VehicleId"": 10733,
                ""combinedSideBarrierAndPoleRating-Front"": ""Not Rated"",
                ""combinedSideBarrierAndPoleRating-Rear"": ""Not Rated"",
                ""dynamicTipResult"": "" "",
                ""sideBarrierRating-Overall"": ""Not Rated""
              }
            ]
          },
          ""vehicle_description"": ""2016 Mercedes-Benz Cla-Class 4 DR 4WD"",
          ""vehicle_id"": 10733
        }
      ]
    },
    {
      ""source"": {
        ""model_year"": 2016,
        ""nhtsa_model"": ""CLS-CLASS"",
        ""uk_model"": "" CLS Class""
      },
      ""vehicle_count"": 2,
      ""vehicles"": [
        {
          ""safety_ratings"": {
            ""Count"": 1,
            ""Message"": ""Results returned successfully"",
            ""Results"": [
              {
                ""ComplaintsCount"": 0,
                ""FrontCrashDriversideRating"": ""Not Rated"",
                ""FrontCrashPassengersideRating"": ""Not Rated"",
                ""InvestigationCount"": 1,
                ""Make"": ""MERCEDES-BENZ"",
                ""Model"": ""CLS-CLASS"",
                ""ModelYear"": 2016,
                ""NHTSAElectronicStabilityControl"": ""Standard"",
                ""NHTSAForwardCollisionWarning"": ""Optional"",
                ""NHTSALaneDepartureWarning"": ""Optional"",
                ""OverallFrontCrashRating"": ""Not Rated"",
                ""OverallRating"": ""Not Rated"",
                ""OverallSideCrashRating"": ""Not Rated"",
                ""RecallsCount"": 1,
                ""RolloverPossibility"": 0,
                ""RolloverPossibility2"": 0,
                ""RolloverRating"": ""Not Rated"",
                ""RolloverRating2"": ""Not Rated"",
                ""SideCrashDriversideRating"": ""Not Rated"",
                ""SideCrashPassengersideRating"": ""Not Rated"",
                ""SidePoleCrashRating"": ""Not Rated"",
                ""VehicleDescription"": ""2016 Mercedes-Benz Cls-Class 4 DR RWD"",
                ""VehicleId"": 10780,
                ""combinedSideBarrierAndPoleRating-Front"": ""Not Rated"",
                ""combinedSideBarrierAndPoleRating-Rear"": ""Not Rated"",
                ""dynamicTipResult"": "" "",
                ""sideBarrierRating-Overall"": ""Not Rated""
              }
            ]
          },
          ""vehicle_description"": ""2016 Mercedes-Benz Cls-Class 4 DR RWD"",
          ""vehicle_id"": 10780
        },
        {
          ""safety_ratings"": {
            ""Count"": 1,
            ""Message"": ""Results returned successfully"",
            ""Results"": [
              {
                ""ComplaintsCount"": 0,
                ""FrontCrashDriversideRating"": ""Not Rated"",
                ""FrontCrashPassengersideRating"": ""Not Rated"",
                ""InvestigationCount"": 1,
                ""Make"": ""MERCEDES-BENZ"",
                ""Model"": ""CLS-CLASS"",
                ""ModelYear"": 2016,
                ""NHTSAElectronicStabilityControl"": ""Standard"",
                ""NHTSAForwardCollisionWarning"": ""Optional"",
                ""NHTSALaneDepartureWarning"": ""Optional"",
                ""OverallFrontCrashRating"": ""Not Rated"",
                ""OverallRating"": ""Not Rated"",
                ""OverallSideCrashRating"": ""Not Rated"",
                ""RecallsCount"": 1,
                ""RolloverPossibility"": 0,
                ""RolloverPossibility2"": 0,
                ""RolloverRating"": ""Not Rated"",
                ""RolloverRating2"": ""Not Rated"",
                ""SideCrashDriversideRating"": ""Not Rated"",
                ""SideCrashPassengersideRating"": ""Not Rated"",
                ""SidePoleCrashRating"": ""Not Rated"",
                ""VehicleDescription"": ""2016 Mercedes-Benz Cls-Class 4 DR 4WD"",
                ""VehicleId"": 10779,
                ""combinedSideBarrierAndPoleRating-Front"": ""Not Rated"",
                ""combinedSideBarrierAndPoleRating-Rear"": ""Not Rated"",
                ""dynamicTipResult"": "" "",
                ""sideBarrierRating-Overall"": ""Not Rated""
              }
            ]
          },
          ""vehicle_description"": ""2016 Mercedes-Benz Cls-Class 4 DR 4WD"",
          ""vehicle_id"": 10779
        }
      ]
    },
    {
      ""source"": {
        ""model_year"": 2016,
        ""nhtsa_model"": ""E-CLASS"",
        ""uk_model"": "" E Class""
      },
      ""vehicle_count"": 6,
      ""vehicles"": [
        {
          ""safety_ratings"": {
            ""Count"": 1,
            ""Message"": ""Results returned successfully"",
            ""Results"": [
              {
                ""ComplaintsCount"": 89,
                ""FrontCrashDriversideRating"": ""Not Rated"",
                ""FrontCrashPassengersideRating"": ""Not Rated"",
                ""InvestigationCount"": 1,
                ""Make"": ""MERCEDES-BENZ"",
                ""Model"": ""E-CLASS"",
                ""ModelYear"": 2016,
                ""NHTSAElectronicStabilityControl"": ""Standard"",
                ""NHTSAForwardCollisionWarning"": ""Optional"",
                ""NHTSALaneDepartureWarning"": ""Optional"",
                ""OverallFrontCrashRating"": ""Not Rated"",
                ""OverallRating"": ""Not Rated"",
                ""OverallSideCrashRating"": ""Not Rated"",
                ""RecallsCount"": 9,
                ""RolloverPossibility"": 0,
                ""RolloverPossibility2"": 0,
                ""RolloverRating"": ""Not Rated"",
                ""RolloverRating2"": ""Not Rated"",
                ""SideCrashDriversideRating"": ""Not Rated"",
                ""SideCrashPassengersideRating"": ""Not Rated"",
                ""SidePoleCrashRating"": ""Not Rated"",
                ""VehicleDescription"": ""2016 Mercedes-Benz E-Class 2 DR 4WD"",
                ""VehicleId"": 10782,
                ""combinedSideBarrierAndPoleRating-Front"": ""Not Rated"",
                ""combinedSideBarrierAndPoleRating-Rear"": ""Not Rated"",
                ""dynamicTipResult"": "" "",
                ""sideBarrierRating-Overall"": ""Not Rated""
              }
            ]
          },
          ""vehicle_description"": ""2016 Mercedes-Benz E-Class 2 DR 4WD"",
          ""vehicle_id"": 10782
        },
        {
          ""safety_ratings"": {
            ""Count"": 1,
            ""Message"": ""Results returned successfully"",
            ""Results"": [
              {
                ""ComplaintsCount"": 89,
                ""FrontCrashDriversideRating"": ""Not Rated"",
                ""FrontCrashPassengersideRating"": ""Not Rated"",
                ""InvestigationCount"": 1,
                ""Make"": ""MERCEDES-BENZ"",
                ""Model"": ""E-CLASS"",
                ""ModelYear"": 2016,
                ""NHTSAElectronicStabilityControl"": ""Standard"",
                ""NHTSAForwardCollisionWarning"": ""Optional"",
                ""NHTSALaneDepartureWarning"": ""Optional"",
                ""OverallFrontCrashRating"": ""Not Rated"",
                ""OverallRating"": ""Not Rated"",
                ""OverallSideCrashRating"": ""Not Rated"",
                ""RecallsCount"": 9,
                ""RolloverPossibility"": 0,
                ""RolloverPossibility2"": 0,
                ""RolloverRating"": ""Not Rated"",
                ""RolloverRating2"": ""Not Rated"",
                ""SideCrashDriversideRating"": ""Not Rated"",
                ""SideCrashPassengersideRating"": ""Not Rated"",
                ""SidePoleCrashRating"": ""Not Rated"",
                ""VehicleDescription"": ""2016 Mercedes-Benz E-Class 2 DR RWD"",
                ""VehicleId"": 10781,
                ""combinedSideBarrierAndPoleRating-Front"": ""Not Rated"",
                ""combinedSideBarrierAndPoleRating-Rear"": ""Not Rated"",
                ""dynamicTipResult"": "" "",
                ""sideBarrierRating-Overall"": ""Not Rated""
              }
            ]
          },
          ""vehicle_description"": ""2016 Mercedes-Benz E-Class 2 DR RWD"",
          ""vehicle_id"": 10781
        },
        {
          ""safety_ratings"": {
            ""Count"": 1,
            ""Message"": ""Results returned successfully"",
            ""Results"": [
              {
                ""ComplaintsCount"": 89,
                ""FrontCrashDriversideRating"": ""4"",
                ""FrontCrashPassengersideRating"": ""4"",
                ""InvestigationCount"": 1,
                ""Make"": ""MERCEDES-BENZ"",
                ""Model"": ""E-CLASS"",
                ""ModelYear"": 2016,
                ""NHTSAElectronicStabilityControl"": ""Standard"",
                ""NHTSAForwardCollisionWarning"": ""Optional"",
                ""NHTSALaneDepartureWarning"": ""Optional"",
                ""OverallFrontCrashRating"": ""4"",
                ""OverallRating"": ""4"",
                ""OverallSideCrashRating"": ""5"",
                ""RecallsCount"": 9,
                ""RolloverPossibility"": 0.099,
                ""RolloverPossibility2"": 0,
                ""RolloverRating"": ""5"",
                ""RolloverRating2"": ""Not Rated"",
                ""SideCrashDriversideRating"": ""5"",
                ""SideCrashPassengersideRating"": ""5"",
                ""SidePoleCrashRating"": ""3"",
                ""VehicleDescription"": ""2016 Mercedes-Benz E-CLASS SW RWD"",
                ""VehicleId"": 10210,
                ""combinedSideBarrierAndPoleRating-Front"": ""5"",
                ""combinedSideBarrierAndPoleRating-Rear"": ""5"",
                ""dynamicTipResult"": ""No Tip"",
                ""sideBarrierRating-Overall"": ""5""
              }
            ]
          },
          ""vehicle_description"": ""2016 Mercedes-Benz E-CLASS SW RWD"",
          ""vehicle_id"": 10210
        },
        {
          ""safety_ratings"": {
            ""Count"": 1,
            ""Message"": ""Results returned successfully"",
            ""Results"": [
              {
                ""ComplaintsCount"": 89,
                ""FrontCrashDriversideRating"": ""4"",
                ""FrontCrashPassengersideRating"": ""4"",
                ""InvestigationCount"": 1,
                ""Make"": ""MERCEDES-BENZ"",
                ""Model"": ""E-CLASS"",
                ""ModelYear"": 2016,
                ""NHTSAElectronicStabilityControl"": ""Standard"",
                ""NHTSAForwardCollisionWarning"": ""Optional"",
                ""NHTSALaneDepartureWarning"": ""Optional"",
                ""OverallFrontCrashRating"": ""4"",
                ""OverallRating"": ""4"",
                ""OverallSideCrashRating"": ""5"",
                ""RecallsCount"": 9,
                ""RolloverPossibility"": 0.099,
                ""RolloverPossibility2"": 0,
                ""RolloverRating"": ""5"",
                ""RolloverRating2"": ""Not Rated"",
                ""SideCrashDriversideRating"": ""5"",
                ""SideCrashPassengersideRating"": ""5"",
                ""SidePoleCrashRating"": ""3"",
                ""VehicleDescription"": ""2016 Mercedes-Benz E-CLASS SW 4WD"",
                ""VehicleId"": 10209,
                ""combinedSideBarrierAndPoleRating-Front"": ""5"",
                ""combinedSideBarrierAndPoleRating-Rear"": ""5"",
                ""dynamicTipResult"": ""No Tip"",
                ""sideBarrierRating-Overall"": ""5""
              }
            ]
          },
          ""vehicle_description"": ""2016 Mercedes-Benz E-CLASS SW 4WD"",
          ""vehicle_id"": 10209
        },
        {
          ""safety_ratings"": {
            ""Count"": 1,
            ""Message"": ""Results returned successfully"",
            ""Results"": [
              {
                ""ComplaintsCount"": 89,
                ""FrontCrashDriversideRating"": ""4"",
                ""FrontCrashPassengersideRating"": ""4"",
                ""FrontCrashPicture"": ""https://static.nhtsa.gov/crashTest/images/2016/v08413P083.jpg"",
                ""FrontCrashVideo"": ""https://static.nhtsa.gov/crashTest/videos/2016/v08413C019.wmv"",
                ""InvestigationCount"": 1,
                ""Make"": ""MERCEDES-BENZ"",
                ""Model"": ""E-CLASS"",
                ""ModelYear"": 2016,
                ""NHTSAElectronicStabilityControl"": ""Standard"",
                ""NHTSAForwardCollisionWarning"": ""Optional"",
                ""NHTSALaneDepartureWarning"": ""Optional"",
                ""OverallFrontCrashRating"": ""4"",
                ""OverallRating"": ""4"",
                ""OverallSideCrashRating"": ""5"",
                ""RecallsCount"": 9,
                ""RolloverPossibility"": 0.099,
                ""RolloverPossibility2"": 0,
                ""RolloverRating"": ""5"",
                ""RolloverRating2"": ""Not Rated"",
                ""SideCrashDriversideRating"": ""5"",
                ""SideCrashPassengersideRating"": ""5"",
                ""SideCrashPicture"": ""https://static.nhtsa.gov/crashTest/images/2016/v08445P107.jpg"",
                ""SideCrashVideo"": ""https://static.nhtsa.gov/crashTest/videos/2016/v08445C012.wmv"",
                ""SidePoleCrashRating"": ""3"",
                ""SidePolePicture"": ""https://static.nhtsa.gov/crashTest/images/2016/v08443P072.jpg"",
                ""SidePoleVideo"": ""https://static.nhtsa.gov/crashTest/videos/2016/v08443C013.wmv"",
                ""VehicleDescription"": ""2016 Mercedes-Benz E-Class 4 DR RWD"",
                ""VehicleId"": 10208,
                ""combinedSideBarrierAndPoleRating-Front"": ""5"",
                ""combinedSideBarrierAndPoleRating-Rear"": ""5"",
                ""dynamicTipResult"": ""No Tip"",
                ""sideBarrierRating-Overall"": ""5""
              }
            ]
          },
          ""vehicle_description"": ""2016 Mercedes-Benz E-Class 4 DR RWD"",
          ""vehicle_id"": 10208
        },
        {
          ""safety_ratings"": {
            ""Count"": 1,
            ""Message"": ""Results returned successfully"",
            ""Results"": [
              {
                ""ComplaintsCount"": 89,
                ""FrontCrashDriversideRating"": ""4"",
                ""FrontCrashPassengersideRating"": ""4"",
                ""FrontCrashPicture"": ""https://static.nhtsa.gov/crashTest/images/2016/v08413P083.jpg"",
                ""FrontCrashVideo"": ""https://static.nhtsa.gov/crashTest/videos/2016/v08413C019.wmv"",
                ""InvestigationCount"": 1,
                ""Make"": ""MERCEDES-BENZ"",
                ""Model"": ""E-CLASS"",
                ""ModelYear"": 2016,
                ""NHTSAElectronicStabilityControl"": ""Standard"",
                ""NHTSAForwardCollisionWarning"": ""Optional"",
                ""NHTSALaneDepartureWarning"": ""Optional"",
                ""OverallFrontCrashRating"": ""4"",
                ""OverallRating"": ""4"",
                ""OverallSideCrashRating"": ""5"",
                ""RecallsCount"": 9,
                ""RolloverPossibility"": 0.099,
                ""RolloverPossibility2"": 0,
                ""RolloverRating"": ""5"",
                ""RolloverRating2"": ""Not Rated"",
                ""SideCrashDriversideRating"": ""5"",
                ""SideCrashPassengersideRating"": ""5"",
                ""SideCrashPicture"": ""https://static.nhtsa.gov/crashTest/images/2016/v08445P107.jpg"",
                ""SideCrashVideo"": ""https://static.nhtsa.gov/crashTest/videos/2016/v08445C012.wmv"",
                ""SidePoleCrashRating"": ""3"",
                ""SidePolePicture"": ""https://static.nhtsa.gov/crashTest/images/2016/v08443P072.jpg"",
                ""SidePoleVideo"": ""https://static.nhtsa.gov/crashTest/videos/2016/v08443C013.wmv"",
                ""VehicleDescription"": ""2016 Mercedes-Benz E-Class 4 DR 4WD"",
                ""VehicleId"": 10207,
                ""combinedSideBarrierAndPoleRating-Front"": ""5"",
                ""combinedSideBarrierAndPoleRating-Rear"": ""5"",
                ""dynamicTipResult"": ""No Tip"",
                ""sideBarrierRating-Overall"": ""5""
              }
            ]
          },
          ""vehicle_description"": ""2016 Mercedes-Benz E-Class 4 DR 4WD"",
          ""vehicle_id"": 10207
        }
      ]
    },
    {
      ""source"": {
        ""model_year"": 2016,
        ""nhtsa_model"": ""G-CLASS"",
        ""uk_model"": "" G Class""
      },
      ""vehicle_count"": 1,
      ""vehicles"": [
        {
          ""safety_ratings"": {
            ""Count"": 1,
            ""Message"": ""Results returned successfully"",
            ""Results"": [
              {
                ""ComplaintsCount"": 3,
                ""FrontCrashDriversideRating"": ""Not Rated"",
                ""FrontCrashPassengersideRating"": ""Not Rated"",
                ""InvestigationCount"": 0,
                ""Make"": ""MERCEDES-BENZ"",
                ""Model"": ""G-CLASS"",
                ""ModelYear"": 2016,
                ""NHTSAElectronicStabilityControl"": ""Standard"",
                ""NHTSAForwardCollisionWarning"": ""No"",
                ""NHTSALaneDepartureWarning"": ""No"",
                ""OverallFrontCrashRating"": ""Not Rated"",
                ""OverallRating"": ""Not Rated"",
                ""OverallSideCrashRating"": ""Not Rated"",
                ""RecallsCount"": 4,
                ""RolloverPossibility"": 0,
                ""RolloverPossibility2"": 0,
                ""RolloverRating"": ""Not Rated"",
                ""RolloverRating2"": ""Not Rated"",
                ""SideCrashDriversideRating"": ""Not Rated"",
                ""SideCrashPassengersideRating"": ""Not Rated"",
                ""SidePoleCrashRating"": ""Not Rated"",
                ""VehicleDescription"": ""2016 Mercedes-Benz G-Class SUV AWD"",
                ""VehicleId"": 10785,
                ""combinedSideBarrierAndPoleRating-Front"": ""Not Rated"",
                ""combinedSideBarrierAndPoleRating-Rear"": ""Not Rated"",
                ""dynamicTipResult"": "" "",
                ""sideBarrierRating-Overall"": ""Not Rated""
              }
            ]
          },
          ""vehicle_description"": ""2016 Mercedes-Benz G-Class SUV AWD"",
          ""vehicle_id"": 10785
        }
      ]
    },
    {
      ""source"": {
        ""model_year"": 2016,
        ""nhtsa_model"": ""GL-CLASS"",
        ""uk_model"": "" GL Class""
      },
      ""vehicle_count"": 1,
      ""vehicles"": [
        {
          ""safety_ratings"": {
            ""Count"": 1,
            ""Message"": ""Results returned successfully"",
            ""Results"": [
              {
                ""ComplaintsCount"": 20,
                ""FrontCrashDriversideRating"": ""Not Rated"",
                ""FrontCrashPassengersideRating"": ""Not Rated"",
                ""InvestigationCount"": 0,
                ""Make"": ""MERCEDES-BENZ"",
                ""Model"": ""GL-CLASS"",
                ""ModelYear"": 2016,
                ""NHTSAElectronicStabilityControl"": ""Standard"",
                ""NHTSAForwardCollisionWarning"": ""Optional"",
                ""NHTSALaneDepartureWarning"": ""Optional"",
                ""OverallFrontCrashRating"": ""Not Rated"",
                ""OverallRating"": ""Not Rated"",
                ""OverallSideCrashRating"": ""Not Rated"",
                ""RecallsCount"": 7,
                ""RolloverPossibility"": 0,
                ""RolloverPossibility2"": 0,
                ""RolloverRating"": ""Not Rated"",
                ""RolloverRating2"": ""Not Rated"",
                ""SideCrashDriversideRating"": ""Not Rated"",
                ""SideCrashPassengersideRating"": ""Not Rated"",
                ""SidePoleCrashRating"": ""Not Rated"",
                ""VehicleDescription"": ""2016 Mercedes-Benz GL-Class SUV 4WD"",
                ""VehicleId"": 10793,
                ""combinedSideBarrierAndPoleRating-Front"": ""Not Rated"",
                ""combinedSideBarrierAndPoleRating-Rear"": ""Not Rated"",
                ""dynamicTipResult"": "" "",
                ""sideBarrierRating-Overall"": ""Not Rated""
              }
            ]
          },
          ""vehicle_description"": ""2016 Mercedes-Benz GL-Class SUV 4WD"",
          ""vehicle_id"": 10793
        }
      ]
    },
    {
      ""source"": {
        ""model_year"": 2016,
        ""nhtsa_model"": ""GLA-CLASS"",
        ""uk_model"": "" GLA Class""
      },
      ""vehicle_count"": 2,
      ""vehicles"": [
        {
          ""safety_ratings"": {
            ""Count"": 1,
            ""Message"": ""Results returned successfully"",
            ""Results"": [
              {
                ""ComplaintsCount"": 51,
                ""FrontCrashDriversideRating"": ""Not Rated"",
                ""FrontCrashPassengersideRating"": ""Not Rated"",
                ""InvestigationCount"": 2,
                ""Make"": ""MERCEDES-BENZ"",
                ""Model"": ""GLA-CLASS"",
                ""ModelYear"": 2016,
                ""NHTSAElectronicStabilityControl"": ""Standard"",
                ""NHTSAForwardCollisionWarning"": ""Optional"",
                ""NHTSALaneDepartureWarning"": ""Optional"",
                ""OverallFrontCrashRating"": ""Not Rated"",
                ""OverallRating"": ""Not Rated"",
                ""OverallSideCrashRating"": ""Not Rated"",
                ""RecallsCount"": 4,
                ""RolloverPossibility"": 0,
                ""RolloverPossibility2"": 0,
                ""RolloverRating"": ""Not Rated"",
                ""RolloverRating2"": ""Not Rated"",
                ""SideCrashDriversideRating"": ""Not Rated"",
                ""SideCrashPassengersideRating"": ""Not Rated"",
                ""SidePoleCrashRating"": ""Not Rated"",
                ""VehicleDescription"": ""2016 Mercedes-Benz GLA-Class 4 DR FWD"",
                ""VehicleId"": 10790,
                ""combinedSideBarrierAndPoleRating-Front"": ""Not Rated"",
                ""combinedSideBarrierAndPoleRating-Rear"": ""Not Rated"",
                ""dynamicTipResult"": "" "",
                ""sideBarrierRating-Overall"": ""Not Rated""
              }
            ]
          },
          ""vehicle_description"": ""2016 Mercedes-Benz GLA-Class 4 DR FWD"",
          ""vehicle_id"": 10790
        },
        {
          ""safety_ratings"": {
            ""Count"": 1,
            ""Message"": ""Results returned successfully"",
            ""Results"": [
              {
                ""ComplaintsCount"": 51,
                ""FrontCrashDriversideRating"": ""Not Rated"",
                ""FrontCrashPassengersideRating"": ""Not Rated"",
                ""InvestigationCount"": 2,
                ""Make"": ""MERCEDES-BENZ"",
                ""Model"": ""GLA-CLASS"",
                ""ModelYear"": 2016,
                ""NHTSAElectronicStabilityControl"": ""Standard"",
                ""NHTSAForwardCollisionWarning"": ""Optional"",
                ""NHTSALaneDepartureWarning"": ""Optional"",
                ""OverallFrontCrashRating"": ""Not Rated"",
                ""OverallRating"": ""Not Rated"",
                ""OverallSideCrashRating"": ""Not Rated"",
                ""RecallsCount"": 4,
                ""RolloverPossibility"": 0,
                ""RolloverPossibility2"": 0,
                ""RolloverRating"": ""Not Rated"",
                ""RolloverRating2"": ""Not Rated"",
                ""SideCrashDriversideRating"": ""Not Rated"",
                ""SideCrashPassengersideRating"": ""Not Rated"",
                ""SidePoleCrashRating"": ""Not Rated"",
                ""VehicleDescription"": ""2016 Mercedes-Benz GLA-Class 4 DR 4WD"",
                ""VehicleId"": 10789,
                ""combinedSideBarrierAndPoleRating-Front"": ""Not Rated"",
                ""combinedSideBarrierAndPoleRating-Rear"": ""Not Rated"",
                ""dynamicTipResult"": "" "",
                ""sideBarrierRating-Overall"": ""Not Rated""
              }
            ]
          },
          ""vehicle_description"": ""2016 Mercedes-Benz GLA-Class 4 DR 4WD"",
          ""vehicle_id"": 10789
        }
      ]
    },
    {
      ""source"": {
        ""model_year"": 2016,
        ""nhtsa_model"": ""GLC-CLASS"",
        ""uk_model"": "" GLC Class""
      },
      ""vehicle_count"": 2,
      ""vehicles"": [
        {
          ""safety_ratings"": {
            ""Count"": 1,
            ""Message"": ""Results returned successfully"",
            ""Results"": [
              {
                ""ComplaintsCount"": 139,
                ""FrontCrashDriversideRating"": ""Not Rated"",
                ""FrontCrashPassengersideRating"": ""Not Rated"",
                ""InvestigationCount"": 2,
                ""Make"": ""MERCEDES-BENZ"",
                ""Model"": ""GLC-CLASS"",
                ""ModelYear"": 2016,
                ""NHTSAElectronicStabilityControl"": ""Standard"",
                ""NHTSAForwardCollisionWarning"": ""Optional"",
                ""NHTSALaneDepartureWarning"": ""Optional"",
                ""OverallFrontCrashRating"": ""Not Rated"",
                ""OverallRating"": ""Not Rated"",
                ""OverallSideCrashRating"": ""Not Rated"",
                ""RecallsCount"": 12,
                ""RolloverPossibility"": 0,
                ""RolloverPossibility2"": 0,
                ""RolloverRating"": ""Not Rated"",
                ""RolloverRating2"": ""Not Rated"",
                ""SideCrashDriversideRating"": ""Not Rated"",
                ""SideCrashPassengersideRating"": ""Not Rated"",
                ""SidePoleCrashRating"": ""Not Rated"",
                ""VehicleDescription"": ""2016 Mercedes-Benz GLC-Class 4 DR RWD"",
                ""VehicleId"": 10792,
                ""combinedSideBarrierAndPoleRating-Front"": ""Not Rated"",
                ""combinedSideBarrierAndPoleRating-Rear"": ""Not Rated"",
                ""dynamicTipResult"": "" "",
                ""sideBarrierRating-Overall"": ""Not Rated""
              }
            ]
          },
          ""vehicle_description"": ""2016 Mercedes-Benz GLC-Class 4 DR RWD"",
          ""vehicle_id"": 10792
        },
        {
          ""safety_ratings"": {
            ""Count"": 1,
            ""Message"": ""Results returned successfully"",
            ""Results"": [
              {
                ""ComplaintsCount"": 139,
                ""FrontCrashDriversideRating"": ""Not Rated"",
                ""FrontCrashPassengersideRating"": ""Not Rated"",
                ""InvestigationCount"": 2,
                ""Make"": ""MERCEDES-BENZ"",
                ""Model"": ""GLC-CLASS"",
                ""ModelYear"": 2016,
                ""NHTSAElectronicStabilityControl"": ""Standard"",
                ""NHTSAForwardCollisionWarning"": ""Optional"",
                ""NHTSALaneDepartureWarning"": ""Optional"",
                ""OverallFrontCrashRating"": ""Not Rated"",
                ""OverallRating"": ""Not Rated"",
                ""OverallSideCrashRating"": ""Not Rated"",
                ""RecallsCount"": 12,
                ""RolloverPossibility"": 0,
                ""RolloverPossibility2"": 0,
                ""RolloverRating"": ""Not Rated"",
                ""RolloverRating2"": ""Not Rated"",
                ""SideCrashDriversideRating"": ""Not Rated"",
                ""SideCrashPassengersideRating"": ""Not Rated"",
                ""SidePoleCrashRating"": ""Not Rated"",
                ""VehicleDescription"": ""2016 Mercedes-Benz GLC-Class 4 DR 4WD"",
                ""VehicleId"": 10791,
                ""combinedSideBarrierAndPoleRating-Front"": ""Not Rated"",
                ""combinedSideBarrierAndPoleRating-Rear"": ""Not Rated"",
                ""dynamicTipResult"": "" "",
                ""sideBarrierRating-Overall"": ""Not Rated""
              }
            ]
          },
          ""vehicle_description"": ""2016 Mercedes-Benz GLC-Class 4 DR 4WD"",
          ""vehicle_id"": 10791
        }
      ]
    },
    {
      ""source"": {
        ""model_year"": 2016,
        ""nhtsa_model"": ""GLE-CLASS"",
        ""uk_model"": "" GLE Class""
      },
      ""vehicle_count"": 2,
      ""vehicles"": [
        {
          ""safety_ratings"": {
            ""Count"": 1,
            ""Message"": ""Results returned successfully"",
            ""Results"": [
              {
                ""ComplaintsCount"": 104,
                ""FrontCrashDriversideRating"": ""Not Rated"",
                ""FrontCrashPassengersideRating"": ""Not Rated"",
                ""InvestigationCount"": 2,
                ""Make"": ""MERCEDES-BENZ"",
                ""Model"": ""GLE-CLASS"",
                ""ModelYear"": 2016,
                ""NHTSAElectronicStabilityControl"": ""Standard"",
                ""NHTSAForwardCollisionWarning"": ""Optional"",
                ""NHTSALaneDepartureWarning"": ""Optional"",
                ""OverallFrontCrashRating"": ""Not Rated"",
                ""OverallRating"": ""Not Rated"",
                ""OverallSideCrashRating"": ""Not Rated"",
                ""RecallsCount"": 18,
                ""RolloverPossibility"": 0.179,
                ""RolloverPossibility2"": 0,
                ""RolloverRating"": ""4"",
                ""RolloverRating2"": ""Not Rated"",
                ""SideCrashDriversideRating"": ""Not Rated"",
                ""SideCrashPassengersideRating"": ""Not Rated"",
                ""SidePoleCrashRating"": ""Not Rated"",
                ""VehicleDescription"": ""2016 Mercedes-Benz GLE-Class SUV 4WD"",
                ""VehicleId"": 10212,
                ""combinedSideBarrierAndPoleRating-Front"": ""Not Rated"",
                ""combinedSideBarrierAndPoleRating-Rear"": ""Not Rated"",
                ""dynamicTipResult"": ""No Tip"",
                ""sideBarrierRating-Overall"": ""Not Rated""
              }
            ]
          },
          ""vehicle_description"": ""2016 Mercedes-Benz GLE-Class SUV 4WD"",
          ""vehicle_id"": 10212
        },
        {
          ""safety_ratings"": {
            ""Count"": 1,
            ""Message"": ""Results returned successfully"",
            ""Results"": [
              {
                ""ComplaintsCount"": 104,
                ""FrontCrashDriversideRating"": ""Not Rated"",
                ""FrontCrashPassengersideRating"": ""Not Rated"",
                ""InvestigationCount"": 2,
                ""Make"": ""MERCEDES-BENZ"",
                ""Model"": ""GLE-CLASS"",
                ""ModelYear"": 2016,
                ""NHTSAElectronicStabilityControl"": ""Standard"",
                ""NHTSAForwardCollisionWarning"": ""Optional"",
                ""NHTSALaneDepartureWarning"": ""Optional"",
                ""OverallFrontCrashRating"": ""Not Rated"",
                ""OverallRating"": ""Not Rated"",
                ""OverallSideCrashRating"": ""Not Rated"",
                ""RecallsCount"": 18,
                ""RolloverPossibility"": 0.198,
                ""RolloverPossibility2"": 0,
                ""RolloverRating"": ""4"",
                ""RolloverRating2"": ""Not Rated"",
                ""SideCrashDriversideRating"": ""Not Rated"",
                ""SideCrashPassengersideRating"": ""Not Rated"",
                ""SidePoleCrashRating"": ""Not Rated"",
                ""VehicleDescription"": ""2016 Mercedes-Benz GLE-Class SUV RWD"",
                ""VehicleId"": 10211,
                ""combinedSideBarrierAndPoleRating-Front"": ""Not Rated"",
                ""combinedSideBarrierAndPoleRating-Rear"": ""Not Rated"",
                ""dynamicTipResult"": ""No Tip"",
                ""sideBarrierRating-Overall"": ""Not Rated""
              }
            ]
          },
          ""vehicle_description"": ""2016 Mercedes-Benz GLE-Class SUV RWD"",
          ""vehicle_id"": 10211
        }
      ]
    },
    {
      ""source"": {
        ""model_year"": 2016,
        ""nhtsa_model"": ""GLS-CLASS"",
        ""uk_model"": "" GLS Class""
      },
      ""vehicle_count"": 0,
      ""vehicles"": []
    },
    {
      ""source"": {
        ""model_year"": 2016,
        ""nhtsa_model"": ""S-CLASS"",
        ""uk_model"": "" S Class""
      },
      ""vehicle_count"": 2,
      ""vehicles"": [
        {
          ""safety_ratings"": {
            ""Count"": 1,
            ""Message"": ""Results returned successfully"",
            ""Results"": [
              {
                ""ComplaintsCount"": 29,
                ""FrontCrashDriversideRating"": ""Not Rated"",
                ""FrontCrashPassengersideRating"": ""Not Rated"",
                ""InvestigationCount"": 2,
                ""Make"": ""MERCEDES-BENZ"",
                ""Model"": ""S-CLASS"",
                ""ModelYear"": 2016,
                ""NHTSAElectronicStabilityControl"": ""Standard"",
                ""NHTSAForwardCollisionWarning"": ""Optional"",
                ""NHTSALaneDepartureWarning"": ""Optional"",
                ""OverallFrontCrashRating"": ""Not Rated"",
                ""OverallRating"": ""Not Rated"",
                ""OverallSideCrashRating"": ""Not Rated"",
                ""RecallsCount"": 7,
                ""RolloverPossibility"": 0,
                ""RolloverPossibility2"": 0,
                ""RolloverRating"": ""Not Rated"",
                ""RolloverRating2"": ""Not Rated"",
                ""SideCrashDriversideRating"": ""Not Rated"",
                ""SideCrashPassengersideRating"": ""Not Rated"",
                ""SidePoleCrashRating"": ""Not Rated"",
                ""VehicleDescription"": ""2016 Mercedes-Benz S-Class 4 DR RWD"",
                ""VehicleId"": 10787,
                ""combinedSideBarrierAndPoleRating-Front"": ""Not Rated"",
                ""combinedSideBarrierAndPoleRating-Rear"": ""Not Rated"",
                ""dynamicTipResult"": "" "",
                ""sideBarrierRating-Overall"": ""Not Rated""
              }
            ]
          },
          ""vehicle_description"": ""2016 Mercedes-Benz S-Class 4 DR RWD"",
          ""vehicle_id"": 10787
        },
        {
          ""safety_ratings"": {
            ""Count"": 1,
            ""Message"": ""Results returned successfully"",
            ""Results"": [
              {
                ""ComplaintsCount"": 29,
                ""FrontCrashDriversideRating"": ""Not Rated"",
                ""FrontCrashPassengersideRating"": ""Not Rated"",
                ""InvestigationCount"": 2,
                ""Make"": ""MERCEDES-BENZ"",
                ""Model"": ""S-CLASS"",
                ""ModelYear"": 2016,
                ""NHTSAElectronicStabilityControl"": ""Standard"",
                ""NHTSAForwardCollisionWarning"": ""Optional"",
                ""NHTSALaneDepartureWarning"": ""Optional"",
                ""OverallFrontCrashRating"": ""Not Rated"",
                ""OverallRating"": ""Not Rated"",
                ""OverallSideCrashRating"": ""Not Rated"",
                ""RecallsCount"": 7,
                ""RolloverPossibility"": 0,
                ""RolloverPossibility2"": 0,
                ""RolloverRating"": ""Not Rated"",
                ""RolloverRating2"": ""Not Rated"",
                ""SideCrashDriversideRating"": ""Not Rated"",
                ""SideCrashPassengersideRating"": ""Not Rated"",
                ""SidePoleCrashRating"": ""Not Rated"",
                ""VehicleDescription"": ""2016 Mercedes-Benz S-Class 4 DR 4WD"",
                ""VehicleId"": 10786,
                ""combinedSideBarrierAndPoleRating-Front"": ""Not Rated"",
                ""combinedSideBarrierAndPoleRating-Rear"": ""Not Rated"",
                ""dynamicTipResult"": "" "",
                ""sideBarrierRating-Overall"": ""Not Rated""
              }
            ]
          },
          ""vehicle_description"": ""2016 Mercedes-Benz S-Class 4 DR 4WD"",
          ""vehicle_id"": 10786
        }
      ]
    },
    {
      ""source"": {
        ""model_year"": 2016,
        ""nhtsa_model"": ""SL-CLASS"",
        ""uk_model"": "" SL CLASS""
      },
      ""vehicle_count"": 1,
      ""vehicles"": [
        {
          ""safety_ratings"": {
            ""Count"": 1,
            ""Message"": ""Results returned successfully"",
            ""Results"": [
              {
                ""ComplaintsCount"": 1,
                ""FrontCrashDriversideRating"": ""Not Rated"",
                ""FrontCrashPassengersideRating"": ""Not Rated"",
                ""InvestigationCount"": 1,
                ""Make"": ""MERCEDES-BENZ"",
                ""Model"": ""SL-CLASS"",
                ""ModelYear"": 2016,
                ""NHTSAElectronicStabilityControl"": ""Standard"",
                ""NHTSAForwardCollisionWarning"": ""Optional"",
                ""NHTSALaneDepartureWarning"": ""Optional"",
                ""OverallFrontCrashRating"": ""Not Rated"",
                ""OverallRating"": ""Not Rated"",
                ""OverallSideCrashRating"": ""Not Rated"",
                ""RecallsCount"": 1,
                ""RolloverPossibility"": 0,
                ""RolloverPossibility2"": 0,
                ""RolloverRating"": ""Not Rated"",
                ""RolloverRating2"": ""Not Rated"",
                ""SideCrashDriversideRating"": ""Not Rated"",
                ""SideCrashPassengersideRating"": ""Not Rated"",
                ""SidePoleCrashRating"": ""Not Rated"",
                ""VehicleDescription"": ""2016 Mercedes-Benz SL-Class C RWD"",
                ""VehicleId"": 10801,
                ""combinedSideBarrierAndPoleRating-Front"": ""Not Rated"",
                ""combinedSideBarrierAndPoleRating-Rear"": ""Not Rated"",
                ""dynamicTipResult"": "" "",
                ""sideBarrierRating-Overall"": ""Not Rated""
              }
            ]
          },
          ""vehicle_description"": ""2016 Mercedes-Benz SL-Class C RWD"",
          ""vehicle_id"": 10801
        }
      ]
    },
    {
      ""source"": {
        ""model_year"": 2016,
        ""nhtsa_model"": ""SLK"",
        ""uk_model"": "" SLK""
      },
      ""vehicle_count"": 0,
      ""vehicles"": []
    },
    {
      ""source"": {
        ""model_year"": 2016,
        ""nhtsa_model"": ""V-CLASS"",
        ""uk_model"": "" V Class""
      },
      ""vehicle_count"": 0,
      ""vehicles"": []
    }
  ],
  ""source"": ""NHTSA""
}"
nhtsa_safety_1970.json,2026-08-28 16:05:12.636,"{
  ""make"": ""Mercedes-Benz"",
  ""model_year"": 1970,
  ""record_count"": 1,
  ""results"": [
    {
      ""source"": {
        ""model_year"": 1970,
        ""nhtsa_model"": ""M-CLASS"",
        ""uk_model"": "" M Class""
      },
      ""vehicle_count"": 0,
      ""vehicles"": []
    }
  ],
  ""source"": ""NHTSA""
}"
nhtsa_safety_2004.json,2026-08-28 16:05:12.636,"{
  ""make"": ""Mercedes-Benz"",
  ""model_year"": 2004,
  ""record_count"": 4,
  ""results"": [
    {
      ""source"": {
        ""model_year"": 2004,
        ""nhtsa_model"": ""C-CLASS"",
        ""uk_model"": "" C Class""
      },
      ""vehicle_count"": 1,
      ""vehicles"": [
        {
          ""safety_ratings"": {
            ""Count"": 1,
            ""Message"": ""Results returned successfully"",
            ""Results"": [
              {
                ""ComplaintsCount"": 77,
                ""FrontCrashDriversideRating"": ""4"",
                ""FrontCrashPassengersideRating"": ""4"",
                ""FrontCrashPicture"": ""https://static.nhtsa.gov/crashTest/images/2004/03C-class.jpg"",
                ""InvestigationCount"": 0,
                ""Make"": ""MERCEDES-BENZ"",
                ""Model"": ""C-CLASS"",
                ""ModelYear"": 2004,
                ""NHTSAElectronicStabilityControl"": ""Standard"",
                ""NHTSAForwardCollisionWarning"": ""No"",
                ""NHTSALaneDepartureWarning"": ""No"",
                ""OverallFrontCrashRating"": ""Not Rated"",
                ""OverallRating"": ""Not Rated"",
                ""OverallSideCrashRating"": ""Not Rated"",
                ""RecallsCount"": 4,
                ""RolloverPossibility"": 0,
                ""RolloverPossibility2"": 0.124,
                ""RolloverRating"": ""Not Rated"",
                ""RolloverRating2"": ""4"",
                ""SideCrashDriversideRating"": ""5"",
                ""SideCrashPassengersideRating"": ""5"",
                ""SidePoleCrashRating"": ""Not Rated"",
                ""VehicleDescription"": ""2004 Mercedes-Benz C-Class 4-DR. w/SAB"",
                ""VehicleId"": 1204,
                ""combinedSideBarrierAndPoleRating-Front"": ""Not Rated"",
                ""combinedSideBarrierAndPoleRating-Rear"": ""Not Rated"",
                ""dynamicTipResult"": "" "",
                ""sideBarrierRating-Overall"": ""Not Rated""
              }
            ]
          },
          ""vehicle_description"": ""2004 Mercedes-Benz C-Class 4-DR. w/SAB"",
          ""vehicle_id"": 1204
        }
      ]
    },
    {
      ""source"": {
        ""model_year"": 2004,
        ""nhtsa_model"": ""CLK"",
        ""uk_model"": "" CLK""
      },
      ""vehicle_count"": 0,
      ""vehicles"": []
    },
    {
      ""source"": {
        ""model_year"": 2004,
        ""nhtsa_model"": ""M-CLASS"",
        ""uk_model"": "" M Class""
      },
      ""vehicle_count"": 0,
      ""vehicles"": []
    },
    {
      ""source"": {
        ""model_year"": 2004,
        ""nhtsa_model"": ""SLK"",
        ""uk_model"": "" SLK""
      },
      ""vehicle_count"": 1,
      ""vehicles"": [
        {
          ""safety_ratings"": {
            ""Count"": 1,
            ""Message"": ""Results returned successfully"",
            ""Results"": [
              {
                ""ComplaintsCount"": 7,
                ""FrontCrashDriversideRating"": ""Not Rated"",
                ""FrontCrashPassengersideRating"": ""Not Rated"",
                ""InvestigationCount"": 1,
                ""Make"": ""MERCEDES-BENZ"",
                ""Model"": ""SLK"",
                ""ModelYear"": 2004,
                ""NHTSAElectronicStabilityControl"": ""Standard"",
                ""NHTSAForwardCollisionWarning"": ""No"",
                ""NHTSALaneDepartureWarning"": ""No"",
                ""OverallFrontCrashRating"": ""Not Rated"",
                ""OverallRating"": ""Not Rated"",
                ""OverallSideCrashRating"": ""Not Rated"",
                ""RecallsCount"": 1,
                ""RolloverPossibility"": 0,
                ""RolloverPossibility2"": 0,
                ""RolloverRating"": ""Not Rated"",
                ""RolloverRating2"": ""Not Rated"",
                ""SideCrashDriversideRating"": ""Not Rated"",
                ""SideCrashPassengersideRating"": ""Not Rated"",
                ""SidePoleCrashRating"": ""Not Rated"",
                ""VehicleDescription"": ""2004 Mercedes-Benz SLK w/SAB"",
                ""VehicleId"": 1212,
                ""combinedSideBarrierAndPoleRating-Front"": ""Not Rated"",
                ""combinedSideBarrierAndPoleRating-Rear"": ""Not Rated"",
                ""dynamicTipResult"": "" "",
                ""sideBarrierRating-Overall"": ""Not Rated""
              }
            ]
          },
          ""vehicle_description"": ""2004 Mercedes-Benz SLK w/SAB"",
          ""vehicle_id"": 1212
        }
      ]
    }
  ],
  ""source"": ""NHTSA""
}"
nhtsa_safety_2012.json,2026-08-28 16:05:12.636,"{
  ""make"": ""Mercedes-Benz"",
  ""model_year"": 2012,
  ""record_count"": 9,
  ""results"": [
    {
      ""source"": {
        ""model_year"": 2012,
        ""nhtsa_model"": ""A-CLASS"",
        ""uk_model"": "" A Class""
      },
      ""vehicle_count"": 0,
      ""vehicles"": []
    },
    {
      ""source"": {
        ""model_year"": 2012,
        ""nhtsa_model"": ""B-CLASS"",
        ""uk_model"": "" B Class""
      },
      ""vehicle_count"": 1,
      ""vehicles"": [
        {
          ""safety_ratings"": {
            ""Count"": 1,
            ""Message"": ""Results returned successfully"",
            ""Results"": [
              {
                ""ComplaintsCount"": 0,
                ""FrontCrashDriversideRating"": ""Not Rated"",
                ""FrontCrashPassengersideRating"": ""Not Rated"",
                ""InvestigationCount"": 0,
                ""Make"": ""MERCEDES-BENZ"",
                ""Model"": ""B-CLASS"",
                ""ModelYear"": 2012,
                ""NHTSAElectronicStabilityControl"": ""Standard"",
                ""NHTSAForwardCollisionWarning"": ""No"",
                ""NHTSALaneDepartureWarning"": ""No"",
                ""OverallFrontCrashRating"": ""Not Rated"",
                ""OverallRating"": ""Not Rated"",
                ""OverallSideCrashRating"": ""Not Rated"",
                ""RecallsCount"": 0,
                ""RolloverPossibility"": 0,
                ""RolloverPossibility2"": 0,
                ""RolloverRating"": ""Not Rated"",
                ""RolloverRating2"": ""Not Rated"",
                ""SideCrashDriversideRating"": ""Not Rated"",
                ""SideCrashPassengersideRating"": ""Not Rated"",
                ""SidePoleCrashRating"": ""Not Rated"",
                ""VehicleDescription"": ""2012 Mercedes-Benz B-Class 4 DR RWD"",
                ""VehicleId"": 6373,
                ""combinedSideBarrierAndPoleRating-Front"": ""Not Rated"",
                ""combinedSideBarrierAndPoleRating-Rear"": ""Not Rated"",
                ""dynamicTipResult"": "" "",
                ""sideBarrierRating-Overall"": ""Not Rated""
              }
            ]
          },
          ""vehicle_description"": ""2012 Mercedes-Benz B-Class 4 DR RWD"",
          ""vehicle_id"": 6373
        }
      ]
    },
    {
      ""source"": {
        ""model_year"": 2012,
        ""nhtsa_model"": ""C-CLASS"",
        ""uk_model"": "" C Class""
      },
      ""vehicle_count"": 2,
      ""vehicles"": [
        {
          ""safety_ratings"": {
            ""Count"": 1,
            ""Message"": ""Results returned successfully"",
            ""Results"": [
              {
                ""ComplaintsCount"": 585,
                ""FrontCrashDriversideRating"": ""Not Rated"",
                ""FrontCrashPassengersideRating"": ""Not Rated"",
                ""InvestigationCount"": 1,
                ""Make"": ""MERCEDES-BENZ"",
                ""Model"": ""C-CLASS"",
                ""ModelYear"": 2012,
                ""NHTSAElectronicStabilityControl"": ""Standard"",
                ""NHTSAForwardCollisionWarning"": ""No"",
                ""NHTSALaneDepartureWarning"": ""No"",
                ""OverallFrontCrashRating"": ""Not Rated"",
                ""OverallRating"": ""Not Rated"",
                ""OverallSideCrashRating"": ""Not Rated"",
                ""RecallsCount"": 7,
                ""RolloverPossibility"": 0.105,
                ""RolloverPossibility2"": 0,
                ""RolloverRating"": ""4"",
                ""RolloverRating2"": ""Not Rated"",
                ""SideCrashDriversideRating"": ""Not Rated"",
                ""SideCrashPassengersideRating"": ""Not Rated"",
                ""SidePoleCrashRating"": ""4"",
                ""SidePolePicture"": ""https://static.nhtsa.gov/crashTest/images/2012/v07072P051.jpg"",
                ""SidePoleVideo"": ""https://static.nhtsa.gov/crashTest/videos/2012/v07072C005.wmv"",
                ""VehicleDescription"": ""2012 Mercedes-Benz C-Class 4 DR AWD"",
                ""VehicleId"": 6739,
                ""combinedSideBarrierAndPoleRating-Front"": ""Not Rated"",
                ""combinedSideBarrierAndPoleRating-Rear"": ""Not Rated"",
                ""dynamicTipResult"": ""No Tip"",
                ""sideBarrierRating-Overall"": ""Not Rated""
              }
            ]
          },
          ""vehicle_description"": ""2012 Mercedes-Benz C-Class 4 DR AWD"",
          ""vehicle_id"": 6739
        },
        {
          ""safety_ratings"": {
            ""Count"": 1,
            ""Message"": ""Results returned successfully"",
            ""Results"": [
              {
                ""ComplaintsCount"": 585,
                ""FrontCrashDriversideRating"": ""Not Rated"",
                ""FrontCrashPassengersideRating"": ""Not Rated"",
                ""InvestigationCount"": 1,
                ""Make"": ""MERCEDES-BENZ"",
                ""Model"": ""C-CLASS"",
                ""ModelYear"": 2012,
                ""NHTSAElectronicStabilityControl"": ""Standard"",
                ""NHTSAForwardCollisionWarning"": ""No"",
                ""NHTSALaneDepartureWarning"": ""No"",
                ""OverallFrontCrashRating"": ""Not Rated"",
                ""OverallRating"": ""Not Rated"",
                ""OverallSideCrashRating"": ""Not Rated"",
                ""RecallsCount"": 7,
                ""RolloverPossibility"": 0.105,
                ""RolloverPossibility2"": 0,
                ""RolloverRating"": ""4"",
                ""RolloverRating2"": ""Not Rated"",
                ""SideCrashDriversideRating"": ""Not Rated"",
                ""SideCrashPassengersideRating"": ""Not Rated"",
                ""SidePoleCrashRating"": ""4"",
                ""SidePolePicture"": ""https://static.nhtsa.gov/crashTest/images/2012/v07072P051.jpg"",
                ""SidePoleVideo"": ""https://static.nhtsa.gov/crashTest/videos/2012/v07072C005.wmv"",
                ""VehicleDescription"": ""2012 Mercedes-Benz C-Class 4 DR RWD"",
                ""VehicleId"": 6363,
                ""combinedSideBarrierAndPoleRating-Front"": ""Not Rated"",
                ""combinedSideBarrierAndPoleRating-Rear"": ""Not Rated"",
                ""dynamicTipResult"": ""No Tip"",
                ""sideBarrierRating-Overall"": ""Not Rated""
              }
            ]
          },
          ""vehicle_description"": ""2012 Mercedes-Benz C-Class 4 DR RWD"",
          ""vehicle_id"": 6363
        }
      ]
    },
    {
      ""source"": {
        ""model_year"": 2012,
        ""nhtsa_model"": ""CLS-CLASS"",
        ""uk_model"": "" CLS Class""
      },
      ""vehicle_count"": 2,
      ""vehicles"": [
        {
          ""safety_ratings"": {
            ""Count"": 1,
            ""Message"": ""Results returned successfully"",
            ""Results"": [
              {
                ""ComplaintsCount"": 24,
                ""FrontCrashDriversideRating"": ""Not Rated"",
                ""FrontCrashPassengersideRating"": ""Not Rated"",
                ""InvestigationCount"": 1,
                ""Make"": ""MERCEDES-BENZ"",
                ""Model"": ""CLS-CLASS"",
                ""ModelYear"": 2012,
                ""NHTSAElectronicStabilityControl"": ""Standard"",
                ""NHTSAForwardCollisionWarning"": ""Optional"",
                ""NHTSALaneDepartureWarning"": ""Optional"",
                ""OverallFrontCrashRating"": ""Not Rated"",
                ""OverallRating"": ""Not Rated"",
                ""OverallSideCrashRating"": ""Not Rated"",
                ""RecallsCount"": 3,
                ""RolloverPossibility"": 0,
                ""RolloverPossibility2"": 0,
                ""RolloverRating"": ""Not Rated"",
                ""RolloverRating2"": ""Not Rated"",
                ""SideCrashDriversideRating"": ""Not Rated"",
                ""SideCrashPassengersideRating"": ""Not Rated"",
                ""SidePoleCrashRating"": ""Not Rated"",
                ""VehicleDescription"": ""2012 Mercedes-Benz CLS-Class 4 DR AWD"",
                ""VehicleId"": 6741,
                ""combinedSideBarrierAndPoleRating-Front"": ""Not Rated"",
                ""combinedSideBarrierAndPoleRating-Rear"": ""Not Rated"",
                ""dynamicTipResult"": "" "",
                ""sideBarrierRating-Overall"": ""Not Rated""
              }
            ]
          },
          ""vehicle_description"": ""2012 Mercedes-Benz CLS-Class 4 DR AWD"",
          ""vehicle_id"": 6741
        },
        {
          ""safety_ratings"": {
            ""Count"": 1,
            ""Message"": ""Results returned successfully"",
            ""Results"": [
              {
                ""ComplaintsCount"": 24,
                ""FrontCrashDriversideRating"": ""Not Rated"",
                ""FrontCrashPassengersideRating"": ""Not Rated"",
                ""InvestigationCount"": 1,
                ""Make"": ""MERCEDES-BENZ"",
                ""Model"": ""CLS-CLASS"",
                ""ModelYear"": 2012,
                ""NHTSAElectronicStabilityControl"": ""Standard"",
                ""NHTSAForwardCollisionWarning"": ""Optional"",
                ""NHTSALaneDepartureWarning"": ""Optional"",
                ""OverallFrontCrashRating"": ""Not Rated"",
                ""OverallRating"": ""Not Rated"",
                ""OverallSideCrashRating"": ""Not Rated"",
                ""RecallsCount"": 3,
                ""RolloverPossibility"": 0,
                ""RolloverPossibility2"": 0,
                ""RolloverRating"": ""Not Rated"",
                ""RolloverRating2"": ""Not Rated"",
                ""SideCrashDriversideRating"": ""Not Rated"",
                ""SideCrashPassengersideRating"": ""Not Rated"",
                ""SidePoleCrashRating"": ""Not Rated"",
                ""VehicleDescription"": ""2012 Mercedes-Benz CLS-Class 4 DR RWD"",
                ""VehicleId"": 6364,
                ""combinedSideBarrierAndPoleRating-Front"": ""Not Rated"",
                ""combinedSideBarrierAndPoleRating-Rear"": ""Not Rated"",
                ""dynamicTipResult"": "" "",
                ""sideBarrierRating-Overall"": ""Not Rated""
              }
            ]
          },
          ""vehicle_description"": ""2012 Mercedes-Benz CLS-Class 4 DR RWD"",
          ""vehicle_id"": 6364
        }
      ]
    },
    {
      ""source"": {
        ""model_year"": 2012,
        ""nhtsa_model"": ""E-CLASS"",
        ""uk_model"": "" E Class""
      },
      ""vehicle_count"": 4,
      ""vehicles"": [
        {
          ""safety_ratings"": {
            ""Count"": 1,
            ""Message"": ""Results returned successfully"",
            ""Results"": [
              {
                ""ComplaintsCount"": 233,
                ""FrontCrashDriversideRating"": ""Not Rated"",
                ""FrontCrashPassengersideRating"": ""Not Rated"",
                ""InvestigationCount"": 2,
                ""Make"": ""MERCEDES-BENZ"",
                ""Model"": ""E-CLASS"",
                ""ModelYear"": 2012,
                ""NHTSAElectronicStabilityControl"": ""Standard"",
                ""NHTSAForwardCollisionWarning"": ""Optional"",
                ""NHTSALaneDepartureWarning"": ""Optional"",
                ""OverallFrontCrashRating"": ""Not Rated"",
                ""OverallRating"": ""Not Rated"",
                ""OverallSideCrashRating"": ""Not Rated"",
                ""RecallsCount"": 7,
                ""RolloverPossibility"": 0.099,
                ""RolloverPossibility2"": 0,
                ""RolloverRating"": ""5"",
                ""RolloverRating2"": ""Not Rated"",
                ""SideCrashDriversideRating"": ""Not Rated"",
                ""SideCrashPassengersideRating"": ""Not Rated"",
                ""SidePoleCrashRating"": ""Not Rated"",
                ""VehicleDescription"": ""2012 Mercedes-Benz E-Class 4 DR AWD"",
                ""VehicleId"": 6743,
                ""combinedSideBarrierAndPoleRating-Front"": ""Not Rated"",
                ""combinedSideBarrierAndPoleRating-Rear"": ""Not Rated"",
                ""dynamicTipResult"": ""No Tip"",
                ""sideBarrierRating-Overall"": ""Not Rated""
              }
            ]
          },
          ""vehicle_description"": ""2012 Mercedes-Benz E-Class 4 DR AWD"",
          ""vehicle_id"": 6743
        },
        {
          ""safety_ratings"": {
            ""Count"": 1,
            ""Message"": ""Results returned successfully"",
            ""Results"": [
              {
                ""ComplaintsCount"": 233,
                ""FrontCrashDriversideRating"": ""Not Rated"",
                ""FrontCrashPassengersideRating"": ""Not Rated"",
                ""InvestigationCount"": 2,
                ""Make"": ""MERCEDES-BENZ"",
                ""Model"": ""E-CLASS"",
                ""ModelYear"": 2012,
                ""NHTSAElectronicStabilityControl"": ""Standard"",
                ""NHTSAForwardCollisionWarning"": ""Optional"",
                ""NHTSALaneDepartureWarning"": ""Optional"",
                ""OverallFrontCrashRating"": ""Not Rated"",
                ""OverallRating"": ""Not Rated"",
                ""OverallSideCrashRating"": ""Not Rated"",
                ""RecallsCount"": 7,
                ""RolloverPossibility"": 0,
                ""RolloverPossibility2"": 0,
                ""RolloverRating"": ""Not Rated"",
                ""RolloverRating2"": ""Not Rated"",
                ""SideCrashDriversideRating"": ""Not Rated"",
                ""SideCrashPassengersideRating"": ""Not Rated"",
                ""SidePoleCrashRating"": ""Not Rated"",
                ""VehicleDescription"": ""2012 Mercedes-Benz E-Class 2 DR AWD"",
                ""VehicleId"": 6742,
                ""combinedSideBarrierAndPoleRating-Front"": ""Not Rated"",
                ""combinedSideBarrierAndPoleRating-Rear"": ""Not Rated"",
                ""dynamicTipResult"": "" "",
                ""sideBarrierRating-Overall"": ""Not Rated""
              }
            ]
          },
          ""vehicle_description"": ""2012 Mercedes-Benz E-Class 2 DR AWD"",
          ""vehicle_id"": 6742
        },
        {
          ""safety_ratings"": {
            ""Count"": 1,
            ""Message"": ""Results returned successfully"",
            ""Results"": [
              {
                ""ComplaintsCount"": 233,
                ""FrontCrashDriversideRating"": ""Not Rated"",
                ""FrontCrashPassengersideRating"": ""Not Rated"",
                ""InvestigationCount"": 2,
                ""Make"": ""MERCEDES-BENZ"",
                ""Model"": ""E-CLASS"",
                ""ModelYear"": 2012,
                ""NHTSAElectronicStabilityControl"": ""Standard"",
                ""NHTSAForwardCollisionWarning"": ""Optional"",
                ""NHTSALaneDepartureWarning"": ""Optional"",
                ""OverallFrontCrashRating"": ""Not Rated"",
                ""OverallRating"": ""Not Rated"",
                ""OverallSideCrashRating"": ""Not Rated"",
                ""RecallsCount"": 7,
                ""RolloverPossibility"": 0.099,
                ""RolloverPossibility2"": 0,
                ""RolloverRating"": ""5"",
                ""RolloverRating2"": ""Not Rated"",
                ""SideCrashDriversideRating"": ""Not Rated"",
                ""SideCrashPassengersideRating"": ""Not Rated"",
                ""SidePoleCrashRating"": ""Not Rated"",
                ""VehicleDescription"": ""2012 Mercedes-Benz E-Class 4 DR RWD"",
                ""VehicleId"": 6370,
                ""combinedSideBarrierAndPoleRating-Front"": ""Not Rated"",
                ""combinedSideBarrierAndPoleRating-Rear"": ""Not Rated"",
                ""dynamicTipResult"": ""No Tip"",
                ""sideBarrierRating-Overall"": ""Not Rated""
              }
            ]
          },
          ""vehicle_description"": ""2012 Mercedes-Benz E-Class 4 DR RWD"",
          ""vehicle_id"": 6370
        },
        {
          ""safety_ratings"": {
            ""Count"": 1,
            ""Message"": ""Results returned successfully"",
            ""Results"": [
              {
                ""ComplaintsCount"": 233,
                ""FrontCrashDriversideRating"": ""Not Rated"",
                ""FrontCrashPassengersideRating"": ""Not Rated"",
                ""InvestigationCount"": 2,
                ""Make"": ""MERCEDES-BENZ"",
                ""Model"": ""E-CLASS"",
                ""ModelYear"": 2012,
                ""NHTSAElectronicStabilityControl"": ""Standard"",
                ""NHTSAForwardCollisionWarning"": ""Optional"",
                ""NHTSALaneDepartureWarning"": ""Optional"",
                ""OverallFrontCrashRating"": ""Not Rated"",
                ""OverallRating"": ""Not Rated"",
                ""OverallSideCrashRating"": ""Not Rated"",
                ""RecallsCount"": 7,
                ""RolloverPossibility"": 0,
                ""RolloverPossibility2"": 0,
                ""RolloverRating"": ""Not Rated"",
                ""RolloverRating2"": ""Not Rated"",
                ""SideCrashDriversideRating"": ""Not Rated"",
                ""SideCrashPassengersideRating"": ""Not Rated"",
                ""SidePoleCrashRating"": ""Not Rated"",
                ""VehicleDescription"": ""2012 Mercedes-Benz E-Class 2 DR RWD"",
                ""VehicleId"": 6368,
                ""combinedSideBarrierAndPoleRating-Front"": ""Not Rated"",
                ""combinedSideBarrierAndPoleRating-Rear"": ""Not Rated"",
                ""dynamicTipResult"": "" "",
                ""sideBarrierRating-Overall"": ""Not Rated""
              }
            ]
          },
          ""vehicle_description"": ""2012 Mercedes-Benz E-Class 2 DR RWD"",
          ""vehicle_id"": 6368
        }
      ]
    },
    {
      ""source"": {
        ""model_year"": 2012,
        ""nhtsa_model"": ""G-CLASS"",
        ""uk_model"": "" G Class""
      },
      ""vehicle_count"": 1,
      ""vehicles"": [
        {
          ""safety_ratings"": {
            ""Count"": 1,
            ""Message"": ""Results returned successfully"",
            ""Results"": [
              {
                ""ComplaintsCount"": 0,
                ""FrontCrashDriversideRating"": ""Not Rated"",
                ""FrontCrashPassengersideRating"": ""Not Rated"",
                ""InvestigationCount"": 0,
                ""Make"": ""MERCEDES-BENZ"",
                ""Model"": ""G-CLASS"",
                ""ModelYear"": 2012,
                ""NHTSAElectronicStabilityControl"": ""Standard"",
                ""NHTSAForwardCollisionWarning"": ""No"",
                ""NHTSALaneDepartureWarning"": ""No"",
                ""OverallFrontCrashRating"": ""Not Rated"",
                ""OverallRating"": ""Not Rated"",
                ""OverallSideCrashRating"": ""Not Rated"",
                ""RecallsCount"": 0,
                ""RolloverPossibility"": 0,
                ""RolloverPossibility2"": 0,
                ""RolloverRating"": ""Not Rated"",
                ""RolloverRating2"": ""Not Rated"",
                ""SideCrashDriversideRating"": ""Not Rated"",
                ""SideCrashPassengersideRating"": ""Not Rated"",
                ""SidePoleCrashRating"": ""Not Rated"",
                ""VehicleDescription"": ""2012 Mercedes-Benz G-Class SUV AWD"",
                ""VehicleId"": 6377,
                ""combinedSideBarrierAndPoleRating-Front"": ""Not Rated"",
                ""combinedSideBarrierAndPoleRating-Rear"": ""Not Rated"",
                ""dynamicTipResult"": "" "",
                ""sideBarrierRating-Overall"": ""Not Rated""
              }
            ]
          },
          ""vehicle_description"": ""2012 Mercedes-Benz G-Class SUV AWD"",
          ""vehicle_id"": 6377
        }
      ]
    },
    {
      ""source"": {
        ""model_year"": 2012,
        ""nhtsa_model"": ""M-CLASS"",
        ""uk_model"": "" M Class""
      },
      ""vehicle_count"": 0,
      ""vehicles"": []
    },
    {
      ""source"": {
        ""model_year"": 2012,
        ""nhtsa_model"": ""S-CLASS"",
        ""uk_model"": "" S Class""
      },
      ""vehicle_count"": 2,
      ""vehicles"": [
        {
          ""safety_ratings"": {
            ""Count"": 1,
            ""Message"": ""Results returned successfully"",
            ""Results"": [
              {
                ""ComplaintsCount"": 14,
                ""FrontCrashDriversideRating"": ""Not Rated"",
                ""FrontCrashPassengersideRating"": ""Not Rated"",
                ""InvestigationCount"": 0,
                ""Make"": ""MERCEDES-BENZ"",
                ""Model"": ""S-CLASS"",
                ""ModelYear"": 2012,
                ""NHTSAElectronicStabilityControl"": ""Standard"",
                ""NHTSAForwardCollisionWarning"": ""Optional"",
                ""NHTSALaneDepartureWarning"": ""Optional"",
                ""OverallFrontCrashRating"": ""Not Rated"",
                ""OverallRating"": ""Not Rated"",
                ""OverallSideCrashRating"": ""Not Rated"",
                ""RecallsCount"": 3,
                ""RolloverPossibility"": 0,
                ""RolloverPossibility2"": 0,
                ""RolloverRating"": ""Not Rated"",
                ""RolloverRating2"": ""Not Rated"",
                ""SideCrashDriversideRating"": ""Not Rated"",
                ""SideCrashPassengersideRating"": ""Not Rated"",
                ""SidePoleCrashRating"": ""Not Rated"",
                ""VehicleDescription"": ""2012 Mercedes-Benz S-Class 4 DR AWD"",
                ""VehicleId"": 6748,
                ""combinedSideBarrierAndPoleRating-Front"": ""Not Rated"",
                ""combinedSideBarrierAndPoleRating-Rear"": ""Not Rated"",
                ""dynamicTipResult"": "" "",
                ""sideBarrierRating-Overall"": ""Not Rated""
              }
            ]
          },
          ""vehicle_description"": ""2012 Mercedes-Benz S-Class 4 DR AWD"",
          ""vehicle_id"": 6748
        },
        {
          ""safety_ratings"": {
            ""Count"": 1,
            ""Message"": ""Results returned successfully"",
            ""Results"": [
              {
                ""ComplaintsCount"": 14,
                ""FrontCrashDriversideRating"": ""Not Rated"",
                ""FrontCrashPassengersideRating"": ""Not Rated"",
                ""InvestigationCount"": 0,
                ""Make"": ""MERCEDES-BENZ"",
                ""Model"": ""S-CLASS"",
                ""ModelYear"": 2012,
                ""NHTSAElectronicStabilityControl"": ""Standard"",
                ""NHTSAForwardCollisionWarning"": ""Optional"",
                ""NHTSALaneDepartureWarning"": ""Optional"",
                ""OverallFrontCrashRating"": ""Not Rated"",
                ""OverallRating"": ""Not Rated"",
                ""OverallSideCrashRating"": ""Not Rated"",
                ""RecallsCount"": 3,
                ""RolloverPossibility"": 0,
                ""RolloverPossibility2"": 0,
                ""RolloverRating"": ""Not Rated"",
                ""RolloverRating2"": ""Not Rated"",
                ""SideCrashDriversideRating"": ""Not Rated"",
                ""SideCrashPassengersideRating"": ""Not Rated"",
                ""SidePoleCrashRating"": ""Not Rated"",
                ""VehicleDescription"": ""2012 Mercedes-Benz S-Class 4 DR RWD"",
                ""VehicleId"": 6365,
                ""combinedSideBarrierAndPoleRating-Front"": ""Not Rated"",
                ""combinedSideBarrierAndPoleRating-Rear"": ""Not Rated"",
                ""dynamicTipResult"": "" "",
                ""sideBarrierRating-Overall"": ""Not Rated""
              }
            ]
          },
          ""vehicle_description"": ""2012 Mercedes-Benz S-Class 4 DR RWD"",
          ""vehicle_id"": 6365
        }
      ]
    },
    {
      ""source"": {
        ""model_year"": 2012,
        ""nhtsa_model"": ""SLK"",
        ""uk_model"": "" SLK""
      },
      ""vehicle_count"": 0,
      ""vehicles"": []
    }
  ],
  ""source"": ""NHTSA""
}"
nhtsa_safety_1998.json,2026-08-28 16:05:12.636,"{
  ""make"": ""Mercedes-Benz"",
  ""model_year"": 1998,
  ""record_count"": 3,
  ""results"": [
    {
      ""source"": {
        ""model_year"": 1998,
        ""nhtsa_model"": ""S-CLASS"",
        ""uk_model"": "" S Class""
      },
      ""vehicle_count"": 0,
      ""vehicles"": []
    },
    {
      ""source"": {
        ""model_year"": 1998,
        ""nhtsa_model"": ""SL-CLASS"",
        ""uk_model"": "" SL CLASS""
      },
      ""vehicle_count"": 0,
      ""vehicles"": []
    },
    {
      ""source"": {
        ""model_year"": 1998,
        ""nhtsa_model"": ""SLK"",
        ""uk_model"": "" SLK""
      },
      ""vehicle_count"": 0,
      ""vehicles"": []
    }
  ],
  ""source"": ""NHTSA""
}"
nhtsa_safety_2007.json,2026-08-28 16:05:12.636,"{
  ""make"": ""Mercedes-Benz"",
  ""model_year"": 2007,
  ""record_count"": 11,
  ""results"": [
    {
      ""source"": {
        ""model_year"": 2007,
        ""nhtsa_model"": ""230"",
        ""uk_model"": ""230""
      },
      ""vehicle_count"": 0,
      ""vehicles"": []
    },
    {
      ""source"": {
        ""model_year"": 2007,
        ""nhtsa_model"": ""A-CLASS"",
        ""uk_model"": "" A Class""
      },
      ""vehicle_count"": 0,
      ""vehicles"": []
    },
    {
      ""source"": {
        ""model_year"": 2007,
        ""nhtsa_model"": ""B-CLASS"",
        ""uk_model"": "" B Class""
      },
      ""vehicle_count"": 0,
      ""vehicles"": []
    },
    {
      ""source"": {
        ""model_year"": 2007,
        ""nhtsa_model"": ""C-CLASS"",
        ""uk_model"": "" C Class""
      },
      ""vehicle_count"": 1,
      ""vehicles"": [
        {
          ""safety_ratings"": {
            ""Count"": 1,
            ""Message"": ""Results returned successfully"",
            ""Results"": [
              {
                ""ComplaintsCount"": 280,
                ""FrontCrashDriversideRating"": ""4"",
                ""FrontCrashPassengersideRating"": ""4"",
                ""InvestigationCount"": 1,
                ""Make"": ""MERCEDES-BENZ"",
                ""Model"": ""C-CLASS"",
                ""ModelYear"": 2007,
                ""NHTSAElectronicStabilityControl"": ""Standard"",
                ""NHTSAForwardCollisionWarning"": ""No"",
                ""NHTSALaneDepartureWarning"": ""No"",
                ""OverallFrontCrashRating"": ""Not Rated"",
                ""OverallRating"": ""Not Rated"",
                ""OverallSideCrashRating"": ""Not Rated"",
                ""RecallsCount"": 6,
                ""RolloverPossibility"": 0,
                ""RolloverPossibility2"": 0.124,
                ""RolloverRating"": ""Not Rated"",
                ""RolloverRating2"": ""4"",
                ""SideCrashDriversideRating"": ""5"",
                ""SideCrashPassengersideRating"": ""5"",
                ""SidePoleCrashRating"": ""Not Rated"",
                ""VehicleDescription"": ""2007 Mercedes-Benz C-Class 4-DR. w/SAB"",
                ""VehicleId"": 2162,
                ""combinedSideBarrierAndPoleRating-Front"": ""Not Rated"",
                ""combinedSideBarrierAndPoleRating-Rear"": ""Not Rated"",
                ""dynamicTipResult"": "" "",
                ""sideBarrierRating-Overall"": ""Not Rated""
              }
            ]
          },
          ""vehicle_description"": ""2007 Mercedes-Benz C-Class 4-DR. w/SAB"",
          ""vehicle_id"": 2162
        }
      ]
    },
    {
      ""source"": {
        ""model_year"": 2007,
        ""nhtsa_model"": ""CLS-CLASS"",
        ""uk_model"": "" CLS Class""
      },
      ""vehicle_count"": 1,
      ""vehicles"": [
        {
          ""safety_ratings"": {
            ""Count"": 1,
            ""Message"": ""Results returned successfully"",
            ""Results"": [
              {
                ""ComplaintsCount"": 40,
                ""FrontCrashDriversideRating"": ""Not Rated"",
                ""FrontCrashPassengersideRating"": ""Not Rated"",
                ""InvestigationCount"": 0,
                ""Make"": ""MERCEDES-BENZ"",
                ""Model"": ""CLS-CLASS"",
                ""ModelYear"": 2007,
                ""NHTSAElectronicStabilityControl"": ""Standard"",
                ""NHTSAForwardCollisionWarning"": ""No"",
                ""NHTSALaneDepartureWarning"": ""No"",
                ""OverallFrontCrashRating"": ""Not Rated"",
                ""OverallRating"": ""Not Rated"",
                ""OverallSideCrashRating"": ""Not Rated"",
                ""RecallsCount"": 4,
                ""RolloverPossibility"": 0,
                ""RolloverPossibility2"": 0,
                ""RolloverRating"": ""Not Rated"",
                ""RolloverRating2"": ""Not Rated"",
                ""SideCrashDriversideRating"": ""Not Rated"",
                ""SideCrashPassengersideRating"": ""Not Rated"",
                ""SidePoleCrashRating"": ""Not Rated"",
                ""VehicleDescription"": ""2007 Mercedes-Benz CLS 4-DR. w/SAB"",
                ""VehicleId"": 2238,
                ""combinedSideBarrierAndPoleRating-Front"": ""Not Rated"",
                ""combinedSideBarrierAndPoleRating-Rear"": ""Not Rated"",
                ""dynamicTipResult"": "" "",
                ""sideBarrierRating-Overall"": ""Not Rated""
              }
            ]
          },
          ""vehicle_description"": ""2007 Mercedes-Benz CLS 4-DR. w/SAB"",
          ""vehicle_id"": 2238
        }
      ]
    },
    {
      ""source"": {
        ""model_year"": 2007,
        ""nhtsa_model"": ""E-CLASS"",
        ""uk_model"": "" E Class""
      },
      ""vehicle_count"": 2,
      ""vehicles"": [
        {
          ""safety_ratings"": {
            ""Count"": 1,
            ""Message"": ""Results returned successfully"",
            ""Results"": [
              {
                ""ComplaintsCount"": 435,
                ""FrontCrashDriversideRating"": ""4"",
                ""FrontCrashPassengersideRating"": ""4"",
                ""InvestigationCount"": 1,
                ""Make"": ""MERCEDES-BENZ"",
                ""Model"": ""E-CLASS"",
                ""ModelYear"": 2007,
                ""NHTSAElectronicStabilityControl"": ""Standard"",
                ""NHTSAForwardCollisionWarning"": ""No"",
                ""NHTSALaneDepartureWarning"": ""No"",
                ""OverallFrontCrashRating"": ""Not Rated"",
                ""OverallRating"": ""Not Rated"",
                ""OverallSideCrashRating"": ""Not Rated"",
                ""RecallsCount"": 7,
                ""RolloverPossibility"": 0,
                ""RolloverPossibility2"": 0.101,
                ""RolloverRating"": ""Not Rated"",
                ""RolloverRating2"": ""5"",
                ""SideCrashDriversideRating"": ""Not Rated"",
                ""SideCrashPassengersideRating"": ""Not Rated"",
                ""SidePoleCrashRating"": ""Not Rated"",
                ""VehicleDescription"": ""2007 Mercedes-Benz E-Class Wagon 4-DR. w/SAB"",
                ""VehicleId"": 2354,
                ""combinedSideBarrierAndPoleRating-Front"": ""Not Rated"",
                ""combinedSideBarrierAndPoleRating-Rear"": ""Not Rated"",
                ""dynamicTipResult"": "" "",
                ""sideBarrierRating-Overall"": ""Not Rated""
              }
            ]
          },
          ""vehicle_description"": ""2007 Mercedes-Benz E-Class Wagon 4-DR. w/SAB"",
          ""vehicle_id"": 2354
        },
        {
          ""safety_ratings"": {
            ""Count"": 1,
            ""Message"": ""Results returned successfully"",
            ""Results"": [
              {
                ""ComplaintsCount"": 435,
                ""FrontCrashDriversideRating"": ""4"",
                ""FrontCrashPassengersideRating"": ""4"",
                ""FrontCrashPicture"": ""https://static.nhtsa.gov/crashTest/images/2007/03E-classpost.jpg"",
                ""FrontCrashVideo"": ""https://static.nhtsa.gov/crashTest/videos/2007/03E-class.wmv"",
                ""InvestigationCount"": 1,
                ""Make"": ""MERCEDES-BENZ"",
                ""Model"": ""E-CLASS"",
                ""ModelYear"": 2007,
                ""NHTSAElectronicStabilityControl"": ""Standard"",
                ""NHTSAForwardCollisionWarning"": ""No"",
                ""NHTSALaneDepartureWarning"": ""No"",
                ""OverallFrontCrashRating"": ""Not Rated"",
                ""OverallRating"": ""Not Rated"",
                ""OverallSideCrashRating"": ""Not Rated"",
                ""RecallsCount"": 7,
                ""RolloverPossibility"": 0,
                ""RolloverPossibility2"": 0.101,
                ""RolloverRating"": ""Not Rated"",
                ""RolloverRating2"": ""5"",
                ""SideCrashDriversideRating"": ""5"",
                ""SideCrashPassengersideRating"": ""5"",
                ""SideCrashPicture"": ""https://static.nhtsa.gov/crashTest/images/2007/03E-class_s.jpg"",
                ""SideCrashVideo"": ""https://static.nhtsa.gov/crashTest/videos/2007/03E-class_s.wmv"",
                ""SidePoleCrashRating"": ""Not Rated"",
                ""VehicleDescription"": ""2007 Mercedes-Benz E-Class 4-DR. w/SAB"",
                ""VehicleId"": 2163,
                ""combinedSideBarrierAndPoleRating-Front"": ""Not Rated"",
                ""combinedSideBarrierAndPoleRating-Rear"": ""Not Rated"",
                ""dynamicTipResult"": "" "",
                ""sideBarrierRating-Overall"": ""Not Rated""
              }
            ]
          },
          ""vehicle_description"": ""2007 Mercedes-Benz E-Class 4-DR. w/SAB"",
          ""vehicle_id"": 2163
        }
      ]
    },
    {
      ""source"": {
        ""model_year"": 2007,
        ""nhtsa_model"": ""GL-CLASS"",
        ""uk_model"": "" GL Class""
      },
      ""vehicle_count"": 1,
      ""vehicles"": [
        {
          ""safety_ratings"": {
            ""Count"": 1,
            ""Message"": ""Results returned successfully"",
            ""Results"": [
              {
                ""ComplaintsCount"": 123,
                ""FrontCrashDriversideRating"": ""Not Rated"",
                ""FrontCrashPassengersideRating"": ""Not Rated"",
                ""InvestigationCount"": 0,
                ""Make"": ""MERCEDES-BENZ"",
                ""Model"": ""GL-CLASS"",
                ""ModelYear"": 2007,
                ""NHTSAElectronicStabilityControl"": ""Standard"",
                ""NHTSAForwardCollisionWarning"": ""No"",
                ""NHTSALaneDepartureWarning"": ""No"",
                ""OverallFrontCrashRating"": ""Not Rated"",
                ""OverallRating"": ""Not Rated"",
                ""OverallSideCrashRating"": ""Not Rated"",
                ""RecallsCount"": 4,
                ""RolloverPossibility"": 0,
                ""RolloverPossibility2"": 0,
                ""RolloverRating"": ""Not Rated"",
                ""RolloverRating2"": ""Not Rated"",
                ""SideCrashDriversideRating"": ""Not Rated"",
                ""SideCrashPassengersideRating"": ""Not Rated"",
                ""SidePoleCrashRating"": ""Not Rated"",
                ""VehicleDescription"": ""2007 Mercedes-Benz GL-Class 4-DR w/SAB"",
                ""VehicleId"": 2245,
                ""combinedSideBarrierAndPoleRating-Front"": ""Not Rated"",
                ""combinedSideBarrierAndPoleRating-Rear"": ""Not Rated"",
                ""dynamicTipResult"": "" "",
                ""sideBarrierRating-Overall"": ""Not Rated""
              }
            ]
          },
          ""vehicle_description"": ""2007 Mercedes-Benz GL-Class 4-DR w/SAB"",
          ""vehicle_id"": 2245
        }
      ]
    },
    {
      ""source"": {
        ""model_year"": 2007,
        ""nhtsa_model"": ""M-CLASS"",
        ""uk_model"": "" M Class""
      },
      ""vehicle_count"": 0,
      ""vehicles"": []
    },
    {
      ""source"": {
        ""model_year"": 2007,
        ""nhtsa_model"": ""R-CLASS"",
        ""uk_model"": "" R Class""
      },
      ""vehicle_count"": 1,
      ""vehicles"": [
        {
          ""safety_ratings"": {
            ""Count"": 1,
            ""Message"": ""Results returned successfully"",
            ""Results"": [
              {
                ""ComplaintsCount"": 67,
                ""FrontCrashDriversideRating"": ""Not Rated"",
                ""FrontCrashPassengersideRating"": ""Not Rated"",
                ""InvestigationCount"": 0,
                ""Make"": ""MERCEDES-BENZ"",
                ""Model"": ""R-CLASS"",
                ""ModelYear"": 2007,
                ""NHTSAElectronicStabilityControl"": ""Standard"",
                ""NHTSAForwardCollisionWarning"": ""No"",
                ""NHTSALaneDepartureWarning"": ""No"",
                ""OverallFrontCrashRating"": ""Not Rated"",
                ""OverallRating"": ""Not Rated"",
                ""OverallSideCrashRating"": ""Not Rated"",
                ""RecallsCount"": 5,
                ""RolloverPossibility"": 0,
                ""RolloverPossibility2"": 0,
                ""RolloverRating"": ""Not Rated"",
                ""RolloverRating2"": ""Not Rated"",
                ""SideCrashDriversideRating"": ""Not Rated"",
                ""SideCrashPassengersideRating"": ""Not Rated"",
                ""SidePoleCrashRating"": ""Not Rated"",
                ""VehicleDescription"": ""2007 Mercedes-Benz R-Class 4-DR. w/SAB"",
                ""VehicleId"": 2242,
                ""combinedSideBarrierAndPoleRating-Front"": ""Not Rated"",
                ""combinedSideBarrierAndPoleRating-Rear"": ""Not Rated"",
                ""dynamicTipResult"": "" "",
                ""sideBarrierRating-Overall"": ""Not Rated""
              }
            ]
          },
          ""vehicle_description"": ""2007 Mercedes-Benz R-Class 4-DR. w/SAB"",
          ""vehicle_id"": 2242
        }
      ]
    },
    {
      ""source"": {
        ""model_year"": 2007,
        ""nhtsa_model"": ""SL-CLASS"",
        ""uk_model"": "" SL CLASS""
      },
      ""vehicle_count"": 1,
      ""vehicles"": [
        {
          ""safety_ratings"": {
            ""Count"": 1,
            ""Message"": ""Results returned successfully"",
            ""Results"": [
              {
                ""ComplaintsCount"": 21,
                ""FrontCrashDriversideRating"": ""Not Rated"",
                ""FrontCrashPassengersideRating"": ""Not Rated"",
                ""InvestigationCount"": 0,
                ""Make"": ""MERCEDES-BENZ"",
                ""Model"": ""SL-CLASS"",
                ""ModelYear"": 2007,
                ""NHTSAElectronicStabilityControl"": ""Standard"",
                ""NHTSAForwardCollisionWarning"": ""No"",
                ""NHTSALaneDepartureWarning"": ""No"",
                ""OverallFrontCrashRating"": ""Not Rated"",
                ""OverallRating"": ""Not Rated"",
                ""OverallSideCrashRating"": ""Not Rated"",
                ""RecallsCount"": 2,
                ""RolloverPossibility"": 0,
                ""RolloverPossibility2"": 0,
                ""RolloverRating"": ""Not Rated"",
                ""RolloverRating2"": ""Not Rated"",
                ""SideCrashDriversideRating"": ""Not Rated"",
                ""SideCrashPassengersideRating"": ""Not Rated"",
                ""SidePoleCrashRating"": ""Not Rated"",
                ""VehicleDescription"": ""2007 Mercedes-Benz SL-Class Convertible w/SAB"",
                ""VehicleId"": 2240,
                ""combinedSideBarrierAndPoleRating-Front"": ""Not Rated"",
                ""combinedSideBarrierAndPoleRating-Rear"": ""Not Rated"",
                ""dynamicTipResult"": "" "",
                ""sideBarrierRating-Overall"": ""Not Rated""
              }
            ]
          },
          ""vehicle_description"": ""2007 Mercedes-Benz SL-Class Convertible w/SAB"",
          ""vehicle_id"": 2240
        }
      ]
    },
    {
      ""source"": {
        ""model_year"": 2007,
        ""nhtsa_model"": ""SLK"",
        ""uk_model"": "" SLK""
      },
      ""vehicle_count"": 0,
      ""vehicles"": []
    }
  ],
  ""source"": ""NHTSA""
}"
nhtsa_safety_1999.json,2026-08-28 16:05:12.636,"{
  ""make"": ""Mercedes-Benz"",
  ""model_year"": 1999,
  ""record_count"": 1,
  ""results"": [
    {
      ""source"": {
        ""model_year"": 1999,
        ""nhtsa_model"": ""S-CLASS"",
        ""uk_model"": "" S Class""
      },
      ""vehicle_count"": 0,
      ""vehicles"": []
    }
  ],
  ""source"": ""NHTSA""
}"
nhtsa_safety_2010.json,2026-08-28 16:05:12.636,"{
  ""make"": ""Mercedes-Benz"",
  ""model_year"": 2010,
  ""record_count"": 10,
  ""results"": [
    {
      ""source"": {
        ""model_year"": 2010,
        ""nhtsa_model"": ""A-CLASS"",
        ""uk_model"": "" A Class""
      },
      ""vehicle_count"": 0,
      ""vehicles"": []
    },
    {
      ""source"": {
        ""model_year"": 2010,
        ""nhtsa_model"": ""B-CLASS"",
        ""uk_model"": "" B Class""
      },
      ""vehicle_count"": 0,
      ""vehicles"": []
    },
    {
      ""source"": {
        ""model_year"": 2010,
        ""nhtsa_model"": ""C-CLASS"",
        ""uk_model"": "" C Class""
      },
      ""vehicle_count"": 1,
      ""vehicles"": [
        {
          ""safety_ratings"": {
            ""Count"": 1,
            ""Message"": ""Results returned successfully"",
            ""Results"": [
              {
                ""ComplaintsCount"": 476,
                ""FrontCrashDriversideRating"": ""Not Rated"",
                ""FrontCrashPassengersideRating"": ""Not Rated"",
                ""InvestigationCount"": 2,
                ""Make"": ""MERCEDES-BENZ"",
                ""Model"": ""C-CLASS"",
                ""ModelYear"": 2010,
                ""NHTSAElectronicStabilityControl"": ""Standard"",
                ""NHTSAForwardCollisionWarning"": ""No"",
                ""NHTSALaneDepartureWarning"": ""No"",
                ""OverallFrontCrashRating"": ""Not Rated"",
                ""OverallRating"": ""Not Rated"",
                ""OverallSideCrashRating"": ""Not Rated"",
                ""RecallsCount"": 7,
                ""RolloverPossibility"": 0.105,
                ""RolloverPossibility2"": 0.105,
                ""RolloverRating"": ""4"",
                ""RolloverRating2"": ""4"",
                ""SideCrashDriversideRating"": ""Not Rated"",
                ""SideCrashPassengersideRating"": ""Not Rated"",
                ""SidePoleCrashRating"": ""Not Rated"",
                ""VehicleDescription"": ""2010 Mercedes-Benz C-Class 4-DR. w/SAB"",
                ""VehicleId"": 5840,
                ""combinedSideBarrierAndPoleRating-Front"": ""Not Rated"",
                ""combinedSideBarrierAndPoleRating-Rear"": ""Not Rated"",
                ""dynamicTipResult"": ""No Tip"",
                ""sideBarrierRating-Overall"": ""Not Rated""
              }
            ]
          },
          ""vehicle_description"": ""2010 Mercedes-Benz C-Class 4-DR. w/SAB"",
          ""vehicle_id"": 5840
        }
      ]
    },
    {
      ""source"": {
        ""model_year"": 2010,
        ""nhtsa_model"": ""CLC-CLASS"",
        ""uk_model"": "" CLC Class""
      },
      ""vehicle_count"": 0,
      ""vehicles"": []
    },
    {
      ""source"": {
        ""model_year"": 2010,
        ""nhtsa_model"": ""E-CLASS"",
        ""uk_model"": "" E Class""
      },
      ""vehicle_count"": 2,
      ""vehicles"": [
        {
          ""safety_ratings"": {
            ""Count"": 1,
            ""Message"": ""Results returned successfully"",
            ""Results"": [
              {
                ""ComplaintsCount"": 256,
                ""FrontCrashDriversideRating"": ""Not Rated"",
                ""FrontCrashPassengersideRating"": ""Not Rated"",
                ""InvestigationCount"": 2,
                ""Make"": ""MERCEDES-BENZ"",
                ""Model"": ""E-CLASS"",
                ""ModelYear"": 2010,
                ""NHTSAElectronicStabilityControl"": ""Standard"",
                ""NHTSAForwardCollisionWarning"": ""Optional"",
                ""NHTSALaneDepartureWarning"": ""Optional"",
                ""OverallFrontCrashRating"": ""Not Rated"",
                ""OverallRating"": ""Not Rated"",
                ""OverallSideCrashRating"": ""Not Rated"",
                ""RecallsCount"": 6,
                ""RolloverPossibility"": 0,
                ""RolloverPossibility2"": 0,
                ""RolloverRating"": ""Not Rated"",
                ""RolloverRating2"": ""Not Rated"",
                ""SideCrashDriversideRating"": ""Not Rated"",
                ""SideCrashPassengersideRating"": ""Not Rated"",
                ""SidePoleCrashRating"": ""Not Rated"",
                ""VehicleDescription"": ""2010 Mercedes-Benz E-Class 2-DR. w/SAB"",
                ""VehicleId"": 5850,
                ""combinedSideBarrierAndPoleRating-Front"": ""Not Rated"",
                ""combinedSideBarrierAndPoleRating-Rear"": ""Not Rated"",
                ""dynamicTipResult"": "" "",
                ""sideBarrierRating-Overall"": ""Not Rated""
              }
            ]
          },
          ""vehicle_description"": ""2010 Mercedes-Benz E-Class 2-DR. w/SAB"",
          ""vehicle_id"": 5850
        },
        {
          ""safety_ratings"": {
            ""Count"": 1,
            ""Message"": ""Results returned successfully"",
            ""Results"": [
              {
                ""ComplaintsCount"": 256,
                ""FrontCrashDriversideRating"": ""4"",
                ""FrontCrashPassengersideRating"": ""4"",
                ""FrontCrashPicture"": ""https://static.nhtsa.gov/crashTest/images/2010/10E350-f.jpg"",
                ""FrontCrashVideo"": ""https://static.nhtsa.gov/crashTest/videos/2010/10E350-f.wmv"",
                ""InvestigationCount"": 2,
                ""Make"": ""MERCEDES-BENZ"",
                ""Model"": ""E-CLASS"",
                ""ModelYear"": 2010,
                ""NHTSAElectronicStabilityControl"": ""Standard"",
                ""NHTSAForwardCollisionWarning"": ""Optional"",
                ""NHTSALaneDepartureWarning"": ""Optional"",
                ""OverallFrontCrashRating"": ""Not Rated"",
                ""OverallRating"": ""Not Rated"",
                ""OverallSideCrashRating"": ""Not Rated"",
                ""RecallsCount"": 6,
                ""RolloverPossibility"": 0.099,
                ""RolloverPossibility2"": 0.099,
                ""RolloverRating"": ""5"",
                ""RolloverRating2"": ""5"",
                ""SideCrashDriversideRating"": ""5"",
                ""SideCrashPassengersideRating"": ""5"",
                ""SideCrashPicture"": ""https://static.nhtsa.gov/crashTest/images/2010/10E350-s.jpg"",
                ""SideCrashVideo"": ""https://static.nhtsa.gov/crashTest/videos/2010/10E350-s.wmv"",
                ""SidePoleCrashRating"": ""Not Rated"",
                ""VehicleDescription"": ""2010 Mercedes-Benz E-Class 4-DR. w/SAB"",
                ""VehicleId"": 5843,
                ""combinedSideBarrierAndPoleRating-Front"": ""Not Rated"",
                ""combinedSideBarrierAndPoleRating-Rear"": ""Not Rated"",
                ""dynamicTipResult"": ""No Tip"",
                ""sideBarrierRating-Overall"": ""Not Rated""
              }
            ]
          },
          ""vehicle_description"": ""2010 Mercedes-Benz E-Class 4-DR. w/SAB"",
          ""vehicle_id"": 5843
        }
      ]
    },
    {
      ""source"": {
        ""model_year"": 2010,
        ""nhtsa_model"": ""M-CLASS"",
        ""uk_model"": "" M Class""
      },
      ""vehicle_count"": 0,
      ""vehicles"": []
    },
    {
      ""source"": {
        ""model_year"": 2010,
        ""nhtsa_model"": ""S-CLASS"",
        ""uk_model"": "" S Class""
      },
      ""vehicle_count"": 1,
      ""vehicles"": [
        {
          ""safety_ratings"": {
            ""Count"": 1,
            ""Message"": ""Results returned successfully"",
            ""Results"": [
              {
                ""ComplaintsCount"": 33,
                ""FrontCrashDriversideRating"": ""Not Rated"",
                ""FrontCrashPassengersideRating"": ""Not Rated"",
                ""InvestigationCount"": 0,
                ""Make"": ""MERCEDES-BENZ"",
                ""Model"": ""S-CLASS"",
                ""ModelYear"": 2010,
                ""NHTSAElectronicStabilityControl"": ""Standard"",
                ""NHTSAForwardCollisionWarning"": ""Optional"",
                ""NHTSALaneDepartureWarning"": ""Optional"",
                ""OverallFrontCrashRating"": ""Not Rated"",
                ""OverallRating"": ""Not Rated"",
                ""OverallSideCrashRating"": ""Not Rated"",
                ""RecallsCount"": 0,
                ""RolloverPossibility"": 0,
                ""RolloverPossibility2"": 0,
                ""RolloverRating"": ""Not Rated"",
                ""RolloverRating2"": ""Not Rated"",
                ""SideCrashDriversideRating"": ""Not Rated"",
                ""SideCrashPassengersideRating"": ""Not Rated"",
                ""SidePoleCrashRating"": ""Not Rated"",
                ""VehicleDescription"": ""2010 Mercedes-Benz S-Class 4-DR w/SAB"",
                ""VehicleId"": 5847,
                ""combinedSideBarrierAndPoleRating-Front"": ""Not Rated"",
                ""combinedSideBarrierAndPoleRating-Rear"": ""Not Rated"",
                ""dynamicTipResult"": "" "",
                ""sideBarrierRating-Overall"": ""Not Rated""
              }
            ]
          },
          ""vehicle_description"": ""2010 Mercedes-Benz S-Class 4-DR w/SAB"",
          ""vehicle_id"": 5847
        }
      ]
    },
    {
      ""source"": {
        ""model_year"": 2010,
        ""nhtsa_model"": ""SL-CLASS"",
        ""uk_model"": "" SL CLASS""
      },
      ""vehicle_count"": 1,
      ""vehicles"": [
        {
          ""safety_ratings"": {
            ""Count"": 1,
            ""Message"": ""Results returned successfully"",
            ""Results"": [
              {
                ""ComplaintsCount"": 0,
                ""FrontCrashDriversideRating"": ""Not Rated"",
                ""FrontCrashPassengersideRating"": ""Not Rated"",
                ""InvestigationCount"": 0,
                ""Make"": ""MERCEDES-BENZ"",
                ""Model"": ""SL-CLASS"",
                ""ModelYear"": 2010,
                ""NHTSAElectronicStabilityControl"": ""Standard"",
                ""NHTSAForwardCollisionWarning"": ""No"",
                ""NHTSALaneDepartureWarning"": ""No"",
                ""OverallFrontCrashRating"": ""Not Rated"",
                ""OverallRating"": ""Not Rated"",
                ""OverallSideCrashRating"": ""Not Rated"",
                ""RecallsCount"": 0,
                ""RolloverPossibility"": 0,
                ""RolloverPossibility2"": 0,
                ""RolloverRating"": ""Not Rated"",
                ""RolloverRating2"": ""Not Rated"",
                ""SideCrashDriversideRating"": ""Not Rated"",
                ""SideCrashPassengersideRating"": ""Not Rated"",
                ""SidePoleCrashRating"": ""Not Rated"",
                ""VehicleDescription"": ""2010 Mercedes-Benz SL-Class Convertible w/SAB"",
                ""VehicleId"": 5848,
                ""combinedSideBarrierAndPoleRating-Front"": ""Not Rated"",
                ""combinedSideBarrierAndPoleRating-Rear"": ""Not Rated"",
                ""dynamicTipResult"": "" "",
                ""sideBarrierRating-Overall"": ""Not Rated""
              }
            ]
          },
          ""vehicle_description"": ""2010 Mercedes-Benz SL-Class Convertible w/SAB"",
          ""vehicle_id"": 5848
        }
      ]
    },
    {
      ""source"": {
        ""model_year"": 2010,
        ""nhtsa_model"": ""SLK"",
        ""uk_model"": "" SLK""
      },
      ""vehicle_count"": 0,
      ""vehicles"": []
    },
    {
      ""source"": {
        ""model_year"": 2010,
        ""nhtsa_model"": ""V-CLASS"",
        ""uk_model"": "" V Class""
      },
      ""vehicle_count"": 0,
      ""vehicles"": []
    }
  ],
  ""source"": ""NHTSA""
}"
nhtsa_safety_2013.json,2026-08-28 16:05:12.636,"{
  ""make"": ""Mercedes-Benz"",
  ""model_year"": 2013,
  ""record_count"": 13,
  ""results"": [
    {
      ""source"": {
        ""model_year"": 2013,
        ""nhtsa_model"": ""A-CLASS"",
        ""uk_model"": "" A Class""
      },
      ""vehicle_count"": 0,
      ""vehicles"": []
    },
    {
      ""source"": {
        ""model_year"": 2013,
        ""nhtsa_model"": ""B-CLASS"",
        ""uk_model"": "" B Class""
      },
      ""vehicle_count"": 0,
      ""vehicles"": []
    },
    {
      ""source"": {
        ""model_year"": 2013,
        ""nhtsa_model"": ""C-CLASS"",
        ""uk_model"": "" C Class""
      },
      ""vehicle_count"": 4,
      ""vehicles"": [
        {
          ""safety_ratings"": {
            ""Count"": 1,
            ""Message"": ""Results returned successfully"",
            ""Results"": [
              {
                ""ComplaintsCount"": 571,
                ""FrontCrashDriversideRating"": ""Not Rated"",
                ""FrontCrashPassengersideRating"": ""Not Rated"",
                ""InvestigationCount"": 1,
                ""Make"": ""MERCEDES-BENZ"",
                ""Model"": ""C-CLASS"",
                ""ModelYear"": 2013,
                ""NHTSAElectronicStabilityControl"": ""Standard"",
                ""NHTSAForwardCollisionWarning"": ""Optional"",
                ""NHTSALaneDepartureWarning"": ""Optional"",
                ""OverallFrontCrashRating"": ""Not Rated"",
                ""OverallRating"": ""Not Rated"",
                ""OverallSideCrashRating"": ""Not Rated"",
                ""RecallsCount"": 7,
                ""RolloverPossibility"": 0,
                ""RolloverPossibility2"": 0,
                ""RolloverRating"": ""Not Rated"",
                ""RolloverRating2"": ""Not Rated"",
                ""SideCrashDriversideRating"": ""Not Rated"",
                ""SideCrashPassengersideRating"": ""Not Rated"",
                ""SidePoleCrashRating"": ""Not Rated"",
                ""VehicleDescription"": ""2013 Mercedes-Benz C-Class 2 DR 4WD"",
                ""VehicleId"": 7750,
                ""combinedSideBarrierAndPoleRating-Front"": ""Not Rated"",
                ""combinedSideBarrierAndPoleRating-Rear"": ""Not Rated"",
                ""dynamicTipResult"": "" "",
                ""sideBarrierRating-Overall"": ""Not Rated""
              }
            ]
          },
          ""vehicle_description"": ""2013 Mercedes-Benz C-Class 2 DR 4WD"",
          ""vehicle_id"": 7750
        },
        {
          ""safety_ratings"": {
            ""Count"": 1,
            ""Message"": ""Results returned successfully"",
            ""Results"": [
              {
                ""ComplaintsCount"": 571,
                ""FrontCrashDriversideRating"": ""Not Rated"",
                ""FrontCrashPassengersideRating"": ""Not Rated"",
                ""InvestigationCount"": 1,
                ""Make"": ""MERCEDES-BENZ"",
                ""Model"": ""C-CLASS"",
                ""ModelYear"": 2013,
                ""NHTSAElectronicStabilityControl"": ""Standard"",
                ""NHTSAForwardCollisionWarning"": ""Optional"",
                ""NHTSALaneDepartureWarning"": ""Optional"",
                ""OverallFrontCrashRating"": ""Not Rated"",
                ""OverallRating"": ""Not Rated"",
                ""OverallSideCrashRating"": ""Not Rated"",
                ""RecallsCount"": 7,
                ""RolloverPossibility"": 0,
                ""RolloverPossibility2"": 0,
                ""RolloverRating"": ""Not Rated"",
                ""RolloverRating2"": ""Not Rated"",
                ""SideCrashDriversideRating"": ""Not Rated"",
                ""SideCrashPassengersideRating"": ""Not Rated"",
                ""SidePoleCrashRating"": ""Not Rated"",
                ""VehicleDescription"": ""2013 Mercedes-Benz C-Class 2 DR RWD"",
                ""VehicleId"": 7738,
                ""combinedSideBarrierAndPoleRating-Front"": ""Not Rated"",
                ""combinedSideBarrierAndPoleRating-Rear"": ""Not Rated"",
                ""dynamicTipResult"": "" "",
                ""sideBarrierRating-Overall"": ""Not Rated""
              }
            ]
          },
          ""vehicle_description"": ""2013 Mercedes-Benz C-Class 2 DR RWD"",
          ""vehicle_id"": 7738
        },
        {
          ""safety_ratings"": {
            ""Count"": 1,
            ""Message"": ""Results returned successfully"",
            ""Results"": [
              {
                ""ComplaintsCount"": 571,
                ""FrontCrashDriversideRating"": ""4"",
                ""FrontCrashPassengersideRating"": ""4"",
                ""FrontCrashPicture"": ""https://static.nhtsa.gov/crashTest/images/2013/v08080P081.jpg"",
                ""FrontCrashVideo"": ""https://static.nhtsa.gov/crashTest/videos/2013/v08080C021.wmv"",
                ""InvestigationCount"": 1,
                ""Make"": ""MERCEDES-BENZ"",
                ""Model"": ""C-CLASS"",
                ""ModelYear"": 2013,
                ""NHTSAElectronicStabilityControl"": ""Standard"",
                ""NHTSAForwardCollisionWarning"": ""Optional"",
                ""NHTSALaneDepartureWarning"": ""Optional"",
                ""OverallFrontCrashRating"": ""4"",
                ""OverallRating"": ""5"",
                ""OverallSideCrashRating"": ""5"",
                ""RecallsCount"": 7,
                ""RolloverPossibility"": 0.105,
                ""RolloverPossibility2"": 0,
                ""RolloverRating"": ""4"",
                ""RolloverRating2"": ""Not Rated"",
                ""SideCrashDriversideRating"": ""5"",
                ""SideCrashPassengersideRating"": ""5"",
                ""SideCrashPicture"": ""https://static.nhtsa.gov/crashTest/images/2013/v08079P105.jpg"",
                ""SideCrashVideo"": ""https://static.nhtsa.gov/crashTest/videos/2013/v08079C013.wmv"",
                ""SidePoleCrashRating"": ""5"",
                ""SidePolePicture"": ""https://static.nhtsa.gov/crashTest/images/2013/v08075P072.jpg"",
                ""SidePoleVideo"": ""https://static.nhtsa.gov/crashTest/videos/2013/v08075C014.wmv"",
                ""VehicleDescription"": ""2013 Mercedes-Benz C-Class 4 DR AWD"",
                ""VehicleId"": 7244,
                ""combinedSideBarrierAndPoleRating-Front"": ""5"",
                ""combinedSideBarrierAndPoleRating-Rear"": ""5"",
                ""dynamicTipResult"": ""No Tip"",
                ""sideBarrierRating-Overall"": ""5""
              }
            ]
          },
          ""vehicle_description"": ""2013 Mercedes-Benz C-Class 4 DR AWD"",
          ""vehicle_id"": 7244
        },
        {
          ""safety_ratings"": {
            ""Count"": 1,
            ""Message"": ""Results returned successfully"",
            ""Results"": [
              {
                ""ComplaintsCount"": 571,
                ""FrontCrashDriversideRating"": ""4"",
                ""FrontCrashPassengersideRating"": ""4"",
                ""FrontCrashPicture"": ""https://static.nhtsa.gov/crashTest/images/2013/v08080P081.jpg"",
                ""FrontCrashVideo"": ""https://static.nhtsa.gov/crashTest/videos/2013/v08080C021.wmv"",
                ""InvestigationCount"": 1,
                ""Make"": ""MERCEDES-BENZ"",
                ""Model"": ""C-CLASS"",
                ""ModelYear"": 2013,
                ""NHTSAElectronicStabilityControl"": ""Standard"",
                ""NHTSAForwardCollisionWarning"": ""Optional"",
                ""NHTSALaneDepartureWarning"": ""Optional"",
                ""OverallFrontCrashRating"": ""4"",
                ""OverallRating"": ""5"",
                ""OverallSideCrashRating"": ""5"",
                ""RecallsCount"": 7,
                ""RolloverPossibility"": 0.105,
                ""RolloverPossibility2"": 0,
                ""RolloverRating"": ""4"",
                ""RolloverRating2"": ""Not Rated"",
                ""SideCrashDriversideRating"": ""5"",
                ""SideCrashPassengersideRating"": ""5"",
                ""SideCrashPicture"": ""https://static.nhtsa.gov/crashTest/images/2013/v08079P105.jpg"",
                ""SideCrashVideo"": ""https://static.nhtsa.gov/crashTest/videos/2013/v08079C013.wmv"",
                ""SidePoleCrashRating"": ""5"",
                ""SidePolePicture"": ""https://static.nhtsa.gov/crashTest/images/2013/v08075P072.jpg"",
                ""SidePoleVideo"": ""https://static.nhtsa.gov/crashTest/videos/2013/v08075C014.wmv"",
                ""VehicleDescription"": ""2013 Mercedes-Benz C-Class 4 DR RWD"",
                ""VehicleId"": 7243,
                ""combinedSideBarrierAndPoleRating-Front"": ""5"",
                ""combinedSideBarrierAndPoleRating-Rear"": ""5"",
                ""dynamicTipResult"": ""No Tip"",
                ""sideBarrierRating-Overall"": ""5""
              }
            ]
          },
          ""vehicle_description"": ""2013 Mercedes-Benz C-Class 4 DR RWD"",
          ""vehicle_id"": 7243
        }
      ]
    },
    {
      ""source"": {
        ""model_year"": 2013,
        ""nhtsa_model"": ""CL-CLASS"",
        ""uk_model"": "" CL Class""
      },
      ""vehicle_count"": 2,
      ""vehicles"": [
        {
          ""safety_ratings"": {
            ""Count"": 1,
            ""Message"": ""Results returned successfully"",
            ""Results"": [
              {
                ""ComplaintsCount"": 1,
                ""FrontCrashDriversideRating"": ""Not Rated"",
                ""FrontCrashPassengersideRating"": ""Not Rated"",
                ""InvestigationCount"": 0,
                ""Make"": ""MERCEDES-BENZ"",
                ""Model"": ""CL-CLASS"",
                ""ModelYear"": 2013,
                ""NHTSAElectronicStabilityControl"": ""Standard"",
                ""NHTSAForwardCollisionWarning"": ""Optional"",
                ""NHTSALaneDepartureWarning"": ""Optional"",
                ""OverallFrontCrashRating"": ""Not Rated"",
                ""OverallRating"": ""Not Rated"",
                ""OverallSideCrashRating"": ""Not Rated"",
                ""RecallsCount"": 0,
                ""RolloverPossibility"": 0,
                ""RolloverPossibility2"": 0,
                ""RolloverRating"": ""Not Rated"",
                ""RolloverRating2"": ""Not Rated"",
                ""SideCrashDriversideRating"": ""Not Rated"",
                ""SideCrashPassengersideRating"": ""Not Rated"",
                ""SidePoleCrashRating"": ""Not Rated"",
                ""VehicleDescription"": ""2013 Mercedes-Benz CL-Class 2 DR 4WD"",
                ""VehicleId"": 7679,
                ""combinedSideBarrierAndPoleRating-Front"": ""Not Rated"",
                ""combinedSideBarrierAndPoleRating-Rear"": ""Not Rated"",
                ""dynamicTipResult"": "" "",
                ""sideBarrierRating-Overall"": ""Not Rated""
              }
            ]
          },
          ""vehicle_description"": ""2013 Mercedes-Benz CL-Class 2 DR 4WD"",
          ""vehicle_id"": 7679
        },
        {
          ""safety_ratings"": {
            ""Count"": 1,
            ""Message"": ""Results returned successfully"",
            ""Results"": [
              {
                ""ComplaintsCount"": 1,
                ""FrontCrashDriversideRating"": ""Not Rated"",
                ""FrontCrashPassengersideRating"": ""Not Rated"",
                ""InvestigationCount"": 0,
                ""Make"": ""MERCEDES-BENZ"",
                ""Model"": ""CL-CLASS"",
                ""ModelYear"": 2013,
                ""NHTSAElectronicStabilityControl"": ""Standard"",
                ""NHTSAForwardCollisionWarning"": ""Optional"",
                ""NHTSALaneDepartureWarning"": ""Optional"",
                ""OverallFrontCrashRating"": ""Not Rated"",
                ""OverallRating"": ""Not Rated"",
                ""OverallSideCrashRating"": ""Not Rated"",
                ""RecallsCount"": 0,
                ""RolloverPossibility"": 0,
                ""RolloverPossibility2"": 0,
                ""RolloverRating"": ""Not Rated"",
                ""RolloverRating2"": ""Not Rated"",
                ""SideCrashDriversideRating"": ""Not Rated"",
                ""SideCrashPassengersideRating"": ""Not Rated"",
                ""SidePoleCrashRating"": ""Not Rated"",
                ""VehicleDescription"": ""2013 Mercedes-Benz CL-Class 2 DR RWD"",
                ""VehicleId"": 7463,
                ""combinedSideBarrierAndPoleRating-Front"": ""Not Rated"",
                ""combinedSideBarrierAndPoleRating-Rear"": ""Not Rated"",
                ""dynamicTipResult"": "" "",
                ""sideBarrierRating-Overall"": ""Not Rated""
              }
            ]
          },
          ""vehicle_description"": ""2013 Mercedes-Benz CL-Class 2 DR RWD"",
          ""vehicle_id"": 7463
        }
      ]
    },
    {
      ""source"": {
        ""model_year"": 2013,
        ""nhtsa_model"": ""CLA-CLASS"",
        ""uk_model"": "" CLA Class""
      },
      ""vehicle_count"": 0,
      ""vehicles"": []
    },
    {
      ""source"": {
        ""model_year"": 2013,
        ""nhtsa_model"": ""CLS-CLASS"",
        ""uk_model"": "" CLS Class""
      },
      ""vehicle_count"": 2,
      ""vehicles"": [
        {
          ""safety_ratings"": {
            ""Count"": 1,
            ""Message"": ""Results returned successfully"",
            ""Results"": [
              {
                ""ComplaintsCount"": 4,
                ""FrontCrashDriversideRating"": ""Not Rated"",
                ""FrontCrashPassengersideRating"": ""Not Rated"",
                ""InvestigationCount"": 1,
                ""Make"": ""MERCEDES-BENZ"",
                ""Model"": ""CLS-CLASS"",
                ""ModelYear"": 2013,
                ""NHTSAElectronicStabilityControl"": ""Standard"",
                ""NHTSAForwardCollisionWarning"": ""Optional"",
                ""NHTSALaneDepartureWarning"": ""Optional"",
                ""OverallFrontCrashRating"": ""Not Rated"",
                ""OverallRating"": ""Not Rated"",
                ""OverallSideCrashRating"": ""Not Rated"",
                ""RecallsCount"": 3,
                ""RolloverPossibility"": 0,
                ""RolloverPossibility2"": 0,
                ""RolloverRating"": ""Not Rated"",
                ""RolloverRating2"": ""Not Rated"",
                ""SideCrashDriversideRating"": ""Not Rated"",
                ""SideCrashPassengersideRating"": ""Not Rated"",
                ""SidePoleCrashRating"": ""Not Rated"",
                ""VehicleDescription"": ""2013 Mercedes-Benz CLS-Class 2 DR 4WD"",
                ""VehicleId"": 7680,
                ""combinedSideBarrierAndPoleRating-Front"": ""Not Rated"",
                ""combinedSideBarrierAndPoleRating-Rear"": ""Not Rated"",
                ""dynamicTipResult"": "" "",
                ""sideBarrierRating-Overall"": ""Not Rated""
              }
            ]
          },
          ""vehicle_description"": ""2013 Mercedes-Benz CLS-Class 2 DR 4WD"",
          ""vehicle_id"": 7680
        },
        {
          ""safety_ratings"": {
            ""Count"": 1,
            ""Message"": ""Results returned successfully"",
            ""Results"": [
              {
                ""ComplaintsCount"": 4,
                ""FrontCrashDriversideRating"": ""Not Rated"",
                ""FrontCrashPassengersideRating"": ""Not Rated"",
                ""InvestigationCount"": 1,
                ""Make"": ""MERCEDES-BENZ"",
                ""Model"": ""CLS-CLASS"",
                ""ModelYear"": 2013,
                ""NHTSAElectronicStabilityControl"": ""Standard"",
                ""NHTSAForwardCollisionWarning"": ""Optional"",
                ""NHTSALaneDepartureWarning"": ""Optional"",
                ""OverallFrontCrashRating"": ""Not Rated"",
                ""OverallRating"": ""Not Rated"",
                ""OverallSideCrashRating"": ""Not Rated"",
                ""RecallsCount"": 3,
                ""RolloverPossibility"": 0,
                ""RolloverPossibility2"": 0,
                ""RolloverRating"": ""Not Rated"",
                ""RolloverRating2"": ""Not Rated"",
                ""SideCrashDriversideRating"": ""Not Rated"",
                ""SideCrashPassengersideRating"": ""Not Rated"",
                ""SidePoleCrashRating"": ""Not Rated"",
                ""VehicleDescription"": ""2013 Mercedes-Benz CLS-Class 2 DR RWD"",
                ""VehicleId"": 7464,
                ""combinedSideBarrierAndPoleRating-Front"": ""Not Rated"",
                ""combinedSideBarrierAndPoleRating-Rear"": ""Not Rated"",
                ""dynamicTipResult"": "" "",
                ""sideBarrierRating-Overall"": ""Not Rated""
              }
            ]
          },
          ""vehicle_description"": ""2013 Mercedes-Benz CLS-Class 2 DR RWD"",
          ""vehicle_id"": 7464
        }
      ]
    },
    {
      ""source"": {
        ""model_year"": 2013,
        ""nhtsa_model"": ""E-CLASS"",
        ""uk_model"": "" E Class""
      },
      ""vehicle_count"": 4,
      ""vehicles"": [
        {
          ""safety_ratings"": {
            ""Count"": 1,
            ""Message"": ""Results returned successfully"",
            ""Results"": [
              {
                ""ComplaintsCount"": 185,
                ""FrontCrashDriversideRating"": ""Not Rated"",
                ""FrontCrashPassengersideRating"": ""Not Rated"",
                ""InvestigationCount"": 2,
                ""Make"": ""MERCEDES-BENZ"",
                ""Model"": ""E-CLASS"",
                ""ModelYear"": 2013,
                ""NHTSAElectronicStabilityControl"": ""Standard"",
                ""NHTSAForwardCollisionWarning"": ""Optional"",
                ""NHTSALaneDepartureWarning"": ""Optional"",
                ""OverallFrontCrashRating"": ""Not Rated"",
                ""OverallRating"": ""Not Rated"",
                ""OverallSideCrashRating"": ""Not Rated"",
                ""RecallsCount"": 7,
                ""RolloverPossibility"": 0,
                ""RolloverPossibility2"": 0,
                ""RolloverRating"": ""Not Rated"",
                ""RolloverRating2"": ""Not Rated"",
                ""SideCrashDriversideRating"": ""Not Rated"",
                ""SideCrashPassengersideRating"": ""Not Rated"",
                ""SidePoleCrashRating"": ""Not Rated"",
                ""VehicleDescription"": ""2013 Mercedes-Benz E-Class 2 DR 4WD"",
                ""VehicleId"": 7751,
                ""combinedSideBarrierAndPoleRating-Front"": ""Not Rated"",
                ""combinedSideBarrierAndPoleRating-Rear"": ""Not Rated"",
                ""dynamicTipResult"": "" "",
                ""sideBarrierRating-Overall"": ""Not Rated""
              }
            ]
          },
          ""vehicle_description"": ""2013 Mercedes-Benz E-Class 2 DR 4WD"",
          ""vehicle_id"": 7751
        },
        {
          ""safety_ratings"": {
            ""Count"": 1,
            ""Message"": ""Results returned successfully"",
            ""Results"": [
              {
                ""ComplaintsCount"": 185,
                ""FrontCrashDriversideRating"": ""Not Rated"",
                ""FrontCrashPassengersideRating"": ""Not Rated"",
                ""InvestigationCount"": 2,
                ""Make"": ""MERCEDES-BENZ"",
                ""Model"": ""E-CLASS"",
                ""ModelYear"": 2013,
                ""NHTSAElectronicStabilityControl"": ""Standard"",
                ""NHTSAForwardCollisionWarning"": ""Optional"",
                ""NHTSALaneDepartureWarning"": ""Optional"",
                ""OverallFrontCrashRating"": ""Not Rated"",
                ""OverallRating"": ""Not Rated"",
                ""OverallSideCrashRating"": ""Not Rated"",
                ""RecallsCount"": 7,
                ""RolloverPossibility"": 0,
                ""RolloverPossibility2"": 0,
                ""RolloverRating"": ""Not Rated"",
                ""RolloverRating2"": ""Not Rated"",
                ""SideCrashDriversideRating"": ""Not Rated"",
                ""SideCrashPassengersideRating"": ""Not Rated"",
                ""SidePoleCrashRating"": ""Not Rated"",
                ""VehicleDescription"": ""2013 Mercedes-Benz E-Class 2 DR RWD"",
                ""VehicleId"": 7739,
                ""combinedSideBarrierAndPoleRating-Front"": ""Not Rated"",
                ""combinedSideBarrierAndPoleRating-Rear"": ""Not Rated"",
                ""dynamicTipResult"": "" "",
                ""sideBarrierRating-Overall"": ""Not Rated""
              }
            ]
          },
          ""vehicle_description"": ""2013 Mercedes-Benz E-Class 2 DR RWD"",
          ""vehicle_id"": 7739
        },
        {
          ""safety_ratings"": {
            ""Count"": 1,
            ""Message"": ""Results returned successfully"",
            ""Results"": [
              {
                ""ComplaintsCount"": 185,
                ""FrontCrashDriversideRating"": ""Not Rated"",
                ""FrontCrashPassengersideRating"": ""Not Rated"",
                ""InvestigationCount"": 2,
                ""Make"": ""MERCEDES-BENZ"",
                ""Model"": ""E-CLASS"",
                ""ModelYear"": 2013,
                ""NHTSAElectronicStabilityControl"": ""Standard"",
                ""NHTSAForwardCollisionWarning"": ""Optional"",
                ""NHTSALaneDepartureWarning"": ""Optional"",
                ""OverallFrontCrashRating"": ""Not Rated"",
                ""OverallRating"": ""Not Rated"",
                ""OverallSideCrashRating"": ""Not Rated"",
                ""RecallsCount"": 7,
                ""RolloverPossibility"": 0.099,
                ""RolloverPossibility2"": 0,
                ""RolloverRating"": ""5"",
                ""RolloverRating2"": ""Not Rated"",
                ""SideCrashDriversideRating"": ""Not Rated"",
                ""SideCrashPassengersideRating"": ""Not Rated"",
                ""SidePoleCrashRating"": ""Not Rated"",
                ""VehicleDescription"": ""2013 Mercedes-Benz E-Class 4 DR AWD"",
                ""VehicleId"": 7246,
                ""combinedSideBarrierAndPoleRating-Front"": ""Not Rated"",
                ""combinedSideBarrierAndPoleRating-Rear"": ""Not Rated"",
                ""dynamicTipResult"": ""No Tip"",
                ""sideBarrierRating-Overall"": ""Not Rated""
              }
            ]
          },
          ""vehicle_description"": ""2013 Mercedes-Benz E-Class 4 DR AWD"",
          ""vehicle_id"": 7246
        },
        {
          ""safety_ratings"": {
            ""Count"": 1,
            ""Message"": ""Results returned successfully"",
            ""Results"": [
              {
                ""ComplaintsCount"": 185,
                ""FrontCrashDriversideRating"": ""Not Rated"",
                ""FrontCrashPassengersideRating"": ""Not Rated"",
                ""InvestigationCount"": 2,
                ""Make"": ""MERCEDES-BENZ"",
                ""Model"": ""E-CLASS"",
                ""ModelYear"": 2013,
                ""NHTSAElectronicStabilityControl"": ""Standard"",
                ""NHTSAForwardCollisionWarning"": ""Optional"",
                ""NHTSALaneDepartureWarning"": ""Optional"",
                ""OverallFrontCrashRating"": ""Not Rated"",
                ""OverallRating"": ""Not Rated"",
                ""OverallSideCrashRating"": ""Not Rated"",
                ""RecallsCount"": 7,
                ""RolloverPossibility"": 0.099,
                ""RolloverPossibility2"": 0,
                ""RolloverRating"": ""5"",
                ""RolloverRating2"": ""Not Rated"",
                ""SideCrashDriversideRating"": ""Not Rated"",
                ""SideCrashPassengersideRating"": ""Not Rated"",
                ""SidePoleCrashRating"": ""Not Rated"",
                ""VehicleDescription"": ""2013 Mercedes-Benz E-Class 4 DR RWD"",
                ""VehicleId"": 7245,
                ""combinedSideBarrierAndPoleRating-Front"": ""Not Rated"",
                ""combinedSideBarrierAndPoleRating-Rear"": ""Not Rated"",
                ""dynamicTipResult"": ""No Tip"",
                ""sideBarrierRating-Overall"": ""Not Rated""
              }
            ]
          },
          ""vehicle_description"": ""2013 Mercedes-Benz E-Class 4 DR RWD"",
          ""vehicle_id"": 7245
        }
      ]
    },
    {
      ""source"": {
        ""model_year"": 2013,
        ""nhtsa_model"": ""G-CLASS"",
        ""uk_model"": "" G Class""
      },
      ""vehicle_count"": 1,
      ""vehicles"": [
        {
          ""safety_ratings"": {
            ""Count"": 1,
            ""Message"": ""Results returned successfully"",
            ""Results"": [
              {
                ""ComplaintsCount"": 5,
                ""FrontCrashDriversideRating"": ""Not Rated"",
                ""FrontCrashPassengersideRating"": ""Not Rated"",
                ""InvestigationCount"": 0,
                ""Make"": ""MERCEDES-BENZ"",
                ""Model"": ""G-CLASS"",
                ""ModelYear"": 2013,
                ""NHTSAElectronicStabilityControl"": ""Standard"",
                ""NHTSAForwardCollisionWarning"": ""No"",
                ""NHTSALaneDepartureWarning"": ""No"",
                ""OverallFrontCrashRating"": ""Not Rated"",
                ""OverallRating"": ""Not Rated"",
                ""OverallSideCrashRating"": ""Not Rated"",
                ""RecallsCount"": 3,
                ""RolloverPossibility"": 0,
                ""RolloverPossibility2"": 0,
                ""RolloverRating"": ""Not Rated"",
                ""RolloverRating2"": ""Not Rated"",
                ""SideCrashDriversideRating"": ""Not Rated"",
                ""SideCrashPassengersideRating"": ""Not Rated"",
                ""SidePoleCrashRating"": ""Not Rated"",
                ""VehicleDescription"": ""2013 Mercedes-Benz G-Class SUV AWD"",
                ""VehicleId"": 7467,
                ""combinedSideBarrierAndPoleRating-Front"": ""Not Rated"",
                ""combinedSideBarrierAndPoleRating-Rear"": ""Not Rated"",
                ""dynamicTipResult"": "" "",
                ""sideBarrierRating-Overall"": ""Not Rated""
              }
            ]
          },
          ""vehicle_description"": ""2013 Mercedes-Benz G-Class SUV AWD"",
          ""vehicle_id"": 7467
        }
      ]
    },
    {
      ""source"": {
        ""model_year"": 2013,
        ""nhtsa_model"": ""GL-CLASS"",
        ""uk_model"": "" GL Class""
      },
      ""vehicle_count"": 1,
      ""vehicles"": [
        {
          ""safety_ratings"": {
            ""Count"": 1,
            ""Message"": ""Results returned successfully"",
            ""Results"": [
              {
                ""ComplaintsCount"": 52,
                ""FrontCrashDriversideRating"": ""Not Rated"",
                ""FrontCrashPassengersideRating"": ""Not Rated"",
                ""InvestigationCount"": 0,
                ""Make"": ""MERCEDES-BENZ"",
                ""Model"": ""GL-CLASS"",
                ""ModelYear"": 2013,
                ""NHTSAElectronicStabilityControl"": ""Standard"",
                ""NHTSAForwardCollisionWarning"": ""Optional"",
                ""NHTSALaneDepartureWarning"": ""Optional"",
                ""OverallFrontCrashRating"": ""Not Rated"",
                ""OverallRating"": ""Not Rated"",
                ""OverallSideCrashRating"": ""Not Rated"",
                ""RecallsCount"": 3,
                ""RolloverPossibility"": 0,
                ""RolloverPossibility2"": 0,
                ""RolloverRating"": ""Not Rated"",
                ""RolloverRating2"": ""Not Rated"",
                ""SideCrashDriversideRating"": ""Not Rated"",
                ""SideCrashPassengersideRating"": ""Not Rated"",
                ""SidePoleCrashRating"": ""Not Rated"",
                ""VehicleDescription"": ""2013 Mercedes-Benz GL-Class SUV 4WD"",
                ""VehicleId"": 7468,
                ""combinedSideBarrierAndPoleRating-Front"": ""Not Rated"",
                ""combinedSideBarrierAndPoleRating-Rear"": ""Not Rated"",
                ""dynamicTipResult"": "" "",
                ""sideBarrierRating-Overall"": ""Not Rated""
              }
            ]
          },
          ""vehicle_description"": ""2013 Mercedes-Benz GL-Class SUV 4WD"",
          ""vehicle_id"": 7468
        }
      ]
    },
    {
      ""source"": {
        ""model_year"": 2013,
        ""nhtsa_model"": ""M-CLASS"",
        ""uk_model"": "" M Class""
      },
      ""vehicle_count"": 0,
      ""vehicles"": []
    },
    {
      ""source"": {
        ""model_year"": 2013,
        ""nhtsa_model"": ""S-CLASS"",
        ""uk_model"": "" S Class""
      },
      ""vehicle_count"": 2,
      ""vehicles"": [
        {
          ""safety_ratings"": {
            ""Count"": 1,
            ""Message"": ""Results returned successfully"",
            ""Results"": [
              {
                ""ComplaintsCount"": 9,
                ""FrontCrashDriversideRating"": ""Not Rated"",
                ""FrontCrashPassengersideRating"": ""Not Rated"",
                ""InvestigationCount"": 0,
                ""Make"": ""MERCEDES-BENZ"",
                ""Model"": ""S-CLASS"",
                ""ModelYear"": 2013,
                ""NHTSAElectronicStabilityControl"": ""Standard"",
                ""NHTSAForwardCollisionWarning"": ""Optional"",
                ""NHTSALaneDepartureWarning"": ""Optional"",
                ""OverallFrontCrashRating"": ""Not Rated"",
                ""OverallRating"": ""Not Rated"",
                ""OverallSideCrashRating"": ""Not Rated"",
                ""RecallsCount"": 0,
                ""RolloverPossibility"": 0,
                ""RolloverPossibility2"": 0,
                ""RolloverRating"": ""Not Rated"",
                ""RolloverRating2"": ""Not Rated"",
                ""SideCrashDriversideRating"": ""Not Rated"",
                ""SideCrashPassengersideRating"": ""Not Rated"",
                ""SidePoleCrashRating"": ""Not Rated"",
                ""VehicleDescription"": ""2013 Mercedes-Benz S-Class 4 DR 4WD"",
                ""VehicleId"": 7684,
                ""combinedSideBarrierAndPoleRating-Front"": ""Not Rated"",
                ""combinedSideBarrierAndPoleRating-Rear"": ""Not Rated"",
                ""dynamicTipResult"": "" "",
                ""sideBarrierRating-Overall"": ""Not Rated""
              }
            ]
          },
          ""vehicle_description"": ""2013 Mercedes-Benz S-Class 4 DR 4WD"",
          ""vehicle_id"": 7684
        },
        {
          ""safety_ratings"": {
            ""Count"": 1,
            ""Message"": ""Results returned successfully"",
            ""Results"": [
              {
                ""ComplaintsCount"": 9,
                ""FrontCrashDriversideRating"": ""Not Rated"",
                ""FrontCrashPassengersideRating"": ""Not Rated"",
                ""InvestigationCount"": 0,
                ""Make"": ""MERCEDES-BENZ"",
                ""Model"": ""S-CLASS"",
                ""ModelYear"": 2013,
                ""NHTSAElectronicStabilityControl"": ""Standard"",
                ""NHTSAForwardCollisionWarning"": ""Optional"",
                ""NHTSALaneDepartureWarning"": ""Optional"",
                ""OverallFrontCrashRating"": ""Not Rated"",
                ""OverallRating"": ""Not Rated"",
                ""OverallSideCrashRating"": ""Not Rated"",
                ""RecallsCount"": 0,
                ""RolloverPossibility"": 0,
                ""RolloverPossibility2"": 0,
                ""RolloverRating"": ""Not Rated"",
                ""RolloverRating2"": ""Not Rated"",
                ""SideCrashDriversideRating"": ""Not Rated"",
                ""SideCrashPassengersideRating"": ""Not Rated"",
                ""SidePoleCrashRating"": ""Not Rated"",
                ""VehicleDescription"": ""2013 Mercedes-Benz S-Class 4 DR RWD"",
                ""VehicleId"": 7471,
                ""combinedSideBarrierAndPoleRating-Front"": ""Not Rated"",
                ""combinedSideBarrierAndPoleRating-Rear"": ""Not Rated"",
                ""dynamicTipResult"": "" "",
                ""sideBarrierRating-Overall"": ""Not Rated""
              }
            ]
          },
          ""vehicle_description"": ""2013 Mercedes-Benz S-Class 4 DR RWD"",
          ""vehicle_id"": 7471
        }
      ]
    },
    {
      ""source"": {
        ""model_year"": 2013,
        ""nhtsa_model"": ""SLK"",
        ""uk_model"": "" SLK""
      },
      ""vehicle_count"": 0,
      ""vehicles"": []
    },
    {
      ""source"": {
        ""model_year"": 2013,
        ""nhtsa_model"": ""V-CLASS"",
        ""uk_model"": "" V Class""
      },
      ""vehicle_count"": 0,
      ""vehicles"": []
    }
  ],
  ""source"": ""NHTSA""
}"
nhtsa_safety_2001.json,2026-08-28 16:05:12.636,"{
  ""make"": ""Mercedes-Benz"",
  ""model_year"": 2001,
  ""record_count"": 4,
  ""results"": [
    {
      ""source"": {
        ""model_year"": 2001,
        ""nhtsa_model"": ""E-CLASS"",
        ""uk_model"": "" E Class""
      },
      ""vehicle_count"": 0,
      ""vehicles"": []
    },
    {
      ""source"": {
        ""model_year"": 2001,
        ""nhtsa_model"": ""S-CLASS"",
        ""uk_model"": "" S Class""
      },
      ""vehicle_count"": 0,
      ""vehicles"": []
    },
    {
      ""source"": {
        ""model_year"": 2001,
        ""nhtsa_model"": ""SL-CLASS"",
        ""uk_model"": "" SL CLASS""
      },
      ""vehicle_count"": 0,
      ""vehicles"": []
    },
    {
      ""source"": {
        ""model_year"": 2001,
        ""nhtsa_model"": ""SLK"",
        ""uk_model"": "" SLK""
      },
      ""vehicle_count"": 0,
      ""vehicles"": []
    }
  ],
  ""source"": ""NHTSA""
}"
nhtsa_safety_2008.json,2026-08-28 16:05:12.636,"{
  ""make"": ""Mercedes-Benz"",
  ""model_year"": 2008,
  ""record_count"": 6,
  ""results"": [
    {
      ""source"": {
        ""model_year"": 2008,
        ""nhtsa_model"": ""B-CLASS"",
        ""uk_model"": "" B Class""
      },
      ""vehicle_count"": 0,
      ""vehicles"": []
    },
    {
      ""source"": {
        ""model_year"": 2008,
        ""nhtsa_model"": ""C-CLASS"",
        ""uk_model"": "" C Class""
      },
      ""vehicle_count"": 1,
      ""vehicles"": [
        {
          ""safety_ratings"": {
            ""Count"": 1,
            ""Message"": ""Results returned successfully"",
            ""Results"": [
              {
                ""ComplaintsCount"": 836,
                ""FrontCrashDriversideRating"": ""4"",
                ""FrontCrashPassengersideRating"": ""4"",
                ""FrontCrashPicture"": ""https://static.nhtsa.gov/crashTest/images/2008/08C300-f.jpg"",
                ""FrontCrashVideo"": ""https://static.nhtsa.gov/crashTest/videos/2008/08C300-f.wmv"",
                ""InvestigationCount"": 3,
                ""Make"": ""MERCEDES-BENZ"",
                ""Model"": ""C-CLASS"",
                ""ModelYear"": 2008,
                ""NHTSAElectronicStabilityControl"": ""Standard"",
                ""NHTSAForwardCollisionWarning"": ""No"",
                ""NHTSALaneDepartureWarning"": ""No"",
                ""OverallFrontCrashRating"": ""Not Rated"",
                ""OverallRating"": ""Not Rated"",
                ""OverallSideCrashRating"": ""Not Rated"",
                ""RecallsCount"": 9,
                ""RolloverPossibility"": 0.105,
                ""RolloverPossibility2"": 0.105,
                ""RolloverRating"": ""4"",
                ""RolloverRating2"": ""4"",
                ""SideCrashDriversideRating"": ""5"",
                ""SideCrashPassengersideRating"": ""5"",
                ""SideCrashPicture"": ""https://static.nhtsa.gov/crashTest/images/2008/08MercedesCClass-s.jpg"",
                ""SideCrashVideo"": ""https://static.nhtsa.gov/crashTest/videos/2008/08MercedesCClass-s.wmv"",
                ""SidePoleCrashRating"": ""Not Rated"",
                ""VehicleDescription"": ""2008 Mercedes-Benz C-Class 4-DR. w/SAB"",
                ""VehicleId"": 2774,
                ""combinedSideBarrierAndPoleRating-Front"": ""Not Rated"",
                ""combinedSideBarrierAndPoleRating-Rear"": ""Not Rated"",
                ""dynamicTipResult"": ""No Tip"",
                ""sideBarrierRating-Overall"": ""Not Rated""
              }
            ]
          },
          ""vehicle_description"": ""2008 Mercedes-Benz C-Class 4-DR. w/SAB"",
          ""vehicle_id"": 2774
        }
      ]
    },
    {
      ""source"": {
        ""model_year"": 2008,
        ""nhtsa_model"": ""CL-CLASS"",
        ""uk_model"": "" CL Class""
      },
      ""vehicle_count"": 1,
      ""vehicles"": [
        {
          ""safety_ratings"": {
            ""Count"": 1,
            ""Message"": ""Results returned successfully"",
            ""Results"": [
              {
                ""ComplaintsCount"": 10,
                ""FrontCrashDriversideRating"": ""Not Rated"",
                ""FrontCrashPassengersideRating"": ""Not Rated"",
                ""InvestigationCount"": 1,
                ""Make"": ""MERCEDES-BENZ"",
                ""Model"": ""CL-CLASS"",
                ""ModelYear"": 2008,
                ""NHTSAElectronicStabilityControl"": ""Standard"",
                ""NHTSAForwardCollisionWarning"": ""Optional"",
                ""NHTSALaneDepartureWarning"": ""No"",
                ""OverallFrontCrashRating"": ""Not Rated"",
                ""OverallRating"": ""Not Rated"",
                ""OverallSideCrashRating"": ""Not Rated"",
                ""RecallsCount"": 3,
                ""RolloverPossibility"": 0,
                ""RolloverPossibility2"": 0,
                ""RolloverRating"": ""Not Rated"",
                ""RolloverRating2"": ""Not Rated"",
                ""SideCrashDriversideRating"": ""Not Rated"",
                ""SideCrashPassengersideRating"": ""Not Rated"",
                ""SidePoleCrashRating"": ""Not Rated"",
                ""VehicleDescription"": ""2008 Mercedes-Benz CL-Class 2-DR w/SAB"",
                ""VehicleId"": 2473,
                ""combinedSideBarrierAndPoleRating-Front"": ""Not Rated"",
                ""combinedSideBarrierAndPoleRating-Rear"": ""Not Rated"",
                ""dynamicTipResult"": "" "",
                ""sideBarrierRating-Overall"": ""Not Rated""
              }
            ]
          },
          ""vehicle_description"": ""2008 Mercedes-Benz CL-Class 2-DR w/SAB"",
          ""vehicle_id"": 2473
        }
      ]
    },
    {
      ""source"": {
        ""model_year"": 2008,
        ""nhtsa_model"": ""E-CLASS"",
        ""uk_model"": "" E Class""
      },
      ""vehicle_count"": 2,
      ""vehicles"": [
        {
          ""safety_ratings"": {
            ""Count"": 1,
            ""Message"": ""Results returned successfully"",
            ""Results"": [
              {
                ""ComplaintsCount"": 226,
                ""FrontCrashDriversideRating"": ""4"",
                ""FrontCrashPassengersideRating"": ""4"",
                ""FrontCrashPicture"": ""https://static.nhtsa.gov/crashTest/images/2008/03E-classpost.jpg"",
                ""FrontCrashVideo"": ""https://static.nhtsa.gov/crashTest/videos/2008/03E-class.wmv"",
                ""InvestigationCount"": 1,
                ""Make"": ""MERCEDES-BENZ"",
                ""Model"": ""E-CLASS"",
                ""ModelYear"": 2008,
                ""NHTSAElectronicStabilityControl"": ""Standard"",
                ""NHTSAForwardCollisionWarning"": ""Optional"",
                ""NHTSALaneDepartureWarning"": ""No"",
                ""OverallFrontCrashRating"": ""Not Rated"",
                ""OverallRating"": ""Not Rated"",
                ""OverallSideCrashRating"": ""Not Rated"",
                ""RecallsCount"": 6,
                ""RolloverPossibility"": 0.101,
                ""RolloverPossibility2"": 0.101,
                ""RolloverRating"": ""5"",
                ""RolloverRating2"": ""5"",
                ""SideCrashDriversideRating"": ""5"",
                ""SideCrashPassengersideRating"": ""5"",
                ""SideCrashPicture"": ""https://static.nhtsa.gov/crashTest/images/2008/03E-class_s.jpg"",
                ""SideCrashVideo"": ""https://static.nhtsa.gov/crashTest/videos/2008/03E-class_s.wmv"",
                ""SidePoleCrashRating"": ""Not Rated"",
                ""VehicleDescription"": ""2008 Mercedes-Benz E-Class 4-DR. w/SAB"",
                ""VehicleId"": 2443,
                ""combinedSideBarrierAndPoleRating-Front"": ""Not Rated"",
                ""combinedSideBarrierAndPoleRating-Rear"": ""Not Rated"",
                ""dynamicTipResult"": ""No Tip"",
                ""sideBarrierRating-Overall"": ""Not Rated""
              }
            ]
          },
          ""vehicle_description"": ""2008 Mercedes-Benz E-Class 4-DR. w/SAB"",
          ""vehicle_id"": 2443
        },
        {
          ""safety_ratings"": {
            ""Count"": 1,
            ""Message"": ""Results returned successfully"",
            ""Results"": [
              {
                ""ComplaintsCount"": 226,
                ""FrontCrashDriversideRating"": ""4"",
                ""FrontCrashPassengersideRating"": ""4"",
                ""InvestigationCount"": 1,
                ""Make"": ""MERCEDES-BENZ"",
                ""Model"": ""E-CLASS"",
                ""ModelYear"": 2008,
                ""NHTSAElectronicStabilityControl"": ""Standard"",
                ""NHTSAForwardCollisionWarning"": ""Optional"",
                ""NHTSALaneDepartureWarning"": ""No"",
                ""OverallFrontCrashRating"": ""Not Rated"",
                ""OverallRating"": ""Not Rated"",
                ""OverallSideCrashRating"": ""Not Rated"",
                ""RecallsCount"": 6,
                ""RolloverPossibility"": 0.101,
                ""RolloverPossibility2"": 0.101,
                ""RolloverRating"": ""5"",
                ""RolloverRating2"": ""5"",
                ""SideCrashDriversideRating"": ""5"",
                ""SideCrashPassengersideRating"": ""5"",
                ""SidePoleCrashRating"": ""Not Rated"",
                ""VehicleDescription"": ""2008 Mercedes-Benz E-Class Wagon 4-DR. w/SAB"",
                ""VehicleId"": 2442,
                ""combinedSideBarrierAndPoleRating-Front"": ""Not Rated"",
                ""combinedSideBarrierAndPoleRating-Rear"": ""Not Rated"",
                ""dynamicTipResult"": ""No Tip"",
                ""sideBarrierRating-Overall"": ""Not Rated""
              }
            ]
          },
          ""vehicle_description"": ""2008 Mercedes-Benz E-Class Wagon 4-DR. w/SAB"",
          ""vehicle_id"": 2442
        }
      ]
    },
    {
      ""source"": {
        ""model_year"": 2008,
        ""nhtsa_model"": ""M-CLASS"",
        ""uk_model"": "" M Class""
      },
      ""vehicle_count"": 0,
      ""vehicles"": []
    },
    {
      ""source"": {
        ""model_year"": 2008,
        ""nhtsa_model"": ""SLK"",
        ""uk_model"": "" SLK""
      },
      ""vehicle_count"": 0,
      ""vehicles"": []
    }
  ],
  ""source"": ""NHTSA""
}"
nhtsa_safety_2018.json,2026-08-28 16:05:12.636,"{
  ""make"": ""Mercedes-Benz"",
  ""model_year"": 2018,
  ""record_count"": 20,
  ""results"": [
    {
      ""source"": {
        ""model_year"": 2018,
        ""nhtsa_model"": ""200"",
        ""uk_model"": ""200""
      },
      ""vehicle_count"": 0,
      ""vehicles"": []
    },
    {
      ""source"": {
        ""model_year"": 2018,
        ""nhtsa_model"": ""220"",
        ""uk_model"": ""220""
      },
      ""vehicle_count"": 0,
      ""vehicles"": []
    },
    {
      ""source"": {
        ""model_year"": 2018,
        ""nhtsa_model"": ""A-CLASS"",
        ""uk_model"": "" A Class""
      },
      ""vehicle_count"": 0,
      ""vehicles"": []
    },
    {
      ""source"": {
        ""model_year"": 2018,
        ""nhtsa_model"": ""B-CLASS"",
        ""uk_model"": "" B Class""
      },
      ""vehicle_count"": 0,
      ""vehicles"": []
    },
    {
      ""source"": {
        ""model_year"": 2018,
        ""nhtsa_model"": ""C-CLASS"",
        ""uk_model"": "" C Class""
      },
      ""vehicle_count"": 6,
      ""vehicles"": [
        {
          ""safety_ratings"": {
            ""Count"": 1,
            ""Message"": ""Results returned successfully"",
            ""Results"": [
              {
                ""ComplaintsCount"": 127,
                ""FrontCrashDriversideRating"": ""5"",
                ""FrontCrashPassengersideRating"": ""4"",
                ""FrontCrashPicture"": ""https://static.nhtsa.gov/crashTest/images/2018/v09248P083.jpg"",
                ""FrontCrashVideo"": ""https://static.nhtsa.gov/crashTest/videos/2018/v09248C021.wmv"",
                ""InvestigationCount"": 3,
                ""Make"": ""MERCEDES-BENZ"",
                ""Model"": ""C-CLASS"",
                ""ModelYear"": 2018,
                ""NHTSAElectronicStabilityControl"": ""Standard"",
                ""NHTSAForwardCollisionWarning"": ""Optional"",
                ""NHTSALaneDepartureWarning"": ""Optional"",
                ""OverallFrontCrashRating"": ""4"",
                ""OverallRating"": ""5"",
                ""OverallSideCrashRating"": ""5"",
                ""RecallsCount"": 19,
                ""RolloverPossibility"": 0.11,
                ""RolloverPossibility2"": 0,
                ""RolloverRating"": ""4"",
                ""RolloverRating2"": ""Not Rated"",
                ""SideCrashDriversideRating"": ""5"",
                ""SideCrashPassengersideRating"": ""5"",
                ""SideCrashPicture"": ""https://static.nhtsa.gov/crashTest/images/2018/v09327P108.jpg"",
                ""SideCrashVideo"": ""https://static.nhtsa.gov/crashTest/videos/2018/v09327C013.wmv"",
                ""SidePoleCrashRating"": ""5"",
                ""SidePolePicture"": ""https://static.nhtsa.gov/crashTest/images/2018/v09169P072.jpg"",
                ""SidePoleVideo"": ""https://static.nhtsa.gov/crashTest/videos/2018/v09169C014.wmv"",
                ""VehicleDescription"": ""2018 Mercedes-Benz C-Class 4 DR 4WD"",
                ""VehicleId"": 12471,
                ""combinedSideBarrierAndPoleRating-Front"": ""5"",
                ""combinedSideBarrierAndPoleRating-Rear"": ""5"",
                ""dynamicTipResult"": ""No Tip"",
                ""sideBarrierRating-Overall"": ""5""
              }
            ]
          },
          ""vehicle_description"": ""2018 Mercedes-Benz C-Class 4 DR 4WD"",
          ""vehicle_id"": 12471
        },
        {
          ""safety_ratings"": {
            ""Count"": 1,
            ""Message"": ""Results returned successfully"",
            ""Results"": [
              {
                ""ComplaintsCount"": 127,
                ""FrontCrashDriversideRating"": ""5"",
                ""FrontCrashPassengersideRating"": ""4"",
                ""FrontCrashPicture"": ""https://static.nhtsa.gov/crashTest/images/2018/v09248P083.jpg"",
                ""FrontCrashVideo"": ""https://static.nhtsa.gov/crashTest/videos/2018/v09248C021.wmv"",
                ""InvestigationCount"": 3,
                ""Make"": ""MERCEDES-BENZ"",
                ""Model"": ""C-CLASS"",
                ""ModelYear"": 2018,
                ""NHTSAElectronicStabilityControl"": ""Standard"",
                ""NHTSAForwardCollisionWarning"": ""Optional"",
                ""NHTSALaneDepartureWarning"": ""Optional"",
                ""OverallFrontCrashRating"": ""4"",
                ""OverallRating"": ""5"",
                ""OverallSideCrashRating"": ""5"",
                ""RecallsCount"": 19,
                ""RolloverPossibility"": 0.11,
                ""RolloverPossibility2"": 0,
                ""RolloverRating"": ""4"",
                ""RolloverRating2"": ""Not Rated"",
                ""SideCrashDriversideRating"": ""5"",
                ""SideCrashPassengersideRating"": ""5"",
                ""SideCrashPicture"": ""https://static.nhtsa.gov/crashTest/images/2018/v09327P108.jpg"",
                ""SideCrashVideo"": ""https://static.nhtsa.gov/crashTest/videos/2018/v09327C013.wmv"",
                ""SidePoleCrashRating"": ""5"",
                ""SidePolePicture"": ""https://static.nhtsa.gov/crashTest/images/2018/v09169P072.jpg"",
                ""SidePoleVideo"": ""https://static.nhtsa.gov/crashTest/videos/2018/v09169C014.wmv"",
                ""VehicleDescription"": ""2018 Mercedes-Benz C-Class 4 DR RWD"",
                ""VehicleId"": 12470,
                ""combinedSideBarrierAndPoleRating-Front"": ""5"",
                ""combinedSideBarrierAndPoleRating-Rear"": ""5"",
                ""dynamicTipResult"": ""No Tip"",
                ""sideBarrierRating-Overall"": ""5""
              }
            ]
          },
          ""vehicle_description"": ""2018 Mercedes-Benz C-Class 4 DR RWD"",
          ""vehicle_id"": 12470
        },
        {
          ""safety_ratings"": {
            ""Count"": 1,
            ""Message"": ""Results returned successfully"",
            ""Results"": [
              {
                ""ComplaintsCount"": 127,
                ""FrontCrashDriversideRating"": ""Not Rated"",
                ""FrontCrashPassengersideRating"": ""Not Rated"",
                ""InvestigationCount"": 3,
                ""Make"": ""MERCEDES-BENZ"",
                ""Model"": ""C-CLASS"",
                ""ModelYear"": 2018,
                ""NHTSAElectronicStabilityControl"": ""Standard"",
                ""NHTSAForwardCollisionWarning"": ""Optional"",
                ""NHTSALaneDepartureWarning"": ""Optional"",
                ""OverallFrontCrashRating"": ""Not Rated"",
                ""OverallRating"": ""Not Rated"",
                ""OverallSideCrashRating"": ""Not Rated"",
                ""RecallsCount"": 19,
                ""RolloverPossibility"": 0,
                ""RolloverPossibility2"": 0,
                ""RolloverRating"": ""Not Rated"",
                ""RolloverRating2"": ""Not Rated"",
                ""SideCrashDriversideRating"": ""Not Rated"",
                ""SideCrashPassengersideRating"": ""Not Rated"",
                ""SidePoleCrashRating"": ""Not Rated"",
                ""VehicleDescription"": ""2018 Mercedes-Benz C-Class 2 DR RWD"",
                ""VehicleId"": 12469,
                ""combinedSideBarrierAndPoleRating-Front"": ""Not Rated"",
                ""combinedSideBarrierAndPoleRating-Rear"": ""Not Rated"",
                ""dynamicTipResult"": "" "",
                ""sideBarrierRating-Overall"": ""Not Rated""
              }
            ]
          },
          ""vehicle_description"": ""2018 Mercedes-Benz C-Class 2 DR RWD"",
          ""vehicle_id"": 12469
        },
        {
          ""safety_ratings"": {
            ""Count"": 1,
            ""Message"": ""Results returned successfully"",
            ""Results"": [
              {
                ""ComplaintsCount"": 127,
                ""FrontCrashDriversideRating"": ""Not Rated"",
                ""FrontCrashPassengersideRating"": ""Not Rated"",
                ""InvestigationCount"": 3,
                ""Make"": ""MERCEDES-BENZ"",
                ""Model"": ""C-CLASS"",
                ""ModelYear"": 2018,
                ""NHTSAElectronicStabilityControl"": ""Standard"",
                ""NHTSAForwardCollisionWarning"": ""Optional"",
                ""NHTSALaneDepartureWarning"": ""Optional"",
                ""OverallFrontCrashRating"": ""Not Rated"",
                ""OverallRating"": ""Not Rated"",
                ""OverallSideCrashRating"": ""Not Rated"",
                ""RecallsCount"": 19,
                ""RolloverPossibility"": 0,
                ""RolloverPossibility2"": 0,
                ""RolloverRating"": ""Not Rated"",
                ""RolloverRating2"": ""Not Rated"",
                ""SideCrashDriversideRating"": ""Not Rated"",
                ""SideCrashPassengersideRating"": ""Not Rated"",
                ""SidePoleCrashRating"": ""Not Rated"",
                ""VehicleDescription"": ""2018 Mercedes-Benz C-Class 2 DR 4WD"",
                ""VehicleId"": 12468,
                ""combinedSideBarrierAndPoleRating-Front"": ""Not Rated"",
                ""combinedSideBarrierAndPoleRating-Rear"": ""Not Rated"",
                ""dynamicTipResult"": "" "",
                ""sideBarrierRating-Overall"": ""Not Rated""
              }
            ]
          },
          ""vehicle_description"": ""2018 Mercedes-Benz C-Class 2 DR 4WD"",
          ""vehicle_id"": 12468
        },
        {
          ""safety_ratings"": {
            ""Count"": 1,
            ""Message"": ""Results returned successfully"",
            ""Results"": [
              {
                ""ComplaintsCount"": 127,
                ""FrontCrashDriversideRating"": ""Not Rated"",
                ""FrontCrashPassengersideRating"": ""Not Rated"",
                ""InvestigationCount"": 3,
                ""Make"": ""MERCEDES-BENZ"",
                ""Model"": ""C-CLASS"",
                ""ModelYear"": 2018,
                ""NHTSAElectronicStabilityControl"": ""Standard"",
                ""NHTSAForwardCollisionWarning"": ""Optional"",
                ""NHTSALaneDepartureWarning"": ""Optional"",
                ""OverallFrontCrashRating"": ""Not Rated"",
                ""OverallRating"": ""Not Rated"",
                ""OverallSideCrashRating"": ""Not Rated"",
                ""RecallsCount"": 19,
                ""RolloverPossibility"": 0,
                ""RolloverPossibility2"": 0,
                ""RolloverRating"": ""Not Rated"",
                ""RolloverRating2"": ""Not Rated"",
                ""SideCrashDriversideRating"": ""Not Rated"",
                ""SideCrashPassengersideRating"": ""Not Rated"",
                ""SidePoleCrashRating"": ""Not Rated"",
                ""VehicleDescription"": ""2018 Mercedes-Benz C-Class C RWD"",
                ""VehicleId"": 12467,
                ""combinedSideBarrierAndPoleRating-Front"": ""Not Rated"",
                ""combinedSideBarrierAndPoleRating-Rear"": ""Not Rated"",
                ""dynamicTipResult"": "" "",
                ""sideBarrierRating-Overall"": ""Not Rated""
              }
            ]
          },
          ""vehicle_description"": ""2018 Mercedes-Benz C-Class C RWD"",
          ""vehicle_id"": 12467
        },
        {
          ""safety_ratings"": {
            ""Count"": 1,
            ""Message"": ""Results returned successfully"",
            ""Results"": [
              {
                ""ComplaintsCount"": 127,
                ""FrontCrashDriversideRating"": ""Not Rated"",
                ""FrontCrashPassengersideRating"": ""Not Rated"",
                ""InvestigationCount"": 3,
                ""Make"": ""MERCEDES-BENZ"",
                ""Model"": ""C-CLASS"",
                ""ModelYear"": 2018,
                ""NHTSAElectronicStabilityControl"": ""Standard"",
                ""NHTSAForwardCollisionWarning"": ""Optional"",
                ""NHTSALaneDepartureWarning"": ""Optional"",
                ""OverallFrontCrashRating"": ""Not Rated"",
                ""OverallRating"": ""Not Rated"",
                ""OverallSideCrashRating"": ""Not Rated"",
                ""RecallsCount"": 19,
                ""RolloverPossibility"": 0,
                ""RolloverPossibility2"": 0,
                ""RolloverRating"": ""Not Rated"",
                ""RolloverRating2"": ""Not Rated"",
                ""SideCrashDriversideRating"": ""Not Rated"",
                ""SideCrashPassengersideRating"": ""Not Rated"",
                ""SidePoleCrashRating"": ""Not Rated"",
                ""VehicleDescription"": ""2018 Mercedes-Benz C-Class C 4WD"",
                ""VehicleId"": 12466,
                ""combinedSideBarrierAndPoleRating-Front"": ""Not Rated"",
                ""combinedSideBarrierAndPoleRating-Rear"": ""Not Rated"",
                ""dynamicTipResult"": "" "",
                ""sideBarrierRating-Overall"": ""Not Rated""
              }
            ]
          },
          ""vehicle_description"": ""2018 Mercedes-Benz C-Class C 4WD"",
          ""vehicle_id"": 12466
        }
      ]
    },
    {
      ""source"": {
        ""model_year"": 2018,
        ""nhtsa_model"": ""CL-CLASS"",
        ""uk_model"": "" CL Class""
      },
      ""vehicle_count"": 0,
      ""vehicles"": []
    },
    {
      ""source"": {
        ""model_year"": 2018,
        ""nhtsa_model"": ""CLA-CLASS"",
        ""uk_model"": "" CLA Class""
      },
      ""vehicle_count"": 2,
      ""vehicles"": [
        {
          ""safety_ratings"": {
            ""Count"": 1,
            ""Message"": ""Results returned successfully"",
            ""Results"": [
              {
                ""ComplaintsCount"": 45,
                ""FrontCrashDriversideRating"": ""Not Rated"",
                ""FrontCrashPassengersideRating"": ""Not Rated"",
                ""InvestigationCount"": 2,
                ""Make"": ""MERCEDES-BENZ"",
                ""Model"": ""CLA-CLASS"",
                ""ModelYear"": 2018,
                ""NHTSAElectronicStabilityControl"": ""Standard"",
                ""NHTSAForwardCollisionWarning"": ""Optional"",
                ""NHTSALaneDepartureWarning"": ""Optional"",
                ""OverallFrontCrashRating"": ""Not Rated"",
                ""OverallRating"": ""Not Rated"",
                ""OverallSideCrashRating"": ""Not Rated"",
                ""RecallsCount"": 10,
                ""RolloverPossibility"": 0,
                ""RolloverPossibility2"": 0,
                ""RolloverRating"": ""Not Rated"",
                ""RolloverRating2"": ""Not Rated"",
                ""SideCrashDriversideRating"": ""Not Rated"",
                ""SideCrashPassengersideRating"": ""Not Rated"",
                ""SidePoleCrashRating"": ""Not Rated"",
                ""VehicleDescription"": ""2018 Mercedes-Benz CLA-Class 4 DR 4WD"",
                ""VehicleId"": 12489,
                ""combinedSideBarrierAndPoleRating-Front"": ""Not Rated"",
                ""combinedSideBarrierAndPoleRating-Rear"": ""Not Rated"",
                ""dynamicTipResult"": "" "",
                ""sideBarrierRating-Overall"": ""Not Rated""
              }
            ]
          },
          ""vehicle_description"": ""2018 Mercedes-Benz CLA-Class 4 DR 4WD"",
          ""vehicle_id"": 12489
        },
        {
          ""safety_ratings"": {
            ""Count"": 1,
            ""Message"": ""Results returned successfully"",
            ""Results"": [
              {
                ""ComplaintsCount"": 45,
                ""FrontCrashDriversideRating"": ""Not Rated"",
                ""FrontCrashPassengersideRating"": ""Not Rated"",
                ""InvestigationCount"": 2,
                ""Make"": ""MERCEDES-BENZ"",
                ""Model"": ""CLA-CLASS"",
                ""ModelYear"": 2018,
                ""NHTSAElectronicStabilityControl"": ""Standard"",
                ""NHTSAForwardCollisionWarning"": ""Optional"",
                ""NHTSALaneDepartureWarning"": ""Optional"",
                ""OverallFrontCrashRating"": ""Not Rated"",
                ""OverallRating"": ""Not Rated"",
                ""OverallSideCrashRating"": ""Not Rated"",
                ""RecallsCount"": 10,
                ""RolloverPossibility"": 0,
                ""RolloverPossibility2"": 0,
                ""RolloverRating"": ""Not Rated"",
                ""RolloverRating2"": ""Not Rated"",
                ""SideCrashDriversideRating"": ""Not Rated"",
                ""SideCrashPassengersideRating"": ""Not Rated"",
                ""SidePoleCrashRating"": ""Not Rated"",
                ""VehicleDescription"": ""2018 Mercedes-Benz CLA-Class 4 DR FWD"",
                ""VehicleId"": 12488,
                ""combinedSideBarrierAndPoleRating-Front"": ""Not Rated"",
                ""combinedSideBarrierAndPoleRating-Rear"": ""Not Rated"",
                ""dynamicTipResult"": "" "",
                ""sideBarrierRating-Overall"": ""Not Rated""
              }
            ]
          },
          ""vehicle_description"": ""2018 Mercedes-Benz CLA-Class 4 DR FWD"",
          ""vehicle_id"": 12488
        }
      ]
    },
    {
      ""source"": {
        ""model_year"": 2018,
        ""nhtsa_model"": ""CLS-CLASS"",
        ""uk_model"": "" CLS Class""
      },
      ""vehicle_count"": 2,
      ""vehicles"": [
        {
          ""safety_ratings"": {
            ""Count"": 1,
            ""Message"": ""Results returned successfully"",
            ""Results"": [
              {
                ""ComplaintsCount"": 0,
                ""FrontCrashDriversideRating"": ""Not Rated"",
                ""FrontCrashPassengersideRating"": ""Not Rated"",
                ""InvestigationCount"": 1,
                ""Make"": ""MERCEDES-BENZ"",
                ""Model"": ""CLS-CLASS"",
                ""ModelYear"": 2018,
                ""NHTSAElectronicStabilityControl"": ""Standard"",
                ""NHTSAForwardCollisionWarning"": ""Optional"",
                ""NHTSALaneDepartureWarning"": ""Optional"",
                ""OverallFrontCrashRating"": ""Not Rated"",
                ""OverallRating"": ""Not Rated"",
                ""OverallSideCrashRating"": ""Not Rated"",
                ""RecallsCount"": 1,
                ""RolloverPossibility"": 0,
                ""RolloverPossibility2"": 0,
                ""RolloverRating"": ""Not Rated"",
                ""RolloverRating2"": ""Not Rated"",
                ""SideCrashDriversideRating"": ""Not Rated"",
                ""SideCrashPassengersideRating"": ""Not Rated"",
                ""SidePoleCrashRating"": ""Not Rated"",
                ""VehicleDescription"": ""2018 Mercedes-Benz CLS-Class 4 DR 4WD"",
                ""VehicleId"": 12481,
                ""combinedSideBarrierAndPoleRating-Front"": ""Not Rated"",
                ""combinedSideBarrierAndPoleRating-Rear"": ""Not Rated"",
                ""dynamicTipResult"": "" "",
                ""sideBarrierRating-Overall"": ""Not Rated""
              }
            ]
          },
          ""vehicle_description"": ""2018 Mercedes-Benz CLS-Class 4 DR 4WD"",
          ""vehicle_id"": 12481
        },
        {
          ""safety_ratings"": {
            ""Count"": 1,
            ""Message"": ""Results returned successfully"",
            ""Results"": [
              {
                ""ComplaintsCount"": 0,
                ""FrontCrashDriversideRating"": ""Not Rated"",
                ""FrontCrashPassengersideRating"": ""Not Rated"",
                ""InvestigationCount"": 1,
                ""Make"": ""MERCEDES-BENZ"",
                ""Model"": ""CLS-CLASS"",
                ""ModelYear"": 2018,
                ""NHTSAElectronicStabilityControl"": ""Standard"",
                ""NHTSAForwardCollisionWarning"": ""Optional"",
                ""NHTSALaneDepartureWarning"": ""Optional"",
                ""OverallFrontCrashRating"": ""Not Rated"",
                ""OverallRating"": ""Not Rated"",
                ""OverallSideCrashRating"": ""Not Rated"",
                ""RecallsCount"": 1,
                ""RolloverPossibility"": 0,
                ""RolloverPossibility2"": 0,
                ""RolloverRating"": ""Not Rated"",
                ""RolloverRating2"": ""Not Rated"",
                ""SideCrashDriversideRating"": ""Not Rated"",
                ""SideCrashPassengersideRating"": ""Not Rated"",
                ""SidePoleCrashRating"": ""Not Rated"",
                ""VehicleDescription"": ""2018 Mercedes-Benz CLS-Class 4 DR RWD"",
                ""VehicleId"": 12480,
                ""combinedSideBarrierAndPoleRating-Front"": ""Not Rated"",
                ""combinedSideBarrierAndPoleRating-Rear"": ""Not Rated"",
                ""dynamicTipResult"": "" "",
                ""sideBarrierRating-Overall"": ""Not Rated""
              }
            ]
          },
          ""vehicle_description"": ""2018 Mercedes-Benz CLS-Class 4 DR RWD"",
          ""vehicle_id"": 12480
        }
      ]
    },
    {
      ""source"": {
        ""model_year"": 2018,
        ""nhtsa_model"": ""E-CLASS"",
        ""uk_model"": "" E Class""
      },
      ""vehicle_count"": 8,
      ""vehicles"": [
        {
          ""safety_ratings"": {
            ""Count"": 1,
            ""Message"": ""Results returned successfully"",
            ""Results"": [
              {
                ""ComplaintsCount"": 66,
                ""FrontCrashDriversideRating"": ""Not Rated"",
                ""FrontCrashPassengersideRating"": ""Not Rated"",
                ""InvestigationCount"": 0,
                ""Make"": ""MERCEDES-BENZ"",
                ""Model"": ""E-CLASS"",
                ""ModelYear"": 2018,
                ""NHTSAElectronicStabilityControl"": ""Standard"",
                ""NHTSAForwardCollisionWarning"": ""Standard"",
                ""NHTSALaneDepartureWarning"": ""Optional"",
                ""OverallFrontCrashRating"": ""Not Rated"",
                ""OverallRating"": ""Not Rated"",
                ""OverallSideCrashRating"": ""Not Rated"",
                ""RecallsCount"": 18,
                ""RolloverPossibility"": 0,
                ""RolloverPossibility2"": 0,
                ""RolloverRating"": ""Not Rated"",
                ""RolloverRating2"": ""Not Rated"",
                ""SideCrashDriversideRating"": ""Not Rated"",
                ""SideCrashPassengersideRating"": ""Not Rated"",
                ""SidePoleCrashRating"": ""Not Rated"",
                ""VehicleDescription"": ""2018 Mercedes-Benz E-Class C RWD"",
                ""VehicleId"": 12479,
                ""combinedSideBarrierAndPoleRating-Front"": ""Not Rated"",
                ""combinedSideBarrierAndPoleRating-Rear"": ""Not Rated"",
                ""dynamicTipResult"": "" "",
                ""sideBarrierRating-Overall"": ""Not Rated""
              }
            ]
          },
          ""vehicle_description"": ""2018 Mercedes-Benz E-Class C RWD"",
          ""vehicle_id"": 12479
        },
        {
          ""safety_ratings"": {
            ""Count"": 1,
            ""Message"": ""Results returned successfully"",
            ""Results"": [
              {
                ""ComplaintsCount"": 66,
                ""FrontCrashDriversideRating"": ""Not Rated"",
                ""FrontCrashPassengersideRating"": ""Not Rated"",
                ""InvestigationCount"": 0,
                ""Make"": ""MERCEDES-BENZ"",
                ""Model"": ""E-CLASS"",
                ""ModelYear"": 2018,
                ""NHTSAElectronicStabilityControl"": ""Standard"",
                ""NHTSAForwardCollisionWarning"": ""Standard"",
                ""NHTSALaneDepartureWarning"": ""Optional"",
                ""OverallFrontCrashRating"": ""Not Rated"",
                ""OverallRating"": ""Not Rated"",
                ""OverallSideCrashRating"": ""Not Rated"",
                ""RecallsCount"": 18,
                ""RolloverPossibility"": 0,
                ""RolloverPossibility2"": 0,
                ""RolloverRating"": ""Not Rated"",
                ""RolloverRating2"": ""Not Rated"",
                ""SideCrashDriversideRating"": ""Not Rated"",
                ""SideCrashPassengersideRating"": ""Not Rated"",
                ""SidePoleCrashRating"": ""Not Rated"",
                ""VehicleDescription"": ""2018 Mercedes-Benz E-Class C 4WD"",
                ""VehicleId"": 12478,
                ""combinedSideBarrierAndPoleRating-Front"": ""Not Rated"",
                ""combinedSideBarrierAndPoleRating-Rear"": ""Not Rated"",
                ""dynamicTipResult"": "" "",
                ""sideBarrierRating-Overall"": ""Not Rated""
              }
            ]
          },
          ""vehicle_description"": ""2018 Mercedes-Benz E-Class C 4WD"",
          ""vehicle_id"": 12478
        },
        {
          ""safety_ratings"": {
            ""Count"": 1,
            ""Message"": ""Results returned successfully"",
            ""Results"": [
              {
                ""ComplaintsCount"": 66,
                ""FrontCrashDriversideRating"": ""5"",
                ""FrontCrashPassengersideRating"": ""5"",
                ""FrontCrashPicture"": ""https://static.nhtsa.gov/crashTest/images/2018/v09991P086.jpg"",
                ""FrontCrashVideo"": ""https://static.nhtsa.gov/crashTest/videos/2018/v09991C019.wmv"",
                ""InvestigationCount"": 0,
                ""Make"": ""MERCEDES-BENZ"",
                ""Model"": ""E-CLASS"",
                ""ModelYear"": 2018,
                ""NHTSAElectronicStabilityControl"": ""Standard"",
                ""NHTSAForwardCollisionWarning"": ""Standard"",
                ""NHTSALaneDepartureWarning"": ""Optional"",
                ""OverallFrontCrashRating"": ""5"",
                ""OverallRating"": ""5"",
                ""OverallSideCrashRating"": ""5"",
                ""RecallsCount"": 18,
                ""RolloverPossibility"": 0.097,
                ""RolloverPossibility2"": 0,
                ""RolloverRating"": ""5"",
                ""RolloverRating2"": ""Not Rated"",
                ""SideCrashDriversideRating"": ""5"",
                ""SideCrashPassengersideRating"": ""5"",
                ""SideCrashPicture"": ""https://static.nhtsa.gov/crashTest/images/2018/v09996P105.jpg"",
                ""SideCrashVideo"": ""https://static.nhtsa.gov/crashTest/videos/2018/v09996C011.wmv"",
                ""SidePoleCrashRating"": ""5"",
                ""SidePolePicture"": ""https://static.nhtsa.gov/crashTest/images/2018/v09994P072.jpg"",
                ""SidePoleVideo"": ""https://static.nhtsa.gov/crashTest/videos/2018/v09994C013.wmv"",
                ""VehicleDescription"": ""2018 Mercedes-Benz E-Class 4 DR 4WD"",
                ""VehicleId"": 12477,
                ""combinedSideBarrierAndPoleRating-Front"": ""5"",
                ""combinedSideBarrierAndPoleRating-Rear"": ""5"",
                ""dynamicTipResult"": ""No Tip"",
                ""sideBarrierRating-Overall"": ""5""
              }
            ]
          },
          ""vehicle_description"": ""2018 Mercedes-Benz E-Class 4 DR 4WD"",
          ""vehicle_id"": 12477
        },
        {
          ""safety_ratings"": {
            ""Count"": 1,
            ""Message"": ""Results returned successfully"",
            ""Results"": [
              {
                ""ComplaintsCount"": 66,
                ""FrontCrashDriversideRating"": ""5"",
                ""FrontCrashPassengersideRating"": ""5"",
                ""FrontCrashPicture"": ""https://static.nhtsa.gov/crashTest/images/2018/v09991P086.jpg"",
                ""FrontCrashVideo"": ""https://static.nhtsa.gov/crashTest/videos/2018/v09991C019.wmv"",
                ""InvestigationCount"": 0,
                ""Make"": ""MERCEDES-BENZ"",
                ""Model"": ""E-CLASS"",
                ""ModelYear"": 2018,
                ""NHTSAElectronicStabilityControl"": ""Standard"",
                ""NHTSAForwardCollisionWarning"": ""Standard"",
                ""NHTSALaneDepartureWarning"": ""Optional"",
                ""OverallFrontCrashRating"": ""5"",
                ""OverallRating"": ""5"",
                ""OverallSideCrashRating"": ""5"",
                ""RecallsCount"": 18,
                ""RolloverPossibility"": 0.097,
                ""RolloverPossibility2"": 0,
                ""RolloverRating"": ""5"",
                ""RolloverRating2"": ""Not Rated"",
                ""SideCrashDriversideRating"": ""5"",
                ""SideCrashPassengersideRating"": ""5"",
                ""SideCrashPicture"": ""https://static.nhtsa.gov/crashTest/images/2018/v09996P105.jpg"",
                ""SideCrashVideo"": ""https://static.nhtsa.gov/crashTest/videos/2018/v09996C011.wmv"",
                ""SidePoleCrashRating"": ""5"",
                ""SidePolePicture"": ""https://static.nhtsa.gov/crashTest/images/2018/v09994P072.jpg"",
                ""SidePoleVideo"": ""https://static.nhtsa.gov/crashTest/videos/2018/v09994C013.wmv"",
                ""VehicleDescription"": ""2018 Mercedes-Benz E-Class 4 DR RWD"",
                ""VehicleId"": 12476,
                ""combinedSideBarrierAndPoleRating-Front"": ""5"",
                ""combinedSideBarrierAndPoleRating-Rear"": ""5"",
                ""dynamicTipResult"": "" "",
                ""sideBarrierRating-Overall"": ""5""
              }
            ]
          },
          ""vehicle_description"": ""2018 Mercedes-Benz E-Class 4 DR RWD"",
          ""vehicle_id"": 12476
        },
        {
          ""safety_ratings"": {
            ""Count"": 1,
            ""Message"": ""Results returned successfully"",
            ""Results"": [
              {
                ""ComplaintsCount"": 66,
                ""FrontCrashDriversideRating"": ""5"",
                ""FrontCrashPassengersideRating"": ""5"",
                ""InvestigationCount"": 0,
                ""Make"": ""MERCEDES-BENZ"",
                ""Model"": ""E-CLASS"",
                ""ModelYear"": 2018,
                ""NHTSAElectronicStabilityControl"": ""Standard"",
                ""NHTSAForwardCollisionWarning"": ""Standard"",
                ""NHTSALaneDepartureWarning"": ""Optional"",
                ""OverallFrontCrashRating"": ""5"",
                ""OverallRating"": ""5"",
                ""OverallSideCrashRating"": ""5"",
                ""RecallsCount"": 18,
                ""RolloverPossibility"": 0.097,
                ""RolloverPossibility2"": 0,
                ""RolloverRating"": ""5"",
                ""RolloverRating2"": ""Not Rated"",
                ""SideCrashDriversideRating"": ""5"",
                ""SideCrashPassengersideRating"": ""5"",
                ""SidePoleCrashRating"": ""5"",
                ""VehicleDescription"": ""2018 Mercedes-Benz E-CLASS SW 4WD"",
                ""VehicleId"": 12475,
                ""combinedSideBarrierAndPoleRating-Front"": ""5"",
                ""combinedSideBarrierAndPoleRating-Rear"": ""5"",
                ""dynamicTipResult"": ""No Tip"",
                ""sideBarrierRating-Overall"": ""5""
              }
            ]
          },
          ""vehicle_description"": ""2018 Mercedes-Benz E-CLASS SW 4WD"",
          ""vehicle_id"": 12475
        },
        {
          ""safety_ratings"": {
            ""Count"": 1,
            ""Message"": ""Results returned successfully"",
            ""Results"": [
              {
                ""ComplaintsCount"": 66,
                ""FrontCrashDriversideRating"": ""5"",
                ""FrontCrashPassengersideRating"": ""5"",
                ""InvestigationCount"": 0,
                ""Make"": ""MERCEDES-BENZ"",
                ""Model"": ""E-CLASS"",
                ""ModelYear"": 2018,
                ""NHTSAElectronicStabilityControl"": ""Standard"",
                ""NHTSAForwardCollisionWarning"": ""Standard"",
                ""NHTSALaneDepartureWarning"": ""Optional"",
                ""OverallFrontCrashRating"": ""5"",
                ""OverallRating"": ""5"",
                ""OverallSideCrashRating"": ""5"",
                ""RecallsCount"": 18,
                ""RolloverPossibility"": 0.097,
                ""RolloverPossibility2"": 0,
                ""RolloverRating"": ""5"",
                ""RolloverRating2"": ""Not Rated"",
                ""SideCrashDriversideRating"": ""5"",
                ""SideCrashPassengersideRating"": ""5"",
                ""SidePoleCrashRating"": ""5"",
                ""VehicleDescription"": ""2018 Mercedes-Benz E-CLASS SW RWD"",
                ""VehicleId"": 12474,
                ""combinedSideBarrierAndPoleRating-Front"": ""5"",
                ""combinedSideBarrierAndPoleRating-Rear"": ""5"",
                ""dynamicTipResult"": "" "",
                ""sideBarrierRating-Overall"": ""5""
              }
            ]
          },
          ""vehicle_description"": ""2018 Mercedes-Benz E-CLASS SW RWD"",
          ""vehicle_id"": 12474
        },
        {
          ""safety_ratings"": {
            ""Count"": 1,
            ""Message"": ""Results returned successfully"",
            ""Results"": [
              {
                ""ComplaintsCount"": 66,
                ""FrontCrashDriversideRating"": ""Not Rated"",
                ""FrontCrashPassengersideRating"": ""Not Rated"",
                ""InvestigationCount"": 0,
                ""Make"": ""MERCEDES-BENZ"",
                ""Model"": ""E-CLASS"",
                ""ModelYear"": 2018,
                ""NHTSAElectronicStabilityControl"": ""Standard"",
                ""NHTSAForwardCollisionWarning"": ""Standard"",
                ""NHTSALaneDepartureWarning"": ""Optional"",
                ""OverallFrontCrashRating"": ""Not Rated"",
                ""OverallRating"": ""Not Rated"",
                ""OverallSideCrashRating"": ""Not Rated"",
                ""RecallsCount"": 18,
                ""RolloverPossibility"": 0,
                ""RolloverPossibility2"": 0,
                ""RolloverRating"": ""Not Rated"",
                ""RolloverRating2"": ""Not Rated"",
                ""SideCrashDriversideRating"": ""Not Rated"",
                ""SideCrashPassengersideRating"": ""Not Rated"",
                ""SidePoleCrashRating"": ""Not Rated"",
                ""VehicleDescription"": ""2018 Mercedes-Benz E-Class 2 DR RWD"",
                ""VehicleId"": 12473,
                ""combinedSideBarrierAndPoleRating-Front"": ""Not Rated"",
                ""combinedSideBarrierAndPoleRating-Rear"": ""Not Rated"",
                ""dynamicTipResult"": "" "",
                ""sideBarrierRating-Overall"": ""Not Rated""
              }
            ]
          },
          ""vehicle_description"": ""2018 Mercedes-Benz E-Class 2 DR RWD"",
          ""vehicle_id"": 12473
        },
        {
          ""safety_ratings"": {
            ""Count"": 1,
            ""Message"": ""Results returned successfully"",
            ""Results"": [
              {
                ""ComplaintsCount"": 66,
                ""FrontCrashDriversideRating"": ""Not Rated"",
                ""FrontCrashPassengersideRating"": ""Not Rated"",
                ""InvestigationCount"": 0,
                ""Make"": ""MERCEDES-BENZ"",
                ""Model"": ""E-CLASS"",
                ""ModelYear"": 2018,
                ""NHTSAElectronicStabilityControl"": ""Standard"",
                ""NHTSAForwardCollisionWarning"": ""Standard"",
                ""NHTSALaneDepartureWarning"": ""Optional"",
                ""OverallFrontCrashRating"": ""Not Rated"",
                ""OverallRating"": ""Not Rated"",
                ""OverallSideCrashRating"": ""Not Rated"",
                ""RecallsCount"": 18,
                ""RolloverPossibility"": 0,
                ""RolloverPossibility2"": 0,
                ""RolloverRating"": ""Not Rated"",
                ""RolloverRating2"": ""Not Rated"",
                ""SideCrashDriversideRating"": ""Not Rated"",
                ""SideCrashPassengersideRating"": ""Not Rated"",
                ""SidePoleCrashRating"": ""Not Rated"",
                ""VehicleDescription"": ""2018 Mercedes-Benz E-Class 2 DR 4WD"",
                ""VehicleId"": 12472,
                ""combinedSideBarrierAndPoleRating-Front"": ""Not Rated"",
                ""combinedSideBarrierAndPoleRating-Rear"": ""Not Rated"",
                ""dynamicTipResult"": "" "",
                ""sideBarrierRating-Overall"": ""Not Rated""
              }
            ]
          },
          ""vehicle_description"": ""2018 Mercedes-Benz E-Class 2 DR 4WD"",
          ""vehicle_id"": 12472
        }
      ]
    },
    {
      ""source"": {
        ""model_year"": 2018,
        ""nhtsa_model"": ""G-CLASS"",
        ""uk_model"": "" G Class""
      },
      ""vehicle_count"": 1,
      ""vehicles"": [
        {
          ""safety_ratings"": {
            ""Count"": 1,
            ""Message"": ""Results returned successfully"",
            ""Results"": [
              {
                ""ComplaintsCount"": 0,
                ""FrontCrashDriversideRating"": ""Not Rated"",
                ""FrontCrashPassengersideRating"": ""Not Rated"",
                ""InvestigationCount"": 0,
                ""Make"": ""MERCEDES-BENZ"",
                ""Model"": ""G-CLASS"",
                ""ModelYear"": 2018,
                ""NHTSAElectronicStabilityControl"": ""Standard"",
                ""NHTSAForwardCollisionWarning"": ""No"",
                ""NHTSALaneDepartureWarning"": ""No"",
                ""OverallFrontCrashRating"": ""Not Rated"",
                ""OverallRating"": ""Not Rated"",
                ""OverallSideCrashRating"": ""Not Rated"",
                ""RecallsCount"": 1,
                ""RolloverPossibility"": 0,
                ""RolloverPossibility2"": 0,
                ""RolloverRating"": ""Not Rated"",
                ""RolloverRating2"": ""Not Rated"",
                ""SideCrashDriversideRating"": ""Not Rated"",
                ""SideCrashPassengersideRating"": ""Not Rated"",
                ""SidePoleCrashRating"": ""Not Rated"",
                ""VehicleDescription"": ""2018 Mercedes-Benz G-Class SUV AWD"",
                ""VehicleId"": 12500,
                ""combinedSideBarrierAndPoleRating-Front"": ""Not Rated"",
                ""combinedSideBarrierAndPoleRating-Rear"": ""Not Rated"",
                ""dynamicTipResult"": "" "",
                ""sideBarrierRating-Overall"": ""Not Rated""
              }
            ]
          },
          ""vehicle_description"": ""2018 Mercedes-Benz G-Class SUV AWD"",
          ""vehicle_id"": 12500
        }
      ]
    },
    {
      ""source"": {
        ""model_year"": 2018,
        ""nhtsa_model"": ""GL-CLASS"",
        ""uk_model"": "" GL Class""
      },
      ""vehicle_count"": 0,
      ""vehicles"": []
    },
    {
      ""source"": {
        ""model_year"": 2018,
        ""nhtsa_model"": ""GLA-CLASS"",
        ""uk_model"": "" GLA Class""
      },
      ""vehicle_count"": 2,
      ""vehicles"": [
        {
          ""safety_ratings"": {
            ""Count"": 1,
            ""Message"": ""Results returned successfully"",
            ""Results"": [
              {
                ""ComplaintsCount"": 49,
                ""FrontCrashDriversideRating"": ""Not Rated"",
                ""FrontCrashPassengersideRating"": ""Not Rated"",
                ""InvestigationCount"": 2,
                ""Make"": ""MERCEDES-BENZ"",
                ""Model"": ""GLA-CLASS"",
                ""ModelYear"": 2018,
                ""NHTSAElectronicStabilityControl"": ""Standard"",
                ""NHTSAForwardCollisionWarning"": ""Optional"",
                ""NHTSALaneDepartureWarning"": ""Optional"",
                ""OverallFrontCrashRating"": ""Not Rated"",
                ""OverallRating"": ""Not Rated"",
                ""OverallSideCrashRating"": ""Not Rated"",
                ""RecallsCount"": 12,
                ""RolloverPossibility"": 0,
                ""RolloverPossibility2"": 0,
                ""RolloverRating"": ""Not Rated"",
                ""RolloverRating2"": ""Not Rated"",
                ""SideCrashDriversideRating"": ""Not Rated"",
                ""SideCrashPassengersideRating"": ""Not Rated"",
                ""SidePoleCrashRating"": ""Not Rated"",
                ""VehicleDescription"": ""2018 Mercedes-Benz GLA-Class 4 DR FWD"",
                ""VehicleId"": 12491,
                ""combinedSideBarrierAndPoleRating-Front"": ""Not Rated"",
                ""combinedSideBarrierAndPoleRating-Rear"": ""Not Rated"",
                ""dynamicTipResult"": "" "",
                ""sideBarrierRating-Overall"": ""Not Rated""
              }
            ]
          },
          ""vehicle_description"": ""2018 Mercedes-Benz GLA-Class 4 DR FWD"",
          ""vehicle_id"": 12491
        },
        {
          ""safety_ratings"": {
            ""Count"": 1,
            ""Message"": ""Results returned successfully"",
            ""Results"": [
              {
                ""ComplaintsCount"": 49,
                ""FrontCrashDriversideRating"": ""Not Rated"",
                ""FrontCrashPassengersideRating"": ""Not Rated"",
                ""InvestigationCount"": 2,
                ""Make"": ""MERCEDES-BENZ"",
                ""Model"": ""GLA-CLASS"",
                ""ModelYear"": 2018,
                ""NHTSAElectronicStabilityControl"": ""Standard"",
                ""NHTSAForwardCollisionWarning"": ""Optional"",
                ""NHTSALaneDepartureWarning"": ""Optional"",
                ""OverallFrontCrashRating"": ""Not Rated"",
                ""OverallRating"": ""Not Rated"",
                ""OverallSideCrashRating"": ""Not Rated"",
                ""RecallsCount"": 12,
                ""RolloverPossibility"": 0,
                ""RolloverPossibility2"": 0,
                ""RolloverRating"": ""Not Rated"",
                ""RolloverRating2"": ""Not Rated"",
                ""SideCrashDriversideRating"": ""Not Rated"",
                ""SideCrashPassengersideRating"": ""Not Rated"",
                ""SidePoleCrashRating"": ""Not Rated"",
                ""VehicleDescription"": ""2018 Mercedes-Benz GLA-Class 4 DR 4WD"",
                ""VehicleId"": 12490,
                ""combinedSideBarrierAndPoleRating-Front"": ""Not Rated"",
                ""combinedSideBarrierAndPoleRating-Rear"": ""Not Rated"",
                ""dynamicTipResult"": "" "",
                ""sideBarrierRating-Overall"": ""Not Rated""
              }
            ]
          },
          ""vehicle_description"": ""2018 Mercedes-Benz GLA-Class 4 DR 4WD"",
          ""vehicle_id"": 12490
        }
      ]
    },
    {
      ""source"": {
        ""model_year"": 2018,
        ""nhtsa_model"": ""GLC-CLASS"",
        ""uk_model"": "" GLC Class""
      },
      ""vehicle_count"": 2,
      ""vehicles"": [
        {
          ""safety_ratings"": {
            ""Count"": 1,
            ""Message"": ""Results returned successfully"",
            ""Results"": [
              {
                ""ComplaintsCount"": 99,
                ""FrontCrashDriversideRating"": ""5"",
                ""FrontCrashPassengersideRating"": ""5"",
                ""FrontCrashPicture"": ""https://static.nhtsa.gov/crashTest/images/2018/v10189P082.jpg"",
                ""FrontCrashVideo"": ""https://static.nhtsa.gov/crashTest/videos/2018/v10189C007.wmv"",
                ""InvestigationCount"": 3,
                ""Make"": ""MERCEDES-BENZ"",
                ""Model"": ""GLC-CLASS"",
                ""ModelYear"": 2018,
                ""NHTSAElectronicStabilityControl"": ""Standard"",
                ""NHTSAForwardCollisionWarning"": ""Optional"",
                ""NHTSALaneDepartureWarning"": ""Optional"",
                ""OverallFrontCrashRating"": ""5"",
                ""OverallRating"": ""5"",
                ""OverallSideCrashRating"": ""5"",
                ""RecallsCount"": 15,
                ""RolloverPossibility"": 0.184,
                ""RolloverPossibility2"": 0,
                ""RolloverRating"": ""4"",
                ""RolloverRating2"": ""Not Rated"",
                ""SideCrashDriversideRating"": ""5"",
                ""SideCrashPassengersideRating"": ""5"",
                ""SideCrashPicture"": ""https://static.nhtsa.gov/crashTest/images/2018/v10190P105.jpg"",
                ""SideCrashVideo"": ""https://static.nhtsa.gov/crashTest/videos/2018/v10190C013.wmv"",
                ""SidePoleCrashRating"": ""5"",
                ""SidePolePicture"": ""https://static.nhtsa.gov/crashTest/images/2018/v10194P071.jpg"",
                ""SidePoleVideo"": ""https://static.nhtsa.gov/crashTest/videos/2018/v10194C014.wmv"",
                ""VehicleDescription"": ""2018 Mercedes-Benz GLC-Class SUV 4WD"",
                ""VehicleId"": 12493,
                ""combinedSideBarrierAndPoleRating-Front"": ""5"",
                ""combinedSideBarrierAndPoleRating-Rear"": ""5"",
                ""dynamicTipResult"": ""No Tip"",
                ""sideBarrierRating-Overall"": ""5""
              }
            ]
          },
          ""vehicle_description"": ""2018 Mercedes-Benz GLC-Class SUV 4WD"",
          ""vehicle_id"": 12493
        },
        {
          ""safety_ratings"": {
            ""Count"": 1,
            ""Message"": ""Results returned successfully"",
            ""Results"": [
              {
                ""ComplaintsCount"": 99,
                ""FrontCrashDriversideRating"": ""5"",
                ""FrontCrashPassengersideRating"": ""5"",
                ""FrontCrashPicture"": ""https://static.nhtsa.gov/crashTest/images/2018/v10189P082.jpg"",
                ""FrontCrashVideo"": ""https://static.nhtsa.gov/crashTest/videos/2018/v10189C007.wmv"",
                ""InvestigationCount"": 3,
                ""Make"": ""MERCEDES-BENZ"",
                ""Model"": ""GLC-CLASS"",
                ""ModelYear"": 2018,
                ""NHTSAElectronicStabilityControl"": ""Standard"",
                ""NHTSAForwardCollisionWarning"": ""Optional"",
                ""NHTSALaneDepartureWarning"": ""Optional"",
                ""OverallFrontCrashRating"": ""5"",
                ""OverallRating"": ""5"",
                ""OverallSideCrashRating"": ""5"",
                ""RecallsCount"": 15,
                ""RolloverPossibility"": 0.186,
                ""RolloverPossibility2"": 0,
                ""RolloverRating"": ""4"",
                ""RolloverRating2"": ""Not Rated"",
                ""SideCrashDriversideRating"": ""5"",
                ""SideCrashPassengersideRating"": ""5"",
                ""SideCrashPicture"": ""https://static.nhtsa.gov/crashTest/images/2018/v10190P105.jpg"",
                ""SideCrashVideo"": ""https://static.nhtsa.gov/crashTest/videos/2018/v10190C013.wmv"",
                ""SidePoleCrashRating"": ""5"",
                ""SidePolePicture"": ""https://static.nhtsa.gov/crashTest/images/2018/v10194P071.jpg"",
                ""SidePoleVideo"": ""https://static.nhtsa.gov/crashTest/videos/2018/v10194C014.wmv"",
                ""VehicleDescription"": ""2018 Mercedes-Benz GLC-Class SUV RWD"",
                ""VehicleId"": 12492,
                ""combinedSideBarrierAndPoleRating-Front"": ""5"",
                ""combinedSideBarrierAndPoleRating-Rear"": ""5"",
                ""dynamicTipResult"": ""No Tip"",
                ""sideBarrierRating-Overall"": ""5""
              }
            ]
          },
          ""vehicle_description"": ""2018 Mercedes-Benz GLC-Class SUV RWD"",
          ""vehicle_id"": 12492
        }
      ]
    },
    {
      ""source"": {
        ""model_year"": 2018,
        ""nhtsa_model"": ""GLE-CLASS"",
        ""uk_model"": "" GLE Class""
      },
      ""vehicle_count"": 2,
      ""vehicles"": [
        {
          ""safety_ratings"": {
            ""Count"": 1,
            ""Message"": ""Results returned successfully"",
            ""Results"": [
              {
                ""ComplaintsCount"": 56,
                ""FrontCrashDriversideRating"": ""Not Rated"",
                ""FrontCrashPassengersideRating"": ""Not Rated"",
                ""InvestigationCount"": 2,
                ""Make"": ""MERCEDES-BENZ"",
                ""Model"": ""GLE-CLASS"",
                ""ModelYear"": 2018,
                ""NHTSAElectronicStabilityControl"": ""Standard"",
                ""NHTSAForwardCollisionWarning"": ""Optional"",
                ""NHTSALaneDepartureWarning"": ""Optional"",
                ""OverallFrontCrashRating"": ""Not Rated"",
                ""OverallRating"": ""Not Rated"",
                ""OverallSideCrashRating"": ""Not Rated"",
                ""RecallsCount"": 9,
                ""RolloverPossibility"": 0.179,
                ""RolloverPossibility2"": 0,
                ""RolloverRating"": ""4"",
                ""RolloverRating2"": ""Not Rated"",
                ""SideCrashDriversideRating"": ""Not Rated"",
                ""SideCrashPassengersideRating"": ""Not Rated"",
                ""SidePoleCrashRating"": ""Not Rated"",
                ""VehicleDescription"": ""2018 Mercedes-Benz GLE-Class SUV 4WD"",
                ""VehicleId"": 12497,
                ""combinedSideBarrierAndPoleRating-Front"": ""Not Rated"",
                ""combinedSideBarrierAndPoleRating-Rear"": ""Not Rated"",
                ""dynamicTipResult"": ""No Tip"",
                ""sideBarrierRating-Overall"": ""Not Rated""
              }
            ]
          },
          ""vehicle_description"": ""2018 Mercedes-Benz GLE-Class SUV 4WD"",
          ""vehicle_id"": 12497
        },
        {
          ""safety_ratings"": {
            ""Count"": 1,
            ""Message"": ""Results returned successfully"",
            ""Results"": [
              {
                ""ComplaintsCount"": 56,
                ""FrontCrashDriversideRating"": ""Not Rated"",
                ""FrontCrashPassengersideRating"": ""Not Rated"",
                ""InvestigationCount"": 2,
                ""Make"": ""MERCEDES-BENZ"",
                ""Model"": ""GLE-CLASS"",
                ""ModelYear"": 2018,
                ""NHTSAElectronicStabilityControl"": ""Standard"",
                ""NHTSAForwardCollisionWarning"": ""Optional"",
                ""NHTSALaneDepartureWarning"": ""Optional"",
                ""OverallFrontCrashRating"": ""Not Rated"",
                ""OverallRating"": ""Not Rated"",
                ""OverallSideCrashRating"": ""Not Rated"",
                ""RecallsCount"": 9,
                ""RolloverPossibility"": 0.198,
                ""RolloverPossibility2"": 0,
                ""RolloverRating"": ""4"",
                ""RolloverRating2"": ""Not Rated"",
                ""SideCrashDriversideRating"": ""Not Rated"",
                ""SideCrashPassengersideRating"": ""Not Rated"",
                ""SidePoleCrashRating"": ""Not Rated"",
                ""VehicleDescription"": ""2018 Mercedes-Benz GLE-Class SUV RWD"",
                ""VehicleId"": 12496,
                ""combinedSideBarrierAndPoleRating-Front"": ""Not Rated"",
                ""combinedSideBarrierAndPoleRating-Rear"": ""Not Rated"",
                ""dynamicTipResult"": ""No Tip"",
                ""sideBarrierRating-Overall"": ""Not Rated""
              }
            ]
          },
          ""vehicle_description"": ""2018 Mercedes-Benz GLE-Class SUV RWD"",
          ""vehicle_id"": 12496
        }
      ]
    },
    {
      ""source"": {
        ""model_year"": 2018,
        ""nhtsa_model"": ""GLS-CLASS"",
        ""uk_model"": "" GLS Class""
      },
      ""vehicle_count"": 1,
      ""vehicles"": [
        {
          ""safety_ratings"": {
            ""Count"": 1,
            ""Message"": ""Results returned successfully"",
            ""Results"": [
              {
                ""ComplaintsCount"": 22,
                ""FrontCrashDriversideRating"": ""Not Rated"",
                ""FrontCrashPassengersideRating"": ""Not Rated"",
                ""InvestigationCount"": 0,
                ""Make"": ""MERCEDES-BENZ"",
                ""Model"": ""GLS-CLASS"",
                ""ModelYear"": 2018,
                ""NHTSAElectronicStabilityControl"": ""Standard"",
                ""NHTSAForwardCollisionWarning"": ""Optional"",
                ""NHTSALaneDepartureWarning"": ""Optional"",
                ""OverallFrontCrashRating"": ""Not Rated"",
                ""OverallRating"": ""Not Rated"",
                ""OverallSideCrashRating"": ""Not Rated"",
                ""RecallsCount"": 4,
                ""RolloverPossibility"": 0,
                ""RolloverPossibility2"": 0,
                ""RolloverRating"": ""Not Rated"",
                ""RolloverRating2"": ""Not Rated"",
                ""SideCrashDriversideRating"": ""Not Rated"",
                ""SideCrashPassengersideRating"": ""Not Rated"",
                ""SidePoleCrashRating"": ""Not Rated"",
                ""VehicleDescription"": ""2018 Mercedes-Benz GLS-Class SUV 4WD"",
                ""VehicleId"": 12501,
                ""combinedSideBarrierAndPoleRating-Front"": ""Not Rated"",
                ""combinedSideBarrierAndPoleRating-Rear"": ""Not Rated"",
                ""dynamicTipResult"": "" "",
                ""sideBarrierRating-Overall"": ""Not Rated""
              }
            ]
          },
          ""vehicle_description"": ""2018 Mercedes-Benz GLS-Class SUV 4WD"",
          ""vehicle_id"": 12501
        }
      ]
    },
    {
      ""source"": {
        ""model_year"": 2018,
        ""nhtsa_model"": ""S-CLASS"",
        ""uk_model"": "" S Class""
      },
      ""vehicle_count"": 4,
      ""vehicles"": [
        {
          ""safety_ratings"": {
            ""Count"": 1,
            ""Message"": ""Results returned successfully"",
            ""Results"": [
              {
                ""ComplaintsCount"": 29,
                ""FrontCrashDriversideRating"": ""Not Rated"",
                ""FrontCrashPassengersideRating"": ""Not Rated"",
                ""InvestigationCount"": 1,
                ""Make"": ""MERCEDES-BENZ"",
                ""Model"": ""S-CLASS"",
                ""ModelYear"": 2018,
                ""NHTSAElectronicStabilityControl"": ""Standard"",
                ""NHTSAForwardCollisionWarning"": ""Optional"",
                ""NHTSALaneDepartureWarning"": ""Optional"",
                ""OverallFrontCrashRating"": ""Not Rated"",
                ""OverallRating"": ""Not Rated"",
                ""OverallSideCrashRating"": ""Not Rated"",
                ""RecallsCount"": 15,
                ""RolloverPossibility"": 0,
                ""RolloverPossibility2"": 0,
                ""RolloverRating"": ""Not Rated"",
                ""RolloverRating2"": ""Not Rated"",
                ""SideCrashDriversideRating"": ""Not Rated"",
                ""SideCrashPassengersideRating"": ""Not Rated"",
                ""SidePoleCrashRating"": ""Not Rated"",
                ""VehicleDescription"": ""2018 Mercedes-Benz S-Class C RWD"",
                ""VehicleId"": 12485,
                ""combinedSideBarrierAndPoleRating-Front"": ""Not Rated"",
                ""combinedSideBarrierAndPoleRating-Rear"": ""Not Rated"",
                ""dynamicTipResult"": "" "",
                ""sideBarrierRating-Overall"": ""Not Rated""
              }
            ]
          },
          ""vehicle_description"": ""2018 Mercedes-Benz S-Class C RWD"",
          ""vehicle_id"": 12485
        },
        {
          ""safety_ratings"": {
            ""Count"": 1,
            ""Message"": ""Results returned successfully"",
            ""Results"": [
              {
                ""ComplaintsCount"": 29,
                ""FrontCrashDriversideRating"": ""Not Rated"",
                ""FrontCrashPassengersideRating"": ""Not Rated"",
                ""InvestigationCount"": 1,
                ""Make"": ""MERCEDES-BENZ"",
                ""Model"": ""S-CLASS"",
                ""ModelYear"": 2018,
                ""NHTSAElectronicStabilityControl"": ""Standard"",
                ""NHTSAForwardCollisionWarning"": ""Optional"",
                ""NHTSALaneDepartureWarning"": ""Optional"",
                ""OverallFrontCrashRating"": ""Not Rated"",
                ""OverallRating"": ""Not Rated"",
                ""OverallSideCrashRating"": ""Not Rated"",
                ""RecallsCount"": 15,
                ""RolloverPossibility"": 0,
                ""RolloverPossibility2"": 0,
                ""RolloverRating"": ""Not Rated"",
                ""RolloverRating2"": ""Not Rated"",
                ""SideCrashDriversideRating"": ""Not Rated"",
                ""SideCrashPassengersideRating"": ""Not Rated"",
                ""SidePoleCrashRating"": ""Not Rated"",
                ""VehicleDescription"": ""2018 Mercedes-Benz S-Class C 4WD"",
                ""VehicleId"": 12484,
                ""combinedSideBarrierAndPoleRating-Front"": ""Not Rated"",
                ""combinedSideBarrierAndPoleRating-Rear"": ""Not Rated"",
                ""dynamicTipResult"": "" "",
                ""sideBarrierRating-Overall"": ""Not Rated""
              }
            ]
          },
          ""vehicle_description"": ""2018 Mercedes-Benz S-Class C 4WD"",
          ""vehicle_id"": 12484
        },
        {
          ""safety_ratings"": {
            ""Count"": 1,
            ""Message"": ""Results returned successfully"",
            ""Results"": [
              {
                ""ComplaintsCount"": 29,
                ""FrontCrashDriversideRating"": ""Not Rated"",
                ""FrontCrashPassengersideRating"": ""Not Rated"",
                ""InvestigationCount"": 1,
                ""Make"": ""MERCEDES-BENZ"",
                ""Model"": ""S-CLASS"",
                ""ModelYear"": 2018,
                ""NHTSAElectronicStabilityControl"": ""Standard"",
                ""NHTSAForwardCollisionWarning"": ""Standard"",
                ""NHTSALaneDepartureWarning"": ""Optional"",
                ""OverallFrontCrashRating"": ""Not Rated"",
                ""OverallRating"": ""Not Rated"",
                ""OverallSideCrashRating"": ""Not Rated"",
                ""RecallsCount"": 15,
                ""RolloverPossibility"": 0,
                ""RolloverPossibility2"": 0,
                ""RolloverRating"": ""Not Rated"",
                ""RolloverRating2"": ""Not Rated"",
                ""SideCrashDriversideRating"": ""Not Rated"",
                ""SideCrashPassengersideRating"": ""Not Rated"",
                ""SidePoleCrashRating"": ""Not Rated"",
                ""VehicleDescription"": ""2018 Mercedes-Benz S-Class 4 DR RWD"",
                ""VehicleId"": 12483,
                ""combinedSideBarrierAndPoleRating-Front"": ""Not Rated"",
                ""combinedSideBarrierAndPoleRating-Rear"": ""Not Rated"",
                ""dynamicTipResult"": "" "",
                ""sideBarrierRating-Overall"": ""Not Rated""
              }
            ]
          },
          ""vehicle_description"": ""2018 Mercedes-Benz S-Class 4 DR RWD"",
          ""vehicle_id"": 12483
        },
        {
          ""safety_ratings"": {
            ""Count"": 1,
            ""Message"": ""Results returned successfully"",
            ""Results"": [
              {
                ""ComplaintsCount"": 29,
                ""FrontCrashDriversideRating"": ""Not Rated"",
                ""FrontCrashPassengersideRating"": ""Not Rated"",
                ""InvestigationCount"": 1,
                ""Make"": ""MERCEDES-BENZ"",
                ""Model"": ""S-CLASS"",
                ""ModelYear"": 2018,
                ""NHTSAElectronicStabilityControl"": ""Standard"",
                ""NHTSAForwardCollisionWarning"": ""Standard"",
                ""NHTSALaneDepartureWarning"": ""Optional"",
                ""OverallFrontCrashRating"": ""Not Rated"",
                ""OverallRating"": ""Not Rated"",
                ""OverallSideCrashRating"": ""Not Rated"",
                ""RecallsCount"": 15,
                ""RolloverPossibility"": 0,
                ""RolloverPossibility2"": 0,
                ""RolloverRating"": ""Not Rated"",
                ""RolloverRating2"": ""Not Rated"",
                ""SideCrashDriversideRating"": ""Not Rated"",
                ""SideCrashPassengersideRating"": ""Not Rated"",
                ""SidePoleCrashRating"": ""Not Rated"",
                ""VehicleDescription"": ""2018 Mercedes-Benz S-Class 4 DR 4WD"",
                ""VehicleId"": 12482,
                ""combinedSideBarrierAndPoleRating-Front"": ""Not Rated"",
                ""combinedSideBarrierAndPoleRating-Rear"": ""Not Rated"",
                ""dynamicTipResult"": "" "",
                ""sideBarrierRating-Overall"": ""Not Rated""
              }
            ]
          },
          ""vehicle_description"": ""2018 Mercedes-Benz S-Class 4 DR 4WD"",
          ""vehicle_id"": 12482
        }
      ]
    },
    {
      ""source"": {
        ""model_year"": 2018,
        ""nhtsa_model"": ""SL-CLASS"",
        ""uk_model"": "" SL CLASS""
      },
      ""vehicle_count"": 1,
      ""vehicles"": [
        {
          ""safety_ratings"": {
            ""Count"": 1,
            ""Message"": ""Results returned successfully"",
            ""Results"": [
              {
                ""ComplaintsCount"": 2,
                ""FrontCrashDriversideRating"": ""Not Rated"",
                ""FrontCrashPassengersideRating"": ""Not Rated"",
                ""InvestigationCount"": 1,
                ""Make"": ""MERCEDES-BENZ"",
                ""Model"": ""SL-CLASS"",
                ""ModelYear"": 2018,
                ""NHTSAElectronicStabilityControl"": ""Standard"",
                ""NHTSAForwardCollisionWarning"": ""Optional"",
                ""NHTSALaneDepartureWarning"": ""Optional"",
                ""OverallFrontCrashRating"": ""Not Rated"",
                ""OverallRating"": ""Not Rated"",
                ""OverallSideCrashRating"": ""Not Rated"",
                ""RecallsCount"": 2,
                ""RolloverPossibility"": 0,
                ""RolloverPossibility2"": 0,
                ""RolloverRating"": ""Not Rated"",
                ""RolloverRating2"": ""Not Rated"",
                ""SideCrashDriversideRating"": ""Not Rated"",
                ""SideCrashPassengersideRating"": ""Not Rated"",
                ""SidePoleCrashRating"": ""Not Rated"",
                ""VehicleDescription"": ""2018 Mercedes-Benz SL-Class C RWD"",
                ""VehicleId"": 12486,
                ""combinedSideBarrierAndPoleRating-Front"": ""Not Rated"",
                ""combinedSideBarrierAndPoleRating-Rear"": ""Not Rated"",
                ""dynamicTipResult"": "" "",
                ""sideBarrierRating-Overall"": ""Not Rated""
              }
            ]
          },
          ""vehicle_description"": ""2018 Mercedes-Benz SL-Class C RWD"",
          ""vehicle_id"": 12486
        }
      ]
    },
    {
      ""source"": {
        ""model_year"": 2018,
        ""nhtsa_model"": ""SLK"",
        ""uk_model"": "" SLK""
      },
      ""vehicle_count"": 0,
      ""vehicles"": []
    },
    {
      ""source"": {
        ""model_year"": 2018,
        ""nhtsa_model"": ""V-CLASS"",
        ""uk_model"": "" V Class""
      },
      ""vehicle_count"": 0,
      ""vehicles"": []
    },
    {
      ""source"": {
        ""model_year"": 2018,
        ""nhtsa_model"": ""X-CLASS"",
        ""uk_model"": "" X-CLASS""
      },
      ""vehicle_count"": 0,
      ""vehicles"": []
    }
  ],
  ""source"": ""NHTSA""
}"
nhtsa_safety_2000.json,2026-08-28 16:05:12.636,"{
  ""make"": ""Mercedes-Benz"",
  ""model_year"": 2000,
  ""record_count"": 2,
  ""results"": [
    {
      ""source"": {
        ""model_year"": 2000,
        ""nhtsa_model"": ""SL-CLASS"",
        ""uk_model"": "" SL CLASS""
      },
      ""vehicle_count"": 0,
      ""vehicles"": []
    },
    {
      ""source"": {
        ""model_year"": 2000,
        ""nhtsa_model"": ""SLK"",
        ""uk_model"": "" SLK""
      },
      ""vehicle_count"": 0,
      ""vehicles"": []
    }
  ],
  ""source"": ""NHTSA""
}"
nhtsa_safety_2009.json,2026-08-28 16:05:12.636,"{
  ""make"": ""Mercedes-Benz"",
  ""model_year"": 2009,
  ""record_count"": 5,
  ""results"": [
    {
      ""source"": {
        ""model_year"": 2009,
        ""nhtsa_model"": ""B-CLASS"",
        ""uk_model"": "" B Class""
      },
      ""vehicle_count"": 0,
      ""vehicles"": []
    },
    {
      ""source"": {
        ""model_year"": 2009,
        ""nhtsa_model"": ""C-CLASS"",
        ""uk_model"": "" C Class""
      },
      ""vehicle_count"": 1,
      ""vehicles"": [
        {
          ""safety_ratings"": {
            ""Count"": 1,
            ""Message"": ""Results returned successfully"",
            ""Results"": [
              {
                ""ComplaintsCount"": 670,
                ""FrontCrashDriversideRating"": ""4"",
                ""FrontCrashPassengersideRating"": ""4"",
                ""FrontCrashPicture"": ""https://static.nhtsa.gov/crashTest/images/2009/08C300-f.jpg"",
                ""FrontCrashVideo"": ""https://static.nhtsa.gov/crashTest/videos/2009/08C300-f.wmv"",
                ""InvestigationCount"": 3,
                ""Make"": ""MERCEDES-BENZ"",
                ""Model"": ""C-CLASS"",
                ""ModelYear"": 2009,
                ""NHTSAElectronicStabilityControl"": ""Standard"",
                ""NHTSAForwardCollisionWarning"": ""No"",
                ""NHTSALaneDepartureWarning"": ""No"",
                ""OverallFrontCrashRating"": ""Not Rated"",
                ""OverallRating"": ""Not Rated"",
                ""OverallSideCrashRating"": ""Not Rated"",
                ""RecallsCount"": 8,
                ""RolloverPossibility"": 0.105,
                ""RolloverPossibility2"": 0.105,
                ""RolloverRating"": ""4"",
                ""RolloverRating2"": ""4"",
                ""SideCrashDriversideRating"": ""5"",
                ""SideCrashPassengersideRating"": ""5"",
                ""SideCrashPicture"": ""https://static.nhtsa.gov/crashTest/images/2009/08MercedesCClass-s.jpg"",
                ""SideCrashVideo"": ""https://static.nhtsa.gov/crashTest/videos/2009/08MercedesCClass-s.wmv"",
                ""SidePoleCrashRating"": ""Not Rated"",
                ""VehicleDescription"": ""2009 Mercedes-Benz C-Class 4-DR. w/SAB"",
                ""VehicleId"": 5254,
                ""combinedSideBarrierAndPoleRating-Front"": ""Not Rated"",
                ""combinedSideBarrierAndPoleRating-Rear"": ""Not Rated"",
                ""dynamicTipResult"": ""No Tip"",
                ""sideBarrierRating-Overall"": ""Not Rated""
              }
            ]
          },
          ""vehicle_description"": ""2009 Mercedes-Benz C-Class 4-DR. w/SAB"",
          ""vehicle_id"": 5254
        }
      ]
    },
    {
      ""source"": {
        ""model_year"": 2009,
        ""nhtsa_model"": ""E-CLASS"",
        ""uk_model"": "" E Class""
      },
      ""vehicle_count"": 2,
      ""vehicles"": [
        {
          ""safety_ratings"": {
            ""Count"": 1,
            ""Message"": ""Results returned successfully"",
            ""Results"": [
              {
                ""ComplaintsCount"": 85,
                ""FrontCrashDriversideRating"": ""4"",
                ""FrontCrashPassengersideRating"": ""4"",
                ""FrontCrashPicture"": ""https://static.nhtsa.gov/crashTest/images/2009/03E-classpost.jpg"",
                ""FrontCrashVideo"": ""https://static.nhtsa.gov/crashTest/videos/2009/03E-class.wmv"",
                ""InvestigationCount"": 0,
                ""Make"": ""MERCEDES-BENZ"",
                ""Model"": ""E-CLASS"",
                ""ModelYear"": 2009,
                ""NHTSAElectronicStabilityControl"": ""Standard"",
                ""NHTSAForwardCollisionWarning"": ""Optional"",
                ""NHTSALaneDepartureWarning"": ""No"",
                ""OverallFrontCrashRating"": ""Not Rated"",
                ""OverallRating"": ""Not Rated"",
                ""OverallSideCrashRating"": ""Not Rated"",
                ""RecallsCount"": 4,
                ""RolloverPossibility"": 0.101,
                ""RolloverPossibility2"": 0.101,
                ""RolloverRating"": ""5"",
                ""RolloverRating2"": ""5"",
                ""SideCrashDriversideRating"": ""5"",
                ""SideCrashPassengersideRating"": ""5"",
                ""SideCrashPicture"": ""https://static.nhtsa.gov/crashTest/images/2009/03E-class_s.jpg"",
                ""SideCrashVideo"": ""https://static.nhtsa.gov/crashTest/videos/2009/03E-class_s.wmv"",
                ""SidePoleCrashRating"": ""Not Rated"",
                ""VehicleDescription"": ""2009 Mercedes-Benz E-Class 4-DR. w/SAB"",
                ""VehicleId"": 5259,
                ""combinedSideBarrierAndPoleRating-Front"": ""Not Rated"",
                ""combinedSideBarrierAndPoleRating-Rear"": ""Not Rated"",
                ""dynamicTipResult"": ""No Tip"",
                ""sideBarrierRating-Overall"": ""Not Rated""
              }
            ]
          },
          ""vehicle_description"": ""2009 Mercedes-Benz E-Class 4-DR. w/SAB"",
          ""vehicle_id"": 5259
        },
        {
          ""safety_ratings"": {
            ""Count"": 1,
            ""Message"": ""Results returned successfully"",
            ""Results"": [
              {
                ""ComplaintsCount"": 85,
                ""FrontCrashDriversideRating"": ""4"",
                ""FrontCrashPassengersideRating"": ""4"",
                ""InvestigationCount"": 0,
                ""Make"": ""MERCEDES-BENZ"",
                ""Model"": ""E-CLASS"",
                ""ModelYear"": 2009,
                ""NHTSAElectronicStabilityControl"": ""Standard"",
                ""NHTSAForwardCollisionWarning"": ""Optional"",
                ""NHTSALaneDepartureWarning"": ""No"",
                ""OverallFrontCrashRating"": ""Not Rated"",
                ""OverallRating"": ""Not Rated"",
                ""OverallSideCrashRating"": ""Not Rated"",
                ""RecallsCount"": 4,
                ""RolloverPossibility"": 0.101,
                ""RolloverPossibility2"": 0.101,
                ""RolloverRating"": ""5"",
                ""RolloverRating2"": ""5"",
                ""SideCrashDriversideRating"": ""5"",
                ""SideCrashPassengersideRating"": ""5"",
                ""SidePoleCrashRating"": ""Not Rated"",
                ""VehicleDescription"": ""2009 Mercedes-Benz E-Class Wagon 4-DR. w/SAB"",
                ""VehicleId"": 5258,
                ""combinedSideBarrierAndPoleRating-Front"": ""Not Rated"",
                ""combinedSideBarrierAndPoleRating-Rear"": ""Not Rated"",
                ""dynamicTipResult"": ""No Tip"",
                ""sideBarrierRating-Overall"": ""Not Rated""
              }
            ]
          },
          ""vehicle_description"": ""2009 Mercedes-Benz E-Class Wagon 4-DR. w/SAB"",
          ""vehicle_id"": 5258
        }
      ]
    },
    {
      ""source"": {
        ""model_year"": 2009,
        ""nhtsa_model"": ""M-CLASS"",
        ""uk_model"": "" M Class""
      },
      ""vehicle_count"": 0,
      ""vehicles"": []
    },
    {
      ""source"": {
        ""model_year"": 2009,
        ""nhtsa_model"": ""S-CLASS"",
        ""uk_model"": "" S Class""
      },
      ""vehicle_count"": 1,
      ""vehicles"": [
        {
          ""safety_ratings"": {
            ""Count"": 1,
            ""Message"": ""Results returned successfully"",
            ""Results"": [
              {
                ""ComplaintsCount"": 13,
                ""FrontCrashDriversideRating"": ""Not Rated"",
                ""FrontCrashPassengersideRating"": ""Not Rated"",
                ""InvestigationCount"": 0,
                ""Make"": ""MERCEDES-BENZ"",
                ""Model"": ""S-CLASS"",
                ""ModelYear"": 2009,
                ""NHTSAElectronicStabilityControl"": ""Standard"",
                ""NHTSAForwardCollisionWarning"": ""Optional"",
                ""NHTSALaneDepartureWarning"": ""No"",
                ""OverallFrontCrashRating"": ""Not Rated"",
                ""OverallRating"": ""Not Rated"",
                ""OverallSideCrashRating"": ""Not Rated"",
                ""RecallsCount"": 1,
                ""RolloverPossibility"": 0,
                ""RolloverPossibility2"": 0,
                ""RolloverRating"": ""Not Rated"",
                ""RolloverRating2"": ""Not Rated"",
                ""SideCrashDriversideRating"": ""Not Rated"",
                ""SideCrashPassengersideRating"": ""Not Rated"",
                ""SidePoleCrashRating"": ""Not Rated"",
                ""VehicleDescription"": ""2009 Mercedes-Benz S-Class 4-DR w/SAB"",
                ""VehicleId"": 5436,
                ""combinedSideBarrierAndPoleRating-Front"": ""Not Rated"",
                ""combinedSideBarrierAndPoleRating-Rear"": ""Not Rated"",
                ""dynamicTipResult"": "" "",
                ""sideBarrierRating-Overall"": ""Not Rated""
              }
            ]
          },
          ""vehicle_description"": ""2009 Mercedes-Benz S-Class 4-DR w/SAB"",
          ""vehicle_id"": 5436
        }
      ]
    }
  ],
  ""source"": ""NHTSA""
}"
nhtsa_safety_2017.json,2026-08-28 16:05:12.636,"{
  ""make"": ""Mercedes-Benz"",
  ""model_year"": 2017,
  ""record_count"": 17,
  ""results"": [
    {
      ""source"": {
        ""model_year"": 2017,
        ""nhtsa_model"": ""A-CLASS"",
        ""uk_model"": "" A Class""
      },
      ""vehicle_count"": 0,
      ""vehicles"": []
    },
    {
      ""source"": {
        ""model_year"": 2017,
        ""nhtsa_model"": ""B-CLASS"",
        ""uk_model"": "" B Class""
      },
      ""vehicle_count"": 0,
      ""vehicles"": []
    },
    {
      ""source"": {
        ""model_year"": 2017,
        ""nhtsa_model"": ""C-CLASS"",
        ""uk_model"": "" C Class""
      },
      ""vehicle_count"": 6,
      ""vehicles"": [
        {
          ""safety_ratings"": {
            ""Count"": 1,
            ""Message"": ""Results returned successfully"",
            ""Results"": [
              {
                ""ComplaintsCount"": 252,
                ""FrontCrashDriversideRating"": ""Not Rated"",
                ""FrontCrashPassengersideRating"": ""Not Rated"",
                ""InvestigationCount"": 3,
                ""Make"": ""MERCEDES-BENZ"",
                ""Model"": ""C-CLASS"",
                ""ModelYear"": 2017,
                ""NHTSAElectronicStabilityControl"": ""Standard"",
                ""NHTSAForwardCollisionWarning"": ""Optional"",
                ""NHTSALaneDepartureWarning"": ""Optional"",
                ""OverallFrontCrashRating"": ""Not Rated"",
                ""OverallRating"": ""Not Rated"",
                ""OverallSideCrashRating"": ""Not Rated"",
                ""RecallsCount"": 17,
                ""RolloverPossibility"": 0,
                ""RolloverPossibility2"": 0,
                ""RolloverRating"": ""Not Rated"",
                ""RolloverRating2"": ""Not Rated"",
                ""SideCrashDriversideRating"": ""Not Rated"",
                ""SideCrashPassengersideRating"": ""Not Rated"",
                ""SidePoleCrashRating"": ""Not Rated"",
                ""VehicleDescription"": ""2017 Mercedes-Benz C-Class 2 DR 4WD"",
                ""VehicleId"": 11758,
                ""combinedSideBarrierAndPoleRating-Front"": ""Not Rated"",
                ""combinedSideBarrierAndPoleRating-Rear"": ""Not Rated"",
                ""dynamicTipResult"": "" "",
                ""sideBarrierRating-Overall"": ""Not Rated""
              }
            ]
          },
          ""vehicle_description"": ""2017 Mercedes-Benz C-Class 2 DR 4WD"",
          ""vehicle_id"": 11758
        },
        {
          ""safety_ratings"": {
            ""Count"": 1,
            ""Message"": ""Results returned successfully"",
            ""Results"": [
              {
                ""ComplaintsCount"": 252,
                ""FrontCrashDriversideRating"": ""Not Rated"",
                ""FrontCrashPassengersideRating"": ""Not Rated"",
                ""InvestigationCount"": 3,
                ""Make"": ""MERCEDES-BENZ"",
                ""Model"": ""C-CLASS"",
                ""ModelYear"": 2017,
                ""NHTSAElectronicStabilityControl"": ""Standard"",
                ""NHTSAForwardCollisionWarning"": ""Optional"",
                ""NHTSALaneDepartureWarning"": ""Optional"",
                ""OverallFrontCrashRating"": ""Not Rated"",
                ""OverallRating"": ""Not Rated"",
                ""OverallSideCrashRating"": ""Not Rated"",
                ""RecallsCount"": 17,
                ""RolloverPossibility"": 0,
                ""RolloverPossibility2"": 0,
                ""RolloverRating"": ""Not Rated"",
                ""RolloverRating2"": ""Not Rated"",
                ""SideCrashDriversideRating"": ""Not Rated"",
                ""SideCrashPassengersideRating"": ""Not Rated"",
                ""SidePoleCrashRating"": ""Not Rated"",
                ""VehicleDescription"": ""2017 Mercedes-Benz C-Class C 4WD"",
                ""VehicleId"": 11659,
                ""combinedSideBarrierAndPoleRating-Front"": ""Not Rated"",
                ""combinedSideBarrierAndPoleRating-Rear"": ""Not Rated"",
                ""dynamicTipResult"": "" "",
                ""sideBarrierRating-Overall"": ""Not Rated""
              }
            ]
          },
          ""vehicle_description"": ""2017 Mercedes-Benz C-Class C 4WD"",
          ""vehicle_id"": 11659
        },
        {
          ""safety_ratings"": {
            ""Count"": 1,
            ""Message"": ""Results returned successfully"",
            ""Results"": [
              {
                ""ComplaintsCount"": 252,
                ""FrontCrashDriversideRating"": ""Not Rated"",
                ""FrontCrashPassengersideRating"": ""Not Rated"",
                ""InvestigationCount"": 3,
                ""Make"": ""MERCEDES-BENZ"",
                ""Model"": ""C-CLASS"",
                ""ModelYear"": 2017,
                ""NHTSAElectronicStabilityControl"": ""Standard"",
                ""NHTSAForwardCollisionWarning"": ""Optional"",
                ""NHTSALaneDepartureWarning"": ""Optional"",
                ""OverallFrontCrashRating"": ""Not Rated"",
                ""OverallRating"": ""Not Rated"",
                ""OverallSideCrashRating"": ""Not Rated"",
                ""RecallsCount"": 17,
                ""RolloverPossibility"": 0,
                ""RolloverPossibility2"": 0,
                ""RolloverRating"": ""Not Rated"",
                ""RolloverRating2"": ""Not Rated"",
                ""SideCrashDriversideRating"": ""Not Rated"",
                ""SideCrashPassengersideRating"": ""Not Rated"",
                ""SidePoleCrashRating"": ""Not Rated"",
                ""VehicleDescription"": ""2017 Mercedes-Benz C-Class C RWD"",
                ""VehicleId"": 11658,
                ""combinedSideBarrierAndPoleRating-Front"": ""Not Rated"",
                ""combinedSideBarrierAndPoleRating-Rear"": ""Not Rated"",
                ""dynamicTipResult"": "" "",
                ""sideBarrierRating-Overall"": ""Not Rated""
              }
            ]
          },
          ""vehicle_description"": ""2017 Mercedes-Benz C-Class C RWD"",
          ""vehicle_id"": 11658
        },
        {
          ""safety_ratings"": {
            ""Count"": 1,
            ""Message"": ""Results returned successfully"",
            ""Results"": [
              {
                ""ComplaintsCount"": 252,
                ""FrontCrashDriversideRating"": ""Not Rated"",
                ""FrontCrashPassengersideRating"": ""Not Rated"",
                ""InvestigationCount"": 3,
                ""Make"": ""MERCEDES-BENZ"",
                ""Model"": ""C-CLASS"",
                ""ModelYear"": 2017,
                ""NHTSAElectronicStabilityControl"": ""Standard"",
                ""NHTSAForwardCollisionWarning"": ""Optional"",
                ""NHTSALaneDepartureWarning"": ""Optional"",
                ""OverallFrontCrashRating"": ""Not Rated"",
                ""OverallRating"": ""Not Rated"",
                ""OverallSideCrashRating"": ""Not Rated"",
                ""RecallsCount"": 17,
                ""RolloverPossibility"": 0,
                ""RolloverPossibility2"": 0,
                ""RolloverRating"": ""Not Rated"",
                ""RolloverRating2"": ""Not Rated"",
                ""SideCrashDriversideRating"": ""Not Rated"",
                ""SideCrashPassengersideRating"": ""Not Rated"",
                ""SidePoleCrashRating"": ""Not Rated"",
                ""VehicleDescription"": ""2017 Mercedes-Benz C-Class 2 DR RWD"",
                ""VehicleId"": 11656,
                ""combinedSideBarrierAndPoleRating-Front"": ""Not Rated"",
                ""combinedSideBarrierAndPoleRating-Rear"": ""Not Rated"",
                ""dynamicTipResult"": "" "",
                ""sideBarrierRating-Overall"": ""Not Rated""
              }
            ]
          },
          ""vehicle_description"": ""2017 Mercedes-Benz C-Class 2 DR RWD"",
          ""vehicle_id"": 11656
        },
        {
          ""safety_ratings"": {
            ""Count"": 1,
            ""Message"": ""Results returned successfully"",
            ""Results"": [
              {
                ""ComplaintsCount"": 252,
                ""FrontCrashDriversideRating"": ""5"",
                ""FrontCrashPassengersideRating"": ""4"",
                ""FrontCrashPicture"": ""https://static.nhtsa.gov/crashTest/images/2017/v09248P083.jpg"",
                ""FrontCrashVideo"": ""https://static.nhtsa.gov/crashTest/videos/2017/v09248C021.wmv"",
                ""InvestigationCount"": 3,
                ""Make"": ""MERCEDES-BENZ"",
                ""Model"": ""C-CLASS"",
                ""ModelYear"": 2017,
                ""NHTSAElectronicStabilityControl"": ""Standard"",
                ""NHTSAForwardCollisionWarning"": ""Optional"",
                ""NHTSALaneDepartureWarning"": ""Optional"",
                ""OverallFrontCrashRating"": ""4"",
                ""OverallRating"": ""5"",
                ""OverallSideCrashRating"": ""5"",
                ""RecallsCount"": 17,
                ""RolloverPossibility"": 0.11,
                ""RolloverPossibility2"": 0,
                ""RolloverRating"": ""4"",
                ""RolloverRating2"": ""Not Rated"",
                ""SideCrashDriversideRating"": ""5"",
                ""SideCrashPassengersideRating"": ""5"",
                ""SideCrashPicture"": ""https://static.nhtsa.gov/crashTest/images/2017/v09327P108.jpg"",
                ""SideCrashVideo"": ""https://static.nhtsa.gov/crashTest/videos/2017/v09327C013.wmv"",
                ""SidePoleCrashRating"": ""5"",
                ""SidePolePicture"": ""https://static.nhtsa.gov/crashTest/images/2017/v09169P072.jpg"",
                ""SidePoleVideo"": ""https://static.nhtsa.gov/crashTest/videos/2017/v09169C014.wmv"",
                ""VehicleDescription"": ""2017 Mercedes-Benz C-Class 4 DR RWD"",
                ""VehicleId"": 11189,
                ""combinedSideBarrierAndPoleRating-Front"": ""5"",
                ""combinedSideBarrierAndPoleRating-Rear"": ""5"",
                ""dynamicTipResult"": ""No Tip"",
                ""sideBarrierRating-Overall"": ""5""
              }
            ]
          },
          ""vehicle_description"": ""2017 Mercedes-Benz C-Class 4 DR RWD"",
          ""vehicle_id"": 11189
        },
        {
          ""safety_ratings"": {
            ""Count"": 1,
            ""Message"": ""Results returned successfully"",
            ""Results"": [
              {
                ""ComplaintsCount"": 252,
                ""FrontCrashDriversideRating"": ""5"",
                ""FrontCrashPassengersideRating"": ""4"",
                ""FrontCrashPicture"": ""https://static.nhtsa.gov/crashTest/images/2017/v09248P083.jpg"",
                ""FrontCrashVideo"": ""https://static.nhtsa.gov/crashTest/videos/2017/v09248C021.wmv"",
                ""InvestigationCount"": 3,
                ""Make"": ""MERCEDES-BENZ"",
                ""Model"": ""C-CLASS"",
                ""ModelYear"": 2017,
                ""NHTSAElectronicStabilityControl"": ""Standard"",
                ""NHTSAForwardCollisionWarning"": ""Optional"",
                ""NHTSALaneDepartureWarning"": ""Optional"",
                ""OverallFrontCrashRating"": ""4"",
                ""OverallRating"": ""5"",
                ""OverallSideCrashRating"": ""5"",
                ""RecallsCount"": 17,
                ""RolloverPossibility"": 0.11,
                ""RolloverPossibility2"": 0,
                ""RolloverRating"": ""4"",
                ""RolloverRating2"": ""Not Rated"",
                ""SideCrashDriversideRating"": ""5"",
                ""SideCrashPassengersideRating"": ""5"",
                ""SideCrashPicture"": ""https://static.nhtsa.gov/crashTest/images/2017/v09327P108.jpg"",
                ""SideCrashVideo"": ""https://static.nhtsa.gov/crashTest/videos/2017/v09327C013.wmv"",
                ""SidePoleCrashRating"": ""5"",
                ""SidePolePicture"": ""https://static.nhtsa.gov/crashTest/images/2017/v09169P072.jpg"",
                ""SidePoleVideo"": ""https://static.nhtsa.gov/crashTest/videos/2017/v09169C014.wmv"",
                ""VehicleDescription"": ""2017 Mercedes-Benz C-Class 4 DR 4WD"",
                ""VehicleId"": 11188,
                ""combinedSideBarrierAndPoleRating-Front"": ""5"",
                ""combinedSideBarrierAndPoleRating-Rear"": ""5"",
                ""dynamicTipResult"": ""No Tip"",
                ""sideBarrierRating-Overall"": ""5""
              }
            ]
          },
          ""vehicle_description"": ""2017 Mercedes-Benz C-Class 4 DR 4WD"",
          ""vehicle_id"": 11188
        }
      ]
    },
    {
      ""source"": {
        ""model_year"": 2017,
        ""nhtsa_model"": ""CL-CLASS"",
        ""uk_model"": "" CL Class""
      },
      ""vehicle_count"": 2,
      ""vehicles"": [
        {
          ""safety_ratings"": {
            ""Count"": 1,
            ""Message"": ""Results returned successfully"",
            ""Results"": [
              {
                ""ComplaintsCount"": 0,
                ""FrontCrashDriversideRating"": ""Not Rated"",
                ""FrontCrashPassengersideRating"": ""Not Rated"",
                ""InvestigationCount"": 0,
                ""Make"": ""MERCEDES-BENZ"",
                ""Model"": ""CL-CLASS"",
                ""ModelYear"": 2017,
                ""NHTSAElectronicStabilityControl"": ""Standard"",
                ""NHTSAForwardCollisionWarning"": ""Optional"",
                ""NHTSALaneDepartureWarning"": ""Optional"",
                ""OverallFrontCrashRating"": ""Not Rated"",
                ""OverallRating"": ""Not Rated"",
                ""OverallSideCrashRating"": ""Not Rated"",
                ""RecallsCount"": 0,
                ""RolloverPossibility"": 0,
                ""RolloverPossibility2"": 0,
                ""RolloverRating"": ""Not Rated"",
                ""RolloverRating2"": ""Not Rated"",
                ""SideCrashDriversideRating"": ""Not Rated"",
                ""SideCrashPassengersideRating"": ""Not Rated"",
                ""SidePoleCrashRating"": ""Not Rated"",
                ""VehicleDescription"": ""2017 Mercedes-Benz CL-Class 2 DR RWD"",
                ""VehicleId"": 11662,
                ""combinedSideBarrierAndPoleRating-Front"": ""Not Rated"",
                ""combinedSideBarrierAndPoleRating-Rear"": ""Not Rated"",
                ""dynamicTipResult"": "" "",
                ""sideBarrierRating-Overall"": ""Not Rated""
              }
            ]
          },
          ""vehicle_description"": ""2017 Mercedes-Benz CL-Class 2 DR RWD"",
          ""vehicle_id"": 11662
        },
        {
          ""safety_ratings"": {
            ""Count"": 1,
            ""Message"": ""Results returned successfully"",
            ""Results"": [
              {
                ""ComplaintsCount"": 0,
                ""FrontCrashDriversideRating"": ""Not Rated"",
                ""FrontCrashPassengersideRating"": ""Not Rated"",
                ""InvestigationCount"": 0,
                ""Make"": ""MERCEDES-BENZ"",
                ""Model"": ""CL-CLASS"",
                ""ModelYear"": 2017,
                ""NHTSAElectronicStabilityControl"": ""Standard"",
                ""NHTSAForwardCollisionWarning"": ""Optional"",
                ""NHTSALaneDepartureWarning"": ""Optional"",
                ""OverallFrontCrashRating"": ""Not Rated"",
                ""OverallRating"": ""Not Rated"",
                ""OverallSideCrashRating"": ""Not Rated"",
                ""RecallsCount"": 0,
                ""RolloverPossibility"": 0,
                ""RolloverPossibility2"": 0,
                ""RolloverRating"": ""Not Rated"",
                ""RolloverRating2"": ""Not Rated"",
                ""SideCrashDriversideRating"": ""Not Rated"",
                ""SideCrashPassengersideRating"": ""Not Rated"",
                ""SidePoleCrashRating"": ""Not Rated"",
                ""VehicleDescription"": ""2017 Mercedes-Benz CL-Class 2 DR 4WD"",
                ""VehicleId"": 11661,
                ""combinedSideBarrierAndPoleRating-Front"": ""Not Rated"",
                ""combinedSideBarrierAndPoleRating-Rear"": ""Not Rated"",
                ""dynamicTipResult"": "" "",
                ""sideBarrierRating-Overall"": ""Not Rated""
              }
            ]
          },
          ""vehicle_description"": ""2017 Mercedes-Benz CL-Class 2 DR 4WD"",
          ""vehicle_id"": 11661
        }
      ]
    },
    {
      ""source"": {
        ""model_year"": 2017,
        ""nhtsa_model"": ""CLA-CLASS"",
        ""uk_model"": "" CLA Class""
      },
      ""vehicle_count"": 2,
      ""vehicles"": [
        {
          ""safety_ratings"": {
            ""Count"": 1,
            ""Message"": ""Results returned successfully"",
            ""Results"": [
              {
                ""ComplaintsCount"": 27,
                ""FrontCrashDriversideRating"": ""Not Rated"",
                ""FrontCrashPassengersideRating"": ""Not Rated"",
                ""InvestigationCount"": 2,
                ""Make"": ""MERCEDES-BENZ"",
                ""Model"": ""CLA-CLASS"",
                ""ModelYear"": 2017,
                ""NHTSAElectronicStabilityControl"": ""Standard"",
                ""NHTSAForwardCollisionWarning"": ""Optional"",
                ""NHTSALaneDepartureWarning"": ""Optional"",
                ""OverallFrontCrashRating"": ""Not Rated"",
                ""OverallRating"": ""Not Rated"",
                ""OverallSideCrashRating"": ""Not Rated"",
                ""RecallsCount"": 10,
                ""RolloverPossibility"": 0,
                ""RolloverPossibility2"": 0,
                ""RolloverRating"": ""Not Rated"",
                ""RolloverRating2"": ""Not Rated"",
                ""SideCrashDriversideRating"": ""Not Rated"",
                ""SideCrashPassengersideRating"": ""Not Rated"",
                ""SidePoleCrashRating"": ""Not Rated"",
                ""VehicleDescription"": ""2017 Mercedes-Benz CLA-Class 4 DR 4WD"",
                ""VehicleId"": 11664,
                ""combinedSideBarrierAndPoleRating-Front"": ""Not Rated"",
                ""combinedSideBarrierAndPoleRating-Rear"": ""Not Rated"",
                ""dynamicTipResult"": "" "",
                ""sideBarrierRating-Overall"": ""Not Rated""
              }
            ]
          },
          ""vehicle_description"": ""2017 Mercedes-Benz CLA-Class 4 DR 4WD"",
          ""vehicle_id"": 11664
        },
        {
          ""safety_ratings"": {
            ""Count"": 1,
            ""Message"": ""Results returned successfully"",
            ""Results"": [
              {
                ""ComplaintsCount"": 27,
                ""FrontCrashDriversideRating"": ""Not Rated"",
                ""FrontCrashPassengersideRating"": ""Not Rated"",
                ""InvestigationCount"": 2,
                ""Make"": ""MERCEDES-BENZ"",
                ""Model"": ""CLA-CLASS"",
                ""ModelYear"": 2017,
                ""NHTSAElectronicStabilityControl"": ""Standard"",
                ""NHTSAForwardCollisionWarning"": ""Optional"",
                ""NHTSALaneDepartureWarning"": ""Optional"",
                ""OverallFrontCrashRating"": ""Not Rated"",
                ""OverallRating"": ""Not Rated"",
                ""OverallSideCrashRating"": ""Not Rated"",
                ""RecallsCount"": 10,
                ""RolloverPossibility"": 0,
                ""RolloverPossibility2"": 0,
                ""RolloverRating"": ""Not Rated"",
                ""RolloverRating2"": ""Not Rated"",
                ""SideCrashDriversideRating"": ""Not Rated"",
                ""SideCrashPassengersideRating"": ""Not Rated"",
                ""SidePoleCrashRating"": ""Not Rated"",
                ""VehicleDescription"": ""2017 Mercedes-Benz CLA-Class 4 DR FWD"",
                ""VehicleId"": 11663,
                ""combinedSideBarrierAndPoleRating-Front"": ""Not Rated"",
                ""combinedSideBarrierAndPoleRating-Rear"": ""Not Rated"",
                ""dynamicTipResult"": "" "",
                ""sideBarrierRating-Overall"": ""Not Rated""
              }
            ]
          },
          ""vehicle_description"": ""2017 Mercedes-Benz CLA-Class 4 DR FWD"",
          ""vehicle_id"": 11663
        }
      ]
    },
    {
      ""source"": {
        ""model_year"": 2017,
        ""nhtsa_model"": ""CLS-CLASS"",
        ""uk_model"": "" CLS Class""
      },
      ""vehicle_count"": 2,
      ""vehicles"": [
        {
          ""safety_ratings"": {
            ""Count"": 1,
            ""Message"": ""Results returned successfully"",
            ""Results"": [
              {
                ""ComplaintsCount"": 2,
                ""FrontCrashDriversideRating"": ""Not Rated"",
                ""FrontCrashPassengersideRating"": ""Not Rated"",
                ""InvestigationCount"": 1,
                ""Make"": ""MERCEDES-BENZ"",
                ""Model"": ""CLS-CLASS"",
                ""ModelYear"": 2017,
                ""NHTSAElectronicStabilityControl"": ""Standard"",
                ""NHTSAForwardCollisionWarning"": ""Optional"",
                ""NHTSALaneDepartureWarning"": ""Optional"",
                ""OverallFrontCrashRating"": ""Not Rated"",
                ""OverallRating"": ""Not Rated"",
                ""OverallSideCrashRating"": ""Not Rated"",
                ""RecallsCount"": 1,
                ""RolloverPossibility"": 0,
                ""RolloverPossibility2"": 0,
                ""RolloverRating"": ""Not Rated"",
                ""RolloverRating2"": ""Not Rated"",
                ""SideCrashDriversideRating"": ""Not Rated"",
                ""SideCrashPassengersideRating"": ""Not Rated"",
                ""SidePoleCrashRating"": ""Not Rated"",
                ""VehicleDescription"": ""2017 Mercedes-Benz CLS-Class 4 DR 4WD"",
                ""VehicleId"": 11666,
                ""combinedSideBarrierAndPoleRating-Front"": ""Not Rated"",
                ""combinedSideBarrierAndPoleRating-Rear"": ""Not Rated"",
                ""dynamicTipResult"": "" "",
                ""sideBarrierRating-Overall"": ""Not Rated""
              }
            ]
          },
          ""vehicle_description"": ""2017 Mercedes-Benz CLS-Class 4 DR 4WD"",
          ""vehicle_id"": 11666
        },
        {
          ""safety_ratings"": {
            ""Count"": 1,
            ""Message"": ""Results returned successfully"",
            ""Results"": [
              {
                ""ComplaintsCount"": 2,
                ""FrontCrashDriversideRating"": ""Not Rated"",
                ""FrontCrashPassengersideRating"": ""Not Rated"",
                ""InvestigationCount"": 1,
                ""Make"": ""MERCEDES-BENZ"",
                ""Model"": ""CLS-CLASS"",
                ""ModelYear"": 2017,
                ""NHTSAElectronicStabilityControl"": ""Standard"",
                ""NHTSAForwardCollisionWarning"": ""Optional"",
                ""NHTSALaneDepartureWarning"": ""Optional"",
                ""OverallFrontCrashRating"": ""Not Rated"",
                ""OverallRating"": ""Not Rated"",
                ""OverallSideCrashRating"": ""Not Rated"",
                ""RecallsCount"": 1,
                ""RolloverPossibility"": 0,
                ""RolloverPossibility2"": 0,
                ""RolloverRating"": ""Not Rated"",
                ""RolloverRating2"": ""Not Rated"",
                ""SideCrashDriversideRating"": ""Not Rated"",
                ""SideCrashPassengersideRating"": ""Not Rated"",
                ""SidePoleCrashRating"": ""Not Rated"",
                ""VehicleDescription"": ""2017 Mercedes-Benz CLS-Class 4 DR RWD"",
                ""VehicleId"": 11665,
                ""combinedSideBarrierAndPoleRating-Front"": ""Not Rated"",
                ""combinedSideBarrierAndPoleRating-Rear"": ""Not Rated"",
                ""dynamicTipResult"": "" "",
                ""sideBarrierRating-Overall"": ""Not Rated""
              }
            ]
          },
          ""vehicle_description"": ""2017 Mercedes-Benz CLS-Class 4 DR RWD"",
          ""vehicle_id"": 11665
        }
      ]
    },
    {
      ""source"": {
        ""model_year"": 2017,
        ""nhtsa_model"": ""E-CLASS"",
        ""uk_model"": "" E Class""
      },
      ""vehicle_count"": 8,
      ""vehicles"": [
        {
          ""safety_ratings"": {
            ""Count"": 1,
            ""Message"": ""Results returned successfully"",
            ""Results"": [
              {
                ""ComplaintsCount"": 166,
                ""FrontCrashDriversideRating"": ""Not Rated"",
                ""FrontCrashPassengersideRating"": ""Not Rated"",
                ""InvestigationCount"": 1,
                ""Make"": ""MERCEDES-BENZ"",
                ""Model"": ""E-CLASS"",
                ""ModelYear"": 2017,
                ""NHTSAElectronicStabilityControl"": ""Standard"",
                ""NHTSAForwardCollisionWarning"": ""Optional"",
                ""NHTSALaneDepartureWarning"": ""Optional"",
                ""OverallFrontCrashRating"": ""Not Rated"",
                ""OverallRating"": ""Not Rated"",
                ""OverallSideCrashRating"": ""Not Rated"",
                ""RecallsCount"": 20,
                ""RolloverPossibility"": 0,
                ""RolloverPossibility2"": 0,
                ""RolloverRating"": ""Not Rated"",
                ""RolloverRating2"": ""Not Rated"",
                ""SideCrashDriversideRating"": ""Not Rated"",
                ""SideCrashPassengersideRating"": ""Not Rated"",
                ""SidePoleCrashRating"": ""Not Rated"",
                ""VehicleDescription"": ""2017 Mercedes-Benz E-Class C 4WD"",
                ""VehicleId"": 11674,
                ""combinedSideBarrierAndPoleRating-Front"": ""Not Rated"",
                ""combinedSideBarrierAndPoleRating-Rear"": ""Not Rated"",
                ""dynamicTipResult"": "" "",
                ""sideBarrierRating-Overall"": ""Not Rated""
              }
            ]
          },
          ""vehicle_description"": ""2017 Mercedes-Benz E-Class C 4WD"",
          ""vehicle_id"": 11674
        },
        {
          ""safety_ratings"": {
            ""Count"": 1,
            ""Message"": ""Results returned successfully"",
            ""Results"": [
              {
                ""ComplaintsCount"": 166,
                ""FrontCrashDriversideRating"": ""Not Rated"",
                ""FrontCrashPassengersideRating"": ""Not Rated"",
                ""InvestigationCount"": 1,
                ""Make"": ""MERCEDES-BENZ"",
                ""Model"": ""E-CLASS"",
                ""ModelYear"": 2017,
                ""NHTSAElectronicStabilityControl"": ""Standard"",
                ""NHTSAForwardCollisionWarning"": ""Optional"",
                ""NHTSALaneDepartureWarning"": ""Optional"",
                ""OverallFrontCrashRating"": ""Not Rated"",
                ""OverallRating"": ""Not Rated"",
                ""OverallSideCrashRating"": ""Not Rated"",
                ""RecallsCount"": 20,
                ""RolloverPossibility"": 0,
                ""RolloverPossibility2"": 0,
                ""RolloverRating"": ""Not Rated"",
                ""RolloverRating2"": ""Not Rated"",
                ""SideCrashDriversideRating"": ""Not Rated"",
                ""SideCrashPassengersideRating"": ""Not Rated"",
                ""SidePoleCrashRating"": ""Not Rated"",
                ""VehicleDescription"": ""2017 Mercedes-Benz E-Class C RWD"",
                ""VehicleId"": 11673,
                ""combinedSideBarrierAndPoleRating-Front"": ""Not Rated"",
                ""combinedSideBarrierAndPoleRating-Rear"": ""Not Rated"",
                ""dynamicTipResult"": "" "",
                ""sideBarrierRating-Overall"": ""Not Rated""
              }
            ]
          },
          ""vehicle_description"": ""2017 Mercedes-Benz E-Class C RWD"",
          ""vehicle_id"": 11673
        },
        {
          ""safety_ratings"": {
            ""Count"": 1,
            ""Message"": ""Results returned successfully"",
            ""Results"": [
              {
                ""ComplaintsCount"": 166,
                ""FrontCrashDriversideRating"": ""5"",
                ""FrontCrashPassengersideRating"": ""5"",
                ""InvestigationCount"": 1,
                ""Make"": ""MERCEDES-BENZ"",
                ""Model"": ""E-CLASS"",
                ""ModelYear"": 2017,
                ""NHTSAElectronicStabilityControl"": ""Standard"",
                ""NHTSAForwardCollisionWarning"": ""Standard"",
                ""NHTSALaneDepartureWarning"": ""Optional"",
                ""OverallFrontCrashRating"": ""5"",
                ""OverallRating"": ""5"",
                ""OverallSideCrashRating"": ""5"",
                ""RecallsCount"": 20,
                ""RolloverPossibility"": 0.097,
                ""RolloverPossibility2"": 0,
                ""RolloverRating"": ""5"",
                ""RolloverRating2"": ""Not Rated"",
                ""SideCrashDriversideRating"": ""5"",
                ""SideCrashPassengersideRating"": ""5"",
                ""SidePoleCrashRating"": ""5"",
                ""VehicleDescription"": ""2017 Mercedes-Benz E-CLASS SW 4WD"",
                ""VehicleId"": 11672,
                ""combinedSideBarrierAndPoleRating-Front"": ""5"",
                ""combinedSideBarrierAndPoleRating-Rear"": ""5"",
                ""dynamicTipResult"": ""No Tip"",
                ""sideBarrierRating-Overall"": ""5""
              }
            ]
          },
          ""vehicle_description"": ""2017 Mercedes-Benz E-CLASS SW 4WD"",
          ""vehicle_id"": 11672
        },
        {
          ""safety_ratings"": {
            ""Count"": 1,
            ""Message"": ""Results returned successfully"",
            ""Results"": [
              {
                ""ComplaintsCount"": 166,
                ""FrontCrashDriversideRating"": ""5"",
                ""FrontCrashPassengersideRating"": ""5"",
                ""InvestigationCount"": 1,
                ""Make"": ""MERCEDES-BENZ"",
                ""Model"": ""E-CLASS"",
                ""ModelYear"": 2017,
                ""NHTSAElectronicStabilityControl"": ""Standard"",
                ""NHTSAForwardCollisionWarning"": ""Standard"",
                ""NHTSALaneDepartureWarning"": ""Optional"",
                ""OverallFrontCrashRating"": ""5"",
                ""OverallRating"": ""5"",
                ""OverallSideCrashRating"": ""5"",
                ""RecallsCount"": 20,
                ""RolloverPossibility"": 0.097,
                ""RolloverPossibility2"": 0,
                ""RolloverRating"": ""5"",
                ""RolloverRating2"": ""Not Rated"",
                ""SideCrashDriversideRating"": ""5"",
                ""SideCrashPassengersideRating"": ""5"",
                ""SidePoleCrashRating"": ""5"",
                ""VehicleDescription"": ""2017 Mercedes-Benz E-CLASS SW RWD"",
                ""VehicleId"": 11671,
                ""combinedSideBarrierAndPoleRating-Front"": ""5"",
                ""combinedSideBarrierAndPoleRating-Rear"": ""5"",
                ""dynamicTipResult"": "" "",
                ""sideBarrierRating-Overall"": ""5""
              }
            ]
          },
          ""vehicle_description"": ""2017 Mercedes-Benz E-CLASS SW RWD"",
          ""vehicle_id"": 11671
        },
        {
          ""safety_ratings"": {
            ""Count"": 1,
            ""Message"": ""Results returned successfully"",
            ""Results"": [
              {
                ""ComplaintsCount"": 166,
                ""FrontCrashDriversideRating"": ""5"",
                ""FrontCrashPassengersideRating"": ""5"",
                ""FrontCrashPicture"": ""https://static.nhtsa.gov/crashTest/images/2017/v09991P086.jpg"",
                ""FrontCrashVideo"": ""https://static.nhtsa.gov/crashTest/videos/2017/v09991C019.wmv"",
                ""InvestigationCount"": 1,
                ""Make"": ""MERCEDES-BENZ"",
                ""Model"": ""E-CLASS"",
                ""ModelYear"": 2017,
                ""NHTSAElectronicStabilityControl"": ""Standard"",
                ""NHTSAForwardCollisionWarning"": ""Standard"",
                ""NHTSALaneDepartureWarning"": ""Optional"",
                ""OverallFrontCrashRating"": ""5"",
                ""OverallRating"": ""5"",
                ""OverallSideCrashRating"": ""5"",
                ""RecallsCount"": 20,
                ""RolloverPossibility"": 0.097,
                ""RolloverPossibility2"": 0,
                ""RolloverRating"": ""5"",
                ""RolloverRating2"": ""Not Rated"",
                ""SideCrashDriversideRating"": ""5"",
                ""SideCrashPassengersideRating"": ""5"",
                ""SideCrashPicture"": ""https://static.nhtsa.gov/crashTest/images/2017/v09996P105.jpg"",
                ""SideCrashVideo"": ""https://static.nhtsa.gov/crashTest/videos/2017/v09996C011.wmv"",
                ""SidePoleCrashRating"": ""5"",
                ""SidePolePicture"": ""https://static.nhtsa.gov/crashTest/images/2017/v09994P072.jpg"",
                ""SidePoleVideo"": ""https://static.nhtsa.gov/crashTest/videos/2017/v09994C013.wmv"",
                ""VehicleDescription"": ""2017 Mercedes-Benz E-Class 4 DR RWD"",
                ""VehicleId"": 11670,
                ""combinedSideBarrierAndPoleRating-Front"": ""5"",
                ""combinedSideBarrierAndPoleRating-Rear"": ""5"",
                ""dynamicTipResult"": "" "",
                ""sideBarrierRating-Overall"": ""5""
              }
            ]
          },
          ""vehicle_description"": ""2017 Mercedes-Benz E-Class 4 DR RWD"",
          ""vehicle_id"": 11670
        },
        {
          ""safety_ratings"": {
            ""Count"": 1,
            ""Message"": ""Results returned successfully"",
            ""Results"": [
              {
                ""ComplaintsCount"": 166,
                ""FrontCrashDriversideRating"": ""5"",
                ""FrontCrashPassengersideRating"": ""5"",
                ""FrontCrashPicture"": ""https://static.nhtsa.gov/crashTest/images/2017/v09991P086.jpg"",
                ""FrontCrashVideo"": ""https://static.nhtsa.gov/crashTest/videos/2017/v09991C019.wmv"",
                ""InvestigationCount"": 1,
                ""Make"": ""MERCEDES-BENZ"",
                ""Model"": ""E-CLASS"",
                ""ModelYear"": 2017,
                ""NHTSAElectronicStabilityControl"": ""Standard"",
                ""NHTSAForwardCollisionWarning"": ""Standard"",
                ""NHTSALaneDepartureWarning"": ""Optional"",
                ""OverallFrontCrashRating"": ""5"",
                ""OverallRating"": ""5"",
                ""OverallSideCrashRating"": ""5"",
                ""RecallsCount"": 20,
                ""RolloverPossibility"": 0.097,
                ""RolloverPossibility2"": 0,
                ""RolloverRating"": ""5"",
                ""RolloverRating2"": ""Not Rated"",
                ""SideCrashDriversideRating"": ""5"",
                ""SideCrashPassengersideRating"": ""5"",
                ""SideCrashPicture"": ""https://static.nhtsa.gov/crashTest/images/2017/v09996P105.jpg"",
                ""SideCrashVideo"": ""https://static.nhtsa.gov/crashTest/videos/2017/v09996C011.wmv"",
                ""SidePoleCrashRating"": ""5"",
                ""SidePolePicture"": ""https://static.nhtsa.gov/crashTest/images/2017/v09994P072.jpg"",
                ""SidePoleVideo"": ""https://static.nhtsa.gov/crashTest/videos/2017/v09994C013.wmv"",
                ""VehicleDescription"": ""2017 Mercedes-Benz E-Class 4 DR 4WD"",
                ""VehicleId"": 11669,
                ""combinedSideBarrierAndPoleRating-Front"": ""5"",
                ""combinedSideBarrierAndPoleRating-Rear"": ""5"",
                ""dynamicTipResult"": ""No Tip"",
                ""sideBarrierRating-Overall"": ""5""
              }
            ]
          },
          ""vehicle_description"": ""2017 Mercedes-Benz E-Class 4 DR 4WD"",
          ""vehicle_id"": 11669
        },
        {
          ""safety_ratings"": {
            ""Count"": 1,
            ""Message"": ""Results returned successfully"",
            ""Results"": [
              {
                ""ComplaintsCount"": 166,
                ""FrontCrashDriversideRating"": ""Not Rated"",
                ""FrontCrashPassengersideRating"": ""Not Rated"",
                ""InvestigationCount"": 1,
                ""Make"": ""MERCEDES-BENZ"",
                ""Model"": ""E-CLASS"",
                ""ModelYear"": 2017,
                ""NHTSAElectronicStabilityControl"": ""Standard"",
                ""NHTSAForwardCollisionWarning"": ""Optional"",
                ""NHTSALaneDepartureWarning"": ""Optional"",
                ""OverallFrontCrashRating"": ""Not Rated"",
                ""OverallRating"": ""Not Rated"",
                ""OverallSideCrashRating"": ""Not Rated"",
                ""RecallsCount"": 20,
                ""RolloverPossibility"": 0,
                ""RolloverPossibility2"": 0,
                ""RolloverRating"": ""Not Rated"",
                ""RolloverRating2"": ""Not Rated"",
                ""SideCrashDriversideRating"": ""Not Rated"",
                ""SideCrashPassengersideRating"": ""Not Rated"",
                ""SidePoleCrashRating"": ""Not Rated"",
                ""VehicleDescription"": ""2017 Mercedes-Benz E-Class 2 DR RWD"",
                ""VehicleId"": 11668,
                ""combinedSideBarrierAndPoleRating-Front"": ""Not Rated"",
                ""combinedSideBarrierAndPoleRating-Rear"": ""Not Rated"",
                ""dynamicTipResult"": "" "",
                ""sideBarrierRating-Overall"": ""Not Rated""
              }
            ]
          },
          ""vehicle_description"": ""2017 Mercedes-Benz E-Class 2 DR RWD"",
          ""vehicle_id"": 11668
        },
        {
          ""safety_ratings"": {
            ""Count"": 1,
            ""Message"": ""Results returned successfully"",
            ""Results"": [
              {
                ""ComplaintsCount"": 166,
                ""FrontCrashDriversideRating"": ""Not Rated"",
                ""FrontCrashPassengersideRating"": ""Not Rated"",
                ""InvestigationCount"": 1,
                ""Make"": ""MERCEDES-BENZ"",
                ""Model"": ""E-CLASS"",
                ""ModelYear"": 2017,
                ""NHTSAElectronicStabilityControl"": ""Standard"",
                ""NHTSAForwardCollisionWarning"": ""Optional"",
                ""NHTSALaneDepartureWarning"": ""Optional"",
                ""OverallFrontCrashRating"": ""Not Rated"",
                ""OverallRating"": ""Not Rated"",
                ""OverallSideCrashRating"": ""Not Rated"",
                ""RecallsCount"": 20,
                ""RolloverPossibility"": 0,
                ""RolloverPossibility2"": 0,
                ""RolloverRating"": ""Not Rated"",
                ""RolloverRating2"": ""Not Rated"",
                ""SideCrashDriversideRating"": ""Not Rated"",
                ""SideCrashPassengersideRating"": ""Not Rated"",
                ""SidePoleCrashRating"": ""Not Rated"",
                ""VehicleDescription"": ""2017 Mercedes-Benz E-Class 2 DR 4WD"",
                ""VehicleId"": 11667,
                ""combinedSideBarrierAndPoleRating-Front"": ""Not Rated"",
                ""combinedSideBarrierAndPoleRating-Rear"": ""Not Rated"",
                ""dynamicTipResult"": "" "",
                ""sideBarrierRating-Overall"": ""Not Rated""
              }
            ]
          },
          ""vehicle_description"": ""2017 Mercedes-Benz E-Class 2 DR 4WD"",
          ""vehicle_id"": 11667
        }
      ]
    },
    {
      ""source"": {
        ""model_year"": 2017,
        ""nhtsa_model"": ""G-CLASS"",
        ""uk_model"": "" G Class""
      },
      ""vehicle_count"": 1,
      ""vehicles"": [
        {
          ""safety_ratings"": {
            ""Count"": 1,
            ""Message"": ""Results returned successfully"",
            ""Results"": [
              {
                ""ComplaintsCount"": 4,
                ""FrontCrashDriversideRating"": ""Not Rated"",
                ""FrontCrashPassengersideRating"": ""Not Rated"",
                ""InvestigationCount"": 0,
                ""Make"": ""MERCEDES-BENZ"",
                ""Model"": ""G-CLASS"",
                ""ModelYear"": 2017,
                ""NHTSAElectronicStabilityControl"": ""Standard"",
                ""NHTSAForwardCollisionWarning"": ""No"",
                ""NHTSALaneDepartureWarning"": ""No"",
                ""OverallFrontCrashRating"": ""Not Rated"",
                ""OverallRating"": ""Not Rated"",
                ""OverallSideCrashRating"": ""Not Rated"",
                ""RecallsCount"": 4,
                ""RolloverPossibility"": 0,
                ""RolloverPossibility2"": 0,
                ""RolloverRating"": ""Not Rated"",
                ""RolloverRating2"": ""Not Rated"",
                ""SideCrashDriversideRating"": ""Not Rated"",
                ""SideCrashPassengersideRating"": ""Not Rated"",
                ""SidePoleCrashRating"": ""Not Rated"",
                ""VehicleDescription"": ""2017 Mercedes-Benz G-Class SUV AWD"",
                ""VehicleId"": 11765,
                ""combinedSideBarrierAndPoleRating-Front"": ""Not Rated"",
                ""combinedSideBarrierAndPoleRating-Rear"": ""Not Rated"",
                ""dynamicTipResult"": "" "",
                ""sideBarrierRating-Overall"": ""Not Rated""
              }
            ]
          },
          ""vehicle_description"": ""2017 Mercedes-Benz G-Class SUV AWD"",
          ""vehicle_id"": 11765
        }
      ]
    },
    {
      ""source"": {
        ""model_year"": 2017,
        ""nhtsa_model"": ""GL-CLASS"",
        ""uk_model"": "" GL Class""
      },
      ""vehicle_count"": 0,
      ""vehicles"": []
    },
    {
      ""source"": {
        ""model_year"": 2017,
        ""nhtsa_model"": ""GLA-CLASS"",
        ""uk_model"": "" GLA Class""
      },
      ""vehicle_count"": 2,
      ""vehicles"": [
        {
          ""safety_ratings"": {
            ""Count"": 1,
            ""Message"": ""Results returned successfully"",
            ""Results"": [
              {
                ""ComplaintsCount"": 33,
                ""FrontCrashDriversideRating"": ""Not Rated"",
                ""FrontCrashPassengersideRating"": ""Not Rated"",
                ""InvestigationCount"": 2,
                ""Make"": ""MERCEDES-BENZ"",
                ""Model"": ""GLA-CLASS"",
                ""ModelYear"": 2017,
                ""NHTSAElectronicStabilityControl"": ""Standard"",
                ""NHTSAForwardCollisionWarning"": ""Optional"",
                ""NHTSALaneDepartureWarning"": ""Optional"",
                ""OverallFrontCrashRating"": ""Not Rated"",
                ""OverallRating"": ""Not Rated"",
                ""OverallSideCrashRating"": ""Not Rated"",
                ""RecallsCount"": 9,
                ""RolloverPossibility"": 0,
                ""RolloverPossibility2"": 0,
                ""RolloverRating"": ""Not Rated"",
                ""RolloverRating2"": ""Not Rated"",
                ""SideCrashDriversideRating"": ""Not Rated"",
                ""SideCrashPassengersideRating"": ""Not Rated"",
                ""SidePoleCrashRating"": ""Not Rated"",
                ""VehicleDescription"": ""2017 Mercedes-Benz GLA-Class 4 DR FWD"",
                ""VehicleId"": 11676,
                ""combinedSideBarrierAndPoleRating-Front"": ""Not Rated"",
                ""combinedSideBarrierAndPoleRating-Rear"": ""Not Rated"",
                ""dynamicTipResult"": "" "",
                ""sideBarrierRating-Overall"": ""Not Rated""
              }
            ]
          },
          ""vehicle_description"": ""2017 Mercedes-Benz GLA-Class 4 DR FWD"",
          ""vehicle_id"": 11676
        },
        {
          ""safety_ratings"": {
            ""Count"": 1,
            ""Message"": ""Results returned successfully"",
            ""Results"": [
              {
                ""ComplaintsCount"": 33,
                ""FrontCrashDriversideRating"": ""Not Rated"",
                ""FrontCrashPassengersideRating"": ""Not Rated"",
                ""InvestigationCount"": 2,
                ""Make"": ""MERCEDES-BENZ"",
                ""Model"": ""GLA-CLASS"",
                ""ModelYear"": 2017,
                ""NHTSAElectronicStabilityControl"": ""Standard"",
                ""NHTSAForwardCollisionWarning"": ""Optional"",
                ""NHTSALaneDepartureWarning"": ""Optional"",
                ""OverallFrontCrashRating"": ""Not Rated"",
                ""OverallRating"": ""Not Rated"",
                ""OverallSideCrashRating"": ""Not Rated"",
                ""RecallsCount"": 9,
                ""RolloverPossibility"": 0,
                ""RolloverPossibility2"": 0,
                ""RolloverRating"": ""Not Rated"",
                ""RolloverRating2"": ""Not Rated"",
                ""SideCrashDriversideRating"": ""Not Rated"",
                ""SideCrashPassengersideRating"": ""Not Rated"",
                ""SidePoleCrashRating"": ""Not Rated"",
                ""VehicleDescription"": ""2017 Mercedes-Benz GLA-Class 4 DR 4WD"",
                ""VehicleId"": 11675,
                ""combinedSideBarrierAndPoleRating-Front"": ""Not Rated"",
                ""combinedSideBarrierAndPoleRating-Rear"": ""Not Rated"",
                ""dynamicTipResult"": "" "",
                ""sideBarrierRating-Overall"": ""Not Rated""
              }
            ]
          },
          ""vehicle_description"": ""2017 Mercedes-Benz GLA-Class 4 DR 4WD"",
          ""vehicle_id"": 11675
        }
      ]
    },
    {
      ""source"": {
        ""model_year"": 2017,
        ""nhtsa_model"": ""GLC-CLASS"",
        ""uk_model"": "" GLC Class""
      },
      ""vehicle_count"": 2,
      ""vehicles"": [
        {
          ""safety_ratings"": {
            ""Count"": 1,
            ""Message"": ""Results returned successfully"",
            ""Results"": [
              {
                ""ComplaintsCount"": 115,
                ""FrontCrashDriversideRating"": ""Not Rated"",
                ""FrontCrashPassengersideRating"": ""Not Rated"",
                ""InvestigationCount"": 2,
                ""Make"": ""MERCEDES-BENZ"",
                ""Model"": ""GLC-CLASS"",
                ""ModelYear"": 2017,
                ""NHTSAElectronicStabilityControl"": ""Standard"",
                ""NHTSAForwardCollisionWarning"": ""Optional"",
                ""NHTSALaneDepartureWarning"": ""Optional"",
                ""OverallFrontCrashRating"": ""Not Rated"",
                ""OverallRating"": ""Not Rated"",
                ""OverallSideCrashRating"": ""Not Rated"",
                ""RecallsCount"": 12,
                ""RolloverPossibility"": 0,
                ""RolloverPossibility2"": 0,
                ""RolloverRating"": ""Not Rated"",
                ""RolloverRating2"": ""Not Rated"",
                ""SideCrashDriversideRating"": ""Not Rated"",
                ""SideCrashPassengersideRating"": ""Not Rated"",
                ""SidePoleCrashRating"": ""Not Rated"",
                ""VehicleDescription"": ""2017 Mercedes-Benz GLC-Class SUV 4WD"",
                ""VehicleId"": 11678,
                ""combinedSideBarrierAndPoleRating-Front"": ""Not Rated"",
                ""combinedSideBarrierAndPoleRating-Rear"": ""Not Rated"",
                ""dynamicTipResult"": "" "",
                ""sideBarrierRating-Overall"": ""Not Rated""
              }
            ]
          },
          ""vehicle_description"": ""2017 Mercedes-Benz GLC-Class SUV 4WD"",
          ""vehicle_id"": 11678
        },
        {
          ""safety_ratings"": {
            ""Count"": 1,
            ""Message"": ""Results returned successfully"",
            ""Results"": [
              {
                ""ComplaintsCount"": 115,
                ""FrontCrashDriversideRating"": ""Not Rated"",
                ""FrontCrashPassengersideRating"": ""Not Rated"",
                ""InvestigationCount"": 2,
                ""Make"": ""MERCEDES-BENZ"",
                ""Model"": ""GLC-CLASS"",
                ""ModelYear"": 2017,
                ""NHTSAElectronicStabilityControl"": ""Standard"",
                ""NHTSAForwardCollisionWarning"": ""Optional"",
                ""NHTSALaneDepartureWarning"": ""Optional"",
                ""OverallFrontCrashRating"": ""Not Rated"",
                ""OverallRating"": ""Not Rated"",
                ""OverallSideCrashRating"": ""Not Rated"",
                ""RecallsCount"": 12,
                ""RolloverPossibility"": 0,
                ""RolloverPossibility2"": 0,
                ""RolloverRating"": ""Not Rated"",
                ""RolloverRating2"": ""Not Rated"",
                ""SideCrashDriversideRating"": ""Not Rated"",
                ""SideCrashPassengersideRating"": ""Not Rated"",
                ""SidePoleCrashRating"": ""Not Rated"",
                ""VehicleDescription"": ""2017 Mercedes-Benz GLC-Class SUV RWD"",
                ""VehicleId"": 11677,
                ""combinedSideBarrierAndPoleRating-Front"": ""Not Rated"",
                ""combinedSideBarrierAndPoleRating-Rear"": ""Not Rated"",
                ""dynamicTipResult"": "" "",
                ""sideBarrierRating-Overall"": ""Not Rated""
              }
            ]
          },
          ""vehicle_description"": ""2017 Mercedes-Benz GLC-Class SUV RWD"",
          ""vehicle_id"": 11677
        }
      ]
    },
    {
      ""source"": {
        ""model_year"": 2017,
        ""nhtsa_model"": ""GLE-CLASS"",
        ""uk_model"": "" GLE Class""
      },
      ""vehicle_count"": 2,
      ""vehicles"": [
        {
          ""safety_ratings"": {
            ""Count"": 1,
            ""Message"": ""Results returned successfully"",
            ""Results"": [
              {
                ""ComplaintsCount"": 74,
                ""FrontCrashDriversideRating"": ""Not Rated"",
                ""FrontCrashPassengersideRating"": ""Not Rated"",
                ""InvestigationCount"": 2,
                ""Make"": ""MERCEDES-BENZ"",
                ""Model"": ""GLE-CLASS"",
                ""ModelYear"": 2017,
                ""NHTSAElectronicStabilityControl"": ""Standard"",
                ""NHTSAForwardCollisionWarning"": ""Optional"",
                ""NHTSALaneDepartureWarning"": ""Optional"",
                ""OverallFrontCrashRating"": ""Not Rated"",
                ""OverallRating"": ""Not Rated"",
                ""OverallSideCrashRating"": ""Not Rated"",
                ""RecallsCount"": 12,
                ""RolloverPossibility"": 0.179,
                ""RolloverPossibility2"": 0,
                ""RolloverRating"": ""4"",
                ""RolloverRating2"": ""Not Rated"",
                ""SideCrashDriversideRating"": ""Not Rated"",
                ""SideCrashPassengersideRating"": ""Not Rated"",
                ""SidePoleCrashRating"": ""Not Rated"",
                ""VehicleDescription"": ""2017 Mercedes-Benz GLE-Class SUV 4WD"",
                ""VehicleId"": 11191,
                ""combinedSideBarrierAndPoleRating-Front"": ""Not Rated"",
                ""combinedSideBarrierAndPoleRating-Rear"": ""Not Rated"",
                ""dynamicTipResult"": ""No Tip"",
                ""sideBarrierRating-Overall"": ""Not Rated""
              }
            ]
          },
          ""vehicle_description"": ""2017 Mercedes-Benz GLE-Class SUV 4WD"",
          ""vehicle_id"": 11191
        },
        {
          ""safety_ratings"": {
            ""Count"": 1,
            ""Message"": ""Results returned successfully"",
            ""Results"": [
              {
                ""ComplaintsCount"": 74,
                ""FrontCrashDriversideRating"": ""Not Rated"",
                ""FrontCrashPassengersideRating"": ""Not Rated"",
                ""InvestigationCount"": 2,
                ""Make"": ""MERCEDES-BENZ"",
                ""Model"": ""GLE-CLASS"",
                ""ModelYear"": 2017,
                ""NHTSAElectronicStabilityControl"": ""Standard"",
                ""NHTSAForwardCollisionWarning"": ""Optional"",
                ""NHTSALaneDepartureWarning"": ""Optional"",
                ""OverallFrontCrashRating"": ""Not Rated"",
                ""OverallRating"": ""Not Rated"",
                ""OverallSideCrashRating"": ""Not Rated"",
                ""RecallsCount"": 12,
                ""RolloverPossibility"": 0.198,
                ""RolloverPossibility2"": 0,
                ""RolloverRating"": ""4"",
                ""RolloverRating2"": ""Not Rated"",
                ""SideCrashDriversideRating"": ""Not Rated"",
                ""SideCrashPassengersideRating"": ""Not Rated"",
                ""SidePoleCrashRating"": ""Not Rated"",
                ""VehicleDescription"": ""2017 Mercedes-Benz GLE-Class SUV RWD"",
                ""VehicleId"": 11190,
                ""combinedSideBarrierAndPoleRating-Front"": ""Not Rated"",
                ""combinedSideBarrierAndPoleRating-Rear"": ""Not Rated"",
                ""dynamicTipResult"": ""No Tip"",
                ""sideBarrierRating-Overall"": ""Not Rated""
              }
            ]
          },
          ""vehicle_description"": ""2017 Mercedes-Benz GLE-Class SUV RWD"",
          ""vehicle_id"": 11190
        }
      ]
    },
    {
      ""source"": {
        ""model_year"": 2017,
        ""nhtsa_model"": ""GLS-CLASS"",
        ""uk_model"": "" GLS Class""
      },
      ""vehicle_count"": 1,
      ""vehicles"": [
        {
          ""safety_ratings"": {
            ""Count"": 1,
            ""Message"": ""Results returned successfully"",
            ""Results"": [
              {
                ""ComplaintsCount"": 41,
                ""FrontCrashDriversideRating"": ""Not Rated"",
                ""FrontCrashPassengersideRating"": ""Not Rated"",
                ""InvestigationCount"": 0,
                ""Make"": ""MERCEDES-BENZ"",
                ""Model"": ""GLS-CLASS"",
                ""ModelYear"": 2017,
                ""NHTSAElectronicStabilityControl"": ""Standard"",
                ""NHTSAForwardCollisionWarning"": ""Optional"",
                ""NHTSALaneDepartureWarning"": ""Optional"",
                ""OverallFrontCrashRating"": ""Not Rated"",
                ""OverallRating"": ""Not Rated"",
                ""OverallSideCrashRating"": ""Not Rated"",
                ""RecallsCount"": 10,
                ""RolloverPossibility"": 0,
                ""RolloverPossibility2"": 0,
                ""RolloverRating"": ""Not Rated"",
                ""RolloverRating2"": ""Not Rated"",
                ""SideCrashDriversideRating"": ""Not Rated"",
                ""SideCrashPassengersideRating"": ""Not Rated"",
                ""SidePoleCrashRating"": ""Not Rated"",
                ""VehicleDescription"": ""2017 Mercedes-Benz GLS-Class SUV 4WD"",
                ""VehicleId"": 11685,
                ""combinedSideBarrierAndPoleRating-Front"": ""Not Rated"",
                ""combinedSideBarrierAndPoleRating-Rear"": ""Not Rated"",
                ""dynamicTipResult"": "" "",
                ""sideBarrierRating-Overall"": ""Not Rated""
              }
            ]
          },
          ""vehicle_description"": ""2017 Mercedes-Benz GLS-Class SUV 4WD"",
          ""vehicle_id"": 11685
        }
      ]
    },
    {
      ""source"": {
        ""model_year"": 2017,
        ""nhtsa_model"": ""S-CLASS"",
        ""uk_model"": "" S Class""
      },
      ""vehicle_count"": 4,
      ""vehicles"": [
        {
          ""safety_ratings"": {
            ""Count"": 1,
            ""Message"": ""Results returned successfully"",
            ""Results"": [
              {
                ""ComplaintsCount"": 22,
                ""FrontCrashDriversideRating"": ""Not Rated"",
                ""FrontCrashPassengersideRating"": ""Not Rated"",
                ""InvestigationCount"": 2,
                ""Make"": ""MERCEDES-BENZ"",
                ""Model"": ""S-CLASS"",
                ""ModelYear"": 2017,
                ""NHTSAElectronicStabilityControl"": ""Standard"",
                ""NHTSAForwardCollisionWarning"": ""Optional"",
                ""NHTSALaneDepartureWarning"": ""Optional"",
                ""OverallFrontCrashRating"": ""Not Rated"",
                ""OverallRating"": ""Not Rated"",
                ""OverallSideCrashRating"": ""Not Rated"",
                ""RecallsCount"": 10,
                ""RolloverPossibility"": 0,
                ""RolloverPossibility2"": 0,
                ""RolloverRating"": ""Not Rated"",
                ""RolloverRating2"": ""Not Rated"",
                ""SideCrashDriversideRating"": ""Not Rated"",
                ""SideCrashPassengersideRating"": ""Not Rated"",
                ""SidePoleCrashRating"": ""Not Rated"",
                ""VehicleDescription"": ""2017 Mercedes-Benz S-Class C RWD"",
                ""VehicleId"": 11689,
                ""combinedSideBarrierAndPoleRating-Front"": ""Not Rated"",
                ""combinedSideBarrierAndPoleRating-Rear"": ""Not Rated"",
                ""dynamicTipResult"": "" "",
                ""sideBarrierRating-Overall"": ""Not Rated""
              }
            ]
          },
          ""vehicle_description"": ""2017 Mercedes-Benz S-Class C RWD"",
          ""vehicle_id"": 11689
        },
        {
          ""safety_ratings"": {
            ""Count"": 1,
            ""Message"": ""Results returned successfully"",
            ""Results"": [
              {
                ""ComplaintsCount"": 22,
                ""FrontCrashDriversideRating"": ""Not Rated"",
                ""FrontCrashPassengersideRating"": ""Not Rated"",
                ""InvestigationCount"": 2,
                ""Make"": ""MERCEDES-BENZ"",
                ""Model"": ""S-CLASS"",
                ""ModelYear"": 2017,
                ""NHTSAElectronicStabilityControl"": ""Standard"",
                ""NHTSAForwardCollisionWarning"": ""Optional"",
                ""NHTSALaneDepartureWarning"": ""Optional"",
                ""OverallFrontCrashRating"": ""Not Rated"",
                ""OverallRating"": ""Not Rated"",
                ""OverallSideCrashRating"": ""Not Rated"",
                ""RecallsCount"": 10,
                ""RolloverPossibility"": 0,
                ""RolloverPossibility2"": 0,
                ""RolloverRating"": ""Not Rated"",
                ""RolloverRating2"": ""Not Rated"",
                ""SideCrashDriversideRating"": ""Not Rated"",
                ""SideCrashPassengersideRating"": ""Not Rated"",
                ""SidePoleCrashRating"": ""Not Rated"",
                ""VehicleDescription"": ""2017 Mercedes-Benz S-Class C 4WD"",
                ""VehicleId"": 11688,
                ""combinedSideBarrierAndPoleRating-Front"": ""Not Rated"",
                ""combinedSideBarrierAndPoleRating-Rear"": ""Not Rated"",
                ""dynamicTipResult"": "" "",
                ""sideBarrierRating-Overall"": ""Not Rated""
              }
            ]
          },
          ""vehicle_description"": ""2017 Mercedes-Benz S-Class C 4WD"",
          ""vehicle_id"": 11688
        },
        {
          ""safety_ratings"": {
            ""Count"": 1,
            ""Message"": ""Results returned successfully"",
            ""Results"": [
              {
                ""ComplaintsCount"": 22,
                ""FrontCrashDriversideRating"": ""Not Rated"",
                ""FrontCrashPassengersideRating"": ""Not Rated"",
                ""InvestigationCount"": 2,
                ""Make"": ""MERCEDES-BENZ"",
                ""Model"": ""S-CLASS"",
                ""ModelYear"": 2017,
                ""NHTSAElectronicStabilityControl"": ""Standard"",
                ""NHTSAForwardCollisionWarning"": ""Optional"",
                ""NHTSALaneDepartureWarning"": ""Optional"",
                ""OverallFrontCrashRating"": ""Not Rated"",
                ""OverallRating"": ""Not Rated"",
                ""OverallSideCrashRating"": ""Not Rated"",
                ""RecallsCount"": 10,
                ""RolloverPossibility"": 0,
                ""RolloverPossibility2"": 0,
                ""RolloverRating"": ""Not Rated"",
                ""RolloverRating2"": ""Not Rated"",
                ""SideCrashDriversideRating"": ""Not Rated"",
                ""SideCrashPassengersideRating"": ""Not Rated"",
                ""SidePoleCrashRating"": ""Not Rated"",
                ""VehicleDescription"": ""2017 Mercedes-Benz S-Class 4 DR 4WD"",
                ""VehicleId"": 11687,
                ""combinedSideBarrierAndPoleRating-Front"": ""Not Rated"",
                ""combinedSideBarrierAndPoleRating-Rear"": ""Not Rated"",
                ""dynamicTipResult"": "" "",
                ""sideBarrierRating-Overall"": ""Not Rated""
              }
            ]
          },
          ""vehicle_description"": ""2017 Mercedes-Benz S-Class 4 DR 4WD"",
          ""vehicle_id"": 11687
        },
        {
          ""safety_ratings"": {
            ""Count"": 1,
            ""Message"": ""Results returned successfully"",
            ""Results"": [
              {
                ""ComplaintsCount"": 22,
                ""FrontCrashDriversideRating"": ""Not Rated"",
                ""FrontCrashPassengersideRating"": ""Not Rated"",
                ""InvestigationCount"": 2,
                ""Make"": ""MERCEDES-BENZ"",
                ""Model"": ""S-CLASS"",
                ""ModelYear"": 2017,
                ""NHTSAElectronicStabilityControl"": ""Standard"",
                ""NHTSAForwardCollisionWarning"": ""Optional"",
                ""NHTSALaneDepartureWarning"": ""Optional"",
                ""OverallFrontCrashRating"": ""Not Rated"",
                ""OverallRating"": ""Not Rated"",
                ""OverallSideCrashRating"": ""Not Rated"",
                ""RecallsCount"": 10,
                ""RolloverPossibility"": 0,
                ""RolloverPossibility2"": 0,
                ""RolloverRating"": ""Not Rated"",
                ""RolloverRating2"": ""Not Rated"",
                ""SideCrashDriversideRating"": ""Not Rated"",
                ""SideCrashPassengersideRating"": ""Not Rated"",
                ""SidePoleCrashRating"": ""Not Rated"",
                ""VehicleDescription"": ""2017 Mercedes-Benz S-Class 4 DR RWD"",
                ""VehicleId"": 11686,
                ""combinedSideBarrierAndPoleRating-Front"": ""Not Rated"",
                ""combinedSideBarrierAndPoleRating-Rear"": ""Not Rated"",
                ""dynamicTipResult"": "" "",
                ""sideBarrierRating-Overall"": ""Not Rated""
              }
            ]
          },
          ""vehicle_description"": ""2017 Mercedes-Benz S-Class 4 DR RWD"",
          ""vehicle_id"": 11686
        }
      ]
    },
    {
      ""source"": {
        ""model_year"": 2017,
        ""nhtsa_model"": ""SL-CLASS"",
        ""uk_model"": "" SL CLASS""
      },
      ""vehicle_count"": 1,
      ""vehicles"": [
        {
          ""safety_ratings"": {
            ""Count"": 1,
            ""Message"": ""Results returned successfully"",
            ""Results"": [
              {
                ""ComplaintsCount"": 4,
                ""FrontCrashDriversideRating"": ""Not Rated"",
                ""FrontCrashPassengersideRating"": ""Not Rated"",
                ""InvestigationCount"": 1,
                ""Make"": ""MERCEDES-BENZ"",
                ""Model"": ""SL-CLASS"",
                ""ModelYear"": 2017,
                ""NHTSAElectronicStabilityControl"": ""Standard"",
                ""NHTSAForwardCollisionWarning"": ""Optional"",
                ""NHTSALaneDepartureWarning"": ""Optional"",
                ""OverallFrontCrashRating"": ""Not Rated"",
                ""OverallRating"": ""Not Rated"",
                ""OverallSideCrashRating"": ""Not Rated"",
                ""RecallsCount"": 2,
                ""RolloverPossibility"": 0,
                ""RolloverPossibility2"": 0,
                ""RolloverRating"": ""Not Rated"",
                ""RolloverRating2"": ""Not Rated"",
                ""SideCrashDriversideRating"": ""Not Rated"",
                ""SideCrashPassengersideRating"": ""Not Rated"",
                ""SidePoleCrashRating"": ""Not Rated"",
                ""VehicleDescription"": ""2017 Mercedes-Benz SL-Class C RWD"",
                ""VehicleId"": 11692,
                ""combinedSideBarrierAndPoleRating-Front"": ""Not Rated"",
                ""combinedSideBarrierAndPoleRating-Rear"": ""Not Rated"",
                ""dynamicTipResult"": "" "",
                ""sideBarrierRating-Overall"": ""Not Rated""
              }
            ]
          },
          ""vehicle_description"": ""2017 Mercedes-Benz SL-Class C RWD"",
          ""vehicle_id"": 11692
        }
      ]
    },
    {
      ""source"": {
        ""model_year"": 2017,
        ""nhtsa_model"": ""V-CLASS"",
        ""uk_model"": "" V Class""
      },
      ""vehicle_count"": 0,
      ""vehicles"": []
    },
    {
      ""source"": {
        ""model_year"": 2017,
        ""nhtsa_model"": ""X-CLASS"",
        ""uk_model"": "" X-CLASS""
      },
      ""vehicle_count"": 0,
      ""vehicles"": []
    }
  ],
  ""source"": ""NHTSA""
}"
nhtsa_safety_2019.json,2026-08-28 16:05:12.636,"{
  ""make"": ""Mercedes-Benz"",
  ""model_year"": 2019,
  ""record_count"": 16,
  ""results"": [
    {
      ""source"": {
        ""model_year"": 2019,
        ""nhtsa_model"": ""A-CLASS"",
        ""uk_model"": "" A Class""
      },
      ""vehicle_count"": 2,
      ""vehicles"": [
        {
          ""safety_ratings"": {
            ""Count"": 1,
            ""Message"": ""Results returned successfully"",
            ""Results"": [
              {
                ""ComplaintsCount"": 44,
                ""FrontCrashDriversideRating"": ""Not Rated"",
                ""FrontCrashPassengersideRating"": ""Not Rated"",
                ""InvestigationCount"": 1,
                ""Make"": ""MERCEDES-BENZ"",
                ""Model"": ""A-CLASS"",
                ""ModelYear"": 2019,
                ""NHTSAElectronicStabilityControl"": ""Standard"",
                ""NHTSAForwardCollisionWarning"": ""Standard"",
                ""NHTSALaneDepartureWarning"": ""Optional"",
                ""OverallFrontCrashRating"": ""Not Rated"",
                ""OverallRating"": ""Not Rated"",
                ""OverallSideCrashRating"": ""Not Rated"",
                ""RecallsCount"": 14,
                ""RolloverPossibility"": 0,
                ""RolloverPossibility2"": 0,
                ""RolloverRating"": ""Not Rated"",
                ""RolloverRating2"": ""Not Rated"",
                ""SideCrashDriversideRating"": ""Not Rated"",
                ""SideCrashPassengersideRating"": ""Not Rated"",
                ""SidePoleCrashRating"": ""Not Rated"",
                ""VehicleDescription"": ""2019 Mercedes-Benz A-Class 4 DR 4WD"",
                ""VehicleId"": 14058,
                ""combinedSideBarrierAndPoleRating-Front"": ""Not Rated"",
                ""combinedSideBarrierAndPoleRating-Rear"": ""Not Rated"",
                ""dynamicTipResult"": "" "",
                ""sideBarrierRating-Overall"": ""Not Rated""
              }
            ]
          },
          ""vehicle_description"": ""2019 Mercedes-Benz A-Class 4 DR 4WD"",
          ""vehicle_id"": 14058
        },
        {
          ""safety_ratings"": {
            ""Count"": 1,
            ""Message"": ""Results returned successfully"",
            ""Results"": [
              {
                ""ComplaintsCount"": 45,
                ""FrontCrashDriversideRating"": ""Not Rated"",
                ""FrontCrashPassengersideRating"": ""Not Rated"",
                ""InvestigationCount"": 1,
                ""Make"": ""MERCEDES-BENZ"",
                ""Model"": ""A-CLASS"",
                ""ModelYear"": 2019,
                ""NHTSAElectronicStabilityControl"": ""Standard"",
                ""NHTSAForwardCollisionWarning"": ""Standard"",
                ""NHTSALaneDepartureWarning"": ""Optional"",
                ""OverallFrontCrashRating"": ""Not Rated"",
                ""OverallRating"": ""Not Rated"",
                ""OverallSideCrashRating"": ""Not Rated"",
                ""RecallsCount"": 14,
                ""RolloverPossibility"": 0,
                ""RolloverPossibility2"": 0,
                ""RolloverRating"": ""Not Rated"",
                ""RolloverRating2"": ""Not Rated"",
                ""SideCrashDriversideRating"": ""Not Rated"",
                ""SideCrashPassengersideRating"": ""Not Rated"",
                ""SidePoleCrashRating"": ""Not Rated"",
                ""VehicleDescription"": ""2019 Mercedes-Benz A-Class 4 DR FWD"",
                ""VehicleId"": 14032,
                ""combinedSideBarrierAndPoleRating-Front"": ""Not Rated"",
                ""combinedSideBarrierAndPoleRating-Rear"": ""Not Rated"",
                ""dynamicTipResult"": "" "",
                ""sideBarrierRating-Overall"": ""Not Rated""
              }
            ]
          },
          ""vehicle_description"": ""2019 Mercedes-Benz A-Class 4 DR FWD"",
          ""vehicle_id"": 14032
        }
      ]
    },
    {
      ""source"": {
        ""model_year"": 2019,
        ""nhtsa_model"": ""B-CLASS"",
        ""uk_model"": "" B Class""
      },
      ""vehicle_count"": 0,
      ""vehicles"": []
    },
    {
      ""source"": {
        ""model_year"": 2019,
        ""nhtsa_model"": ""C-CLASS"",
        ""uk_model"": "" C Class""
      },
      ""vehicle_count"": 4,
      ""vehicles"": [
        {
          ""safety_ratings"": {
            ""Count"": 1,
            ""Message"": ""Results returned successfully"",
            ""Results"": [
              {
                ""ComplaintsCount"": 75,
                ""FrontCrashDriversideRating"": ""5"",
                ""FrontCrashPassengersideRating"": ""4"",
                ""FrontCrashPicture"": ""https://static.nhtsa.gov/crashTest/images/2019/v09248P083.jpg"",
                ""FrontCrashVideo"": ""https://static.nhtsa.gov/crashTest/videos/2019/v09248C021.wmv"",
                ""InvestigationCount"": 1,
                ""Make"": ""MERCEDES-BENZ"",
                ""Model"": ""C-CLASS"",
                ""ModelYear"": 2019,
                ""NHTSAElectronicStabilityControl"": ""Standard"",
                ""NHTSAForwardCollisionWarning"": ""Standard"",
                ""NHTSALaneDepartureWarning"": ""Optional"",
                ""OverallFrontCrashRating"": ""4"",
                ""OverallRating"": ""Not Rated"",
                ""OverallSideCrashRating"": ""Not Rated"",
                ""RecallsCount"": 18,
                ""RolloverPossibility"": 0.11,
                ""RolloverPossibility2"": 0,
                ""RolloverRating"": ""4"",
                ""RolloverRating2"": ""Not Rated"",
                ""SideCrashDriversideRating"": ""Not Rated"",
                ""SideCrashPassengersideRating"": ""Not Rated"",
                ""SidePoleCrashRating"": ""Not Rated"",
                ""VehicleDescription"": ""2019 Mercedes-Benz C-Class 4 DR 4WD"",
                ""VehicleId"": 15046,
                ""combinedSideBarrierAndPoleRating-Front"": ""Not Rated"",
                ""combinedSideBarrierAndPoleRating-Rear"": ""Not Rated"",
                ""dynamicTipResult"": ""No Tip"",
                ""sideBarrierRating-Overall"": ""Not Rated""
              }
            ]
          },
          ""vehicle_description"": ""2019 Mercedes-Benz C-Class 4 DR 4WD"",
          ""vehicle_id"": 15046
        },
        {
          ""safety_ratings"": {
            ""Count"": 1,
            ""Message"": ""Results returned successfully"",
            ""Results"": [
              {
                ""ComplaintsCount"": 75,
                ""FrontCrashDriversideRating"": ""5"",
                ""FrontCrashPassengersideRating"": ""4"",
                ""FrontCrashPicture"": ""https://static.nhtsa.gov/crashTest/images/2019/v09248P083.jpg"",
                ""FrontCrashVideo"": ""https://static.nhtsa.gov/crashTest/videos/2019/v09248C021.wmv"",
                ""InvestigationCount"": 1,
                ""Make"": ""MERCEDES-BENZ"",
                ""Model"": ""C-CLASS"",
                ""ModelYear"": 2019,
                ""NHTSAElectronicStabilityControl"": ""Standard"",
                ""NHTSAForwardCollisionWarning"": ""Standard"",
                ""NHTSALaneDepartureWarning"": ""Optional"",
                ""OverallFrontCrashRating"": ""4"",
                ""OverallRating"": ""Not Rated"",
                ""OverallSideCrashRating"": ""Not Rated"",
                ""RecallsCount"": 18,
                ""RolloverPossibility"": 0.11,
                ""RolloverPossibility2"": 0,
                ""RolloverRating"": ""4"",
                ""RolloverRating2"": ""Not Rated"",
                ""SideCrashDriversideRating"": ""Not Rated"",
                ""SideCrashPassengersideRating"": ""Not Rated"",
                ""SidePoleCrashRating"": ""Not Rated"",
                ""VehicleDescription"": ""2019 Mercedes-Benz C-Class 4 DR RWD"",
                ""VehicleId"": 15042,
                ""combinedSideBarrierAndPoleRating-Front"": ""Not Rated"",
                ""combinedSideBarrierAndPoleRating-Rear"": ""Not Rated"",
                ""dynamicTipResult"": ""No Tip"",
                ""sideBarrierRating-Overall"": ""Not Rated""
              }
            ]
          },
          ""vehicle_description"": ""2019 Mercedes-Benz C-Class 4 DR RWD"",
          ""vehicle_id"": 15042
        },
        {
          ""safety_ratings"": {
            ""Count"": 1,
            ""Message"": ""Results returned successfully"",
            ""Results"": [
              {
                ""ComplaintsCount"": 75,
                ""FrontCrashDriversideRating"": ""Not Rated"",
                ""FrontCrashPassengersideRating"": ""Not Rated"",
                ""InvestigationCount"": 1,
                ""Make"": ""MERCEDES-BENZ"",
                ""Model"": ""C-CLASS"",
                ""ModelYear"": 2019,
                ""NHTSAElectronicStabilityControl"": ""Standard"",
                ""NHTSAForwardCollisionWarning"": ""Standard"",
                ""NHTSALaneDepartureWarning"": ""Optional"",
                ""OverallFrontCrashRating"": ""Not Rated"",
                ""OverallRating"": ""Not Rated"",
                ""OverallSideCrashRating"": ""Not Rated"",
                ""RecallsCount"": 18,
                ""RolloverPossibility"": 0,
                ""RolloverPossibility2"": 0,
                ""RolloverRating"": ""Not Rated"",
                ""RolloverRating2"": ""Not Rated"",
                ""SideCrashDriversideRating"": ""Not Rated"",
                ""SideCrashPassengersideRating"": ""Not Rated"",
                ""SidePoleCrashRating"": ""Not Rated"",
                ""VehicleDescription"": ""2019 Mercedes-Benz C-Class 2 DR 4WD"",
                ""VehicleId"": 14060,
                ""combinedSideBarrierAndPoleRating-Front"": ""Not Rated"",
                ""combinedSideBarrierAndPoleRating-Rear"": ""Not Rated"",
                ""dynamicTipResult"": "" "",
                ""sideBarrierRating-Overall"": ""Not Rated""
              }
            ]
          },
          ""vehicle_description"": ""2019 Mercedes-Benz C-Class 2 DR 4WD"",
          ""vehicle_id"": 14060
        },
        {
          ""safety_ratings"": {
            ""Count"": 1,
            ""Message"": ""Results returned successfully"",
            ""Results"": [
              {
                ""ComplaintsCount"": 75,
                ""FrontCrashDriversideRating"": ""Not Rated"",
                ""FrontCrashPassengersideRating"": ""Not Rated"",
                ""InvestigationCount"": 1,
                ""Make"": ""MERCEDES-BENZ"",
                ""Model"": ""C-CLASS"",
                ""ModelYear"": 2019,
                ""NHTSAElectronicStabilityControl"": ""Standard"",
                ""NHTSAForwardCollisionWarning"": ""Standard"",
                ""NHTSALaneDepartureWarning"": ""Optional"",
                ""OverallFrontCrashRating"": ""Not Rated"",
                ""OverallRating"": ""Not Rated"",
                ""OverallSideCrashRating"": ""Not Rated"",
                ""RecallsCount"": 18,
                ""RolloverPossibility"": 0,
                ""RolloverPossibility2"": 0,
                ""RolloverRating"": ""Not Rated"",
                ""RolloverRating2"": ""Not Rated"",
                ""SideCrashDriversideRating"": ""Not Rated"",
                ""SideCrashPassengersideRating"": ""Not Rated"",
                ""SidePoleCrashRating"": ""Not Rated"",
                ""VehicleDescription"": ""2019 Mercedes-Benz C-Class 2 DR RWD"",
                ""VehicleId"": 14035,
                ""combinedSideBarrierAndPoleRating-Front"": ""Not Rated"",
                ""combinedSideBarrierAndPoleRating-Rear"": ""Not Rated"",
                ""dynamicTipResult"": "" "",
                ""sideBarrierRating-Overall"": ""Not Rated""
              }
            ]
          },
          ""vehicle_description"": ""2019 Mercedes-Benz C-Class 2 DR RWD"",
          ""vehicle_id"": 14035
        }
      ]
    },
    {
      ""source"": {
        ""model_year"": 2019,
        ""nhtsa_model"": ""CL-CLASS"",
        ""uk_model"": "" CL Class""
      },
      ""vehicle_count"": 0,
      ""vehicles"": []
    },
    {
      ""source"": {
        ""model_year"": 2019,
        ""nhtsa_model"": ""CLA-CLASS"",
        ""uk_model"": "" CLA Class""
      },
      ""vehicle_count"": 2,
      ""vehicles"": [
        {
          ""safety_ratings"": {
            ""Count"": 1,
            ""Message"": ""Results returned successfully"",
            ""Results"": [
              {
                ""ComplaintsCount"": 51,
                ""FrontCrashDriversideRating"": ""Not Rated"",
                ""FrontCrashPassengersideRating"": ""Not Rated"",
                ""InvestigationCount"": 1,
                ""Make"": ""MERCEDES-BENZ"",
                ""Model"": ""CLA-CLASS"",
                ""ModelYear"": 2019,
                ""NHTSAElectronicStabilityControl"": ""Standard"",
                ""NHTSAForwardCollisionWarning"": ""Optional"",
                ""NHTSALaneDepartureWarning"": ""Optional"",
                ""OverallFrontCrashRating"": ""Not Rated"",
                ""OverallRating"": ""Not Rated"",
                ""OverallSideCrashRating"": ""Not Rated"",
                ""RecallsCount"": 12,
                ""RolloverPossibility"": 0,
                ""RolloverPossibility2"": 0,
                ""RolloverRating"": ""Not Rated"",
                ""RolloverRating2"": ""Not Rated"",
                ""SideCrashDriversideRating"": ""Not Rated"",
                ""SideCrashPassengersideRating"": ""Not Rated"",
                ""SidePoleCrashRating"": ""Not Rated"",
                ""VehicleDescription"": ""2019 Mercedes-Benz CLA-Class 4 DR 4WD"",
                ""VehicleId"": 14061,
                ""combinedSideBarrierAndPoleRating-Front"": ""Not Rated"",
                ""combinedSideBarrierAndPoleRating-Rear"": ""Not Rated"",
                ""dynamicTipResult"": "" "",
                ""sideBarrierRating-Overall"": ""Not Rated""
              }
            ]
          },
          ""vehicle_description"": ""2019 Mercedes-Benz CLA-Class 4 DR 4WD"",
          ""vehicle_id"": 14061
        },
        {
          ""safety_ratings"": {
            ""Count"": 1,
            ""Message"": ""Results returned successfully"",
            ""Results"": [
              {
                ""ComplaintsCount"": 22,
                ""FrontCrashDriversideRating"": ""Not Rated"",
                ""FrontCrashPassengersideRating"": ""Not Rated"",
                ""InvestigationCount"": 1,
                ""Make"": ""MERCEDES-BENZ"",
                ""Model"": ""CLA-CLASS"",
                ""ModelYear"": 2019,
                ""NHTSAElectronicStabilityControl"": ""Standard"",
                ""NHTSAForwardCollisionWarning"": ""Optional"",
                ""NHTSALaneDepartureWarning"": ""Optional"",
                ""OverallFrontCrashRating"": ""Not Rated"",
                ""OverallRating"": ""Not Rated"",
                ""OverallSideCrashRating"": ""Not Rated"",
                ""RecallsCount"": 6,
                ""RolloverPossibility"": 0,
                ""RolloverPossibility2"": 0,
                ""RolloverRating"": ""Not Rated"",
                ""RolloverRating2"": ""Not Rated"",
                ""SideCrashDriversideRating"": ""Not Rated"",
                ""SideCrashPassengersideRating"": ""Not Rated"",
                ""SidePoleCrashRating"": ""Not Rated"",
                ""VehicleDescription"": ""2019 Mercedes-Benz CLA-Class 4 DR FWD"",
                ""VehicleId"": 14036,
                ""combinedSideBarrierAndPoleRating-Front"": ""Not Rated"",
                ""combinedSideBarrierAndPoleRating-Rear"": ""Not Rated"",
                ""dynamicTipResult"": "" "",
                ""sideBarrierRating-Overall"": ""Not Rated""
              }
            ]
          },
          ""vehicle_description"": ""2019 Mercedes-Benz CLA-Class 4 DR FWD"",
          ""vehicle_id"": 14036
        }
      ]
    },
    {
      ""source"": {
        ""model_year"": 2019,
        ""nhtsa_model"": ""CLS-CLASS"",
        ""uk_model"": "" CLS Class""
      },
      ""vehicle_count"": 2,
      ""vehicles"": [
        {
          ""safety_ratings"": {
            ""Count"": 1,
            ""Message"": ""Results returned successfully"",
            ""Results"": [
              {
                ""ComplaintsCount"": 20,
                ""FrontCrashDriversideRating"": ""Not Rated"",
                ""FrontCrashPassengersideRating"": ""Not Rated"",
                ""InvestigationCount"": 0,
                ""Make"": ""MERCEDES-BENZ"",
                ""Model"": ""CLS-CLASS"",
                ""ModelYear"": 2019,
                ""NHTSAElectronicStabilityControl"": ""Standard"",
                ""NHTSAForwardCollisionWarning"": ""Standard"",
                ""NHTSALaneDepartureWarning"": ""Optional"",
                ""OverallFrontCrashRating"": ""Not Rated"",
                ""OverallRating"": ""Not Rated"",
                ""OverallSideCrashRating"": ""Not Rated"",
                ""RecallsCount"": 14,
                ""RolloverPossibility"": 0,
                ""RolloverPossibility2"": 0,
                ""RolloverRating"": ""Not Rated"",
                ""RolloverRating2"": ""Not Rated"",
                ""SideCrashDriversideRating"": ""Not Rated"",
                ""SideCrashPassengersideRating"": ""Not Rated"",
                ""SidePoleCrashRating"": ""Not Rated"",
                ""VehicleDescription"": ""2019 Mercedes-Benz CLS-Class 4 DR 4WD"",
                ""VehicleId"": 14062,
                ""combinedSideBarrierAndPoleRating-Front"": ""Not Rated"",
                ""combinedSideBarrierAndPoleRating-Rear"": ""Not Rated"",
                ""dynamicTipResult"": "" "",
                ""sideBarrierRating-Overall"": ""Not Rated""
              }
            ]
          },
          ""vehicle_description"": ""2019 Mercedes-Benz CLS-Class 4 DR 4WD"",
          ""vehicle_id"": 14062
        },
        {
          ""safety_ratings"": {
            ""Count"": 1,
            ""Message"": ""Results returned successfully"",
            ""Results"": [
              {
                ""ComplaintsCount"": 20,
                ""FrontCrashDriversideRating"": ""Not Rated"",
                ""FrontCrashPassengersideRating"": ""Not Rated"",
                ""InvestigationCount"": 0,
                ""Make"": ""MERCEDES-BENZ"",
                ""Model"": ""CLS-CLASS"",
                ""ModelYear"": 2019,
                ""NHTSAElectronicStabilityControl"": ""Standard"",
                ""NHTSAForwardCollisionWarning"": ""Standard"",
                ""NHTSALaneDepartureWarning"": ""Optional"",
                ""OverallFrontCrashRating"": ""Not Rated"",
                ""OverallRating"": ""Not Rated"",
                ""OverallSideCrashRating"": ""Not Rated"",
                ""RecallsCount"": 14,
                ""RolloverPossibility"": 0,
                ""RolloverPossibility2"": 0,
                ""RolloverRating"": ""Not Rated"",
                ""RolloverRating2"": ""Not Rated"",
                ""SideCrashDriversideRating"": ""Not Rated"",
                ""SideCrashPassengersideRating"": ""Not Rated"",
                ""SidePoleCrashRating"": ""Not Rated"",
                ""VehicleDescription"": ""2019 Mercedes-Benz CLS-Class 4 DR RWD"",
                ""VehicleId"": 14037,
                ""combinedSideBarrierAndPoleRating-Front"": ""Not Rated"",
                ""combinedSideBarrierAndPoleRating-Rear"": ""Not Rated"",
                ""dynamicTipResult"": "" "",
                ""sideBarrierRating-Overall"": ""Not Rated""
              }
            ]
          },
          ""vehicle_description"": ""2019 Mercedes-Benz CLS-Class 4 DR RWD"",
          ""vehicle_id"": 14037
        }
      ]
    },
    {
      ""source"": {
        ""model_year"": 2019,
        ""nhtsa_model"": ""E-CLASS"",
        ""uk_model"": "" E Class""
      },
      ""vehicle_count"": 6,
      ""vehicles"": [
        {
          ""safety_ratings"": {
            ""Count"": 1,
            ""Message"": ""Results returned successfully"",
            ""Results"": [
              {
                ""ComplaintsCount"": 54,
                ""FrontCrashDriversideRating"": ""5"",
                ""FrontCrashPassengersideRating"": ""5"",
                ""InvestigationCount"": 0,
                ""Make"": ""MERCEDES-BENZ"",
                ""Model"": ""E-CLASS"",
                ""ModelYear"": 2019,
                ""NHTSAElectronicStabilityControl"": ""Standard"",
                ""NHTSAForwardCollisionWarning"": ""Standard"",
                ""NHTSALaneDepartureWarning"": ""Optional"",
                ""OverallFrontCrashRating"": ""5"",
                ""OverallRating"": ""5"",
                ""OverallSideCrashRating"": ""5"",
                ""RecallsCount"": 21,
                ""RolloverPossibility"": 0.097,
                ""RolloverPossibility2"": 0,
                ""RolloverRating"": ""5"",
                ""RolloverRating2"": ""Not Rated"",
                ""SideCrashDriversideRating"": ""5"",
                ""SideCrashPassengersideRating"": ""5"",
                ""SidePoleCrashRating"": ""5"",
                ""VehicleDescription"": ""2019 Mercedes-Benz E-Class SW 4WD"",
                ""VehicleId"": 15048,
                ""combinedSideBarrierAndPoleRating-Front"": ""5"",
                ""combinedSideBarrierAndPoleRating-Rear"": ""5"",
                ""dynamicTipResult"": ""No Tip"",
                ""sideBarrierRating-Overall"": ""5""
              }
            ]
          },
          ""vehicle_description"": ""2019 Mercedes-Benz E-Class SW 4WD"",
          ""vehicle_id"": 15048
        },
        {
          ""safety_ratings"": {
            ""Count"": 1,
            ""Message"": ""Results returned successfully"",
            ""Results"": [
              {
                ""ComplaintsCount"": 54,
                ""FrontCrashDriversideRating"": ""5"",
                ""FrontCrashPassengersideRating"": ""5"",
                ""FrontCrashPicture"": ""https://static.nhtsa.gov/crashTest/images/2019/v09991P086.jpg"",
                ""FrontCrashVideo"": ""https://static.nhtsa.gov/crashTest/videos/2019/v09991C019.wmv"",
                ""InvestigationCount"": 0,
                ""Make"": ""MERCEDES-BENZ"",
                ""Model"": ""E-CLASS"",
                ""ModelYear"": 2019,
                ""NHTSAElectronicStabilityControl"": ""Standard"",
                ""NHTSAForwardCollisionWarning"": ""Standard"",
                ""NHTSALaneDepartureWarning"": ""Optional"",
                ""OverallFrontCrashRating"": ""5"",
                ""OverallRating"": ""5"",
                ""OverallSideCrashRating"": ""5"",
                ""RecallsCount"": 21,
                ""RolloverPossibility"": 0.097,
                ""RolloverPossibility2"": 0,
                ""RolloverRating"": ""5"",
                ""RolloverRating2"": ""Not Rated"",
                ""SideCrashDriversideRating"": ""5"",
                ""SideCrashPassengersideRating"": ""5"",
                ""SideCrashPicture"": ""https://static.nhtsa.gov/crashTest/images/2019/v09996P105.jpg"",
                ""SideCrashVideo"": ""https://static.nhtsa.gov/crashTest/videos/2019/v09996C011.wmv"",
                ""SidePoleCrashRating"": ""5"",
                ""SidePolePicture"": ""https://static.nhtsa.gov/crashTest/images/2019/v09994P072.jpg"",
                ""SidePoleVideo"": ""https://static.nhtsa.gov/crashTest/videos/2019/v09994C013.wmv"",
                ""VehicleDescription"": ""2019 Mercedes-Benz E-Class 4 DR 4WD"",
                ""VehicleId"": 15047,
                ""combinedSideBarrierAndPoleRating-Front"": ""5"",
                ""combinedSideBarrierAndPoleRating-Rear"": ""5"",
                ""dynamicTipResult"": ""No Tip"",
                ""sideBarrierRating-Overall"": ""5""
              }
            ]
          },
          ""vehicle_description"": ""2019 Mercedes-Benz E-Class 4 DR 4WD"",
          ""vehicle_id"": 15047
        },
        {
          ""safety_ratings"": {
            ""Count"": 1,
            ""Message"": ""Results returned successfully"",
            ""Results"": [
              {
                ""ComplaintsCount"": 54,
                ""FrontCrashDriversideRating"": ""5"",
                ""FrontCrashPassengersideRating"": ""5"",
                ""InvestigationCount"": 0,
                ""Make"": ""MERCEDES-BENZ"",
                ""Model"": ""E-CLASS"",
                ""ModelYear"": 2019,
                ""NHTSAElectronicStabilityControl"": ""Standard"",
                ""NHTSAForwardCollisionWarning"": ""Standard"",
                ""NHTSALaneDepartureWarning"": ""Optional"",
                ""OverallFrontCrashRating"": ""5"",
                ""OverallRating"": ""5"",
                ""OverallSideCrashRating"": ""5"",
                ""RecallsCount"": 21,
                ""RolloverPossibility"": 0.097,
                ""RolloverPossibility2"": 0,
                ""RolloverRating"": ""5"",
                ""RolloverRating2"": ""Not Rated"",
                ""SideCrashDriversideRating"": ""5"",
                ""SideCrashPassengersideRating"": ""5"",
                ""SidePoleCrashRating"": ""5"",
                ""VehicleDescription"": ""2019 Mercedes-Benz E-Class SW RWD"",
                ""VehicleId"": 15044,
                ""combinedSideBarrierAndPoleRating-Front"": ""5"",
                ""combinedSideBarrierAndPoleRating-Rear"": ""5"",
                ""dynamicTipResult"": "" "",
                ""sideBarrierRating-Overall"": ""5""
              }
            ]
          },
          ""vehicle_description"": ""2019 Mercedes-Benz E-Class SW RWD"",
          ""vehicle_id"": 15044
        },
        {
          ""safety_ratings"": {
            ""Count"": 1,
            ""Message"": ""Results returned successfully"",
            ""Results"": [
              {
                ""ComplaintsCount"": 54,
                ""FrontCrashDriversideRating"": ""5"",
                ""FrontCrashPassengersideRating"": ""5"",
                ""FrontCrashPicture"": ""https://static.nhtsa.gov/crashTest/images/2019/v09991P086.jpg"",
                ""FrontCrashVideo"": ""https://static.nhtsa.gov/crashTest/videos/2019/v09991C019.wmv"",
                ""InvestigationCount"": 0,
                ""Make"": ""MERCEDES-BENZ"",
                ""Model"": ""E-CLASS"",
                ""ModelYear"": 2019,
                ""NHTSAElectronicStabilityControl"": ""Standard"",
                ""NHTSAForwardCollisionWarning"": ""Standard"",
                ""NHTSALaneDepartureWarning"": ""Optional"",
                ""OverallFrontCrashRating"": ""5"",
                ""OverallRating"": ""5"",
                ""OverallSideCrashRating"": ""5"",
                ""RecallsCount"": 21,
                ""RolloverPossibility"": 0.097,
                ""RolloverPossibility2"": 0,
                ""RolloverRating"": ""5"",
                ""RolloverRating2"": ""Not Rated"",
                ""SideCrashDriversideRating"": ""5"",
                ""SideCrashPassengersideRating"": ""5"",
                ""SideCrashPicture"": ""https://static.nhtsa.gov/crashTest/images/2019/v09996P105.jpg"",
                ""SideCrashVideo"": ""https://static.nhtsa.gov/crashTest/videos/2019/v09996C011.wmv"",
                ""SidePoleCrashRating"": ""5"",
                ""SidePolePicture"": ""https://static.nhtsa.gov/crashTest/images/2019/v09994P072.jpg"",
                ""SidePoleVideo"": ""https://static.nhtsa.gov/crashTest/videos/2019/v09994C013.wmv"",
                ""VehicleDescription"": ""2019 Mercedes-Benz E-Class 4 DR RWD"",
                ""VehicleId"": 15043,
                ""combinedSideBarrierAndPoleRating-Front"": ""5"",
                ""combinedSideBarrierAndPoleRating-Rear"": ""5"",
                ""dynamicTipResult"": "" "",
                ""sideBarrierRating-Overall"": ""5""
              }
            ]
          },
          ""vehicle_description"": ""2019 Mercedes-Benz E-Class 4 DR RWD"",
          ""vehicle_id"": 15043
        },
        {
          ""safety_ratings"": {
            ""Count"": 1,
            ""Message"": ""Results returned successfully"",
            ""Results"": [
              {
                ""ComplaintsCount"": 54,
                ""FrontCrashDriversideRating"": ""Not Rated"",
                ""FrontCrashPassengersideRating"": ""Not Rated"",
                ""InvestigationCount"": 0,
                ""Make"": ""MERCEDES-BENZ"",
                ""Model"": ""E-CLASS"",
                ""ModelYear"": 2019,
                ""NHTSAElectronicStabilityControl"": ""Standard"",
                ""NHTSAForwardCollisionWarning"": ""Standard"",
                ""NHTSALaneDepartureWarning"": ""Optional"",
                ""OverallFrontCrashRating"": ""Not Rated"",
                ""OverallRating"": ""Not Rated"",
                ""OverallSideCrashRating"": ""Not Rated"",
                ""RecallsCount"": 21,
                ""RolloverPossibility"": 0,
                ""RolloverPossibility2"": 0,
                ""RolloverRating"": ""Not Rated"",
                ""RolloverRating2"": ""Not Rated"",
                ""SideCrashDriversideRating"": ""Not Rated"",
                ""SideCrashPassengersideRating"": ""Not Rated"",
                ""SidePoleCrashRating"": ""Not Rated"",
                ""VehicleDescription"": ""2019 Mercedes-Benz E-Class 2 DR 4WD"",
                ""VehicleId"": 14064,
                ""combinedSideBarrierAndPoleRating-Front"": ""Not Rated"",
                ""combinedSideBarrierAndPoleRating-Rear"": ""Not Rated"",
                ""dynamicTipResult"": "" "",
                ""sideBarrierRating-Overall"": ""Not Rated""
              }
            ]
          },
          ""vehicle_description"": ""2019 Mercedes-Benz E-Class 2 DR 4WD"",
          ""vehicle_id"": 14064
        },
        {
          ""safety_ratings"": {
            ""Count"": 1,
            ""Message"": ""Results returned successfully"",
            ""Results"": [
              {
                ""ComplaintsCount"": 54,
                ""FrontCrashDriversideRating"": ""Not Rated"",
                ""FrontCrashPassengersideRating"": ""Not Rated"",
                ""InvestigationCount"": 0,
                ""Make"": ""MERCEDES-BENZ"",
                ""Model"": ""E-CLASS"",
                ""ModelYear"": 2019,
                ""NHTSAElectronicStabilityControl"": ""Standard"",
                ""NHTSAForwardCollisionWarning"": ""Standard"",
                ""NHTSALaneDepartureWarning"": ""Optional"",
                ""OverallFrontCrashRating"": ""Not Rated"",
                ""OverallRating"": ""Not Rated"",
                ""OverallSideCrashRating"": ""Not Rated"",
                ""RecallsCount"": 21,
                ""RolloverPossibility"": 0,
                ""RolloverPossibility2"": 0,
                ""RolloverRating"": ""Not Rated"",
                ""RolloverRating2"": ""Not Rated"",
                ""SideCrashDriversideRating"": ""Not Rated"",
                ""SideCrashPassengersideRating"": ""Not Rated"",
                ""SidePoleCrashRating"": ""Not Rated"",
                ""VehicleDescription"": ""2019 Mercedes-Benz E-Class 2 DR RWD"",
                ""VehicleId"": 14039,
                ""combinedSideBarrierAndPoleRating-Front"": ""Not Rated"",
                ""combinedSideBarrierAndPoleRating-Rear"": ""Not Rated"",
                ""dynamicTipResult"": "" "",
                ""sideBarrierRating-Overall"": ""Not Rated""
              }
            ]
          },
          ""vehicle_description"": ""2019 Mercedes-Benz E-Class 2 DR RWD"",
          ""vehicle_id"": 14039
        }
      ]
    },
    {
      ""source"": {
        ""model_year"": 2019,
        ""nhtsa_model"": ""G-CLASS"",
        ""uk_model"": "" G Class""
      },
      ""vehicle_count"": 1,
      ""vehicles"": [
        {
          ""safety_ratings"": {
            ""Count"": 1,
            ""Message"": ""Results returned successfully"",
            ""Results"": [
              {
                ""ComplaintsCount"": 6,
                ""FrontCrashDriversideRating"": ""Not Rated"",
                ""FrontCrashPassengersideRating"": ""Not Rated"",
                ""InvestigationCount"": 0,
                ""Make"": ""MERCEDES-BENZ"",
                ""Model"": ""G-CLASS"",
                ""ModelYear"": 2019,
                ""NHTSAElectronicStabilityControl"": ""Standard"",
                ""NHTSAForwardCollisionWarning"": ""Standard"",
                ""NHTSALaneDepartureWarning"": ""No"",
                ""OverallFrontCrashRating"": ""Not Rated"",
                ""OverallRating"": ""Not Rated"",
                ""OverallSideCrashRating"": ""Not Rated"",
                ""RecallsCount"": 13,
                ""RolloverPossibility"": 0,
                ""RolloverPossibility2"": 0,
                ""RolloverRating"": ""Not Rated"",
                ""RolloverRating2"": ""Not Rated"",
                ""SideCrashDriversideRating"": ""Not Rated"",
                ""SideCrashPassengersideRating"": ""Not Rated"",
                ""SidePoleCrashRating"": ""Not Rated"",
                ""VehicleDescription"": ""2019 Mercedes-Benz G-Class SUV 4WD"",
                ""VehicleId"": 14040,
                ""combinedSideBarrierAndPoleRating-Front"": ""Not Rated"",
                ""combinedSideBarrierAndPoleRating-Rear"": ""Not Rated"",
                ""dynamicTipResult"": "" "",
                ""sideBarrierRating-Overall"": ""Not Rated""
              }
            ]
          },
          ""vehicle_description"": ""2019 Mercedes-Benz G-Class SUV 4WD"",
          ""vehicle_id"": 14040
        }
      ]
    },
    {
      ""source"": {
        ""model_year"": 2019,
        ""nhtsa_model"": ""GLA-CLASS"",
        ""uk_model"": "" GLA Class""
      },
      ""vehicle_count"": 2,
      ""vehicles"": [
        {
          ""safety_ratings"": {
            ""Count"": 1,
            ""Message"": ""Results returned successfully"",
            ""Results"": [
              {
                ""ComplaintsCount"": 29,
                ""FrontCrashDriversideRating"": ""Not Rated"",
                ""FrontCrashPassengersideRating"": ""Not Rated"",
                ""InvestigationCount"": 1,
                ""Make"": ""MERCEDES-BENZ"",
                ""Model"": ""GLA-CLASS"",
                ""ModelYear"": 2019,
                ""NHTSAElectronicStabilityControl"": ""Standard"",
                ""NHTSAForwardCollisionWarning"": ""Optional"",
                ""NHTSALaneDepartureWarning"": ""Optional"",
                ""OverallFrontCrashRating"": ""Not Rated"",
                ""OverallRating"": ""Not Rated"",
                ""OverallSideCrashRating"": ""Not Rated"",
                ""RecallsCount"": 11,
                ""RolloverPossibility"": 0,
                ""RolloverPossibility2"": 0,
                ""RolloverRating"": ""Not Rated"",
                ""RolloverRating2"": ""Not Rated"",
                ""SideCrashDriversideRating"": ""Not Rated"",
                ""SideCrashPassengersideRating"": ""Not Rated"",
                ""SidePoleCrashRating"": ""Not Rated"",
                ""VehicleDescription"": ""2019 Mercedes-Benz GLA-Class SUV 4WD"",
                ""VehicleId"": 14065,
                ""combinedSideBarrierAndPoleRating-Front"": ""Not Rated"",
                ""combinedSideBarrierAndPoleRating-Rear"": ""Not Rated"",
                ""dynamicTipResult"": "" "",
                ""sideBarrierRating-Overall"": ""Not Rated""
              }
            ]
          },
          ""vehicle_description"": ""2019 Mercedes-Benz GLA-Class SUV 4WD"",
          ""vehicle_id"": 14065
        },
        {
          ""safety_ratings"": {
            ""Count"": 1,
            ""Message"": ""Results returned successfully"",
            ""Results"": [
              {
                ""ComplaintsCount"": 29,
                ""FrontCrashDriversideRating"": ""Not Rated"",
                ""FrontCrashPassengersideRating"": ""Not Rated"",
                ""InvestigationCount"": 1,
                ""Make"": ""MERCEDES-BENZ"",
                ""Model"": ""GLA-CLASS"",
                ""ModelYear"": 2019,
                ""NHTSAElectronicStabilityControl"": ""Standard"",
                ""NHTSAForwardCollisionWarning"": ""Optional"",
                ""NHTSALaneDepartureWarning"": ""Optional"",
                ""OverallFrontCrashRating"": ""Not Rated"",
                ""OverallRating"": ""Not Rated"",
                ""OverallSideCrashRating"": ""Not Rated"",
                ""RecallsCount"": 11,
                ""RolloverPossibility"": 0,
                ""RolloverPossibility2"": 0,
                ""RolloverRating"": ""Not Rated"",
                ""RolloverRating2"": ""Not Rated"",
                ""SideCrashDriversideRating"": ""Not Rated"",
                ""SideCrashPassengersideRating"": ""Not Rated"",
                ""SidePoleCrashRating"": ""Not Rated"",
                ""VehicleDescription"": ""2019 Mercedes-Benz GLA-Class SUV FWD"",
                ""VehicleId"": 14041,
                ""combinedSideBarrierAndPoleRating-Front"": ""Not Rated"",
                ""combinedSideBarrierAndPoleRating-Rear"": ""Not Rated"",
                ""dynamicTipResult"": "" "",
                ""sideBarrierRating-Overall"": ""Not Rated""
              }
            ]
          },
          ""vehicle_description"": ""2019 Mercedes-Benz GLA-Class SUV FWD"",
          ""vehicle_id"": 14041
        }
      ]
    },
    {
      ""source"": {
        ""model_year"": 2019,
        ""nhtsa_model"": ""GLC-CLASS"",
        ""uk_model"": "" GLC Class""
      },
      ""vehicle_count"": 2,
      ""vehicles"": [
        {
          ""safety_ratings"": {
            ""Count"": 1,
            ""Message"": ""Results returned successfully"",
            ""Results"": [
              {
                ""ComplaintsCount"": 68,
                ""FrontCrashDriversideRating"": ""5"",
                ""FrontCrashPassengersideRating"": ""5"",
                ""FrontCrashPicture"": ""https://static.nhtsa.gov/crashTest/images/2019/v10189P082.jpg"",
                ""FrontCrashVideo"": ""https://static.nhtsa.gov/crashTest/videos/2019/v10189C007.wmv"",
                ""InvestigationCount"": 2,
                ""Make"": ""MERCEDES-BENZ"",
                ""Model"": ""GLC-CLASS"",
                ""ModelYear"": 2019,
                ""NHTSAElectronicStabilityControl"": ""Standard"",
                ""NHTSAForwardCollisionWarning"": ""Optional"",
                ""NHTSALaneDepartureWarning"": ""Optional"",
                ""OverallFrontCrashRating"": ""5"",
                ""OverallRating"": ""5"",
                ""OverallSideCrashRating"": ""5"",
                ""RecallsCount"": 14,
                ""RolloverPossibility"": 0.186,
                ""RolloverPossibility2"": 0,
                ""RolloverRating"": ""4"",
                ""RolloverRating2"": ""Not Rated"",
                ""SideCrashDriversideRating"": ""5"",
                ""SideCrashPassengersideRating"": ""5"",
                ""SideCrashPicture"": ""https://static.nhtsa.gov/crashTest/images/2019/v10190P105.jpg"",
                ""SideCrashVideo"": ""https://static.nhtsa.gov/crashTest/videos/2019/v10190C013.wmv"",
                ""SidePoleCrashRating"": ""5"",
                ""SidePolePicture"": ""https://static.nhtsa.gov/crashTest/images/2019/v10194P071.jpg"",
                ""SidePoleVideo"": ""https://static.nhtsa.gov/crashTest/videos/2019/v10194C014.wmv"",
                ""VehicleDescription"": ""2019 Mercedes-Benz GLC-Class SUV 4WD"",
                ""VehicleId"": 15049,
                ""combinedSideBarrierAndPoleRating-Front"": ""5"",
                ""combinedSideBarrierAndPoleRating-Rear"": ""5"",
                ""dynamicTipResult"": ""No Tip"",
                ""sideBarrierRating-Overall"": ""5""
              }
            ]
          },
          ""vehicle_description"": ""2019 Mercedes-Benz GLC-Class SUV 4WD"",
          ""vehicle_id"": 15049
        },
        {
          ""safety_ratings"": {
            ""Count"": 1,
            ""Message"": ""Results returned successfully"",
            ""Results"": [
              {
                ""ComplaintsCount"": 68,
                ""FrontCrashDriversideRating"": ""5"",
                ""FrontCrashPassengersideRating"": ""5"",
                ""FrontCrashPicture"": ""https://static.nhtsa.gov/crashTest/images/2019/v10189P082.jpg"",
                ""FrontCrashVideo"": ""https://static.nhtsa.gov/crashTest/videos/2019/v10189C007.wmv"",
                ""InvestigationCount"": 2,
                ""Make"": ""MERCEDES-BENZ"",
                ""Model"": ""GLC-CLASS"",
                ""ModelYear"": 2019,
                ""NHTSAElectronicStabilityControl"": ""Standard"",
                ""NHTSAForwardCollisionWarning"": ""Optional"",
                ""NHTSALaneDepartureWarning"": ""Optional"",
                ""OverallFrontCrashRating"": ""5"",
                ""OverallRating"": ""5"",
                ""OverallSideCrashRating"": ""5"",
                ""RecallsCount"": 14,
                ""RolloverPossibility"": 0.184,
                ""RolloverPossibility2"": 0,
                ""RolloverRating"": ""4"",
                ""RolloverRating2"": ""Not Rated"",
                ""SideCrashDriversideRating"": ""5"",
                ""SideCrashPassengersideRating"": ""5"",
                ""SideCrashPicture"": ""https://static.nhtsa.gov/crashTest/images/2019/v10190P105.jpg"",
                ""SideCrashVideo"": ""https://static.nhtsa.gov/crashTest/videos/2019/v10190C013.wmv"",
                ""SidePoleCrashRating"": ""5"",
                ""SidePolePicture"": ""https://static.nhtsa.gov/crashTest/images/2019/v10194P071.jpg"",
                ""SidePoleVideo"": ""https://static.nhtsa.gov/crashTest/videos/2019/v10194C014.wmv"",
                ""VehicleDescription"": ""2019 Mercedes-Benz GLC-Class SUV RWD"",
                ""VehicleId"": 15045,
                ""combinedSideBarrierAndPoleRating-Front"": ""5"",
                ""combinedSideBarrierAndPoleRating-Rear"": ""5"",
                ""dynamicTipResult"": ""No Tip"",
                ""sideBarrierRating-Overall"": ""5""
              }
            ]
          },
          ""vehicle_description"": ""2019 Mercedes-Benz GLC-Class SUV RWD"",
          ""vehicle_id"": 15045
        }
      ]
    },
    {
      ""source"": {
        ""model_year"": 2019,
        ""nhtsa_model"": ""GLE-CLASS"",
        ""uk_model"": "" GLE Class""
      },
      ""vehicle_count"": 2,
      ""vehicles"": [
        {
          ""safety_ratings"": {
            ""Count"": 1,
            ""Message"": ""Results returned successfully"",
            ""Results"": [
              {
                ""ComplaintsCount"": 32,
                ""FrontCrashDriversideRating"": ""Not Rated"",
                ""FrontCrashPassengersideRating"": ""Not Rated"",
                ""InvestigationCount"": 1,
                ""Make"": ""MERCEDES-BENZ"",
                ""Model"": ""GLE-CLASS"",
                ""ModelYear"": 2019,
                ""NHTSAElectronicStabilityControl"": ""Standard"",
                ""NHTSAForwardCollisionWarning"": ""Optional"",
                ""NHTSALaneDepartureWarning"": ""Optional"",
                ""OverallFrontCrashRating"": ""Not Rated"",
                ""OverallRating"": ""Not Rated"",
                ""OverallSideCrashRating"": ""Not Rated"",
                ""RecallsCount"": 6,
                ""RolloverPossibility"": 0.198,
                ""RolloverPossibility2"": 0,
                ""RolloverRating"": ""4"",
                ""RolloverRating2"": ""Not Rated"",
                ""SideCrashDriversideRating"": ""Not Rated"",
                ""SideCrashPassengersideRating"": ""Not Rated"",
                ""SidePoleCrashRating"": ""Not Rated"",
                ""VehicleDescription"": ""2019 Mercedes-Benz GLE-Class SUV RWD"",
                ""VehicleId"": 14073,
                ""combinedSideBarrierAndPoleRating-Front"": ""Not Rated"",
                ""combinedSideBarrierAndPoleRating-Rear"": ""Not Rated"",
                ""dynamicTipResult"": ""No Tip"",
                ""sideBarrierRating-Overall"": ""Not Rated""
              }
            ]
          },
          ""vehicle_description"": ""2019 Mercedes-Benz GLE-Class SUV RWD"",
          ""vehicle_id"": 14073
        },
        {
          ""safety_ratings"": {
            ""Count"": 1,
            ""Message"": ""Results returned successfully"",
            ""Results"": [
              {
                ""ComplaintsCount"": 32,
                ""FrontCrashDriversideRating"": ""Not Rated"",
                ""FrontCrashPassengersideRating"": ""Not Rated"",
                ""InvestigationCount"": 1,
                ""Make"": ""MERCEDES-BENZ"",
                ""Model"": ""GLE-CLASS"",
                ""ModelYear"": 2019,
                ""NHTSAElectronicStabilityControl"": ""Standard"",
                ""NHTSAForwardCollisionWarning"": ""Optional"",
                ""NHTSALaneDepartureWarning"": ""Optional"",
                ""OverallFrontCrashRating"": ""Not Rated"",
                ""OverallRating"": ""Not Rated"",
                ""OverallSideCrashRating"": ""Not Rated"",
                ""RecallsCount"": 6,
                ""RolloverPossibility"": 0.179,
                ""RolloverPossibility2"": 0,
                ""RolloverRating"": ""4"",
                ""RolloverRating2"": ""Not Rated"",
                ""SideCrashDriversideRating"": ""Not Rated"",
                ""SideCrashPassengersideRating"": ""Not Rated"",
                ""SidePoleCrashRating"": ""Not Rated"",
                ""VehicleDescription"": ""2019 Mercedes-Benz GLE-Class SUV 4WD"",
                ""VehicleId"": 14072,
                ""combinedSideBarrierAndPoleRating-Front"": ""Not Rated"",
                ""combinedSideBarrierAndPoleRating-Rear"": ""Not Rated"",
                ""dynamicTipResult"": ""No Tip"",
                ""sideBarrierRating-Overall"": ""Not Rated""
              }
            ]
          },
          ""vehicle_description"": ""2019 Mercedes-Benz GLE-Class SUV 4WD"",
          ""vehicle_id"": 14072
        }
      ]
    },
    {
      ""source"": {
        ""model_year"": 2019,
        ""nhtsa_model"": ""GLS-CLASS"",
        ""uk_model"": "" GLS Class""
      },
      ""vehicle_count"": 1,
      ""vehicles"": [
        {
          ""safety_ratings"": {
            ""Count"": 1,
            ""Message"": ""Results returned successfully"",
            ""Results"": [
              {
                ""ComplaintsCount"": 27,
                ""FrontCrashDriversideRating"": ""Not Rated"",
                ""FrontCrashPassengersideRating"": ""Not Rated"",
                ""InvestigationCount"": 0,
                ""Make"": ""MERCEDES-BENZ"",
                ""Model"": ""GLS-CLASS"",
                ""ModelYear"": 2019,
                ""NHTSAElectronicStabilityControl"": ""Standard"",
                ""NHTSAForwardCollisionWarning"": ""Optional"",
                ""NHTSALaneDepartureWarning"": ""Optional"",
                ""OverallFrontCrashRating"": ""Not Rated"",
                ""OverallRating"": ""Not Rated"",
                ""OverallSideCrashRating"": ""Not Rated"",
                ""RecallsCount"": 3,
                ""RolloverPossibility"": 0,
                ""RolloverPossibility2"": 0,
                ""RolloverRating"": ""Not Rated"",
                ""RolloverRating2"": ""Not Rated"",
                ""SideCrashDriversideRating"": ""Not Rated"",
                ""SideCrashPassengersideRating"": ""Not Rated"",
                ""SidePoleCrashRating"": ""Not Rated"",
                ""VehicleDescription"": ""2019 Mercedes-Benz GLS-Class SUV 4WD"",
                ""VehicleId"": 14045,
                ""combinedSideBarrierAndPoleRating-Front"": ""Not Rated"",
                ""combinedSideBarrierAndPoleRating-Rear"": ""Not Rated"",
                ""dynamicTipResult"": "" "",
                ""sideBarrierRating-Overall"": ""Not Rated""
              }
            ]
          },
          ""vehicle_description"": ""2019 Mercedes-Benz GLS-Class SUV 4WD"",
          ""vehicle_id"": 14045
        }
      ]
    },
    {
      ""source"": {
        ""model_year"": 2019,
        ""nhtsa_model"": ""S-CLASS"",
        ""uk_model"": "" S Class""
      },
      ""vehicle_count"": 4,
      ""vehicles"": [
        {
          ""safety_ratings"": {
            ""Count"": 1,
            ""Message"": ""Results returned successfully"",
            ""Results"": [
              {
                ""ComplaintsCount"": 16,
                ""FrontCrashDriversideRating"": ""Not Rated"",
                ""FrontCrashPassengersideRating"": ""Not Rated"",
                ""InvestigationCount"": 1,
                ""Make"": ""MERCEDES-BENZ"",
                ""Model"": ""S-CLASS"",
                ""ModelYear"": 2019,
                ""NHTSAElectronicStabilityControl"": ""Standard"",
                ""NHTSAForwardCollisionWarning"": ""Standard"",
                ""NHTSALaneDepartureWarning"": ""Optional"",
                ""OverallFrontCrashRating"": ""Not Rated"",
                ""OverallRating"": ""Not Rated"",
                ""OverallSideCrashRating"": ""Not Rated"",
                ""RecallsCount"": 14,
                ""RolloverPossibility"": 0,
                ""RolloverPossibility2"": 0,
                ""RolloverRating"": ""Not Rated"",
                ""RolloverRating2"": ""Not Rated"",
                ""SideCrashDriversideRating"": ""Not Rated"",
                ""SideCrashPassengersideRating"": ""Not Rated"",
                ""SidePoleCrashRating"": ""Not Rated"",
                ""VehicleDescription"": ""2019 Mercedes-Benz S-Class 2 DR 4WD"",
                ""VehicleId"": 14071,
                ""combinedSideBarrierAndPoleRating-Front"": ""Not Rated"",
                ""combinedSideBarrierAndPoleRating-Rear"": ""Not Rated"",
                ""dynamicTipResult"": "" "",
                ""sideBarrierRating-Overall"": ""Not Rated""
              }
            ]
          },
          ""vehicle_description"": ""2019 Mercedes-Benz S-Class 2 DR 4WD"",
          ""vehicle_id"": 14071
        },
        {
          ""safety_ratings"": {
            ""Count"": 1,
            ""Message"": ""Results returned successfully"",
            ""Results"": [
              {
                ""ComplaintsCount"": 16,
                ""FrontCrashDriversideRating"": ""Not Rated"",
                ""FrontCrashPassengersideRating"": ""Not Rated"",
                ""InvestigationCount"": 1,
                ""Make"": ""MERCEDES-BENZ"",
                ""Model"": ""S-CLASS"",
                ""ModelYear"": 2019,
                ""NHTSAElectronicStabilityControl"": ""Standard"",
                ""NHTSAForwardCollisionWarning"": ""Standard"",
                ""NHTSALaneDepartureWarning"": ""Optional"",
                ""OverallFrontCrashRating"": ""Not Rated"",
                ""OverallRating"": ""Not Rated"",
                ""OverallSideCrashRating"": ""Not Rated"",
                ""RecallsCount"": 14,
                ""RolloverPossibility"": 0,
                ""RolloverPossibility2"": 0,
                ""RolloverRating"": ""Not Rated"",
                ""RolloverRating2"": ""Not Rated"",
                ""SideCrashDriversideRating"": ""Not Rated"",
                ""SideCrashPassengersideRating"": ""Not Rated"",
                ""SidePoleCrashRating"": ""Not Rated"",
                ""VehicleDescription"": ""2019 Mercedes-Benz S-Class 4 DR 4WD"",
                ""VehicleId"": 14068,
                ""combinedSideBarrierAndPoleRating-Front"": ""Not Rated"",
                ""combinedSideBarrierAndPoleRating-Rear"": ""Not Rated"",
                ""dynamicTipResult"": "" "",
                ""sideBarrierRating-Overall"": ""Not Rated""
              }
            ]
          },
          ""vehicle_description"": ""2019 Mercedes-Benz S-Class 4 DR 4WD"",
          ""vehicle_id"": 14068
        },
        {
          ""safety_ratings"": {
            ""Count"": 1,
            ""Message"": ""Results returned successfully"",
            ""Results"": [
              {
                ""ComplaintsCount"": 16,
                ""FrontCrashDriversideRating"": ""Not Rated"",
                ""FrontCrashPassengersideRating"": ""Not Rated"",
                ""InvestigationCount"": 1,
                ""Make"": ""MERCEDES-BENZ"",
                ""Model"": ""S-CLASS"",
                ""ModelYear"": 2019,
                ""NHTSAElectronicStabilityControl"": ""Standard"",
                ""NHTSAForwardCollisionWarning"": ""Standard"",
                ""NHTSALaneDepartureWarning"": ""Optional"",
                ""OverallFrontCrashRating"": ""Not Rated"",
                ""OverallRating"": ""Not Rated"",
                ""OverallSideCrashRating"": ""Not Rated"",
                ""RecallsCount"": 14,
                ""RolloverPossibility"": 0,
                ""RolloverPossibility2"": 0,
                ""RolloverRating"": ""Not Rated"",
                ""RolloverRating2"": ""Not Rated"",
                ""SideCrashDriversideRating"": ""Not Rated"",
                ""SideCrashPassengersideRating"": ""Not Rated"",
                ""SidePoleCrashRating"": ""Not Rated"",
                ""VehicleDescription"": ""2019 Mercedes-Benz S-Class 2 DR RWD"",
                ""VehicleId"": 14053,
                ""combinedSideBarrierAndPoleRating-Front"": ""Not Rated"",
                ""combinedSideBarrierAndPoleRating-Rear"": ""Not Rated"",
                ""dynamicTipResult"": "" "",
                ""sideBarrierRating-Overall"": ""Not Rated""
              }
            ]
          },
          ""vehicle_description"": ""2019 Mercedes-Benz S-Class 2 DR RWD"",
          ""vehicle_id"": 14053
        },
        {
          ""safety_ratings"": {
            ""Count"": 1,
            ""Message"": ""Results returned successfully"",
            ""Results"": [
              {
                ""ComplaintsCount"": 16,
                ""FrontCrashDriversideRating"": ""Not Rated"",
                ""FrontCrashPassengersideRating"": ""Not Rated"",
                ""InvestigationCount"": 1,
                ""Make"": ""MERCEDES-BENZ"",
                ""Model"": ""S-CLASS"",
                ""ModelYear"": 2019,
                ""NHTSAElectronicStabilityControl"": ""Standard"",
                ""NHTSAForwardCollisionWarning"": ""Standard"",
                ""NHTSALaneDepartureWarning"": ""Optional"",
                ""OverallFrontCrashRating"": ""Not Rated"",
                ""OverallRating"": ""Not Rated"",
                ""OverallSideCrashRating"": ""Not Rated"",
                ""RecallsCount"": 14,
                ""RolloverPossibility"": 0,
                ""RolloverPossibility2"": 0,
                ""RolloverRating"": ""Not Rated"",
                ""RolloverRating2"": ""Not Rated"",
                ""SideCrashDriversideRating"": ""Not Rated"",
                ""SideCrashPassengersideRating"": ""Not Rated"",
                ""SidePoleCrashRating"": ""Not Rated"",
                ""VehicleDescription"": ""2019 Mercedes-Benz S-Class 4 DR RWD"",
                ""VehicleId"": 14050,
                ""combinedSideBarrierAndPoleRating-Front"": ""Not Rated"",
                ""combinedSideBarrierAndPoleRating-Rear"": ""Not Rated"",
                ""dynamicTipResult"": "" "",
                ""sideBarrierRating-Overall"": ""Not Rated""
              }
            ]
          },
          ""vehicle_description"": ""2019 Mercedes-Benz S-Class 4 DR RWD"",
          ""vehicle_id"": 14050
        }
      ]
    },
    {
      ""source"": {
        ""model_year"": 2019,
        ""nhtsa_model"": ""SL-CLASS"",
        ""uk_model"": "" SL CLASS""
      },
      ""vehicle_count"": 1,
      ""vehicles"": [
        {
          ""safety_ratings"": {
            ""Count"": 1,
            ""Message"": ""Results returned successfully"",
            ""Results"": [
              {
                ""ComplaintsCount"": 0,
                ""FrontCrashDriversideRating"": ""Not Rated"",
                ""FrontCrashPassengersideRating"": ""Not Rated"",
                ""InvestigationCount"": 0,
                ""Make"": ""MERCEDES-BENZ"",
                ""Model"": ""SL-CLASS"",
                ""ModelYear"": 2019,
                ""NHTSAElectronicStabilityControl"": ""Standard"",
                ""NHTSAForwardCollisionWarning"": ""Optional"",
                ""NHTSALaneDepartureWarning"": ""Optional"",
                ""OverallFrontCrashRating"": ""Not Rated"",
                ""OverallRating"": ""Not Rated"",
                ""OverallSideCrashRating"": ""Not Rated"",
                ""RecallsCount"": 4,
                ""RolloverPossibility"": 0,
                ""RolloverPossibility2"": 0,
                ""RolloverRating"": ""Not Rated"",
                ""RolloverRating2"": ""Not Rated"",
                ""SideCrashDriversideRating"": ""Not Rated"",
                ""SideCrashPassengersideRating"": ""Not Rated"",
                ""SidePoleCrashRating"": ""Not Rated"",
                ""VehicleDescription"": ""2019 Mercedes-Benz SL-Class C RWD"",
                ""VehicleId"": 14055,
                ""combinedSideBarrierAndPoleRating-Front"": ""Not Rated"",
                ""combinedSideBarrierAndPoleRating-Rear"": ""Not Rated"",
                ""dynamicTipResult"": "" "",
                ""sideBarrierRating-Overall"": ""Not Rated""
              }
            ]
          },
          ""vehicle_description"": ""2019 Mercedes-Benz SL-Class C RWD"",
          ""vehicle_id"": 14055
        }
      ]
    },
    {
      ""source"": {
        ""model_year"": 2019,
        ""nhtsa_model"": ""V-CLASS"",
        ""uk_model"": "" V Class""
      },
      ""vehicle_count"": 0,
      ""vehicles"": []
    },
    {
      ""source"": {
        ""model_year"": 2019,
        ""nhtsa_model"": ""X-CLASS"",
        ""uk_model"": "" X-CLASS""
      },
      ""vehicle_count"": 0,
      ""vehicles"": []
    }
  ],
  ""source"": ""NHTSA""
}"
nhtsa_safety_1997.json,2026-08-28 16:05:12.636,"{
  ""make"": ""Mercedes-Benz"",
  ""model_year"": 1997,
  ""record_count"": 1,
  ""results"": [
    {
      ""source"": {
        ""model_year"": 1997,
        ""nhtsa_model"": ""SL-CLASS"",
        ""uk_model"": "" SL CLASS""
      },
      ""vehicle_count"": 0,
      ""vehicles"": []
    }
  ],
  ""source"": ""NHTSA""
}"
nhtsa_safety_2006.json,2026-08-28 16:05:12.636,"{
  ""make"": ""Mercedes-Benz"",
  ""model_year"": 2006,
  ""record_count"": 4,
  ""results"": [
    {
      ""source"": {
        ""model_year"": 2006,
        ""nhtsa_model"": ""A-CLASS"",
        ""uk_model"": "" A Class""
      },
      ""vehicle_count"": 0,
      ""vehicles"": []
    },
    {
      ""source"": {
        ""model_year"": 2006,
        ""nhtsa_model"": ""C-CLASS"",
        ""uk_model"": "" C Class""
      },
      ""vehicle_count"": 1,
      ""vehicles"": [
        {
          ""safety_ratings"": {
            ""Count"": 1,
            ""Message"": ""Results returned successfully"",
            ""Results"": [
              {
                ""ComplaintsCount"": 183,
                ""FrontCrashDriversideRating"": ""4"",
                ""FrontCrashPassengersideRating"": ""4"",
                ""InvestigationCount"": 1,
                ""Make"": ""MERCEDES-BENZ"",
                ""Model"": ""C-CLASS"",
                ""ModelYear"": 2006,
                ""NHTSAElectronicStabilityControl"": ""Standard"",
                ""NHTSAForwardCollisionWarning"": ""No"",
                ""NHTSALaneDepartureWarning"": ""No"",
                ""OverallFrontCrashRating"": ""Not Rated"",
                ""OverallRating"": ""Not Rated"",
                ""OverallSideCrashRating"": ""Not Rated"",
                ""RecallsCount"": 7,
                ""RolloverPossibility"": 0,
                ""RolloverPossibility2"": 0.124,
                ""RolloverRating"": ""Not Rated"",
                ""RolloverRating2"": ""4"",
                ""SideCrashDriversideRating"": ""5"",
                ""SideCrashPassengersideRating"": ""5"",
                ""SidePoleCrashRating"": ""Not Rated"",
                ""VehicleDescription"": ""2006 Mercedes-Benz C-Class 4-DR. w/SAB"",
                ""VehicleId"": 1759,
                ""combinedSideBarrierAndPoleRating-Front"": ""Not Rated"",
                ""combinedSideBarrierAndPoleRating-Rear"": ""Not Rated"",
                ""dynamicTipResult"": "" "",
                ""sideBarrierRating-Overall"": ""Not Rated""
              }
            ]
          },
          ""vehicle_description"": ""2006 Mercedes-Benz C-Class 4-DR. w/SAB"",
          ""vehicle_id"": 1759
        }
      ]
    },
    {
      ""source"": {
        ""model_year"": 2006,
        ""nhtsa_model"": ""E-CLASS"",
        ""uk_model"": "" E Class""
      },
      ""vehicle_count"": 1,
      ""vehicles"": [
        {
          ""safety_ratings"": {
            ""Count"": 1,
            ""Message"": ""Results returned successfully"",
            ""Results"": [
              {
                ""ComplaintsCount"": 536,
                ""FrontCrashDriversideRating"": ""4"",
                ""FrontCrashPassengersideRating"": ""4"",
                ""FrontCrashPicture"": ""https://static.nhtsa.gov/crashTest/images/2006/03E-classpost.jpg"",
                ""FrontCrashVideo"": ""https://static.nhtsa.gov/crashTest/videos/2006/03E-class.wmv"",
                ""InvestigationCount"": 3,
                ""Make"": ""MERCEDES-BENZ"",
                ""Model"": ""E-CLASS"",
                ""ModelYear"": 2006,
                ""NHTSAElectronicStabilityControl"": ""Standard"",
                ""NHTSAForwardCollisionWarning"": ""No"",
                ""NHTSALaneDepartureWarning"": ""No"",
                ""OverallFrontCrashRating"": ""Not Rated"",
                ""OverallRating"": ""Not Rated"",
                ""OverallSideCrashRating"": ""Not Rated"",
                ""RecallsCount"": 6,
                ""RolloverPossibility"": 0,
                ""RolloverPossibility2"": 0.101,
                ""RolloverRating"": ""Not Rated"",
                ""RolloverRating2"": ""5"",
                ""SideCrashDriversideRating"": ""5"",
                ""SideCrashPassengersideRating"": ""5"",
                ""SideCrashPicture"": ""https://static.nhtsa.gov/crashTest/images/2006/03E-class_s.jpg"",
                ""SideCrashVideo"": ""https://static.nhtsa.gov/crashTest/videos/2006/03E-class_s.wmv"",
                ""SidePoleCrashRating"": ""Not Rated"",
                ""VehicleDescription"": ""2006 Mercedes-Benz E-Class 4-DR. w/SAB"",
                ""VehicleId"": 1760,
                ""combinedSideBarrierAndPoleRating-Front"": ""Not Rated"",
                ""combinedSideBarrierAndPoleRating-Rear"": ""Not Rated"",
                ""dynamicTipResult"": "" "",
                ""sideBarrierRating-Overall"": ""Not Rated""
              }
            ]
          },
          ""vehicle_description"": ""2006 Mercedes-Benz E-Class 4-DR. w/SAB"",
          ""vehicle_id"": 1760
        }
      ]
    },
    {
      ""source"": {
        ""model_year"": 2006,
        ""nhtsa_model"": ""SLK"",
        ""uk_model"": "" SLK""
      },
      ""vehicle_count"": 0,
      ""vehicles"": []
    }
  ],
  ""source"": ""NHTSA""
}"
nhtsa_safety_2015.json,2026-08-28 16:05:12.636,"{
  ""make"": ""Mercedes-Benz"",
  ""model_year"": 2015,
  ""record_count"": 17,
  ""results"": [
    {
      ""source"": {
        ""model_year"": 2015,
        ""nhtsa_model"": ""A-CLASS"",
        ""uk_model"": "" A Class""
      },
      ""vehicle_count"": 0,
      ""vehicles"": []
    },
    {
      ""source"": {
        ""model_year"": 2015,
        ""nhtsa_model"": ""B-CLASS"",
        ""uk_model"": "" B Class""
      },
      ""vehicle_count"": 0,
      ""vehicles"": []
    },
    {
      ""source"": {
        ""model_year"": 2015,
        ""nhtsa_model"": ""C-CLASS"",
        ""uk_model"": "" C Class""
      },
      ""vehicle_count"": 4,
      ""vehicles"": [
        {
          ""safety_ratings"": {
            ""Count"": 1,
            ""Message"": ""Results returned successfully"",
            ""Results"": [
              {
                ""ComplaintsCount"": 441,
                ""FrontCrashDriversideRating"": ""Not Rated"",
                ""FrontCrashPassengersideRating"": ""Not Rated"",
                ""InvestigationCount"": 3,
                ""Make"": ""MERCEDES-BENZ"",
                ""Model"": ""C-CLASS"",
                ""ModelYear"": 2015,
                ""NHTSAElectronicStabilityControl"": ""Standard"",
                ""NHTSAForwardCollisionWarning"": ""Optional"",
                ""NHTSALaneDepartureWarning"": ""Optional"",
                ""OverallFrontCrashRating"": ""Not Rated"",
                ""OverallRating"": ""Not Rated"",
                ""OverallSideCrashRating"": ""Not Rated"",
                ""RecallsCount"": 14,
                ""RolloverPossibility"": 0,
                ""RolloverPossibility2"": 0,
                ""RolloverRating"": ""Not Rated"",
                ""RolloverRating2"": ""Not Rated"",
                ""SideCrashDriversideRating"": ""Not Rated"",
                ""SideCrashPassengersideRating"": ""Not Rated"",
                ""SidePoleCrashRating"": ""Not Rated"",
                ""VehicleDescription"": ""2015 Mercedes-Benz C-Class 2 DR RWD"",
                ""VehicleId"": 9682,
                ""combinedSideBarrierAndPoleRating-Front"": ""Not Rated"",
                ""combinedSideBarrierAndPoleRating-Rear"": ""Not Rated"",
                ""dynamicTipResult"": "" "",
                ""sideBarrierRating-Overall"": ""Not Rated""
              }
            ]
          },
          ""vehicle_description"": ""2015 Mercedes-Benz C-Class 2 DR RWD"",
          ""vehicle_id"": 9682
        },
        {
          ""safety_ratings"": {
            ""Count"": 1,
            ""Message"": ""Results returned successfully"",
            ""Results"": [
              {
                ""ComplaintsCount"": 441,
                ""FrontCrashDriversideRating"": ""Not Rated"",
                ""FrontCrashPassengersideRating"": ""Not Rated"",
                ""InvestigationCount"": 3,
                ""Make"": ""MERCEDES-BENZ"",
                ""Model"": ""C-CLASS"",
                ""ModelYear"": 2015,
                ""NHTSAElectronicStabilityControl"": ""Standard"",
                ""NHTSAForwardCollisionWarning"": ""Optional"",
                ""NHTSALaneDepartureWarning"": ""Optional"",
                ""OverallFrontCrashRating"": ""Not Rated"",
                ""OverallRating"": ""Not Rated"",
                ""OverallSideCrashRating"": ""Not Rated"",
                ""RecallsCount"": 14,
                ""RolloverPossibility"": 0,
                ""RolloverPossibility2"": 0,
                ""RolloverRating"": ""Not Rated"",
                ""RolloverRating2"": ""Not Rated"",
                ""SideCrashDriversideRating"": ""Not Rated"",
                ""SideCrashPassengersideRating"": ""Not Rated"",
                ""SidePoleCrashRating"": ""Not Rated"",
                ""VehicleDescription"": ""2015 Mercedes-Benz C-Class 2 DR 4WD"",
                ""VehicleId"": 9681,
                ""combinedSideBarrierAndPoleRating-Front"": ""Not Rated"",
                ""combinedSideBarrierAndPoleRating-Rear"": ""Not Rated"",
                ""dynamicTipResult"": "" "",
                ""sideBarrierRating-Overall"": ""Not Rated""
              }
            ]
          },
          ""vehicle_description"": ""2015 Mercedes-Benz C-Class 2 DR 4WD"",
          ""vehicle_id"": 9681
        },
        {
          ""safety_ratings"": {
            ""Count"": 1,
            ""Message"": ""Results returned successfully"",
            ""Results"": [
              {
                ""ComplaintsCount"": 441,
                ""FrontCrashDriversideRating"": ""5"",
                ""FrontCrashPassengersideRating"": ""4"",
                ""FrontCrashPicture"": ""https://static.nhtsa.gov/crashTest/images/2015/v09248P083.jpg"",
                ""FrontCrashVideo"": ""https://static.nhtsa.gov/crashTest/videos/2015/v09248C021.wmv"",
                ""InvestigationCount"": 3,
                ""Make"": ""MERCEDES-BENZ"",
                ""Model"": ""C-CLASS"",
                ""ModelYear"": 2015,
                ""NHTSAElectronicStabilityControl"": ""Standard"",
                ""NHTSAForwardCollisionWarning"": ""Standard"",
                ""NHTSALaneDepartureWarning"": ""Optional"",
                ""OverallFrontCrashRating"": ""4"",
                ""OverallRating"": ""4"",
                ""OverallSideCrashRating"": ""5"",
                ""RecallsCount"": 14,
                ""RolloverPossibility"": 0.11,
                ""RolloverPossibility2"": 0,
                ""RolloverRating"": ""4"",
                ""RolloverRating2"": ""Not Rated"",
                ""SideCrashDriversideRating"": ""5"",
                ""SideCrashPassengersideRating"": ""4"",
                ""SideCrashPicture"": ""https://static.nhtsa.gov/crashTest/images/2015/v09199P106.jpg"",
                ""SideCrashVideo"": ""https://static.nhtsa.gov/crashTest/videos/2015/v09199C014.wmv"",
                ""SidePoleCrashRating"": ""5"",
                ""SidePolePicture"": ""https://static.nhtsa.gov/crashTest/images/2015/v09169P072.jpg"",
                ""SidePoleVideo"": ""https://static.nhtsa.gov/crashTest/videos/2015/v09169C014.wmv"",
                ""VehicleDescription"": ""2015 Mercedes-Benz C-Class 4 DR RWD"",
                ""VehicleId"": 9680,
                ""combinedSideBarrierAndPoleRating-Front"": ""5"",
                ""combinedSideBarrierAndPoleRating-Rear"": ""4"",
                ""dynamicTipResult"": ""No Tip"",
                ""sideBarrierRating-Overall"": ""5""
              }
            ]
          },
          ""vehicle_description"": ""2015 Mercedes-Benz C-Class 4 DR RWD"",
          ""vehicle_id"": 9680
        },
        {
          ""safety_ratings"": {
            ""Count"": 1,
            ""Message"": ""Results returned successfully"",
            ""Results"": [
              {
                ""ComplaintsCount"": 441,
                ""FrontCrashDriversideRating"": ""5"",
                ""FrontCrashPassengersideRating"": ""4"",
                ""FrontCrashPicture"": ""https://static.nhtsa.gov/crashTest/images/2015/v09248P083.jpg"",
                ""FrontCrashVideo"": ""https://static.nhtsa.gov/crashTest/videos/2015/v09248C021.wmv"",
                ""InvestigationCount"": 3,
                ""Make"": ""MERCEDES-BENZ"",
                ""Model"": ""C-CLASS"",
                ""ModelYear"": 2015,
                ""NHTSAElectronicStabilityControl"": ""Standard"",
                ""NHTSAForwardCollisionWarning"": ""Standard"",
                ""NHTSALaneDepartureWarning"": ""Optional"",
                ""OverallFrontCrashRating"": ""4"",
                ""OverallRating"": ""4"",
                ""OverallSideCrashRating"": ""5"",
                ""RecallsCount"": 14,
                ""RolloverPossibility"": 0.11,
                ""RolloverPossibility2"": 0,
                ""RolloverRating"": ""4"",
                ""RolloverRating2"": ""Not Rated"",
                ""SideCrashDriversideRating"": ""5"",
                ""SideCrashPassengersideRating"": ""4"",
                ""SideCrashPicture"": ""https://static.nhtsa.gov/crashTest/images/2015/v09199P106.jpg"",
                ""SideCrashVideo"": ""https://static.nhtsa.gov/crashTest/videos/2015/v09199C014.wmv"",
                ""SidePoleCrashRating"": ""5"",
                ""SidePolePicture"": ""https://static.nhtsa.gov/crashTest/images/2015/v09169P072.jpg"",
                ""SidePoleVideo"": ""https://static.nhtsa.gov/crashTest/videos/2015/v09169C014.wmv"",
                ""VehicleDescription"": ""2015 Mercedes-Benz C-Class 4 DR 4WD"",
                ""VehicleId"": 9679,
                ""combinedSideBarrierAndPoleRating-Front"": ""5"",
                ""combinedSideBarrierAndPoleRating-Rear"": ""4"",
                ""dynamicTipResult"": ""No Tip"",
                ""sideBarrierRating-Overall"": ""5""
              }
            ]
          },
          ""vehicle_description"": ""2015 Mercedes-Benz C-Class 4 DR 4WD"",
          ""vehicle_id"": 9679
        }
      ]
    },
    {
      ""source"": {
        ""model_year"": 2015,
        ""nhtsa_model"": ""CL-CLASS"",
        ""uk_model"": "" CL Class""
      },
      ""vehicle_count"": 2,
      ""vehicles"": [
        {
          ""safety_ratings"": {
            ""Count"": 1,
            ""Message"": ""Results returned successfully"",
            ""Results"": [
              {
                ""ComplaintsCount"": 0,
                ""FrontCrashDriversideRating"": ""Not Rated"",
                ""FrontCrashPassengersideRating"": ""Not Rated"",
                ""InvestigationCount"": 0,
                ""Make"": ""MERCEDES-BENZ"",
                ""Model"": ""CL-CLASS"",
                ""ModelYear"": 2015,
                ""NHTSAElectronicStabilityControl"": ""Standard"",
                ""NHTSAForwardCollisionWarning"": ""Standard"",
                ""NHTSALaneDepartureWarning"": ""Optional"",
                ""OverallFrontCrashRating"": ""Not Rated"",
                ""OverallRating"": ""Not Rated"",
                ""OverallSideCrashRating"": ""Not Rated"",
                ""RecallsCount"": 0,
                ""RolloverPossibility"": 0,
                ""RolloverPossibility2"": 0,
                ""RolloverRating"": ""Not Rated"",
                ""RolloverRating2"": ""Not Rated"",
                ""SideCrashDriversideRating"": ""Not Rated"",
                ""SideCrashPassengersideRating"": ""Not Rated"",
                ""SidePoleCrashRating"": ""Not Rated"",
                ""VehicleDescription"": ""2015 Mercedes-Benz Cl-Class 2 DR RWD"",
                ""VehicleId"": 9684,
                ""combinedSideBarrierAndPoleRating-Front"": ""Not Rated"",
                ""combinedSideBarrierAndPoleRating-Rear"": ""Not Rated"",
                ""dynamicTipResult"": "" "",
                ""sideBarrierRating-Overall"": ""Not Rated""
              }
            ]
          },
          ""vehicle_description"": ""2015 Mercedes-Benz Cl-Class 2 DR RWD"",
          ""vehicle_id"": 9684
        },
        {
          ""safety_ratings"": {
            ""Count"": 1,
            ""Message"": ""Results returned successfully"",
            ""Results"": [
              {
                ""ComplaintsCount"": 0,
                ""FrontCrashDriversideRating"": ""Not Rated"",
                ""FrontCrashPassengersideRating"": ""Not Rated"",
                ""InvestigationCount"": 0,
                ""Make"": ""MERCEDES-BENZ"",
                ""Model"": ""CL-CLASS"",
                ""ModelYear"": 2015,
                ""NHTSAElectronicStabilityControl"": ""Standard"",
                ""NHTSAForwardCollisionWarning"": ""Standard"",
                ""NHTSALaneDepartureWarning"": ""Optional"",
                ""OverallFrontCrashRating"": ""Not Rated"",
                ""OverallRating"": ""Not Rated"",
                ""OverallSideCrashRating"": ""Not Rated"",
                ""RecallsCount"": 0,
                ""RolloverPossibility"": 0,
                ""RolloverPossibility2"": 0,
                ""RolloverRating"": ""Not Rated"",
                ""RolloverRating2"": ""Not Rated"",
                ""SideCrashDriversideRating"": ""Not Rated"",
                ""SideCrashPassengersideRating"": ""Not Rated"",
                ""SidePoleCrashRating"": ""Not Rated"",
                ""VehicleDescription"": ""2015 Mercedes-Benz Cl-Class 2 DR 4WD"",
                ""VehicleId"": 9683,
                ""combinedSideBarrierAndPoleRating-Front"": ""Not Rated"",
                ""combinedSideBarrierAndPoleRating-Rear"": ""Not Rated"",
                ""dynamicTipResult"": "" "",
                ""sideBarrierRating-Overall"": ""Not Rated""
              }
            ]
          },
          ""vehicle_description"": ""2015 Mercedes-Benz Cl-Class 2 DR 4WD"",
          ""vehicle_id"": 9683
        }
      ]
    },
    {
      ""source"": {
        ""model_year"": 2015,
        ""nhtsa_model"": ""CLA-CLASS"",
        ""uk_model"": "" CLA Class""
      },
      ""vehicle_count"": 2,
      ""vehicles"": [
        {
          ""safety_ratings"": {
            ""Count"": 1,
            ""Message"": ""Results returned successfully"",
            ""Results"": [
              {
                ""ComplaintsCount"": 157,
                ""FrontCrashDriversideRating"": ""Not Rated"",
                ""FrontCrashPassengersideRating"": ""Not Rated"",
                ""InvestigationCount"": 2,
                ""Make"": ""MERCEDES-BENZ"",
                ""Model"": ""CLA-CLASS"",
                ""ModelYear"": 2015,
                ""NHTSAElectronicStabilityControl"": ""Standard"",
                ""NHTSAForwardCollisionWarning"": ""Standard"",
                ""NHTSALaneDepartureWarning"": ""Optional"",
                ""OverallFrontCrashRating"": ""Not Rated"",
                ""OverallRating"": ""Not Rated"",
                ""OverallSideCrashRating"": ""Not Rated"",
                ""RecallsCount"": 7,
                ""RolloverPossibility"": 0,
                ""RolloverPossibility2"": 0,
                ""RolloverRating"": ""Not Rated"",
                ""RolloverRating2"": ""Not Rated"",
                ""SideCrashDriversideRating"": ""Not Rated"",
                ""SideCrashPassengersideRating"": ""Not Rated"",
                ""SidePoleCrashRating"": ""Not Rated"",
                ""VehicleDescription"": ""2015 Mercedes-Benz Cla-Class 4 DR FWD"",
                ""VehicleId"": 9686,
                ""combinedSideBarrierAndPoleRating-Front"": ""Not Rated"",
                ""combinedSideBarrierAndPoleRating-Rear"": ""Not Rated"",
                ""dynamicTipResult"": "" "",
                ""sideBarrierRating-Overall"": ""Not Rated""
              }
            ]
          },
          ""vehicle_description"": ""2015 Mercedes-Benz Cla-Class 4 DR FWD"",
          ""vehicle_id"": 9686
        },
        {
          ""safety_ratings"": {
            ""Count"": 1,
            ""Message"": ""Results returned successfully"",
            ""Results"": [
              {
                ""ComplaintsCount"": 157,
                ""FrontCrashDriversideRating"": ""Not Rated"",
                ""FrontCrashPassengersideRating"": ""Not Rated"",
                ""InvestigationCount"": 2,
                ""Make"": ""MERCEDES-BENZ"",
                ""Model"": ""CLA-CLASS"",
                ""ModelYear"": 2015,
                ""NHTSAElectronicStabilityControl"": ""Standard"",
                ""NHTSAForwardCollisionWarning"": ""Optional"",
                ""NHTSALaneDepartureWarning"": ""Optional"",
                ""OverallFrontCrashRating"": ""Not Rated"",
                ""OverallRating"": ""Not Rated"",
                ""OverallSideCrashRating"": ""Not Rated"",
                ""RecallsCount"": 7,
                ""RolloverPossibility"": 0,
                ""RolloverPossibility2"": 0,
                ""RolloverRating"": ""Not Rated"",
                ""RolloverRating2"": ""Not Rated"",
                ""SideCrashDriversideRating"": ""Not Rated"",
                ""SideCrashPassengersideRating"": ""Not Rated"",
                ""SidePoleCrashRating"": ""Not Rated"",
                ""VehicleDescription"": ""2015 Mercedes-Benz Cla-Class 4 DR 4WD"",
                ""VehicleId"": 9685,
                ""combinedSideBarrierAndPoleRating-Front"": ""Not Rated"",
                ""combinedSideBarrierAndPoleRating-Rear"": ""Not Rated"",
                ""dynamicTipResult"": "" "",
                ""sideBarrierRating-Overall"": ""Not Rated""
              }
            ]
          },
          ""vehicle_description"": ""2015 Mercedes-Benz Cla-Class 4 DR 4WD"",
          ""vehicle_id"": 9685
        }
      ]
    },
    {
      ""source"": {
        ""model_year"": 2015,
        ""nhtsa_model"": ""CLS-CLASS"",
        ""uk_model"": "" CLS Class""
      },
      ""vehicle_count"": 2,
      ""vehicles"": [
        {
          ""safety_ratings"": {
            ""Count"": 1,
            ""Message"": ""Results returned successfully"",
            ""Results"": [
              {
                ""ComplaintsCount"": 9,
                ""FrontCrashDriversideRating"": ""Not Rated"",
                ""FrontCrashPassengersideRating"": ""Not Rated"",
                ""InvestigationCount"": 1,
                ""Make"": ""MERCEDES-BENZ"",
                ""Model"": ""CLS-CLASS"",
                ""ModelYear"": 2015,
                ""NHTSAElectronicStabilityControl"": ""Standard"",
                ""NHTSAForwardCollisionWarning"": ""Standard"",
                ""NHTSALaneDepartureWarning"": ""Optional"",
                ""OverallFrontCrashRating"": ""Not Rated"",
                ""OverallRating"": ""Not Rated"",
                ""OverallSideCrashRating"": ""Not Rated"",
                ""RecallsCount"": 4,
                ""RolloverPossibility"": 0,
                ""RolloverPossibility2"": 0,
                ""RolloverRating"": ""Not Rated"",
                ""RolloverRating2"": ""Not Rated"",
                ""SideCrashDriversideRating"": ""Not Rated"",
                ""SideCrashPassengersideRating"": ""Not Rated"",
                ""SidePoleCrashRating"": ""Not Rated"",
                ""VehicleDescription"": ""2015 Mercedes-Benz Cls-Class 4 DR RWD"",
                ""VehicleId"": 9688,
                ""combinedSideBarrierAndPoleRating-Front"": ""Not Rated"",
                ""combinedSideBarrierAndPoleRating-Rear"": ""Not Rated"",
                ""dynamicTipResult"": "" "",
                ""sideBarrierRating-Overall"": ""Not Rated""
              }
            ]
          },
          ""vehicle_description"": ""2015 Mercedes-Benz Cls-Class 4 DR RWD"",
          ""vehicle_id"": 9688
        },
        {
          ""safety_ratings"": {
            ""Count"": 1,
            ""Message"": ""Results returned successfully"",
            ""Results"": [
              {
                ""ComplaintsCount"": 9,
                ""FrontCrashDriversideRating"": ""Not Rated"",
                ""FrontCrashPassengersideRating"": ""Not Rated"",
                ""InvestigationCount"": 1,
                ""Make"": ""MERCEDES-BENZ"",
                ""Model"": ""CLS-CLASS"",
                ""ModelYear"": 2015,
                ""NHTSAElectronicStabilityControl"": ""Standard"",
                ""NHTSAForwardCollisionWarning"": ""Standard"",
                ""NHTSALaneDepartureWarning"": ""Optional"",
                ""OverallFrontCrashRating"": ""Not Rated"",
                ""OverallRating"": ""Not Rated"",
                ""OverallSideCrashRating"": ""Not Rated"",
                ""RecallsCount"": 4,
                ""RolloverPossibility"": 0,
                ""RolloverPossibility2"": 0,
                ""RolloverRating"": ""Not Rated"",
                ""RolloverRating2"": ""Not Rated"",
                ""SideCrashDriversideRating"": ""Not Rated"",
                ""SideCrashPassengersideRating"": ""Not Rated"",
                ""SidePoleCrashRating"": ""Not Rated"",
                ""VehicleDescription"": ""2015 Mercedes-Benz Cls-Class 4 DR 4WD"",
                ""VehicleId"": 9687,
                ""combinedSideBarrierAndPoleRating-Front"": ""Not Rated"",
                ""combinedSideBarrierAndPoleRating-Rear"": ""Not Rated"",
                ""dynamicTipResult"": "" "",
                ""sideBarrierRating-Overall"": ""Not Rated""
              }
            ]
          },
          ""vehicle_description"": ""2015 Mercedes-Benz Cls-Class 4 DR 4WD"",
          ""vehicle_id"": 9687
        }
      ]
    },
    {
      ""source"": {
        ""model_year"": 2015,
        ""nhtsa_model"": ""E-CLASS"",
        ""uk_model"": "" E Class""
      },
      ""vehicle_count"": 6,
      ""vehicles"": [
        {
          ""safety_ratings"": {
            ""Count"": 1,
            ""Message"": ""Results returned successfully"",
            ""Results"": [
              {
                ""ComplaintsCount"": 57,
                ""FrontCrashDriversideRating"": ""Not Rated"",
                ""FrontCrashPassengersideRating"": ""Not Rated"",
                ""InvestigationCount"": 2,
                ""Make"": ""MERCEDES-BENZ"",
                ""Model"": ""E-CLASS"",
                ""ModelYear"": 2015,
                ""NHTSAElectronicStabilityControl"": ""Standard"",
                ""NHTSAForwardCollisionWarning"": ""Standard"",
                ""NHTSALaneDepartureWarning"": ""Optional"",
                ""OverallFrontCrashRating"": ""Not Rated"",
                ""OverallRating"": ""Not Rated"",
                ""OverallSideCrashRating"": ""Not Rated"",
                ""RecallsCount"": 10,
                ""RolloverPossibility"": 0,
                ""RolloverPossibility2"": 0,
                ""RolloverRating"": ""Not Rated"",
                ""RolloverRating2"": ""Not Rated"",
                ""SideCrashDriversideRating"": ""Not Rated"",
                ""SideCrashPassengersideRating"": ""Not Rated"",
                ""SidePoleCrashRating"": ""Not Rated"",
                ""VehicleDescription"": ""2015 Mercedes-Benz E-Class 2 DR RWD"",
                ""VehicleId"": 9692,
                ""combinedSideBarrierAndPoleRating-Front"": ""Not Rated"",
                ""combinedSideBarrierAndPoleRating-Rear"": ""Not Rated"",
                ""dynamicTipResult"": "" "",
                ""sideBarrierRating-Overall"": ""Not Rated""
              }
            ]
          },
          ""vehicle_description"": ""2015 Mercedes-Benz E-Class 2 DR RWD"",
          ""vehicle_id"": 9692
        },
        {
          ""safety_ratings"": {
            ""Count"": 1,
            ""Message"": ""Results returned successfully"",
            ""Results"": [
              {
                ""ComplaintsCount"": 57,
                ""FrontCrashDriversideRating"": ""Not Rated"",
                ""FrontCrashPassengersideRating"": ""Not Rated"",
                ""InvestigationCount"": 2,
                ""Make"": ""MERCEDES-BENZ"",
                ""Model"": ""E-CLASS"",
                ""ModelYear"": 2015,
                ""NHTSAElectronicStabilityControl"": ""Standard"",
                ""NHTSAForwardCollisionWarning"": ""Standard"",
                ""NHTSALaneDepartureWarning"": ""Optional"",
                ""OverallFrontCrashRating"": ""Not Rated"",
                ""OverallRating"": ""Not Rated"",
                ""OverallSideCrashRating"": ""Not Rated"",
                ""RecallsCount"": 10,
                ""RolloverPossibility"": 0,
                ""RolloverPossibility2"": 0,
                ""RolloverRating"": ""Not Rated"",
                ""RolloverRating2"": ""Not Rated"",
                ""SideCrashDriversideRating"": ""Not Rated"",
                ""SideCrashPassengersideRating"": ""Not Rated"",
                ""SidePoleCrashRating"": ""Not Rated"",
                ""VehicleDescription"": ""2015 Mercedes-Benz E-Class 2 DR 4WD"",
                ""VehicleId"": 9691,
                ""combinedSideBarrierAndPoleRating-Front"": ""Not Rated"",
                ""combinedSideBarrierAndPoleRating-Rear"": ""Not Rated"",
                ""dynamicTipResult"": "" "",
                ""sideBarrierRating-Overall"": ""Not Rated""
              }
            ]
          },
          ""vehicle_description"": ""2015 Mercedes-Benz E-Class 2 DR 4WD"",
          ""vehicle_id"": 9691
        },
        {
          ""safety_ratings"": {
            ""Count"": 1,
            ""Message"": ""Results returned successfully"",
            ""Results"": [
              {
                ""ComplaintsCount"": 57,
                ""FrontCrashDriversideRating"": ""4"",
                ""FrontCrashPassengersideRating"": ""4"",
                ""InvestigationCount"": 2,
                ""Make"": ""MERCEDES-BENZ"",
                ""Model"": ""E-CLASS"",
                ""ModelYear"": 2015,
                ""NHTSAElectronicStabilityControl"": ""Standard"",
                ""NHTSAForwardCollisionWarning"": ""Standard"",
                ""NHTSALaneDepartureWarning"": ""Optional"",
                ""OverallFrontCrashRating"": ""4"",
                ""OverallRating"": ""4"",
                ""OverallSideCrashRating"": ""5"",
                ""RecallsCount"": 10,
                ""RolloverPossibility"": 0.099,
                ""RolloverPossibility2"": 0,
                ""RolloverRating"": ""5"",
                ""RolloverRating2"": ""Not Rated"",
                ""SideCrashDriversideRating"": ""5"",
                ""SideCrashPassengersideRating"": ""5"",
                ""SidePoleCrashRating"": ""3"",
                ""VehicleDescription"": ""2015 Mercedes-Benz E-CLASS SW 4WD"",
                ""VehicleId"": 9227,
                ""combinedSideBarrierAndPoleRating-Front"": ""5"",
                ""combinedSideBarrierAndPoleRating-Rear"": ""5"",
                ""dynamicTipResult"": ""No Tip"",
                ""sideBarrierRating-Overall"": ""5""
              }
            ]
          },
          ""vehicle_description"": ""2015 Mercedes-Benz E-CLASS SW 4WD"",
          ""vehicle_id"": 9227
        },
        {
          ""safety_ratings"": {
            ""Count"": 1,
            ""Message"": ""Results returned successfully"",
            ""Results"": [
              {
                ""ComplaintsCount"": 57,
                ""FrontCrashDriversideRating"": ""4"",
                ""FrontCrashPassengersideRating"": ""4"",
                ""InvestigationCount"": 2,
                ""Make"": ""MERCEDES-BENZ"",
                ""Model"": ""E-CLASS"",
                ""ModelYear"": 2015,
                ""NHTSAElectronicStabilityControl"": ""Standard"",
                ""NHTSAForwardCollisionWarning"": ""Standard"",
                ""NHTSALaneDepartureWarning"": ""Optional"",
                ""OverallFrontCrashRating"": ""4"",
                ""OverallRating"": ""4"",
                ""OverallSideCrashRating"": ""5"",
                ""RecallsCount"": 10,
                ""RolloverPossibility"": 0.099,
                ""RolloverPossibility2"": 0,
                ""RolloverRating"": ""5"",
                ""RolloverRating2"": ""Not Rated"",
                ""SideCrashDriversideRating"": ""5"",
                ""SideCrashPassengersideRating"": ""5"",
                ""SidePoleCrashRating"": ""3"",
                ""VehicleDescription"": ""2015 Mercedes-Benz E-CLASS SW RWD"",
                ""VehicleId"": 9226,
                ""combinedSideBarrierAndPoleRating-Front"": ""5"",
                ""combinedSideBarrierAndPoleRating-Rear"": ""5"",
                ""dynamicTipResult"": ""No Tip"",
                ""sideBarrierRating-Overall"": ""5""
              }
            ]
          },
          ""vehicle_description"": ""2015 Mercedes-Benz E-CLASS SW RWD"",
          ""vehicle_id"": 9226
        },
        {
          ""safety_ratings"": {
            ""Count"": 1,
            ""Message"": ""Results returned successfully"",
            ""Results"": [
              {
                ""ComplaintsCount"": 57,
                ""FrontCrashDriversideRating"": ""4"",
                ""FrontCrashPassengersideRating"": ""4"",
                ""FrontCrashPicture"": ""https://static.nhtsa.gov/crashTest/images/2015/v08413P083.jpg"",
                ""FrontCrashVideo"": ""https://static.nhtsa.gov/crashTest/videos/2015/v08413C019.wmv"",
                ""InvestigationCount"": 2,
                ""Make"": ""MERCEDES-BENZ"",
                ""Model"": ""E-CLASS"",
                ""ModelYear"": 2015,
                ""NHTSAElectronicStabilityControl"": ""Standard"",
                ""NHTSAForwardCollisionWarning"": ""Standard"",
                ""NHTSALaneDepartureWarning"": ""Optional"",
                ""OverallFrontCrashRating"": ""4"",
                ""OverallRating"": ""4"",
                ""OverallSideCrashRating"": ""5"",
                ""RecallsCount"": 10,
                ""RolloverPossibility"": 0.099,
                ""RolloverPossibility2"": 0,
                ""RolloverRating"": ""5"",
                ""RolloverRating2"": ""Not Rated"",
                ""SideCrashDriversideRating"": ""5"",
                ""SideCrashPassengersideRating"": ""5"",
                ""SideCrashPicture"": ""https://static.nhtsa.gov/crashTest/images/2015/v08445P107.jpg"",
                ""SideCrashVideo"": ""https://static.nhtsa.gov/crashTest/videos/2015/v08445C012.wmv"",
                ""SidePoleCrashRating"": ""3"",
                ""SidePolePicture"": ""https://static.nhtsa.gov/crashTest/images/2015/v08443P072.jpg"",
                ""SidePoleVideo"": ""https://static.nhtsa.gov/crashTest/videos/2015/v08443C013.wmv"",
                ""VehicleDescription"": ""2015 Mercedes-Benz E-Class 4 DR 4WD"",
                ""VehicleId"": 9225,
                ""combinedSideBarrierAndPoleRating-Front"": ""5"",
                ""combinedSideBarrierAndPoleRating-Rear"": ""5"",
                ""dynamicTipResult"": ""No Tip"",
                ""sideBarrierRating-Overall"": ""5""
              }
            ]
          },
          ""vehicle_description"": ""2015 Mercedes-Benz E-Class 4 DR 4WD"",
          ""vehicle_id"": 9225
        },
        {
          ""safety_ratings"": {
            ""Count"": 1,
            ""Message"": ""Results returned successfully"",
            ""Results"": [
              {
                ""ComplaintsCount"": 57,
                ""FrontCrashDriversideRating"": ""4"",
                ""FrontCrashPassengersideRating"": ""4"",
                ""FrontCrashPicture"": ""https://static.nhtsa.gov/crashTest/images/2015/v08413P083.jpg"",
                ""FrontCrashVideo"": ""https://static.nhtsa.gov/crashTest/videos/2015/v08413C019.wmv"",
                ""InvestigationCount"": 2,
                ""Make"": ""MERCEDES-BENZ"",
                ""Model"": ""E-CLASS"",
                ""ModelYear"": 2015,
                ""NHTSAElectronicStabilityControl"": ""Standard"",
                ""NHTSAForwardCollisionWarning"": ""Standard"",
                ""NHTSALaneDepartureWarning"": ""Optional"",
                ""OverallFrontCrashRating"": ""4"",
                ""OverallRating"": ""4"",
                ""OverallSideCrashRating"": ""5"",
                ""RecallsCount"": 10,
                ""RolloverPossibility"": 0.099,
                ""RolloverPossibility2"": 0,
                ""RolloverRating"": ""5"",
                ""RolloverRating2"": ""Not Rated"",
                ""SideCrashDriversideRating"": ""5"",
                ""SideCrashPassengersideRating"": ""5"",
                ""SideCrashPicture"": ""https://static.nhtsa.gov/crashTest/images/2015/v08445P107.jpg"",
                ""SideCrashVideo"": ""https://static.nhtsa.gov/crashTest/videos/2015/v08445C012.wmv"",
                ""SidePoleCrashRating"": ""3"",
                ""SidePolePicture"": ""https://static.nhtsa.gov/crashTest/images/2015/v08443P072.jpg"",
                ""SidePoleVideo"": ""https://static.nhtsa.gov/crashTest/videos/2015/v08443C013.wmv"",
                ""VehicleDescription"": ""2015 Mercedes-Benz E-Class 4 DR RWD"",
                ""VehicleId"": 9224,
                ""combinedSideBarrierAndPoleRating-Front"": ""5"",
                ""combinedSideBarrierAndPoleRating-Rear"": ""5"",
                ""dynamicTipResult"": ""No Tip"",
                ""sideBarrierRating-Overall"": ""5""
              }
            ]
          },
          ""vehicle_description"": ""2015 Mercedes-Benz E-Class 4 DR RWD"",
          ""vehicle_id"": 9224
        }
      ]
    },
    {
      ""source"": {
        ""model_year"": 2015,
        ""nhtsa_model"": ""G-CLASS"",
        ""uk_model"": "" G Class""
      },
      ""vehicle_count"": 1,
      ""vehicles"": [
        {
          ""safety_ratings"": {
            ""Count"": 1,
            ""Message"": ""Results returned successfully"",
            ""Results"": [
              {
                ""ComplaintsCount"": 3,
                ""FrontCrashDriversideRating"": ""Not Rated"",
                ""FrontCrashPassengersideRating"": ""Not Rated"",
                ""InvestigationCount"": 0,
                ""Make"": ""MERCEDES-BENZ"",
                ""Model"": ""G-CLASS"",
                ""ModelYear"": 2015,
                ""NHTSAElectronicStabilityControl"": ""Standard"",
                ""NHTSAForwardCollisionWarning"": ""No"",
                ""NHTSALaneDepartureWarning"": ""No"",
                ""OverallFrontCrashRating"": ""Not Rated"",
                ""OverallRating"": ""Not Rated"",
                ""OverallSideCrashRating"": ""Not Rated"",
                ""RecallsCount"": 2,
                ""RolloverPossibility"": 0,
                ""RolloverPossibility2"": 0,
                ""RolloverRating"": ""Not Rated"",
                ""RolloverRating2"": ""Not Rated"",
                ""SideCrashDriversideRating"": ""Not Rated"",
                ""SideCrashPassengersideRating"": ""Not Rated"",
                ""SidePoleCrashRating"": ""Not Rated"",
                ""VehicleDescription"": ""2015 Mercedes-Benz G-Class SUV AWD"",
                ""VehicleId"": 9693,
                ""combinedSideBarrierAndPoleRating-Front"": ""Not Rated"",
                ""combinedSideBarrierAndPoleRating-Rear"": ""Not Rated"",
                ""dynamicTipResult"": "" "",
                ""sideBarrierRating-Overall"": ""Not Rated""
              }
            ]
          },
          ""vehicle_description"": ""2015 Mercedes-Benz G-Class SUV AWD"",
          ""vehicle_id"": 9693
        }
      ]
    },
    {
      ""source"": {
        ""model_year"": 2015,
        ""nhtsa_model"": ""GL-CLASS"",
        ""uk_model"": "" GL Class""
      },
      ""vehicle_count"": 1,
      ""vehicles"": [
        {
          ""safety_ratings"": {
            ""Count"": 1,
            ""Message"": ""Results returned successfully"",
            ""Results"": [
              {
                ""ComplaintsCount"": 34,
                ""FrontCrashDriversideRating"": ""Not Rated"",
                ""FrontCrashPassengersideRating"": ""Not Rated"",
                ""InvestigationCount"": 0,
                ""Make"": ""MERCEDES-BENZ"",
                ""Model"": ""GL-CLASS"",
                ""ModelYear"": 2015,
                ""NHTSAElectronicStabilityControl"": ""Standard"",
                ""NHTSAForwardCollisionWarning"": ""Optional"",
                ""NHTSALaneDepartureWarning"": ""Optional"",
                ""OverallFrontCrashRating"": ""Not Rated"",
                ""OverallRating"": ""Not Rated"",
                ""OverallSideCrashRating"": ""Not Rated"",
                ""RecallsCount"": 3,
                ""RolloverPossibility"": 0,
                ""RolloverPossibility2"": 0,
                ""RolloverRating"": ""Not Rated"",
                ""RolloverRating2"": ""Not Rated"",
                ""SideCrashDriversideRating"": ""Not Rated"",
                ""SideCrashPassengersideRating"": ""Not Rated"",
                ""SidePoleCrashRating"": ""Not Rated"",
                ""VehicleDescription"": ""2015 Mercedes-Benz GL-Class SUV 4WD"",
                ""VehicleId"": 9694,
                ""combinedSideBarrierAndPoleRating-Front"": ""Not Rated"",
                ""combinedSideBarrierAndPoleRating-Rear"": ""Not Rated"",
                ""dynamicTipResult"": "" "",
                ""sideBarrierRating-Overall"": ""Not Rated""
              }
            ]
          },
          ""vehicle_description"": ""2015 Mercedes-Benz GL-Class SUV 4WD"",
          ""vehicle_id"": 9694
        }
      ]
    },
    {
      ""source"": {
        ""model_year"": 2015,
        ""nhtsa_model"": ""GLA-CLASS"",
        ""uk_model"": "" GLA Class""
      },
      ""vehicle_count"": 2,
      ""vehicles"": [
        {
          ""safety_ratings"": {
            ""Count"": 1,
            ""Message"": ""Results returned successfully"",
            ""Results"": [
              {
                ""ComplaintsCount"": 100,
                ""FrontCrashDriversideRating"": ""Not Rated"",
                ""FrontCrashPassengersideRating"": ""Not Rated"",
                ""InvestigationCount"": 2,
                ""Make"": ""MERCEDES-BENZ"",
                ""Model"": ""GLA-CLASS"",
                ""ModelYear"": 2015,
                ""NHTSAElectronicStabilityControl"": ""Standard"",
                ""NHTSAForwardCollisionWarning"": ""Optional"",
                ""NHTSALaneDepartureWarning"": ""Optional"",
                ""OverallFrontCrashRating"": ""Not Rated"",
                ""OverallRating"": ""Not Rated"",
                ""OverallSideCrashRating"": ""Not Rated"",
                ""RecallsCount"": 5,
                ""RolloverPossibility"": 0,
                ""RolloverPossibility2"": 0,
                ""RolloverRating"": ""Not Rated"",
                ""RolloverRating2"": ""Not Rated"",
                ""SideCrashDriversideRating"": ""Not Rated"",
                ""SideCrashPassengersideRating"": ""Not Rated"",
                ""SidePoleCrashRating"": ""Not Rated"",
                ""VehicleDescription"": ""2015 Mercedes-Benz GLA-Class 4 DR FWD"",
                ""VehicleId"": 9696,
                ""combinedSideBarrierAndPoleRating-Front"": ""Not Rated"",
                ""combinedSideBarrierAndPoleRating-Rear"": ""Not Rated"",
                ""dynamicTipResult"": "" "",
                ""sideBarrierRating-Overall"": ""Not Rated""
              }
            ]
          },
          ""vehicle_description"": ""2015 Mercedes-Benz GLA-Class 4 DR FWD"",
          ""vehicle_id"": 9696
        },
        {
          ""safety_ratings"": {
            ""Count"": 1,
            ""Message"": ""Results returned successfully"",
            ""Results"": [
              {
                ""ComplaintsCount"": 100,
                ""FrontCrashDriversideRating"": ""Not Rated"",
                ""FrontCrashPassengersideRating"": ""Not Rated"",
                ""InvestigationCount"": 2,
                ""Make"": ""MERCEDES-BENZ"",
                ""Model"": ""GLA-CLASS"",
                ""ModelYear"": 2015,
                ""NHTSAElectronicStabilityControl"": ""Standard"",
                ""NHTSAForwardCollisionWarning"": ""Optional"",
                ""NHTSALaneDepartureWarning"": ""Optional"",
                ""OverallFrontCrashRating"": ""Not Rated"",
                ""OverallRating"": ""Not Rated"",
                ""OverallSideCrashRating"": ""Not Rated"",
                ""RecallsCount"": 5,
                ""RolloverPossibility"": 0,
                ""RolloverPossibility2"": 0,
                ""RolloverRating"": ""Not Rated"",
                ""RolloverRating2"": ""Not Rated"",
                ""SideCrashDriversideRating"": ""Not Rated"",
                ""SideCrashPassengersideRating"": ""Not Rated"",
                ""SidePoleCrashRating"": ""Not Rated"",
                ""VehicleDescription"": ""2015 Mercedes-Benz GLA-Class 4 DR 4WD"",
                ""VehicleId"": 9695,
                ""combinedSideBarrierAndPoleRating-Front"": ""Not Rated"",
                ""combinedSideBarrierAndPoleRating-Rear"": ""Not Rated"",
                ""dynamicTipResult"": "" "",
                ""sideBarrierRating-Overall"": ""Not Rated""
              }
            ]
          },
          ""vehicle_description"": ""2015 Mercedes-Benz GLA-Class 4 DR 4WD"",
          ""vehicle_id"": 9695
        }
      ]
    },
    {
      ""source"": {
        ""model_year"": 2015,
        ""nhtsa_model"": ""GLC-CLASS"",
        ""uk_model"": "" GLC Class""
      },
      ""vehicle_count"": 0,
      ""vehicles"": []
    },
    {
      ""source"": {
        ""model_year"": 2015,
        ""nhtsa_model"": ""GLE-CLASS"",
        ""uk_model"": "" GLE Class""
      },
      ""vehicle_count"": 0,
      ""vehicles"": []
    },
    {
      ""source"": {
        ""model_year"": 2015,
        ""nhtsa_model"": ""M-CLASS"",
        ""uk_model"": "" M Class""
      },
      ""vehicle_count"": 0,
      ""vehicles"": []
    },
    {
      ""source"": {
        ""model_year"": 2015,
        ""nhtsa_model"": ""S-CLASS"",
        ""uk_model"": "" S Class""
      },
      ""vehicle_count"": 2,
      ""vehicles"": [
        {
          ""safety_ratings"": {
            ""Count"": 1,
            ""Message"": ""Results returned successfully"",
            ""Results"": [
              {
                ""ComplaintsCount"": 51,
                ""FrontCrashDriversideRating"": ""Not Rated"",
                ""FrontCrashPassengersideRating"": ""Not Rated"",
                ""InvestigationCount"": 2,
                ""Make"": ""MERCEDES-BENZ"",
                ""Model"": ""S-CLASS"",
                ""ModelYear"": 2015,
                ""NHTSAElectronicStabilityControl"": ""Standard"",
                ""NHTSAForwardCollisionWarning"": ""Standard"",
                ""NHTSALaneDepartureWarning"": ""Optional"",
                ""OverallFrontCrashRating"": ""Not Rated"",
                ""OverallRating"": ""Not Rated"",
                ""OverallSideCrashRating"": ""Not Rated"",
                ""RecallsCount"": 9,
                ""RolloverPossibility"": 0,
                ""RolloverPossibility2"": 0,
                ""RolloverRating"": ""Not Rated"",
                ""RolloverRating2"": ""Not Rated"",
                ""SideCrashDriversideRating"": ""Not Rated"",
                ""SideCrashPassengersideRating"": ""Not Rated"",
                ""SidePoleCrashRating"": ""Not Rated"",
                ""VehicleDescription"": ""2015 Mercedes-Benz S-Class 4 DR RWD"",
                ""VehicleId"": 9700,
                ""combinedSideBarrierAndPoleRating-Front"": ""Not Rated"",
                ""combinedSideBarrierAndPoleRating-Rear"": ""Not Rated"",
                ""dynamicTipResult"": "" "",
                ""sideBarrierRating-Overall"": ""Not Rated""
              }
            ]
          },
          ""vehicle_description"": ""2015 Mercedes-Benz S-Class 4 DR RWD"",
          ""vehicle_id"": 9700
        },
        {
          ""safety_ratings"": {
            ""Count"": 1,
            ""Message"": ""Results returned successfully"",
            ""Results"": [
              {
                ""ComplaintsCount"": 51,
                ""FrontCrashDriversideRating"": ""Not Rated"",
                ""FrontCrashPassengersideRating"": ""Not Rated"",
                ""InvestigationCount"": 2,
                ""Make"": ""MERCEDES-BENZ"",
                ""Model"": ""S-CLASS"",
                ""ModelYear"": 2015,
                ""NHTSAElectronicStabilityControl"": ""Standard"",
                ""NHTSAForwardCollisionWarning"": ""Standard"",
                ""NHTSALaneDepartureWarning"": ""Optional"",
                ""OverallFrontCrashRating"": ""Not Rated"",
                ""OverallRating"": ""Not Rated"",
                ""OverallSideCrashRating"": ""Not Rated"",
                ""RecallsCount"": 9,
                ""RolloverPossibility"": 0,
                ""RolloverPossibility2"": 0,
                ""RolloverRating"": ""Not Rated"",
                ""RolloverRating2"": ""Not Rated"",
                ""SideCrashDriversideRating"": ""Not Rated"",
                ""SideCrashPassengersideRating"": ""Not Rated"",
                ""SidePoleCrashRating"": ""Not Rated"",
                ""VehicleDescription"": ""2015 Mercedes-Benz S-Class 4 DR 4WD"",
                ""VehicleId"": 9699,
                ""combinedSideBarrierAndPoleRating-Front"": ""Not Rated"",
                ""combinedSideBarrierAndPoleRating-Rear"": ""Not Rated"",
                ""dynamicTipResult"": "" "",
                ""sideBarrierRating-Overall"": ""Not Rated""
              }
            ]
          },
          ""vehicle_description"": ""2015 Mercedes-Benz S-Class 4 DR 4WD"",
          ""vehicle_id"": 9699
        }
      ]
    },
    {
      ""source"": {
        ""model_year"": 2015,
        ""nhtsa_model"": ""SL-CLASS"",
        ""uk_model"": "" SL CLASS""
      },
      ""vehicle_count"": 1,
      ""vehicles"": [
        {
          ""safety_ratings"": {
            ""Count"": 1,
            ""Message"": ""Results returned successfully"",
            ""Results"": [
              {
                ""ComplaintsCount"": 4,
                ""FrontCrashDriversideRating"": ""Not Rated"",
                ""FrontCrashPassengersideRating"": ""Not Rated"",
                ""InvestigationCount"": 1,
                ""Make"": ""MERCEDES-BENZ"",
                ""Model"": ""SL-CLASS"",
                ""ModelYear"": 2015,
                ""NHTSAElectronicStabilityControl"": ""Standard"",
                ""NHTSAForwardCollisionWarning"": ""No"",
                ""NHTSALaneDepartureWarning"": ""Optional"",
                ""OverallFrontCrashRating"": ""Not Rated"",
                ""OverallRating"": ""Not Rated"",
                ""OverallSideCrashRating"": ""Not Rated"",
                ""RecallsCount"": 3,
                ""RolloverPossibility"": 0,
                ""RolloverPossibility2"": 0,
                ""RolloverRating"": ""Not Rated"",
                ""RolloverRating2"": ""Not Rated"",
                ""SideCrashDriversideRating"": ""Not Rated"",
                ""SideCrashPassengersideRating"": ""Not Rated"",
                ""SidePoleCrashRating"": ""Not Rated"",
                ""VehicleDescription"": ""2015 Mercedes-Benz SL-Class C RWD"",
                ""VehicleId"": 9703,
                ""combinedSideBarrierAndPoleRating-Front"": ""Not Rated"",
                ""combinedSideBarrierAndPoleRating-Rear"": ""Not Rated"",
                ""dynamicTipResult"": "" "",
                ""sideBarrierRating-Overall"": ""Not Rated""
              }
            ]
          },
          ""vehicle_description"": ""2015 Mercedes-Benz SL-Class C RWD"",
          ""vehicle_id"": 9703
        }
      ]
    },
    {
      ""source"": {
        ""model_year"": 2015,
        ""nhtsa_model"": ""SLK"",
        ""uk_model"": "" SLK""
      },
      ""vehicle_count"": 0,
      ""vehicles"": []
    },
    {
      ""source"": {
        ""model_year"": 2015,
        ""nhtsa_model"": ""V-CLASS"",
        ""uk_model"": "" V Class""
      },
      ""vehicle_count"": 0,
      ""vehicles"": []
    }
  ],
  ""source"": ""NHTSA""
}"
nhtsa_safety_2020.json,2026-08-28 16:05:12.636,"{
  ""make"": ""Mercedes-Benz"",
  ""model_year"": 2020,
  ""record_count"": 17,
  ""results"": [
    {
      ""source"": {
        ""model_year"": 2020,
        ""nhtsa_model"": ""A-CLASS"",
        ""uk_model"": "" A Class""
      },
      ""vehicle_count"": 2,
      ""vehicles"": [
        {
          ""safety_ratings"": {
            ""Count"": 1,
            ""Message"": ""Results returned successfully"",
            ""Results"": [
              {
                ""ComplaintsCount"": 21,
                ""FrontCrashDriversideRating"": ""Not Rated"",
                ""FrontCrashPassengersideRating"": ""Not Rated"",
                ""InvestigationCount"": 0,
                ""Make"": ""MERCEDES-BENZ"",
                ""Model"": ""A-CLASS"",
                ""ModelYear"": 2020,
                ""NHTSAElectronicStabilityControl"": ""Standard"",
                ""NHTSAForwardCollisionWarning"": ""No"",
                ""NHTSALaneDepartureWarning"": ""Optional"",
                ""OverallFrontCrashRating"": ""Not Rated"",
                ""OverallRating"": ""Not Rated"",
                ""OverallSideCrashRating"": ""Not Rated"",
                ""RecallsCount"": 10,
                ""RolloverPossibility"": 0,
                ""RolloverPossibility2"": 0,
                ""RolloverRating"": ""Not Rated"",
                ""RolloverRating2"": ""Not Rated"",
                ""SideCrashDriversideRating"": ""Not Rated"",
                ""SideCrashPassengersideRating"": ""Not Rated"",
                ""SidePoleCrashRating"": ""Not Rated"",
                ""VehicleDescription"": ""2020 Mercedes-Benz A-Class 4 DR 4WD"",
                ""VehicleId"": 15091,
                ""combinedSideBarrierAndPoleRating-Front"": ""Not Rated"",
                ""combinedSideBarrierAndPoleRating-Rear"": ""Not Rated"",
                ""dynamicTipResult"": "" "",
                ""sideBarrierRating-Overall"": ""Not Rated""
              }
            ]
          },
          ""vehicle_description"": ""2020 Mercedes-Benz A-Class 4 DR 4WD"",
          ""vehicle_id"": 15091
        },
        {
          ""safety_ratings"": {
            ""Count"": 1,
            ""Message"": ""Results returned successfully"",
            ""Results"": [
              {
                ""ComplaintsCount"": 21,
                ""FrontCrashDriversideRating"": ""Not Rated"",
                ""FrontCrashPassengersideRating"": ""Not Rated"",
                ""InvestigationCount"": 0,
                ""Make"": ""MERCEDES-BENZ"",
                ""Model"": ""A-CLASS"",
                ""ModelYear"": 2020,
                ""NHTSAElectronicStabilityControl"": ""Standard"",
                ""NHTSAForwardCollisionWarning"": ""No"",
                ""NHTSALaneDepartureWarning"": ""Optional"",
                ""OverallFrontCrashRating"": ""Not Rated"",
                ""OverallRating"": ""Not Rated"",
                ""OverallSideCrashRating"": ""Not Rated"",
                ""RecallsCount"": 10,
                ""RolloverPossibility"": 0,
                ""RolloverPossibility2"": 0,
                ""RolloverRating"": ""Not Rated"",
                ""RolloverRating2"": ""Not Rated"",
                ""SideCrashDriversideRating"": ""Not Rated"",
                ""SideCrashPassengersideRating"": ""Not Rated"",
                ""SidePoleCrashRating"": ""Not Rated"",
                ""VehicleDescription"": ""2020 Mercedes-Benz A-Class 4 DR FWD"",
                ""VehicleId"": 15065,
                ""combinedSideBarrierAndPoleRating-Front"": ""Not Rated"",
                ""combinedSideBarrierAndPoleRating-Rear"": ""Not Rated"",
                ""dynamicTipResult"": "" "",
                ""sideBarrierRating-Overall"": ""Not Rated""
              }
            ]
          },
          ""vehicle_description"": ""2020 Mercedes-Benz A-Class 4 DR FWD"",
          ""vehicle_id"": 15065
        }
      ]
    },
    {
      ""source"": {
        ""model_year"": 2020,
        ""nhtsa_model"": ""B-CLASS"",
        ""uk_model"": "" B Class""
      },
      ""vehicle_count"": 0,
      ""vehicles"": []
    },
    {
      ""source"": {
        ""model_year"": 2020,
        ""nhtsa_model"": ""C-CLASS"",
        ""uk_model"": "" C Class""
      },
      ""vehicle_count"": 4,
      ""vehicles"": [
        {
          ""safety_ratings"": {
            ""Count"": 1,
            ""Message"": ""Results returned successfully"",
            ""Results"": [
              {
                ""ComplaintsCount"": 46,
                ""FrontCrashDriversideRating"": ""Not Rated"",
                ""FrontCrashPassengersideRating"": ""Not Rated"",
                ""InvestigationCount"": 1,
                ""Make"": ""MERCEDES-BENZ"",
                ""Model"": ""C-CLASS"",
                ""ModelYear"": 2020,
                ""NHTSAElectronicStabilityControl"": ""Standard"",
                ""NHTSAForwardCollisionWarning"": ""No"",
                ""NHTSALaneDepartureWarning"": ""No"",
                ""OverallFrontCrashRating"": ""Not Rated"",
                ""OverallRating"": ""Not Rated"",
                ""OverallSideCrashRating"": ""Not Rated"",
                ""RecallsCount"": 12,
                ""RolloverPossibility"": 0,
                ""RolloverPossibility2"": 0,
                ""RolloverRating"": ""Not Rated"",
                ""RolloverRating2"": ""Not Rated"",
                ""SideCrashDriversideRating"": ""Not Rated"",
                ""SideCrashPassengersideRating"": ""Not Rated"",
                ""SidePoleCrashRating"": ""Not Rated"",
                ""VehicleDescription"": ""2020 Mercedes-Benz C-Class 2 DR 4WD"",
                ""VehicleId"": 15080,
                ""combinedSideBarrierAndPoleRating-Front"": ""Not Rated"",
                ""combinedSideBarrierAndPoleRating-Rear"": ""Not Rated"",
                ""dynamicTipResult"": "" "",
                ""sideBarrierRating-Overall"": ""Not Rated""
              }
            ]
          },
          ""vehicle_description"": ""2020 Mercedes-Benz C-Class 2 DR 4WD"",
          ""vehicle_id"": 15080
        },
        {
          ""safety_ratings"": {
            ""Count"": 1,
            ""Message"": ""Results returned successfully"",
            ""Results"": [
              {
                ""ComplaintsCount"": 46,
                ""FrontCrashDriversideRating"": ""5"",
                ""FrontCrashPassengersideRating"": ""4"",
                ""FrontCrashPicture"": ""https://static.nhtsa.gov/crashTest/images/2020/v09248P083.jpg"",
                ""FrontCrashVideo"": ""https://static.nhtsa.gov/crashTest/videos/2020/v09248C021.wmv"",
                ""InvestigationCount"": 1,
                ""Make"": ""MERCEDES-BENZ"",
                ""Model"": ""C-CLASS"",
                ""ModelYear"": 2020,
                ""NHTSAElectronicStabilityControl"": ""Standard"",
                ""NHTSAForwardCollisionWarning"": ""No"",
                ""NHTSALaneDepartureWarning"": ""No"",
                ""OverallFrontCrashRating"": ""4"",
                ""OverallRating"": ""Not Rated"",
                ""OverallSideCrashRating"": ""Not Rated"",
                ""RecallsCount"": 12,
                ""RolloverPossibility"": 0.11,
                ""RolloverPossibility2"": 0,
                ""RolloverRating"": ""4"",
                ""RolloverRating2"": ""Not Rated"",
                ""SideCrashDriversideRating"": ""Not Rated"",
                ""SideCrashPassengersideRating"": ""Not Rated"",
                ""SidePoleCrashRating"": ""Not Rated"",
                ""VehicleDescription"": ""2020 Mercedes-Benz C-Class 4 DR 4WD"",
                ""VehicleId"": 15079,
                ""combinedSideBarrierAndPoleRating-Front"": ""Not Rated"",
                ""combinedSideBarrierAndPoleRating-Rear"": ""Not Rated"",
                ""dynamicTipResult"": ""No Tip"",
                ""sideBarrierRating-Overall"": ""Not Rated""
              }
            ]
          },
          ""vehicle_description"": ""2020 Mercedes-Benz C-Class 4 DR 4WD"",
          ""vehicle_id"": 15079
        },
        {
          ""safety_ratings"": {
            ""Count"": 1,
            ""Message"": ""Results returned successfully"",
            ""Results"": [
              {
                ""ComplaintsCount"": 46,
                ""FrontCrashDriversideRating"": ""Not Rated"",
                ""FrontCrashPassengersideRating"": ""Not Rated"",
                ""InvestigationCount"": 1,
                ""Make"": ""MERCEDES-BENZ"",
                ""Model"": ""C-CLASS"",
                ""ModelYear"": 2020,
                ""NHTSAElectronicStabilityControl"": ""Standard"",
                ""NHTSAForwardCollisionWarning"": ""No"",
                ""NHTSALaneDepartureWarning"": ""No"",
                ""OverallFrontCrashRating"": ""Not Rated"",
                ""OverallRating"": ""Not Rated"",
                ""OverallSideCrashRating"": ""Not Rated"",
                ""RecallsCount"": 12,
                ""RolloverPossibility"": 0,
                ""RolloverPossibility2"": 0,
                ""RolloverRating"": ""Not Rated"",
                ""RolloverRating2"": ""Not Rated"",
                ""SideCrashDriversideRating"": ""Not Rated"",
                ""SideCrashPassengersideRating"": ""Not Rated"",
                ""SidePoleCrashRating"": ""Not Rated"",
                ""VehicleDescription"": ""2020 Mercedes-Benz C-Class 2 DR RWD"",
                ""VehicleId"": 15051,
                ""combinedSideBarrierAndPoleRating-Front"": ""Not Rated"",
                ""combinedSideBarrierAndPoleRating-Rear"": ""Not Rated"",
                ""dynamicTipResult"": "" "",
                ""sideBarrierRating-Overall"": ""Not Rated""
              }
            ]
          },
          ""vehicle_description"": ""2020 Mercedes-Benz C-Class 2 DR RWD"",
          ""vehicle_id"": 15051
        },
        {
          ""safety_ratings"": {
            ""Count"": 1,
            ""Message"": ""Results returned successfully"",
            ""Results"": [
              {
                ""ComplaintsCount"": 46,
                ""FrontCrashDriversideRating"": ""5"",
                ""FrontCrashPassengersideRating"": ""4"",
                ""FrontCrashPicture"": ""https://static.nhtsa.gov/crashTest/images/2020/v09248P083.jpg"",
                ""FrontCrashVideo"": ""https://static.nhtsa.gov/crashTest/videos/2020/v09248C021.wmv"",
                ""InvestigationCount"": 1,
                ""Make"": ""MERCEDES-BENZ"",
                ""Model"": ""C-CLASS"",
                ""ModelYear"": 2020,
                ""NHTSAElectronicStabilityControl"": ""Standard"",
                ""NHTSAForwardCollisionWarning"": ""No"",
                ""NHTSALaneDepartureWarning"": ""No"",
                ""OverallFrontCrashRating"": ""4"",
                ""OverallRating"": ""Not Rated"",
                ""OverallSideCrashRating"": ""Not Rated"",
                ""RecallsCount"": 12,
                ""RolloverPossibility"": 0.11,
                ""RolloverPossibility2"": 0,
                ""RolloverRating"": ""4"",
                ""RolloverRating2"": ""Not Rated"",
                ""SideCrashDriversideRating"": ""Not Rated"",
                ""SideCrashPassengersideRating"": ""Not Rated"",
                ""SidePoleCrashRating"": ""Not Rated"",
                ""VehicleDescription"": ""2020 Mercedes-Benz C-Class 4 DR RWD"",
                ""VehicleId"": 15050,
                ""combinedSideBarrierAndPoleRating-Front"": ""Not Rated"",
                ""combinedSideBarrierAndPoleRating-Rear"": ""Not Rated"",
                ""dynamicTipResult"": ""No Tip"",
                ""sideBarrierRating-Overall"": ""Not Rated""
              }
            ]
          },
          ""vehicle_description"": ""2020 Mercedes-Benz C-Class 4 DR RWD"",
          ""vehicle_id"": 15050
        }
      ]
    },
    {
      ""source"": {
        ""model_year"": 2020,
        ""nhtsa_model"": ""CL-CLASS"",
        ""uk_model"": "" CL Class""
      },
      ""vehicle_count"": 0,
      ""vehicles"": []
    },
    {
      ""source"": {
        ""model_year"": 2020,
        ""nhtsa_model"": ""CLA-CLASS"",
        ""uk_model"": "" CLA Class""
      },
      ""vehicle_count"": 2,
      ""vehicles"": [
        {
          ""safety_ratings"": {
            ""Count"": 1,
            ""Message"": ""Results returned successfully"",
            ""Results"": [
              {
                ""ComplaintsCount"": 23,
                ""FrontCrashDriversideRating"": ""Not Rated"",
                ""FrontCrashPassengersideRating"": ""Not Rated"",
                ""InvestigationCount"": 0,
                ""Make"": ""MERCEDES-BENZ"",
                ""Model"": ""CLA-CLASS"",
                ""ModelYear"": 2020,
                ""NHTSAElectronicStabilityControl"": ""Standard"",
                ""NHTSAForwardCollisionWarning"": ""No"",
                ""NHTSALaneDepartureWarning"": ""Optional"",
                ""OverallFrontCrashRating"": ""Not Rated"",
                ""OverallRating"": ""Not Rated"",
                ""OverallSideCrashRating"": ""Not Rated"",
                ""RecallsCount"": 13,
                ""RolloverPossibility"": 0,
                ""RolloverPossibility2"": 0,
                ""RolloverRating"": ""Not Rated"",
                ""RolloverRating2"": ""Not Rated"",
                ""SideCrashDriversideRating"": ""Not Rated"",
                ""SideCrashPassengersideRating"": ""Not Rated"",
                ""SidePoleCrashRating"": ""Not Rated"",
                ""VehicleDescription"": ""2020 Mercedes-Benz CLA-Class 4 DR 4WD"",
                ""VehicleId"": 15092,
                ""combinedSideBarrierAndPoleRating-Front"": ""Not Rated"",
                ""combinedSideBarrierAndPoleRating-Rear"": ""Not Rated"",
                ""dynamicTipResult"": "" "",
                ""sideBarrierRating-Overall"": ""Not Rated""
              }
            ]
          },
          ""vehicle_description"": ""2020 Mercedes-Benz CLA-Class 4 DR 4WD"",
          ""vehicle_id"": 15092
        },
        {
          ""safety_ratings"": {
            ""Count"": 1,
            ""Message"": ""Results returned successfully"",
            ""Results"": [
              {
                ""ComplaintsCount"": 23,
                ""FrontCrashDriversideRating"": ""Not Rated"",
                ""FrontCrashPassengersideRating"": ""Not Rated"",
                ""InvestigationCount"": 0,
                ""Make"": ""MERCEDES-BENZ"",
                ""Model"": ""CLA-CLASS"",
                ""ModelYear"": 2020,
                ""NHTSAElectronicStabilityControl"": ""Standard"",
                ""NHTSAForwardCollisionWarning"": ""No"",
                ""NHTSALaneDepartureWarning"": ""Optional"",
                ""OverallFrontCrashRating"": ""Not Rated"",
                ""OverallRating"": ""Not Rated"",
                ""OverallSideCrashRating"": ""Not Rated"",
                ""RecallsCount"": 13,
                ""RolloverPossibility"": 0,
                ""RolloverPossibility2"": 0,
                ""RolloverRating"": ""Not Rated"",
                ""RolloverRating2"": ""Not Rated"",
                ""SideCrashDriversideRating"": ""Not Rated"",
                ""SideCrashPassengersideRating"": ""Not Rated"",
                ""SidePoleCrashRating"": ""Not Rated"",
                ""VehicleDescription"": ""2020 Mercedes-Benz CLA-Class 4 DR FWD"",
                ""VehicleId"": 15066,
                ""combinedSideBarrierAndPoleRating-Front"": ""Not Rated"",
                ""combinedSideBarrierAndPoleRating-Rear"": ""Not Rated"",
                ""dynamicTipResult"": "" "",
                ""sideBarrierRating-Overall"": ""Not Rated""
              }
            ]
          },
          ""vehicle_description"": ""2020 Mercedes-Benz CLA-Class 4 DR FWD"",
          ""vehicle_id"": 15066
        }
      ]
    },
    {
      ""source"": {
        ""model_year"": 2020,
        ""nhtsa_model"": ""CLS-CLASS"",
        ""uk_model"": "" CLS Class""
      },
      ""vehicle_count"": 2,
      ""vehicles"": [
        {
          ""safety_ratings"": {
            ""Count"": 1,
            ""Message"": ""Results returned successfully"",
            ""Results"": [
              {
                ""ComplaintsCount"": 6,
                ""FrontCrashDriversideRating"": ""Not Rated"",
                ""FrontCrashPassengersideRating"": ""Not Rated"",
                ""InvestigationCount"": 0,
                ""Make"": ""MERCEDES-BENZ"",
                ""Model"": ""CLS-CLASS"",
                ""ModelYear"": 2020,
                ""NHTSAElectronicStabilityControl"": ""Standard"",
                ""NHTSAForwardCollisionWarning"": ""No"",
                ""NHTSALaneDepartureWarning"": ""No"",
                ""OverallFrontCrashRating"": ""Not Rated"",
                ""OverallRating"": ""Not Rated"",
                ""OverallSideCrashRating"": ""Not Rated"",
                ""RecallsCount"": 8,
                ""RolloverPossibility"": 0,
                ""RolloverPossibility2"": 0,
                ""RolloverRating"": ""Not Rated"",
                ""RolloverRating2"": ""Not Rated"",
                ""SideCrashDriversideRating"": ""Not Rated"",
                ""SideCrashPassengersideRating"": ""Not Rated"",
                ""SidePoleCrashRating"": ""Not Rated"",
                ""VehicleDescription"": ""2020 Mercedes-Benz CLS-Class 4 DR 4WD"",
                ""VehicleId"": 15086,
                ""combinedSideBarrierAndPoleRating-Front"": ""Not Rated"",
                ""combinedSideBarrierAndPoleRating-Rear"": ""Not Rated"",
                ""dynamicTipResult"": "" "",
                ""sideBarrierRating-Overall"": ""Not Rated""
              }
            ]
          },
          ""vehicle_description"": ""2020 Mercedes-Benz CLS-Class 4 DR 4WD"",
          ""vehicle_id"": 15086
        },
        {
          ""safety_ratings"": {
            ""Count"": 1,
            ""Message"": ""Results returned successfully"",
            ""Results"": [
              {
                ""ComplaintsCount"": 0,
                ""FrontCrashDriversideRating"": ""Not Rated"",
                ""FrontCrashPassengersideRating"": ""Not Rated"",
                ""InvestigationCount"": 0,
                ""Make"": ""MERCEDES-BENZ"",
                ""Model"": ""CLS-CLASS"",
                ""ModelYear"": 2020,
                ""NHTSAElectronicStabilityControl"": ""Standard"",
                ""NHTSAForwardCollisionWarning"": ""No"",
                ""NHTSALaneDepartureWarning"": ""No"",
                ""OverallFrontCrashRating"": ""Not Rated"",
                ""OverallRating"": ""Not Rated"",
                ""OverallSideCrashRating"": ""Not Rated"",
                ""RecallsCount"": 1,
                ""RolloverPossibility"": 0,
                ""RolloverPossibility2"": 0,
                ""RolloverRating"": ""Not Rated"",
                ""RolloverRating2"": ""Not Rated"",
                ""SideCrashDriversideRating"": ""Not Rated"",
                ""SideCrashPassengersideRating"": ""Not Rated"",
                ""SidePoleCrashRating"": ""Not Rated"",
                ""VehicleDescription"": ""2020 Mercedes-Benz CLS-Class 4 DR RWD"",
                ""VehicleId"": 15057,
                ""combinedSideBarrierAndPoleRating-Front"": ""Not Rated"",
                ""combinedSideBarrierAndPoleRating-Rear"": ""Not Rated"",
                ""dynamicTipResult"": "" "",
                ""sideBarrierRating-Overall"": ""Not Rated""
              }
            ]
          },
          ""vehicle_description"": ""2020 Mercedes-Benz CLS-Class 4 DR RWD"",
          ""vehicle_id"": 15057
        }
      ]
    },
    {
      ""source"": {
        ""model_year"": 2020,
        ""nhtsa_model"": ""E-CLASS"",
        ""uk_model"": "" E Class""
      },
      ""vehicle_count"": 4,
      ""vehicles"": [
        {
          ""safety_ratings"": {
            ""Count"": 1,
            ""Message"": ""Results returned successfully"",
            ""Results"": [
              {
                ""ComplaintsCount"": 20,
                ""FrontCrashDriversideRating"": ""Not Rated"",
                ""FrontCrashPassengersideRating"": ""Not Rated"",
                ""InvestigationCount"": 0,
                ""Make"": ""MERCEDES-BENZ"",
                ""Model"": ""E-CLASS"",
                ""ModelYear"": 2020,
                ""NHTSAElectronicStabilityControl"": ""Standard"",
                ""NHTSAForwardCollisionWarning"": ""No"",
                ""NHTSALaneDepartureWarning"": ""No"",
                ""OverallFrontCrashRating"": ""Not Rated"",
                ""OverallRating"": ""Not Rated"",
                ""OverallSideCrashRating"": ""Not Rated"",
                ""RecallsCount"": 15,
                ""RolloverPossibility"": 0,
                ""RolloverPossibility2"": 0,
                ""RolloverRating"": ""Not Rated"",
                ""RolloverRating2"": ""Not Rated"",
                ""SideCrashDriversideRating"": ""Not Rated"",
                ""SideCrashPassengersideRating"": ""Not Rated"",
                ""SidePoleCrashRating"": ""Not Rated"",
                ""VehicleDescription"": ""2020 Mercedes-Benz E-Class 2 DR 4WD"",
                ""VehicleId"": 15084,
                ""combinedSideBarrierAndPoleRating-Front"": ""Not Rated"",
                ""combinedSideBarrierAndPoleRating-Rear"": ""Not Rated"",
                ""dynamicTipResult"": "" "",
                ""sideBarrierRating-Overall"": ""Not Rated""
              }
            ]
          },
          ""vehicle_description"": ""2020 Mercedes-Benz E-Class 2 DR 4WD"",
          ""vehicle_id"": 15084
        },
        {
          ""safety_ratings"": {
            ""Count"": 1,
            ""Message"": ""Results returned successfully"",
            ""Results"": [
              {
                ""ComplaintsCount"": 20,
                ""FrontCrashDriversideRating"": ""5"",
                ""FrontCrashPassengersideRating"": ""5"",
                ""FrontCrashPicture"": ""https://static.nhtsa.gov/crashTest/images/2020/v09991P086.jpg"",
                ""FrontCrashVideo"": ""https://static.nhtsa.gov/crashTest/videos/2020/v09991C019.wmv"",
                ""InvestigationCount"": 0,
                ""Make"": ""MERCEDES-BENZ"",
                ""Model"": ""E-CLASS"",
                ""ModelYear"": 2020,
                ""NHTSAElectronicStabilityControl"": ""Standard"",
                ""NHTSAForwardCollisionWarning"": ""No"",
                ""NHTSALaneDepartureWarning"": ""No"",
                ""OverallFrontCrashRating"": ""5"",
                ""OverallRating"": ""5"",
                ""OverallSideCrashRating"": ""5"",
                ""RecallsCount"": 15,
                ""RolloverPossibility"": 0.097,
                ""RolloverPossibility2"": 0,
                ""RolloverRating"": ""5"",
                ""RolloverRating2"": ""Not Rated"",
                ""SideCrashDriversideRating"": ""5"",
                ""SideCrashPassengersideRating"": ""5"",
                ""SideCrashPicture"": ""https://static.nhtsa.gov/crashTest/images/2020/v09996P105.jpg"",
                ""SideCrashVideo"": ""https://static.nhtsa.gov/crashTest/videos/2020/v09996C011.wmv"",
                ""SidePoleCrashRating"": ""5"",
                ""SidePolePicture"": ""https://static.nhtsa.gov/crashTest/images/2020/v09994P072.jpg"",
                ""SidePoleVideo"": ""https://static.nhtsa.gov/crashTest/videos/2020/v09994C013.wmv"",
                ""VehicleDescription"": ""2020 Mercedes-Benz E-Class 4 DR 4WD"",
                ""VehicleId"": 15082,
                ""combinedSideBarrierAndPoleRating-Front"": ""5"",
                ""combinedSideBarrierAndPoleRating-Rear"": ""5"",
                ""dynamicTipResult"": ""No Tip"",
                ""sideBarrierRating-Overall"": ""5""
              }
            ]
          },
          ""vehicle_description"": ""2020 Mercedes-Benz E-Class 4 DR 4WD"",
          ""vehicle_id"": 15082
        },
        {
          ""safety_ratings"": {
            ""Count"": 1,
            ""Message"": ""Results returned successfully"",
            ""Results"": [
              {
                ""ComplaintsCount"": 20,
                ""FrontCrashDriversideRating"": ""Not Rated"",
                ""FrontCrashPassengersideRating"": ""Not Rated"",
                ""InvestigationCount"": 0,
                ""Make"": ""MERCEDES-BENZ"",
                ""Model"": ""E-CLASS"",
                ""ModelYear"": 2020,
                ""NHTSAElectronicStabilityControl"": ""Standard"",
                ""NHTSAForwardCollisionWarning"": ""No"",
                ""NHTSALaneDepartureWarning"": ""No"",
                ""OverallFrontCrashRating"": ""Not Rated"",
                ""OverallRating"": ""Not Rated"",
                ""OverallSideCrashRating"": ""Not Rated"",
                ""RecallsCount"": 15,
                ""RolloverPossibility"": 0,
                ""RolloverPossibility2"": 0,
                ""RolloverRating"": ""Not Rated"",
                ""RolloverRating2"": ""Not Rated"",
                ""SideCrashDriversideRating"": ""Not Rated"",
                ""SideCrashPassengersideRating"": ""Not Rated"",
                ""SidePoleCrashRating"": ""Not Rated"",
                ""VehicleDescription"": ""2020 Mercedes-Benz E-Class 2 DR RWD"",
                ""VehicleId"": 15055,
                ""combinedSideBarrierAndPoleRating-Front"": ""Not Rated"",
                ""combinedSideBarrierAndPoleRating-Rear"": ""Not Rated"",
                ""dynamicTipResult"": "" "",
                ""sideBarrierRating-Overall"": ""Not Rated""
              }
            ]
          },
          ""vehicle_description"": ""2020 Mercedes-Benz E-Class 2 DR RWD"",
          ""vehicle_id"": 15055
        },
        {
          ""safety_ratings"": {
            ""Count"": 1,
            ""Message"": ""Results returned successfully"",
            ""Results"": [
              {
                ""ComplaintsCount"": 20,
                ""FrontCrashDriversideRating"": ""5"",
                ""FrontCrashPassengersideRating"": ""5"",
                ""FrontCrashPicture"": ""https://static.nhtsa.gov/crashTest/images/2020/v09991P086.jpg"",
                ""FrontCrashVideo"": ""https://static.nhtsa.gov/crashTest/videos/2020/v09991C019.wmv"",
                ""InvestigationCount"": 0,
                ""Make"": ""MERCEDES-BENZ"",
                ""Model"": ""E-CLASS"",
                ""ModelYear"": 2020,
                ""NHTSAElectronicStabilityControl"": ""Standard"",
                ""NHTSAForwardCollisionWarning"": ""No"",
                ""NHTSALaneDepartureWarning"": ""No"",
                ""OverallFrontCrashRating"": ""5"",
                ""OverallRating"": ""5"",
                ""OverallSideCrashRating"": ""5"",
                ""RecallsCount"": 15,
                ""RolloverPossibility"": 0.097,
                ""RolloverPossibility2"": 0,
                ""RolloverRating"": ""5"",
                ""RolloverRating2"": ""Not Rated"",
                ""SideCrashDriversideRating"": ""5"",
                ""SideCrashPassengersideRating"": ""5"",
                ""SideCrashPicture"": ""https://static.nhtsa.gov/crashTest/images/2020/v09996P105.jpg"",
                ""SideCrashVideo"": ""https://static.nhtsa.gov/crashTest/videos/2020/v09996C011.wmv"",
                ""SidePoleCrashRating"": ""5"",
                ""SidePolePicture"": ""https://static.nhtsa.gov/crashTest/images/2020/v09994P072.jpg"",
                ""SidePoleVideo"": ""https://static.nhtsa.gov/crashTest/videos/2020/v09994C013.wmv"",
                ""VehicleDescription"": ""2020 Mercedes-Benz E-Class 4 DR RWD"",
                ""VehicleId"": 15053,
                ""combinedSideBarrierAndPoleRating-Front"": ""5"",
                ""combinedSideBarrierAndPoleRating-Rear"": ""5"",
                ""dynamicTipResult"": "" "",
                ""sideBarrierRating-Overall"": ""5""
              }
            ]
          },
          ""vehicle_description"": ""2020 Mercedes-Benz E-Class 4 DR RWD"",
          ""vehicle_id"": 15053
        }
      ]
    },
    {
      ""source"": {
        ""model_year"": 2020,
        ""nhtsa_model"": ""G-CLASS"",
        ""uk_model"": "" G Class""
      },
      ""vehicle_count"": 1,
      ""vehicles"": [
        {
          ""safety_ratings"": {
            ""Count"": 1,
            ""Message"": ""Results returned successfully"",
            ""Results"": [
              {
                ""ComplaintsCount"": 2,
                ""FrontCrashDriversideRating"": ""Not Rated"",
                ""FrontCrashPassengersideRating"": ""Not Rated"",
                ""InvestigationCount"": 0,
                ""Make"": ""MERCEDES-BENZ"",
                ""Model"": ""G-CLASS"",
                ""ModelYear"": 2020,
                ""NHTSAElectronicStabilityControl"": ""Standard"",
                ""NHTSAForwardCollisionWarning"": ""Standard"",
                ""NHTSALaneDepartureWarning"": ""No"",
                ""OverallFrontCrashRating"": ""Not Rated"",
                ""OverallRating"": ""Not Rated"",
                ""OverallSideCrashRating"": ""Not Rated"",
                ""RecallsCount"": 8,
                ""RolloverPossibility"": 0,
                ""RolloverPossibility2"": 0,
                ""RolloverRating"": ""Not Rated"",
                ""RolloverRating2"": ""Not Rated"",
                ""SideCrashDriversideRating"": ""Not Rated"",
                ""SideCrashPassengersideRating"": ""Not Rated"",
                ""SidePoleCrashRating"": ""Not Rated"",
                ""VehicleDescription"": ""2020 Mercedes-Benz G-Class SUV 4WD"",
                ""VehicleId"": 15074,
                ""combinedSideBarrierAndPoleRating-Front"": ""Not Rated"",
                ""combinedSideBarrierAndPoleRating-Rear"": ""Not Rated"",
                ""dynamicTipResult"": "" "",
                ""sideBarrierRating-Overall"": ""Not Rated""
              }
            ]
          },
          ""vehicle_description"": ""2020 Mercedes-Benz G-Class SUV 4WD"",
          ""vehicle_id"": 15074
        }
      ]
    },
    {
      ""source"": {
        ""model_year"": 2020,
        ""nhtsa_model"": ""GLA-CLASS"",
        ""uk_model"": "" GLA Class""
      },
      ""vehicle_count"": 2,
      ""vehicles"": [
        {
          ""safety_ratings"": {
            ""Count"": 1,
            ""Message"": ""Results returned successfully"",
            ""Results"": [
              {
                ""ComplaintsCount"": 9,
                ""FrontCrashDriversideRating"": ""Not Rated"",
                ""FrontCrashPassengersideRating"": ""Not Rated"",
                ""InvestigationCount"": 1,
                ""Make"": ""MERCEDES-BENZ"",
                ""Model"": ""GLA-CLASS"",
                ""ModelYear"": 2020,
                ""NHTSAElectronicStabilityControl"": ""Standard"",
                ""NHTSAForwardCollisionWarning"": ""No"",
                ""NHTSALaneDepartureWarning"": ""Optional"",
                ""OverallFrontCrashRating"": ""Not Rated"",
                ""OverallRating"": ""Not Rated"",
                ""OverallSideCrashRating"": ""Not Rated"",
                ""RecallsCount"": 5,
                ""RolloverPossibility"": 0,
                ""RolloverPossibility2"": 0,
                ""RolloverRating"": ""Not Rated"",
                ""RolloverRating2"": ""Not Rated"",
                ""SideCrashDriversideRating"": ""Not Rated"",
                ""SideCrashPassengersideRating"": ""Not Rated"",
                ""SidePoleCrashRating"": ""Not Rated"",
                ""VehicleDescription"": ""2020 Mercedes-Benz GLA-Class SUV 4WD"",
                ""VehicleId"": 15093,
                ""combinedSideBarrierAndPoleRating-Front"": ""Not Rated"",
                ""combinedSideBarrierAndPoleRating-Rear"": ""Not Rated"",
                ""dynamicTipResult"": "" "",
                ""sideBarrierRating-Overall"": ""Not Rated""
              }
            ]
          },
          ""vehicle_description"": ""2020 Mercedes-Benz GLA-Class SUV 4WD"",
          ""vehicle_id"": 15093
        },
        {
          ""safety_ratings"": {
            ""Count"": 1,
            ""Message"": ""Results returned successfully"",
            ""Results"": [
              {
                ""ComplaintsCount"": 9,
                ""FrontCrashDriversideRating"": ""Not Rated"",
                ""FrontCrashPassengersideRating"": ""Not Rated"",
                ""InvestigationCount"": 1,
                ""Make"": ""MERCEDES-BENZ"",
                ""Model"": ""GLA-CLASS"",
                ""ModelYear"": 2020,
                ""NHTSAElectronicStabilityControl"": ""Standard"",
                ""NHTSAForwardCollisionWarning"": ""No"",
                ""NHTSALaneDepartureWarning"": ""Optional"",
                ""OverallFrontCrashRating"": ""Not Rated"",
                ""OverallRating"": ""Not Rated"",
                ""OverallSideCrashRating"": ""Not Rated"",
                ""RecallsCount"": 5,
                ""RolloverPossibility"": 0,
                ""RolloverPossibility2"": 0,
                ""RolloverRating"": ""Not Rated"",
                ""RolloverRating2"": ""Not Rated"",
                ""SideCrashDriversideRating"": ""Not Rated"",
                ""SideCrashPassengersideRating"": ""Not Rated"",
                ""SidePoleCrashRating"": ""Not Rated"",
                ""VehicleDescription"": ""2020 Mercedes-Benz GLA-Class SUV FWD"",
                ""VehicleId"": 15067,
                ""combinedSideBarrierAndPoleRating-Front"": ""Not Rated"",
                ""combinedSideBarrierAndPoleRating-Rear"": ""Not Rated"",
                ""dynamicTipResult"": "" "",
                ""sideBarrierRating-Overall"": ""Not Rated""
              }
            ]
          },
          ""vehicle_description"": ""2020 Mercedes-Benz GLA-Class SUV FWD"",
          ""vehicle_id"": 15067
        }
      ]
    },
    {
      ""source"": {
        ""model_year"": 2020,
        ""nhtsa_model"": ""GLB-CLASS"",
        ""uk_model"": "" GLB Class""
      },
      ""vehicle_count"": 2,
      ""vehicles"": [
        {
          ""safety_ratings"": {
            ""Count"": 1,
            ""Message"": ""Results returned successfully"",
            ""Results"": [
              {
                ""ComplaintsCount"": 57,
                ""FrontCrashDriversideRating"": ""Not Rated"",
                ""FrontCrashPassengersideRating"": ""Not Rated"",
                ""InvestigationCount"": 0,
                ""Make"": ""MERCEDES-BENZ"",
                ""Model"": ""GLB-CLASS"",
                ""ModelYear"": 2020,
                ""NHTSAElectronicStabilityControl"": ""Standard"",
                ""NHTSAForwardCollisionWarning"": ""Standard"",
                ""NHTSALaneDepartureWarning"": ""No"",
                ""OverallFrontCrashRating"": ""Not Rated"",
                ""OverallRating"": ""Not Rated"",
                ""OverallSideCrashRating"": ""Not Rated"",
                ""RecallsCount"": 20,
                ""RolloverPossibility"": 0,
                ""RolloverPossibility2"": 0,
                ""RolloverRating"": ""Not Rated"",
                ""RolloverRating2"": ""Not Rated"",
                ""SideCrashDriversideRating"": ""Not Rated"",
                ""SideCrashPassengersideRating"": ""Not Rated"",
                ""SidePoleCrashRating"": ""Not Rated"",
                ""VehicleDescription"": ""2020 Mercedes-Benz GLB-Class SUV 4WD"",
                ""VehicleId"": 15094,
                ""combinedSideBarrierAndPoleRating-Front"": ""Not Rated"",
                ""combinedSideBarrierAndPoleRating-Rear"": ""Not Rated"",
                ""dynamicTipResult"": "" "",
                ""sideBarrierRating-Overall"": ""Not Rated""
              }
            ]
          },
          ""vehicle_description"": ""2020 Mercedes-Benz GLB-Class SUV 4WD"",
          ""vehicle_id"": 15094
        },
        {
          ""safety_ratings"": {
            ""Count"": 1,
            ""Message"": ""Results returned successfully"",
            ""Results"": [
              {
                ""ComplaintsCount"": 57,
                ""FrontCrashDriversideRating"": ""Not Rated"",
                ""FrontCrashPassengersideRating"": ""Not Rated"",
                ""InvestigationCount"": 0,
                ""Make"": ""MERCEDES-BENZ"",
                ""Model"": ""GLB-CLASS"",
                ""ModelYear"": 2020,
                ""NHTSAElectronicStabilityControl"": ""Standard"",
                ""NHTSAForwardCollisionWarning"": ""Standard"",
                ""NHTSALaneDepartureWarning"": ""No"",
                ""OverallFrontCrashRating"": ""Not Rated"",
                ""OverallRating"": ""Not Rated"",
                ""OverallSideCrashRating"": ""Not Rated"",
                ""RecallsCount"": 20,
                ""RolloverPossibility"": 0,
                ""RolloverPossibility2"": 0,
                ""RolloverRating"": ""Not Rated"",
                ""RolloverRating2"": ""Not Rated"",
                ""SideCrashDriversideRating"": ""Not Rated"",
                ""SideCrashPassengersideRating"": ""Not Rated"",
                ""SidePoleCrashRating"": ""Not Rated"",
                ""VehicleDescription"": ""2020 Mercedes-Benz GLB-Class SUV FWD"",
                ""VehicleId"": 15068,
                ""combinedSideBarrierAndPoleRating-Front"": ""Not Rated"",
                ""combinedSideBarrierAndPoleRating-Rear"": ""Not Rated"",
                ""dynamicTipResult"": "" "",
                ""sideBarrierRating-Overall"": ""Not Rated""
              }
            ]
          },
          ""vehicle_description"": ""2020 Mercedes-Benz GLB-Class SUV FWD"",
          ""vehicle_id"": 15068
        }
      ]
    },
    {
      ""source"": {
        ""model_year"": 2020,
        ""nhtsa_model"": ""GLC-CLASS"",
        ""uk_model"": "" GLC Class""
      },
      ""vehicle_count"": 2,
      ""vehicles"": [
        {
          ""safety_ratings"": {
            ""Count"": 1,
            ""Message"": ""Results returned successfully"",
            ""Results"": [
              {
                ""ComplaintsCount"": 78,
                ""FrontCrashDriversideRating"": ""Not Rated"",
                ""FrontCrashPassengersideRating"": ""Not Rated"",
                ""InvestigationCount"": 2,
                ""Make"": ""MERCEDES-BENZ"",
                ""Model"": ""GLC-CLASS"",
                ""ModelYear"": 2020,
                ""NHTSAElectronicStabilityControl"": ""Standard"",
                ""NHTSAForwardCollisionWarning"": ""Standard"",
                ""NHTSALaneDepartureWarning"": ""No"",
                ""OverallFrontCrashRating"": ""Not Rated"",
                ""OverallRating"": ""Not Rated"",
                ""OverallSideCrashRating"": ""5"",
                ""RecallsCount"": 20,
                ""RolloverPossibility"": 0.186,
                ""RolloverPossibility2"": 0,
                ""RolloverRating"": ""4"",
                ""RolloverRating2"": ""Not Rated"",
                ""SideCrashDriversideRating"": ""5"",
                ""SideCrashPassengersideRating"": ""5"",
                ""SideCrashPicture"": ""https://static.nhtsa.gov/crashTest/images/2020/v10190P105.jpg"",
                ""SideCrashVideo"": ""https://static.nhtsa.gov/crashTest/videos/2020/v10190C013.wmv"",
                ""SidePoleCrashRating"": ""5"",
                ""SidePolePicture"": ""https://static.nhtsa.gov/crashTest/images/2020/v10194P071.jpg"",
                ""SidePoleVideo"": ""https://static.nhtsa.gov/crashTest/videos/2020/v10194C014.wmv"",
                ""VehicleDescription"": ""2020 Mercedes-Benz GLC-Class SUV 4WD"",
                ""VehicleId"": 15095,
                ""combinedSideBarrierAndPoleRating-Front"": ""5"",
                ""combinedSideBarrierAndPoleRating-Rear"": ""5"",
                ""dynamicTipResult"": ""No Tip"",
                ""sideBarrierRating-Overall"": ""5""
              }
            ]
          },
          ""vehicle_description"": ""2020 Mercedes-Benz GLC-Class SUV 4WD"",
          ""vehicle_id"": 15095
        },
        {
          ""safety_ratings"": {
            ""Count"": 1,
            ""Message"": ""Results returned successfully"",
            ""Results"": [
              {
                ""ComplaintsCount"": 78,
                ""FrontCrashDriversideRating"": ""Not Rated"",
                ""FrontCrashPassengersideRating"": ""Not Rated"",
                ""InvestigationCount"": 2,
                ""Make"": ""MERCEDES-BENZ"",
                ""Model"": ""GLC-CLASS"",
                ""ModelYear"": 2020,
                ""NHTSAElectronicStabilityControl"": ""Standard"",
                ""NHTSAForwardCollisionWarning"": ""Standard"",
                ""NHTSALaneDepartureWarning"": ""No"",
                ""OverallFrontCrashRating"": ""Not Rated"",
                ""OverallRating"": ""Not Rated"",
                ""OverallSideCrashRating"": ""5"",
                ""RecallsCount"": 20,
                ""RolloverPossibility"": 0.184,
                ""RolloverPossibility2"": 0,
                ""RolloverRating"": ""4"",
                ""RolloverRating2"": ""Not Rated"",
                ""SideCrashDriversideRating"": ""5"",
                ""SideCrashPassengersideRating"": ""5"",
                ""SideCrashPicture"": ""https://static.nhtsa.gov/crashTest/images/2020/v10190P105.jpg"",
                ""SideCrashVideo"": ""https://static.nhtsa.gov/crashTest/videos/2020/v10190C013.wmv"",
                ""SidePoleCrashRating"": ""5"",
                ""SidePolePicture"": ""https://static.nhtsa.gov/crashTest/images/2020/v10194P071.jpg"",
                ""SidePoleVideo"": ""https://static.nhtsa.gov/crashTest/videos/2020/v10194C014.wmv"",
                ""VehicleDescription"": ""2020 Mercedes-Benz GLC-Class SUV RWD"",
                ""VehicleId"": 15069,
                ""combinedSideBarrierAndPoleRating-Front"": ""5"",
                ""combinedSideBarrierAndPoleRating-Rear"": ""5"",
                ""dynamicTipResult"": ""No Tip"",
                ""sideBarrierRating-Overall"": ""5""
              }
            ]
          },
          ""vehicle_description"": ""2020 Mercedes-Benz GLC-Class SUV RWD"",
          ""vehicle_id"": 15069
        }
      ]
    },
    {
      ""source"": {
        ""model_year"": 2020,
        ""nhtsa_model"": ""GLE-CLASS"",
        ""uk_model"": "" GLE Class""
      },
      ""vehicle_count"": 2,
      ""vehicles"": [
        {
          ""safety_ratings"": {
            ""Count"": 1,
            ""Message"": ""Results returned successfully"",
            ""Results"": [
              {
                ""ComplaintsCount"": 123,
                ""FrontCrashDriversideRating"": ""Not Rated"",
                ""FrontCrashPassengersideRating"": ""Not Rated"",
                ""InvestigationCount"": 0,
                ""Make"": ""MERCEDES-BENZ"",
                ""Model"": ""GLE-CLASS"",
                ""ModelYear"": 2020,
                ""NHTSAElectronicStabilityControl"": ""Standard"",
                ""NHTSAForwardCollisionWarning"": ""Standard"",
                ""NHTSALaneDepartureWarning"": ""No"",
                ""OverallFrontCrashRating"": ""Not Rated"",
                ""OverallRating"": ""Not Rated"",
                ""OverallSideCrashRating"": ""Not Rated"",
                ""RecallsCount"": 36,
                ""RolloverPossibility"": 0,
                ""RolloverPossibility2"": 0,
                ""RolloverRating"": ""Not Rated"",
                ""RolloverRating2"": ""Not Rated"",
                ""SideCrashDriversideRating"": ""Not Rated"",
                ""SideCrashPassengersideRating"": ""Not Rated"",
                ""SidePoleCrashRating"": ""Not Rated"",
                ""VehicleDescription"": ""2020 Mercedes-Benz GLE-Class SUV 4WD"",
                ""VehicleId"": 15097,
                ""combinedSideBarrierAndPoleRating-Front"": ""Not Rated"",
                ""combinedSideBarrierAndPoleRating-Rear"": ""Not Rated"",
                ""dynamicTipResult"": "" "",
                ""sideBarrierRating-Overall"": ""Not Rated""
              }
            ]
          },
          ""vehicle_description"": ""2020 Mercedes-Benz GLE-Class SUV 4WD"",
          ""vehicle_id"": 15097
        },
        {
          ""safety_ratings"": {
            ""Count"": 1,
            ""Message"": ""Results returned successfully"",
            ""Results"": [
              {
                ""ComplaintsCount"": 123,
                ""FrontCrashDriversideRating"": ""Not Rated"",
                ""FrontCrashPassengersideRating"": ""Not Rated"",
                ""InvestigationCount"": 0,
                ""Make"": ""MERCEDES-BENZ"",
                ""Model"": ""GLE-CLASS"",
                ""ModelYear"": 2020,
                ""NHTSAElectronicStabilityControl"": ""Standard"",
                ""NHTSAForwardCollisionWarning"": ""Standard"",
                ""NHTSALaneDepartureWarning"": ""No"",
                ""OverallFrontCrashRating"": ""Not Rated"",
                ""OverallRating"": ""Not Rated"",
                ""OverallSideCrashRating"": ""Not Rated"",
                ""RecallsCount"": 36,
                ""RolloverPossibility"": 0,
                ""RolloverPossibility2"": 0,
                ""RolloverRating"": ""Not Rated"",
                ""RolloverRating2"": ""Not Rated"",
                ""SideCrashDriversideRating"": ""Not Rated"",
                ""SideCrashPassengersideRating"": ""Not Rated"",
                ""SidePoleCrashRating"": ""Not Rated"",
                ""VehicleDescription"": ""2020 Mercedes-Benz GLE-Class SUV RWD"",
                ""VehicleId"": 15073,
                ""combinedSideBarrierAndPoleRating-Front"": ""Not Rated"",
                ""combinedSideBarrierAndPoleRating-Rear"": ""Not Rated"",
                ""dynamicTipResult"": "" "",
                ""sideBarrierRating-Overall"": ""Not Rated""
              }
            ]
          },
          ""vehicle_description"": ""2020 Mercedes-Benz GLE-Class SUV RWD"",
          ""vehicle_id"": 15073
        }
      ]
    },
    {
      ""source"": {
        ""model_year"": 2020,
        ""nhtsa_model"": ""GLS-CLASS"",
        ""uk_model"": "" GLS Class""
      },
      ""vehicle_count"": 1,
      ""vehicles"": [
        {
          ""safety_ratings"": {
            ""Count"": 1,
            ""Message"": ""Results returned successfully"",
            ""Results"": [
              {
                ""ComplaintsCount"": 38,
                ""FrontCrashDriversideRating"": ""Not Rated"",
                ""FrontCrashPassengersideRating"": ""Not Rated"",
                ""InvestigationCount"": 0,
                ""Make"": ""MERCEDES-BENZ"",
                ""Model"": ""GLS-CLASS"",
                ""ModelYear"": 2020,
                ""NHTSAElectronicStabilityControl"": ""Standard"",
                ""NHTSAForwardCollisionWarning"": ""Standard"",
                ""NHTSALaneDepartureWarning"": ""No"",
                ""OverallFrontCrashRating"": ""Not Rated"",
                ""OverallRating"": ""Not Rated"",
                ""OverallSideCrashRating"": ""Not Rated"",
                ""RecallsCount"": 24,
                ""RolloverPossibility"": 0,
                ""RolloverPossibility2"": 0,
                ""RolloverRating"": ""Not Rated"",
                ""RolloverRating2"": ""Not Rated"",
                ""SideCrashDriversideRating"": ""Not Rated"",
                ""SideCrashPassengersideRating"": ""Not Rated"",
                ""SidePoleCrashRating"": ""Not Rated"",
                ""VehicleDescription"": ""2020 Mercedes-Benz GLS-Class SUV 4WD"",
                ""VehicleId"": 15075,
                ""combinedSideBarrierAndPoleRating-Front"": ""Not Rated"",
                ""combinedSideBarrierAndPoleRating-Rear"": ""Not Rated"",
                ""dynamicTipResult"": "" "",
                ""sideBarrierRating-Overall"": ""Not Rated""
              }
            ]
          },
          ""vehicle_description"": ""2020 Mercedes-Benz GLS-Class SUV 4WD"",
          ""vehicle_id"": 15075
        }
      ]
    },
    {
      ""source"": {
        ""model_year"": 2020,
        ""nhtsa_model"": ""S-CLASS"",
        ""uk_model"": "" S Class""
      },
      ""vehicle_count"": 4,
      ""vehicles"": [
        {
          ""safety_ratings"": {
            ""Count"": 1,
            ""Message"": ""Results returned successfully"",
            ""Results"": [
              {
                ""ComplaintsCount"": 7,
                ""FrontCrashDriversideRating"": ""Not Rated"",
                ""FrontCrashPassengersideRating"": ""Not Rated"",
                ""InvestigationCount"": 2,
                ""Make"": ""MERCEDES-BENZ"",
                ""Model"": ""S-CLASS"",
                ""ModelYear"": 2020,
                ""NHTSAElectronicStabilityControl"": ""Standard"",
                ""NHTSAForwardCollisionWarning"": ""No"",
                ""NHTSALaneDepartureWarning"": ""No"",
                ""OverallFrontCrashRating"": ""Not Rated"",
                ""OverallRating"": ""Not Rated"",
                ""OverallSideCrashRating"": ""Not Rated"",
                ""RecallsCount"": 7,
                ""RolloverPossibility"": 0,
                ""RolloverPossibility2"": 0,
                ""RolloverRating"": ""Not Rated"",
                ""RolloverRating2"": ""Not Rated"",
                ""SideCrashDriversideRating"": ""Not Rated"",
                ""SideCrashPassengersideRating"": ""Not Rated"",
                ""SidePoleCrashRating"": ""Not Rated"",
                ""VehicleDescription"": ""2020 Mercedes-Benz S-Class 2 DR 4WD"",
                ""VehicleId"": 15089,
                ""combinedSideBarrierAndPoleRating-Front"": ""Not Rated"",
                ""combinedSideBarrierAndPoleRating-Rear"": ""Not Rated"",
                ""dynamicTipResult"": "" "",
                ""sideBarrierRating-Overall"": ""Not Rated""
              }
            ]
          },
          ""vehicle_description"": ""2020 Mercedes-Benz S-Class 2 DR 4WD"",
          ""vehicle_id"": 15089
        },
        {
          ""safety_ratings"": {
            ""Count"": 1,
            ""Message"": ""Results returned successfully"",
            ""Results"": [
              {
                ""ComplaintsCount"": 7,
                ""FrontCrashDriversideRating"": ""Not Rated"",
                ""FrontCrashPassengersideRating"": ""Not Rated"",
                ""InvestigationCount"": 2,
                ""Make"": ""MERCEDES-BENZ"",
                ""Model"": ""S-CLASS"",
                ""ModelYear"": 2020,
                ""NHTSAElectronicStabilityControl"": ""Standard"",
                ""NHTSAForwardCollisionWarning"": ""No"",
                ""NHTSALaneDepartureWarning"": ""No"",
                ""OverallFrontCrashRating"": ""Not Rated"",
                ""OverallRating"": ""Not Rated"",
                ""OverallSideCrashRating"": ""Not Rated"",
                ""RecallsCount"": 7,
                ""RolloverPossibility"": 0,
                ""RolloverPossibility2"": 0,
                ""RolloverRating"": ""Not Rated"",
                ""RolloverRating2"": ""Not Rated"",
                ""SideCrashDriversideRating"": ""Not Rated"",
                ""SideCrashPassengersideRating"": ""Not Rated"",
                ""SidePoleCrashRating"": ""Not Rated"",
                ""VehicleDescription"": ""2020 Mercedes-Benz S-Class 4 DR 4WD"",
                ""VehicleId"": 15087,
                ""combinedSideBarrierAndPoleRating-Front"": ""Not Rated"",
                ""combinedSideBarrierAndPoleRating-Rear"": ""Not Rated"",
                ""dynamicTipResult"": "" "",
                ""sideBarrierRating-Overall"": ""Not Rated""
              }
            ]
          },
          ""vehicle_description"": ""2020 Mercedes-Benz S-Class 4 DR 4WD"",
          ""vehicle_id"": 15087
        },
        {
          ""safety_ratings"": {
            ""Count"": 1,
            ""Message"": ""Results returned successfully"",
            ""Results"": [
              {
                ""ComplaintsCount"": 7,
                ""FrontCrashDriversideRating"": ""Not Rated"",
                ""FrontCrashPassengersideRating"": ""Not Rated"",
                ""InvestigationCount"": 2,
                ""Make"": ""MERCEDES-BENZ"",
                ""Model"": ""S-CLASS"",
                ""ModelYear"": 2020,
                ""NHTSAElectronicStabilityControl"": ""Standard"",
                ""NHTSAForwardCollisionWarning"": ""No"",
                ""NHTSALaneDepartureWarning"": ""No"",
                ""OverallFrontCrashRating"": ""Not Rated"",
                ""OverallRating"": ""Not Rated"",
                ""OverallSideCrashRating"": ""Not Rated"",
                ""RecallsCount"": 7,
                ""RolloverPossibility"": 0,
                ""RolloverPossibility2"": 0,
                ""RolloverRating"": ""Not Rated"",
                ""RolloverRating2"": ""Not Rated"",
                ""SideCrashDriversideRating"": ""Not Rated"",
                ""SideCrashPassengersideRating"": ""Not Rated"",
                ""SidePoleCrashRating"": ""Not Rated"",
                ""VehicleDescription"": ""2020 Mercedes-Benz S-Class 2 DR RWD"",
                ""VehicleId"": 15061,
                ""combinedSideBarrierAndPoleRating-Front"": ""Not Rated"",
                ""combinedSideBarrierAndPoleRating-Rear"": ""Not Rated"",
                ""dynamicTipResult"": "" "",
                ""sideBarrierRating-Overall"": ""Not Rated""
              }
            ]
          },
          ""vehicle_description"": ""2020 Mercedes-Benz S-Class 2 DR RWD"",
          ""vehicle_id"": 15061
        },
        {
          ""safety_ratings"": {
            ""Count"": 1,
            ""Message"": ""Results returned successfully"",
            ""Results"": [
              {
                ""ComplaintsCount"": 7,
                ""FrontCrashDriversideRating"": ""Not Rated"",
                ""FrontCrashPassengersideRating"": ""Not Rated"",
                ""InvestigationCount"": 2,
                ""Make"": ""MERCEDES-BENZ"",
                ""Model"": ""S-CLASS"",
                ""ModelYear"": 2020,
                ""NHTSAElectronicStabilityControl"": ""Standard"",
                ""NHTSAForwardCollisionWarning"": ""No"",
                ""NHTSALaneDepartureWarning"": ""No"",
                ""OverallFrontCrashRating"": ""Not Rated"",
                ""OverallRating"": ""Not Rated"",
                ""OverallSideCrashRating"": ""Not Rated"",
                ""RecallsCount"": 7,
                ""RolloverPossibility"": 0,
                ""RolloverPossibility2"": 0,
                ""RolloverRating"": ""Not Rated"",
                ""RolloverRating2"": ""Not Rated"",
                ""SideCrashDriversideRating"": ""Not Rated"",
                ""SideCrashPassengersideRating"": ""Not Rated"",
                ""SidePoleCrashRating"": ""Not Rated"",
                ""VehicleDescription"": ""2020 Mercedes-Benz S-Class 4 DR RWD"",
                ""VehicleId"": 15058,
                ""combinedSideBarrierAndPoleRating-Front"": ""Not Rated"",
                ""combinedSideBarrierAndPoleRating-Rear"": ""Not Rated"",
                ""dynamicTipResult"": "" "",
                ""sideBarrierRating-Overall"": ""Not Rated""
              }
            ]
          },
          ""vehicle_description"": ""2020 Mercedes-Benz S-Class 4 DR RWD"",
          ""vehicle_id"": 15058
        }
      ]
    },
    {
      ""source"": {
        ""model_year"": 2020,
        ""nhtsa_model"": ""SL-CLASS"",
        ""uk_model"": "" SL CLASS""
      },
      ""vehicle_count"": 1,
      ""vehicles"": [
        {
          ""safety_ratings"": {
            ""Count"": 1,
            ""Message"": ""Results returned successfully"",
            ""Results"": [
              {
                ""ComplaintsCount"": 2,
                ""FrontCrashDriversideRating"": ""Not Rated"",
                ""FrontCrashPassengersideRating"": ""Not Rated"",
                ""InvestigationCount"": 0,
                ""Make"": ""MERCEDES-BENZ"",
                ""Model"": ""SL-CLASS"",
                ""ModelYear"": 2020,
                ""NHTSAElectronicStabilityControl"": ""Standard"",
                ""NHTSAForwardCollisionWarning"": ""No"",
                ""NHTSALaneDepartureWarning"": ""No"",
                ""OverallFrontCrashRating"": ""Not Rated"",
                ""OverallRating"": ""Not Rated"",
                ""OverallSideCrashRating"": ""Not Rated"",
                ""RecallsCount"": 3,
                ""RolloverPossibility"": 0,
                ""RolloverPossibility2"": 0,
                ""RolloverRating"": ""Not Rated"",
                ""RolloverRating2"": ""Not Rated"",
                ""SideCrashDriversideRating"": ""Not Rated"",
                ""SideCrashPassengersideRating"": ""Not Rated"",
                ""SidePoleCrashRating"": ""Not Rated"",
                ""VehicleDescription"": ""2020 Mercedes-Benz SL-Class C RWD"",
                ""VehicleId"": 15063,
                ""combinedSideBarrierAndPoleRating-Front"": ""Not Rated"",
                ""combinedSideBarrierAndPoleRating-Rear"": ""Not Rated"",
                ""dynamicTipResult"": "" "",
                ""sideBarrierRating-Overall"": ""Not Rated""
              }
            ]
          },
          ""vehicle_description"": ""2020 Mercedes-Benz SL-Class C RWD"",
          ""vehicle_id"": 15063
        }
      ]
    },
    {
      ""source"": {
        ""model_year"": 2020,
        ""nhtsa_model"": ""V-CLASS"",
        ""uk_model"": "" V Class""
      },
      ""vehicle_count"": 0,
      ""vehicles"": []
    },
    {
      ""source"": {
        ""model_year"": 2020,
        ""nhtsa_model"": ""X-CLASS"",
        ""uk_model"": "" X-CLASS""
      },
      ""vehicle_count"": 0,
      ""vehicles"": []
    }
  ],
  ""source"": ""NHTSA""
}"
