MODEL,YEAR,PRICE,TRANSMISSION,MILEAGE,FUEL_TYPE,TAX,MPG,ENGINE_SIZE
SLK,2005,5200,AUTOMATIC,63000,PETROL,325,32.1,1.8
S Class,2017,34948,AUTOMATIC,27000,HYBRID,20,61.4,2.1
SL CLASS,2016,49948,AUTOMATIC,6200,PETROL,555,28,5.5
G Class,2016,61948,AUTOMATIC,16000,PETROL,325,30.4,4
G Class,2016,73948,AUTOMATIC,4000,PETROL,325,30.1,4
SL CLASS,2011,149948,AUTOMATIC,3000,PETROL,570,21.4,6.2
GLE Class,2018,30948,AUTOMATIC,16000,DIESEL,145,47.9,2.1
S Class,2012,10948,AUTOMATIC,107000,PETROL,265,36.7,3.5
G Class,2019,139948,AUTOMATIC,12000,PETROL,145,21.4,4
GLA Class,2017,19750,AUTOMATIC,15258,DIESEL,30,64.2,2.1
A Class,2020,32980,AUTOMATIC,606,PETROL,145,35.8,2
A Class,2020,26980,AUTOMATIC,1000,DIESEL,145,62.8,1.5
B Class,2019,23750,AUTOMATIC,278,DIESEL,145,55.4,2
GLC Class,2019,67980,AUTOMATIC,5500,PETROL,145,21.7,4
GLA Class,2016,18980,AUTOMATIC,41713,DIESEL,125,56.6,2.1
B Class,2017,15890,AUTOMATIC,24841,DIESEL,150,68.9,1.5
C Class,2017,19890,AUTOMATIC,30281,DIESEL,150,60.1,2.1
GLE Class,2019,56800,AUTOMATIC,2483,PETROL,145,29.5,3
B Class,2017,17513,AUTOMATIC,14128,DIESEL,150,68.9,2.1
C Class,2014,15701,AUTOMATIC,20498,DIESEL,20,64.2,2.1
C Class,2019,26601,AUTOMATIC,9949,DIESEL,150,64.2,2
C Class,2016,17672,AUTOMATIC,31656,DIESEL,30,64.2,2.1
E Class,2015,20769,AUTOMATIC,21874,DIESEL,165,51.4,3
E Class,2017,22270,AUTOMATIC,13398,DIESEL,165,52.3,3
GL Class,2015,34129,AUTOMATIC,13581,DIESEL,330,36.2,3
SL CLASS,2017,20601,AUTOMATIC,16730,DIESEL,150,70.6,2.1
CLS Class,2016,25077,AUTOMATIC,13887,DIESEL,165,49.6,3
SL CLASS,2017,21609,AUTOMATIC,2780,DIESEL,30,70.6,2.1
SL CLASS,2018,22914,AUTOMATIC,8725,PETROL,145,47.9,2
C Class,2016,19328,AUTOMATIC,25042,DIESEL,30,64.2,2.1
C Class,2019,29546,AUTOMATIC,7990,DIESEL,145,54.3,2
GLC Class,2019,35611,AUTOMATIC,26153,DIESEL,145,45.6,3
C Class,2017,15311,AUTOMATIC,31371,DIESEL,20,65.7,2.1
A Class,2020,28128,AUTOMATIC,2563,PETROL,145,47.9,1.3
A Class,2019,23184,MANUAL,1173,PETROL,145,44.8,1.3
A Class,2017,15787,AUTOMATIC,24092,DIESEL,20,70.6,2.1
GLC Class,2018,30682,AUTOMATIC,14517,DIESEL,145,56.5,2.1
A Class,2019,25701,AUTOMATIC,11000,DIESEL,150,56.5,2
C Class,2020,31790,AUTOMATIC,3500,PETROL,145,64.2,2
A Class,2019,25190,AUTOMATIC,2471,DIESEL,145,56.5,2
SLK,2014,15990,AUTOMATIC,43955,PETROL,205,43.5,1.8
CLS Class,2018,34990,AUTOMATIC,18837,DIESEL,150,47.9,2.9
GLC Class,2019,30799,AUTOMATIC,9886,DIESEL,145,41.5,2.1
C Class,2017,19743,AUTOMATIC,16509,DIESEL,145,61.4,2.1
C Class,2019,24055,AUTOMATIC,7475,DIESEL,145,61.4,2
B Class,2019,20945,AUTOMATIC,13661,PETROL,145,45.6,1.3
C Class,2019,28524,AUTOMATIC,8263,DIESEL,145,57.7,2
E Class,2019,24541,AUTOMATIC,10279,DIESEL,145,67.3,2
E Class,2017,20880,AUTOMATIC,37000,DIESEL,30,65.7,2
A Class,2006,2880,AUTOMATIC,66000,DIESEL,160,52.3,2
CLC Class,2010,5880,AUTOMATIC,40000,PETROL,300,34,1.8
C Class,2015,14940,AUTOMATIC,43000,DIESEL,20,64.2,2.1
SLK,2004,4890,AUTOMATIC,46000,PETROL,330,28,3.5
SL CLASS,2010,16990,AUTOMATIC,18000,PETROL,555,29.1,3.5
B Class,2010,3890,AUTOMATIC,71000,PETROL,240,40.9,1.5
B Class,2011,3990,AUTOMATIC,90000,PETROL,240,40.9,1.5
A Class,2011,3440,MANUAL,74000,DIESEL,150,54.3,2
GLE Class,2020,48995,AUTOMATIC,3000,DIESEL,145,36.7,2
SLK,2008,5980,AUTOMATIC,60000,PETROL,280,34.4,1.8
E Class,2015,13990,AUTOMATIC,52000,DIESEL,125,60.1,2.1
CLA Class,2016,14480,AUTOMATIC,84000,PETROL,200,42.8,2
E Class,2010,6980,MANUAL,79000,PETROL,300,35.3,1.8
C Class,2014,11290,AUTOMATIC,48000,DIESEL,145,56.5,2.1
E Class,2011,5740,MANUAL,115000,DIESEL,160,52.3,2.1
V Class,2017,31980,AUTOMATIC,16000,DIESEL,145,44.8,2.1
CLA Class,2014,15990,AUTOMATIC,45000,DIESEL,30,62.8,2.1
B Class,2015,11240,AUTOMATIC,47000,DIESEL,125,56.5,2.1
GLC Class,2019,37980,AUTOMATIC,6200,PETROL,145,34,3
C Class,2019,28980,AUTOMATIC,5500,DIESEL,145,60.1,2
C Class,2019,23280,AUTOMATIC,3908,PETROL,145,44.1,1.5
C Class,2019,32980,AUTOMATIC,2000,DIESEL,145,64.2,2
M Class,2008,5990,AUTOMATIC,110000,DIESEL,555,28.8,3
A Class,2013,7300,AUTOMATIC,54000,DIESEL,30,65.7,1.8
S Class,2014,41980,AUTOMATIC,26000,PETROL,555,28,5.5
GL Class,2007,7340,AUTOMATIC,104000,DIESEL,570,28.8,3
GL Class,2007,8490,AUTOMATIC,74000,DIESEL,570,28.8,3
C Class,2009,4480,AUTOMATIC,130000,DIESEL,300,37.7,3
S Class,2016,24880,AUTOMATIC,75000,HYBRID,190,42.4,3.5
E Class,2015,17480,AUTOMATIC,22000,DIESEL,140,53.3,3
E Class,2007,4880,AUTOMATIC,58000,DIESEL,315,37.2,3
S Class,2015,38980,AUTOMATIC,11000,PETROL,270,33.2,4.7
SLK,2010,7495,MANUAL,59147,PETROL,300,36.2,1.8
C Class,2007,3790,AUTOMATIC,99000,PETROL,555,28.8,2.5
C Class,2007,3890,AUTOMATIC,87000,PETROL,325,32.5,1.8
CL Class,2015,17863,SEMI-AUTO,14360,DIESEL,20,62.8,2.1
GLA Class,2015,17624,AUTOMATIC,29505,DIESEL,125,55.4,2.1
A Class,2018,18220,AUTOMATIC,10361,DIESEL,145,68.9,1.5
SL CLASS,2017,18775,AUTOMATIC,19522,DIESEL,30,70.6,2.1
SL CLASS,2017,20745,AUTOMATIC,23103,DIESEL,30,70.6,2.1
A Class,2019,18118,AUTOMATIC,15561,DIESEL,145,68.9,1.5
A Class,2019,17990,AUTOMATIC,14783,DIESEL,145,65.7,1.5
SL CLASS,2019,28491,SEMI-AUTO,9477,PETROL,145,47.1,2
A Class,2018,18888,AUTOMATIC,11565,DIESEL,145,67.3,1.5
A Class,2019,19840,AUTOMATIC,6781,PETROL,145,28.5,1.3
A Class,2019,18241,AUTOMATIC,15722,DIESEL,145,65.7,1.5
A Class,2019,18141,AUTOMATIC,15689,DIESEL,145,65.7,1.5
GLS Class,2016,37385,AUTOMATIC,21169,DIESEL,305,37.2,3
CLS Class,2017,26166,AUTOMATIC,9165,DIESEL,150,51.4,3
B Class,2019,24616,AUTOMATIC,3710,DIESEL,145,55.4,2
C Class,2019,30403,AUTOMATIC,3000,PETROL,145,46.3,1.5
SL CLASS,2019,30670,AUTOMATIC,3000,PETROL,145,47.1,2
C Class,2020,30960,AUTOMATIC,3000,DIESEL,145,64.2,2
A Class,2020,24107,AUTOMATIC,3500,DIESEL,145,62.8,1.5
C Class,2019,24510,AUTOMATIC,11368,DIESEL,145,58.9,1.6
GL Class,2016,35371,AUTOMATIC,14253,DIESEL,325,36.2,3
GLC Class,2019,33729,AUTOMATIC,11301,DIESEL,145,56.5,2.1
C Class,2019,29623,AUTOMATIC,7500,DIESEL,145,64.2,2
C Class,2019,27964,AUTOMATIC,5617,DIESEL,145,57.7,2
B Class,2019,21394,AUTOMATIC,9573,PETROL,145,45.6,1.3
B Class,2019,20882,AUTOMATIC,14257,PETROL,145,45.6,1.3
CLS Class,2019,37352,AUTOMATIC,3000,DIESEL,150,45.6,2
C Class,2018,18051,AUTOMATIC,11319,DIESEL,145,65.7,1.6
C Class,2019,24433,AUTOMATIC,2326,PETROL,145,46.3,1.5
GLC Class,2019,37116,AUTOMATIC,6250,DIESEL,145,40.9,2
GLA Class,2019,22375,AUTOMATIC,13850,DIESEL,145,67.3,2.1
C Class,2019,24915,AUTOMATIC,13101,DIESEL,145,61.4,2
E Class,2019,29991,AUTOMATIC,10356,DIESEL,145,70.6,2
A Class,2019,22596,AUTOMATIC,5382,DIESEL,145,62.8,1.5
A Class,2019,22730,AUTOMATIC,1521,DIESEL,145,56.5,2
C Class,2019,26154,AUTOMATIC,14696,DIESEL,145,56.5,2
E Class,2020,35438,AUTOMATIC,3500,DIESEL,145,42.8,2
C Class,2019,27980,AUTOMATIC,3168,DIESEL,145,55.4,2
C Class,2019,28250,AUTOMATIC,3477,DIESEL,145,61.4,2
B Class,2019,23280,AUTOMATIC,6441,PETROL,145,44.1,1.3
C Class,2017,15700,AUTOMATIC,19023,DIESEL,145,65.7,2.1
CLA Class,2017,18790,AUTOMATIC,8423,DIESEL,150,67.3,2.1
GLE Class,2020,54995,AUTOMATIC,6700,DIESEL,150,32.8,3
A Class,2018,20450,AUTOMATIC,6511,DIESEL,150,65.7,1.5
A Class,2014,11980,AUTOMATIC,66690,DIESEL,20,64.2,2.1
C Class,2017,19890,AUTOMATIC,26878,PETROL,150,48.7,2
GLA Class,2018,20350,AUTOMATIC,24556,DIESEL,145,56.5,2.1
E Class,2017,22890,AUTOMATIC,34934,DIESEL,150,61.4,2
A Class,2017,18890,AUTOMATIC,7875,PETROL,150,53.3,1.6
B Class,2017,15480,AUTOMATIC,23290,DIESEL,20,68.9,2.1
E Class,2016,16480,AUTOMATIC,48889,DIESEL,125,58.9,2.1
CLA Class,2017,20480,AUTOMATIC,31949,DIESEL,150,58.9,2.1
GLC Class,2016,25780,AUTOMATIC,34358,DIESEL,125,56.5,2.1
C Class,2017,21000,AUTOMATIC,25000,HYBRID,140,134.5,2
GLA Class,2016,17800,AUTOMATIC,34092,DIESEL,125,56.6,2.1
B Class,2019,20700,AUTOMATIC,14931,PETROL,145,45.6,1.3
C Class,2016,17890,AUTOMATIC,44184,PETROL,125,50.4,2
C Class,2009,4200,AUTOMATIC,96000,DIESEL,235,42.2,2.1
E Class,2017,20998,SEMI-AUTO,21352,DIESEL,20,72.4,2
GLA Class,2015,18998,SEMI-AUTO,33114,DIESEL,125,56.5,2.1
C Class,2017,24998,SEMI-AUTO,28234,PETROL,160,43.5,2
CL Class,2015,17498,MANUAL,15557,PETROL,125,50.4,1.6
C Class,2016,19498,SEMI-AUTO,22803,DIESEL,30,61.4,2.1
C Class,2018,23498,SEMI-AUTO,17093,DIESEL,145,67.3,2.1
E Class,2014,15998,SEMI-AUTO,43125,DIESEL,200,45.6,3
S Class,2016,28498,SEMI-AUTO,30135,DIESEL,200,47.9,3
CL Class,2015,16498,MANUAL,25920,PETROL,125,51.4,1.6
GLC Class,2020,37998,SEMI-AUTO,5538,DIESEL,150,40.9,2
C Class,2014,16995,AUTOMATIC,37600,DIESEL,30,64.2,2.1
A Class,2016,27995,AUTOMATIC,13000,PETROL,200,40.9,2
S Class,2015,29995,AUTOMATIC,17700,DIESEL,200,48.7,3
GLC Class,2017,26995,SEMI-AUTO,37950,DIESEL,145,56.5,2.1
C Class,2017,24995,AUTOMATIC,14000,PETROL,145,47.1,2
GLE Class,2016,29995,AUTOMATIC,27700,DIESEL,200,47.9,2.1
A Class,2019,18995,SEMI-AUTO,21400,PETROL,145,53.3,1.3
B Class,2015,11995,SEMI-AUTO,41500,DIESEL,20,67.3,1.5
G Class,2015,52995,SEMI-AUTO,34400,DIESEL,570,25.2,3
E Class,2017,23995,SEMI-AUTO,19300,DIESEL,30,65.7,2
E Class,2015,17698,SEMI-AUTO,27622,DIESEL,145,54.3,3
CLS Class,2014,15998,SEMI-AUTO,31815,DIESEL,145,54.3,2.1
E Class,2016,20298,SEMI-AUTO,25273,DIESEL,145,54.3,3
C Class,2014,12998,SEMI-AUTO,52712,DIESEL,20,64.2,2.1
A Class,2013,11998,SEMI-AUTO,54060,DIESEL,30,64.2,2.1
C Class,2017,17998,SEMI-AUTO,59858,DIESEL,145,64.2,2.1
GLA Class,2016,16998,SEMI-AUTO,50543,DIESEL,125,56.5,2.1
S Class,2019,48998,SEMI-AUTO,375,DIESEL,145,52.3,3
C Class,2019,28998,MANUAL,22,PETROL,145,48.7,1.6
E Class,2019,46998,SEMI-AUTO,3325,PETROL,145,32.5,3
A Class,2017,17498,SEMI-AUTO,16244,DIESEL,145,74.3,1.5
S Class,2016,26498,SEMI-AUTO,36121,DIESEL,200,47.9,3
B Class,2013,8998,SEMI-AUTO,46108,DIESEL,30,64.2,1.8
GLA Class,2016,19498,SEMI-AUTO,27846,DIESEL,125,56.5,2.1
E Class,2017,20498,SEMI-AUTO,20195,DIESEL,20,72.4,2
C Class,2018,22998,SEMI-AUTO,18739,DIESEL,150,60.1,2.1
C Class,2016,12998,MANUAL,53453,DIESEL,20,70.6,2.1
C Class,2016,22998,SEMI-AUTO,23090,DIESEL,30,65.7,2.1
S Class,2015,27998,SEMI-AUTO,14158,DIESEL,200,47.9,3
S Class,2015,26498,SEMI-AUTO,27343,DIESEL,200,48.7,3
V Class,2017,27998,SEMI-AUTO,58590,DIESEL,235,44.8,2.2
E Class,2019,36998,SEMI-AUTO,5211,DIESEL,145,70.6,2
GLC Class,2017,26998,SEMI-AUTO,9172,DIESEL,145,56.5,2.1
E Class,2015,19498,SEMI-AUTO,26999,DIESEL,160,51.4,3
C Class,2019,25498,SEMI-AUTO,8150,DIESEL,145,60.1,1.6
E Class,2019,28998,SEMI-AUTO,26100,DIESEL,145,65.7,2
C Class,2019,24998,SEMI-AUTO,9344,DIESEL,145,55.4,2
GLA Class,2020,27998,SEMI-AUTO,3930,PETROL,150,35.8,1.6
GLC Class,2019,35998,SEMI-AUTO,7540,DIESEL,145,40.9,2
GLC Class,2019,32998,SEMI-AUTO,12831,DIESEL,145,44.8,2
GLE Class,2016,24998,SEMI-AUTO,42913,DIESEL,200,47.9,2.1
C Class,2017,21498,SEMI-AUTO,20981,DIESEL,30,64.2,2.1
E Class,2017,20998,SEMI-AUTO,22930,DIESEL,145,72.4,2
S Class,2016,25498,SEMI-AUTO,44072,DIESEL,200,47.9,3
B Class,2015,13498,SEMI-AUTO,20789,DIESEL,20,67.3,1.5
A Class,2016,16998,SEMI-AUTO,29160,DIESEL,20,67.3,2.1
SL CLASS,2019,32998,SEMI-AUTO,2403,PETROL,145,47.1,2
B Class,2019,21498,MANUAL,4653,PETROL,145,45.6,1.3
E Class,2014,13998,SEMI-AUTO,33404,DIESEL,125,58.9,2.1
C Class,2017,18998,SEMI-AUTO,23760,DIESEL,30,64.2,2.1
C Class,2016,17998,MANUAL,26100,DIESEL,20,68.9,2.1
C Class,2019,28498,SEMI-AUTO,4285,DIESEL,145,61.4,2
C Class,2016,18998,SEMI-AUTO,28388,DIESEL,30,64.2,1.6
A Class,2019,19498,SEMI-AUTO,14899,DIESEL,145,68.9,1.5
C Class,2017,20998,SEMI-AUTO,16902,DIESEL,145,60.1,2.1
B Class,2019,20998,SEMI-AUTO,10713,PETROL,145,45.6,1.3
M Class,2015,21498,SEMI-AUTO,43339,DIESEL,200,39.2,2.1
E Class,2017,19998,SEMI-AUTO,46230,DIESEL,145,67.3,2
SL CLASS,2017,19498,SEMI-AUTO,29114,DIESEL,30,70.6,2.1
E Class,2016,20498,SEMI-AUTO,37915,DIESEL,160,51.4,3
SL CLASS,2017,22498,SEMI-AUTO,11534,DIESEL,145,70.6,2.1
SL CLASS,2017,20998,SEMI-AUTO,18739,DIESEL,145,70.6,2.1
E Class,2017,20998,SEMI-AUTO,27671,DIESEL,145,72.4,2
A Class,2015,18998,SEMI-AUTO,23247,PETROL,200,42.8,2
C Class,2018,27498,SEMI-AUTO,9255,DIESEL,145,57.7,2
C Class,2016,16998,SEMI-AUTO,26973,DIESEL,30,65.7,1.6
E Class,2017,22998,SEMI-AUTO,16910,DIESEL,145,65.7,2
S Class,2015,24498,SEMI-AUTO,28191,DIESEL,200,47.9,3
C Class,2018,27498,SEMI-AUTO,12491,DIESEL,145,65.7,2.1
A Class,2015,16998,SEMI-AUTO,39587,PETROL,200,42.8,2
GLA Class,2015,17998,SEMI-AUTO,42942,PETROL,200,42.8,2
GLC Class,2016,23498,SEMI-AUTO,46259,DIESEL,125,56.5,2.1
A Class,2017,18298,SEMI-AUTO,7919,DIESEL,145,68.9,2.1
A Class,2019,22998,SEMI-AUTO,3770,PETROL,150,53.3,1.3
C Class,2014,26998,SEMI-AUTO,24175,PETROL,570,23.5,6.2
V Class,2018,19998,MANUAL,14941,DIESEL,145,46.3,2.1
V Class,2018,19498,MANUAL,21525,DIESEL,145,46.3,2.1
C Class,2014,15998,SEMI-AUTO,26216,DIESEL,30,64.2,2.1
C Class,2013,9298,SEMI-AUTO,80485,DIESEL,145,54.3,2.1
CL Class,2014,17298,SEMI-AUTO,33274,DIESEL,30,62.8,2.1
C Class,2018,20489,SEMI-AUTO,16900,DIESEL,145,61.4,2.1
M Class,2013,15990,AUTOMATIC,51800,DIESEL,200,44.8,2.1
A Class,2013,9995,SEMI-AUTO,47000,DIESEL,20,68.9,1.8
GL Class,2014,24498,AUTOMATIC,67833,DIESEL,325,35.3,3
V Class,2016,26490,SEMI-AUTO,32494,DIESEL,200,45.6,2.2
A Class,2018,22990,SEMI-AUTO,5491,PETROL,145,45.6,2
A Class,2018,19995,SEMI-AUTO,2348,PETROL,145,53.3,1.3
GLA Class,2017,17850,MANUAL,18692,PETROL,145,48.7,1.6
A Class,2016,15000,MANUAL,30761,DIESEL,30,62.8,2.1
C Class,2017,13800,MANUAL,34015,DIESEL,145,70.6,2.1
V Class,2018,20498,MANUAL,22011,DIESEL,145,46.3,2.1
C Class,2014,15498,SEMI-AUTO,36243,DIESEL,30,64.2,2.1
A Class,2019,18995,SEMI-AUTO,3150,DIESEL,145,65.7,1.5
C Class,2017,20995,SEMI-AUTO,33000,DIESEL,145,58.9,2.1
C Class,2018,31995,SEMI-AUTO,11300,PETROL,150,36.2,3
A Class,2017,16995,SEMI-AUTO,25800,DIESEL,150,68.9,2.1
CL Class,2015,17995,AUTOMATIC,41100,DIESEL,20,67.3,2.1
GLC Class,2016,28995,SEMI-AUTO,31600,DIESEL,145,56.5,2.1
V Class,2018,35995,AUTOMATIC,7000,DIESEL,145,45.6,2.2
C Class,2017,23995,SEMI-AUTO,32800,DIESEL,30,65.7,2.1
GLA Class,2015,16998,SEMI-AUTO,42129,DIESEL,125,56.5,2.1
GLC Class,2016,21998,SEMI-AUTO,49986,DIESEL,125,56.5,2.1
GLA Class,2017,30498,SEMI-AUTO,20085,PETROL,145,38.2,2
C Class,2019,27698,SEMI-AUTO,14999,DIESEL,145,55.4,2
C Class,2016,27498,SEMI-AUTO,37941,PETROL,260,35.8,3
C Class,2019,32498,SEMI-AUTO,11301,DIESEL,145,61.4,2
GLE Class,2019,54498,SEMI-AUTO,6279,DIESEL,145,32.8,3
GL Class,2016,34998,SEMI-AUTO,32726,DIESEL,325,36.2,3
GLC Class,2016,28998,SEMI-AUTO,16742,DIESEL,145,56.5,2.1
C Class,2019,24498,SEMI-AUTO,12629,DIESEL,145,61.4,2.1
SL CLASS,2017,20998,SEMI-AUTO,13526,PETROL,145,47.9,2
E Class,2015,19698,SEMI-AUTO,23578,DIESEL,150,54.3,3
A Class,2018,23498,SEMI-AUTO,5189,PETROL,150,53.3,1.3
A Class,2019,21498,SEMI-AUTO,6324,DIESEL,145,65.7,1.5
A Class,2019,21498,SEMI-AUTO,5685,DIESEL,145,65.7,1.5
SL CLASS,2019,64998,SEMI-AUTO,313,PETROL,145,31.4,4.7
E Class,2015,19498,SEMI-AUTO,17167,DIESEL,145,54.3,3
C Class,2015,12298,SEMI-AUTO,68718,PETROL,125,53.3,2
SL CLASS,2017,21998,SEMI-AUTO,4657,DIESEL,145,70.6,2.1
GLE Class,2016,24998,SEMI-AUTO,30121,DIESEL,205,47.9,2.1
GLC Class,2017,29998,SEMI-AUTO,23326,DIESEL,150,56.5,2.1
E Class,2016,15635,SEMI-AUTO,30132,DIESEL,30,64.2,2.1
C Class,2018,20685,SEMI-AUTO,21929,DIESEL,145,64.2,2.1
E Class,2017,19498,SEMI-AUTO,33037,DIESEL,150,72.4,2
GLS Class,2018,46998,SEMI-AUTO,9182,DIESEL,145,37.2,3
C Class,2016,20498,SEMI-AUTO,27968,DIESEL,125,60.1,2.1
GLE Class,2017,30298,SEMI-AUTO,14786,DIESEL,200,47.9,2.1
E Class,2015,20298,SEMI-AUTO,28056,DIESEL,160,51.4,3
GLC Class,2017,37998,SEMI-AUTO,20418,PETROL,145,34,3
GLE Class,2017,28998,SEMI-AUTO,31322,DIESEL,145,42.8,3
C Class,2014,15298,SEMI-AUTO,41416,DIESEL,30,64.2,2.1
GLC Class,2016,22998,SEMI-AUTO,30162,DIESEL,125,56.5,2.1
GLC Class,2018,31998,SEMI-AUTO,11605,DIESEL,145,56.5,2.1
E Class,2019,36998,SEMI-AUTO,629,PETROL,145,32.9,2
GLA Class,2016,15998,SEMI-AUTO,52029,DIESEL,125,56.5,2.1
GLA Class,2015,18498,SEMI-AUTO,22888,DIESEL,125,55.4,2.1
GLC Class,2016,24998,SEMI-AUTO,30639,DIESEL,125,56.5,2.1
GLC Class,2018,33998,SEMI-AUTO,7220,DIESEL,145,56.5,2.1
C Class,2019,33998,SEMI-AUTO,3814,PETROL,145,44.1,1.5
C Class,2019,32998,SEMI-AUTO,17,PETROL,145,46.3,1.5
CLS Class,2016,21998,SEMI-AUTO,29306,DIESEL,160,51.4,3
GLE Class,2016,28698,SEMI-AUTO,22707,DIESEL,200,47.9,2.1
C Class,2018,19998,SEMI-AUTO,15383,PETROL,145,46.3,1.5
CLS Class,2019,44498,SEMI-AUTO,5428,DIESEL,145,47.9,2.9
C Class,2015,13998,MANUAL,24010,DIESEL,20,72.4,1.6
GLE Class,2017,30498,SEMI-AUTO,19605,DIESEL,260,42.8,3
C Class,2019,24498,SEMI-AUTO,15838,DIESEL,145,61.4,2
SL CLASS,2016,18498,SEMI-AUTO,33502,DIESEL,30,70.6,2.1
A Class,2018,18998,SEMI-AUTO,12386,DIESEL,145,68.9,1.5
C Class,2016,16498,SEMI-AUTO,37080,DIESEL,20,64.2,2.1
GLC Class,2016,23998,SEMI-AUTO,42809,DIESEL,125,56.5,2.1
CL Class,2015,19498,SEMI-AUTO,20820,DIESEL,20,67.3,2.1
C Class,2016,15498,SEMI-AUTO,73582,DIESEL,30,61.4,2.1
E Class,2017,19498,SEMI-AUTO,47007,DIESEL,30,65.7,2
CLS Class,2019,39998,SEMI-AUTO,926,DIESEL,145,45.6,2
E Class,2019,38998,SEMI-AUTO,378,DIESEL,145,57.7,2
SL CLASS,2019,32998,SEMI-AUTO,17,PETROL,145,47.1,2
GLC Class,2019,34998,SEMI-AUTO,423,DIESEL,145,56.5,2.1
A Class,2019,20998,SEMI-AUTO,9651,DIESEL,145,56.5,2
S Class,2015,27498,SEMI-AUTO,35236,DIESEL,200,47.9,3
SL CLASS,2017,20298,SEMI-AUTO,20055,DIESEL,30,70.6,2.1
A Class,2018,21998,SEMI-AUTO,15450,PETROL,150,53.3,1.3
A Class,2019,21998,SEMI-AUTO,19324,PETROL,150,53.3,1.3
A Class,2016,21998,SEMI-AUTO,17171,PETROL,165,45.6,2
E Class,2016,19498,SEMI-AUTO,33249,DIESEL,145,54.3,3
E Class,2016,18998,SEMI-AUTO,23951,DIESEL,125,58.9,2.1
E Class,2017,21998,SEMI-AUTO,16062,DIESEL,145,52.3,3
A Class,2017,15245,MANUAL,22969,DIESEL,145,68.9,1.5
C Class,2014,10995,MANUAL,98000,DIESEL,20,68.9,2.1
A Class,2013,9995,MANUAL,83000,DIESEL,20,70.6,1.5
E Class,2017,23995,SEMI-AUTO,16820,DIESEL,145,51.4,3
SL CLASS,2016,28650,SEMI-AUTO,9262,PETROL,260,36.7,3
M Class,2015,21998,SEMI-AUTO,37963,DIESEL,205,39.2,2.1
C Class,2014,15698,SEMI-AUTO,39920,DIESEL,30,64.2,2.1
V Class,2018,20498,MANUAL,25254,DIESEL,145,46.3,2.1
E Class,2019,39998,SEMI-AUTO,2675,HYBRID,135,134.5,2
GLA Class,2015,18498,SEMI-AUTO,18106,DIESEL,125,56.6,2.1
C Class,2016,18498,SEMI-AUTO,31891,HYBRID,0,134.5,2
GLC Class,2015,24498,SEMI-AUTO,23487,DIESEL,125,56.5,2.1
V Class,2018,20498,MANUAL,20841,DIESEL,145,46.3,2.1
V Class,2018,20498,MANUAL,22033,DIESEL,145,46.3,2.1
C Class,2019,31998,SEMI-AUTO,2000,PETROL,145,42.2,2
C Class,2019,29998,SEMI-AUTO,28000,PETROL,145,44.1,2
C Class,2019,24998,SEMI-AUTO,22400,PETROL,145,44.1,1.5
S Class,2015,26498,SEMI-AUTO,34434,DIESEL,200,48.7,3
C Class,2019,32998,SEMI-AUTO,2878,PETROL,145,42.2,2
C Class,2019,32998,SEMI-AUTO,4500,PETROL,145,42.2,2
C Class,2019,29998,SEMI-AUTO,836,PETROL,145,43.5,2
GLE Class,2016,30998,SEMI-AUTO,14149,DIESEL,235,42.8,3
SL CLASS,2016,19998,SEMI-AUTO,27801,PETROL,145,47.9,2
C Class,2017,23998,SEMI-AUTO,14462,DIESEL,20,67.3,2.1
E Class,2019,48998,SEMI-AUTO,2669,DIESEL,145,47.1,3
C Class,2019,32498,SEMI-AUTO,1887,PETROL,145,46.3,1.5
E Class,2017,19998,SEMI-AUTO,52570,DIESEL,30,65.7,2
GLE Class,2016,27998,SEMI-AUTO,24732,DIESEL,200,47.9,2.1
SL CLASS,2016,18998,SEMI-AUTO,29302,DIESEL,30,70.6,2.1
GLE Class,2017,28498,SEMI-AUTO,30825,DIESEL,145,47.9,2.1
E Class,2015,17998,SEMI-AUTO,42577,DIESEL,145,54.3,3
E Class,2015,18498,SEMI-AUTO,40348,DIESEL,145,54.3,3
C Class,2014,15498,SEMI-AUTO,23772,DIESEL,20,64.2,2.1
C Class,2017,18998,SEMI-AUTO,28808,DIESEL,145,61.4,2.1
E Class,2016,19998,SEMI-AUTO,29511,DIESEL,30,65.7,2
GLA Class,2014,15698,SEMI-AUTO,43696,DIESEL,145,55.4,2.1
GLC Class,2016,25998,SEMI-AUTO,40220,DIESEL,145,56.5,2.1
A Class,2016,15200,SEMI-AUTO,39057,DIESEL,20,74.3,1.5
M Class,2013,15200,SEMI-AUTO,61363,DIESEL,200,44.8,2.1
A Class,2016,15200,SEMI-AUTO,23286,DIESEL,20,68.9,2.1
M Class,2014,15998,SEMI-AUTO,71657,DIESEL,200,44.8,2.1
C Class,2019,22498,SEMI-AUTO,10455,PETROL,145,46.3,1.5
GLA Class,2016,17998,SEMI-AUTO,39017,DIESEL,125,56.5,2.1
CL Class,2013,11998,MANUAL,33562,PETROL,125,50.4,1.6
A Class,2019,21498,SEMI-AUTO,4138,DIESEL,145,65.7,1.5
C Class,2016,19298,SEMI-AUTO,27644,DIESEL,30,64.2,2.1
GLE Class,2016,28998,SEMI-AUTO,34669,DIESEL,200,47.9,2.1
B Class,2017,12498,MANUAL,29559,DIESEL,20,68.9,1.5
V Class,2018,32998,SEMI-AUTO,18932,DIESEL,145,45.6,2.2
C Class,2018,29498,SEMI-AUTO,6265,DIESEL,145,54.3,2
C Class,2016,16998,SEMI-AUTO,21786,DIESEL,20,65.7,2.1
S Class,2015,28998,SEMI-AUTO,16382,DIESEL,200,47.9,3
E Class,2016,20298,SEMI-AUTO,23411,DIESEL,160,52.3,3
SLK,2013,10698,SEMI-AUTO,66282,DIESEL,145,56.5,2
S Class,2015,24998,SEMI-AUTO,29036,DIESEL,160,50.4,3
A Class,2016,15498,SEMI-AUTO,63454,DIESEL,20,74.3,1.5
GLE Class,2015,25498,SEMI-AUTO,29078,DIESEL,200,47.9,2.1
E Class,2016,18698,SEMI-AUTO,31131,DIESEL,145,54.3,3
V Class,2017,30998,SEMI-AUTO,32577,DIESEL,145,45.6,2.2
A Class,2016,12498,MANUAL,54544,DIESEL,20,72.4,1.5
S Class,2019,46998,SEMI-AUTO,1042,DIESEL,145,52.3,3
C Class,2019,33998,SEMI-AUTO,1558,PETROL,145,44.1,1.5
C Class,2019,32998,SEMI-AUTO,2258,PETROL,145,46.3,1.5
C Class,2019,30498,SEMI-AUTO,4977,DIESEL,145,57.7,2
CLS Class,2015,19298,SEMI-AUTO,35866,DIESEL,160,49.6,3
A Class,2018,17498,SEMI-AUTO,15316,PETROL,145,49.6,1.6
GLA Class,2016,21498,SEMI-AUTO,21253,PETROL,200,43.5,2
E Class,2016,19498,SEMI-AUTO,23791,DIESEL,125,56.5,2.1
C Class,2017,18998,SEMI-AUTO,26866,DIESEL,30,64.2,2.1
A Class,2017,18498,SEMI-AUTO,15478,PETROL,145,53.3,1.6
E Class,2019,40998,SEMI-AUTO,1255,DIESEL,145,49.6,2
S Class,2019,49998,SEMI-AUTO,83,DIESEL,145,52.3,3
S Class,2016,31998,SEMI-AUTO,14633,DIESEL,200,47.9,3
A Class,2019,23498,SEMI-AUTO,5800,DIESEL,150,65.7,1.5
C Class,2017,18498,SEMI-AUTO,20618,DIESEL,30,64.2,2.1
S Class,2015,27998,SEMI-AUTO,17168,DIESEL,200,48.7,3
C Class,2019,24998,SEMI-AUTO,15536,PETROL,145,47.1,1.5
C Class,2019,24998,SEMI-AUTO,16103,PETROL,145,47.1,1.5
C Class,2019,21998,SEMI-AUTO,14576,PETROL,145,46.3,1.5
C Class,2018,29498,SEMI-AUTO,6198,DIESEL,145,54.3,2
E Class,2019,24498,SEMI-AUTO,15316,DIESEL,145,72.4,2
S Class,2015,28498,SEMI-AUTO,15293,DIESEL,200,48.7,3
E Class,2016,20998,SEMI-AUTO,16843,DIESEL,145,54.3,3
E Class,2016,19998,SEMI-AUTO,18718,DIESEL,145,54.3,3
E Class,2016,20298,SEMI-AUTO,26707,DIESEL,145,54.3,3
E Class,2016,19498,SEMI-AUTO,36107,DIESEL,160,51.4,3
C Class,2016,19498,SEMI-AUTO,24756,DIESEL,30,64.2,2.1
E Class,2017,20998,SEMI-AUTO,29816,DIESEL,145,61.4,2
E Class,2016,21498,SEMI-AUTO,29833,DIESEL,160,51.4,3
E Class,2016,19698,SEMI-AUTO,42334,DIESEL,30,65.7,2
GL Class,2015,31998,SEMI-AUTO,36281,DIESEL,330,36.2,3
E Class,2015,19498,SEMI-AUTO,22877,DIESEL,150,54.3,3
GLE Class,2016,30998,SEMI-AUTO,19574,DIESEL,240,42.8,3
CL Class,2014,15998,SEMI-AUTO,42514,DIESEL,30,62.8,2.1
C Class,2016,17998,SEMI-AUTO,36587,HYBRID,0,134.5,2
SLK,2015,14298,SEMI-AUTO,21624,DIESEL,145,56.5,2
A Class,2017,15498,MANUAL,47412,DIESEL,20,68.9,1.5
GLC Class,2016,21500,SEMI-AUTO,23349,DIESEL,125,56.5,2.1
C Class,2016,14698,MANUAL,19864,DIESEL,20,70.6,2.1
C Class,2016,13998,MANUAL,22117,PETROL,125,53.3,2
C Class,2015,14698,SEMI-AUTO,43331,DIESEL,20,64.2,2.1
A Class,2019,18498,MANUAL,2810,PETROL,145,28.5,1.3
B Class,2014,9998,MANUAL,24510,DIESEL,30,61.4,1.5
GLE Class,2017,34998,SEMI-AUTO,16647,DIESEL,205,47.9,2.1
C Class,2014,10498,SEMI-AUTO,51929,DIESEL,145,53.3,2.1
A Class,2016,14998,MANUAL,24569,DIESEL,20,68.9,1.5
GLA Class,2014,14998,SEMI-AUTO,64001,DIESEL,145,55.4,2.1
A Class,2018,19998,SEMI-AUTO,6340,PETROL,145,53.3,1.3
C Class,2016,19698,AUTOMATIC,25107,HYBRID,0,134.5,2
A Class,2018,17498,SEMI-AUTO,15597,DIESEL,145,68.9,2.1
C Class,2017,22498,SEMI-AUTO,20491,HYBRID,135,74.3,2.1
C Class,2015,11998,MANUAL,52792,DIESEL,20,72.4,1.6
GLC Class,2018,32498,SEMI-AUTO,12517,DIESEL,145,45.6,3
C Class,2016,16298,SEMI-AUTO,29201,DIESEL,30,64.2,1.6
A Class,2013,11998,MANUAL,13680,PETROL,125,51.4,1.6
GLC Class,2016,20998,SEMI-AUTO,37045,DIESEL,125,56.5,2.1
E Class,2018,21498,SEMI-AUTO,25454,DIESEL,150,72.4,2
GLC Class,2017,25498,SEMI-AUTO,17967,DIESEL,150,56.5,2.1
CL Class,2014,16995,SEMI-AUTO,37208,DIESEL,30,62.8,2.1
GLE Class,2017,28500,SEMI-AUTO,28297,DIESEL,200,47.9,2.1
A Class,2016,13900,MANUAL,16349,DIESEL,20,72.4,1.5
CL Class,2015,18498,SEMI-AUTO,18982,DIESEL,20,67.3,2.1
GLE Class,2017,31498,SEMI-AUTO,9949,DIESEL,205,47.9,2.1
C Class,2016,15698,AUTOMATIC,42062,PETROL,125,50.4,2
C Class,2015,16998,SEMI-AUTO,43883,DIESEL,125,60.1,2.1
GLA Class,2015,17498,SEMI-AUTO,30154,DIESEL,125,55.4,2.1
C Class,2017,20998,SEMI-AUTO,42036,DIESEL,20,67.3,2.1
C Class,2016,20998,SEMI-AUTO,23429,HYBRID,0,122.8,2
C Class,2017,16498,AUTOMATIC,20764,DIESEL,150,58.9,2.1
B Class,2017,15998,SEMI-AUTO,21306,DIESEL,145,68.9,2.1
C Class,2013,11998,SEMI-AUTO,31706,DIESEL,145,53.3,2.1
E Class,2018,32498,SEMI-AUTO,9252,PETROL,145,33.6,3
CL Class,2017,19295,AUTOMATIC,39643,DIESEL,20,67.3,2.1
E Class,2017,21950,AUTOMATIC,26355,DIESEL,145,65.7,2
C Class,2019,24495,SEMI-AUTO,10000,DIESEL,145,61.4,2
GLC Class,2016,24995,AUTOMATIC,40343,DIESEL,125,56.5,2.1
C Class,2016,18990,SEMI-AUTO,26413,DIESEL,20,64.2,2.1
GLC Class,2018,27590,SEMI-AUTO,16776,DIESEL,145,56.5,2.1
E Class,2013,9495,SEMI-AUTO,82312,DIESEL,145,55.4,2.1
GLA Class,2017,22750,SEMI-AUTO,9000,DIESEL,145,56.5,2.1
GLA Class,2016,21595,SEMI-AUTO,21512,PETROL,200,43.5,2
C Class,2015,12495,SEMI-AUTO,50374,DIESEL,20,65.7,2.1
V Class,2018,20498,MANUAL,23694,DIESEL,145,46.3,2.1
V Class,2018,19498,MANUAL,24164,DIESEL,145,46.3,2.1
C Class,2015,17498,SEMI-AUTO,42471,HYBRID,0,76.4,2.1
C Class,2016,16198,MANUAL,41974,DIESEL,20,68.9,2.1
V Class,2018,20498,MANUAL,23128,DIESEL,145,46.3,2.1
S Class,2016,30498,SEMI-AUTO,17624,DIESEL,200,47.9,3
C Class,2017,17998,SEMI-AUTO,16291,PETROL,145,50.4,2
V Class,2018,19998,MANUAL,27222,DIESEL,145,46.3,2.1
V Class,2016,17998,MANUAL,21981,DIESEL,200,46.3,2.1
V Class,2018,20498,MANUAL,20138,DIESEL,145,46.3,2.1
B Class,2017,13498,MANUAL,35881,DIESEL,20,68.9,1.5
GLE Class,2017,29998,SEMI-AUTO,15626,DIESEL,265,42.8,3
GLC Class,2017,20998,SEMI-AUTO,40949,DIESEL,125,56.5,2.1
E Class,2017,21498,SEMI-AUTO,31750,DIESEL,145,61.4,2
GLA Class,2015,17498,SEMI-AUTO,25909,DIESEL,125,56.5,2.1
A Class,2014,10498,MANUAL,63177,DIESEL,30,64.2,2.1
GLA Class,2014,20498,SEMI-AUTO,45231,PETROL,235,37.7,2
C Class,2016,16998,SEMI-AUTO,43014,DIESEL,30,64.2,2.1
E Class,2017,19698,SEMI-AUTO,25152,DIESEL,145,72.4,2
C Class,2017,25798,SEMI-AUTO,9676,DIESEL,145,65.7,2.1
C Class,2018,20498,SEMI-AUTO,7894,DIESEL,145,60.1,2.1
C Class,2015,13498,MANUAL,38438,DIESEL,20,70.6,2.1
E Class,2015,17998,SEMI-AUTO,34464,DIESEL,145,53.3,3
GLA Class,2016,18998,SEMI-AUTO,19696,DIESEL,125,56.5,2.1
B Class,2019,21998,SEMI-AUTO,7214,DIESEL,145,55.4,2
CLS Class,2019,40998,SEMI-AUTO,4001,DIESEL,145,47.9,2.9
CLS Class,2015,19698,SEMI-AUTO,44143,DIESEL,160,51.4,3
C Class,2019,23498,SEMI-AUTO,19204,DIESEL,150,61.4,2
GLE Class,2017,26998,SEMI-AUTO,47120,DIESEL,200,47.9,2.1
GLC Class,2016,20998,SEMI-AUTO,36240,DIESEL,125,56.5,2.1
C Class,2016,14498,MANUAL,21945,PETROL,125,53.3,2
E Class,2017,20998,SEMI-AUTO,21929,DIESEL,30,65.7,2
V Class,2018,19998,MANUAL,27222,DIESEL,145,46.3,2.1
V Class,2016,17998,MANUAL,21981,DIESEL,200,46.3,2.1
A Class,2014,13998,SEMI-AUTO,29670,DIESEL,20,68.9,2.1
C Class,2019,29498,SEMI-AUTO,2195,DIESEL,145,61.4,2
GLC Class,2016,21998,SEMI-AUTO,27894,DIESEL,125,56.5,2.1
A Class,2019,21998,SEMI-AUTO,11578,PETROL,150,53.3,1.3
GLE Class,2017,28998,SEMI-AUTO,18855,DIESEL,200,47.9,2.1
C Class,2015,12495,AUTOMATIC,55000,DIESEL,30,64.2,2.1
E Class,2017,19498,SEMI-AUTO,54028,DIESEL,150,65.7,2
GLE Class,2017,31298,SEMI-AUTO,12122,DIESEL,145,47.9,2.1
CLS Class,2016,22998,SEMI-AUTO,25536,DIESEL,160,51.4,3
A Class,2017,16798,MANUAL,24388,DIESEL,20,68.9,1.5
A Class,2017,15498,MANUAL,35295,DIESEL,20,68.9,1.5
CL Class,2015,15998,MANUAL,29901,PETROL,125,50.4,1.6
A Class,2014,10998,SEMI-AUTO,58500,DIESEL,30,65.7,1.8
V Class,2018,19998,MANUAL,26973,DIESEL,145,46.3,2.1
A Class,2013,15498,SEMI-AUTO,27415,PETROL,160,44.1,2
C Class,2016,16998,SEMI-AUTO,38830,DIESEL,20,64.2,2.1
C Class,2015,16798,SEMI-AUTO,32409,DIESEL,30,64.2,2.1
A Class,2015,11498,MANUAL,32648,DIESEL,0,74.3,1.5
CL Class,2013,11460,MANUAL,64000,PETROL,125,50.4,1.6
C Class,2016,13991,SEMI-AUTO,49494,DIESEL,30,64.2,2.1
GLA Class,2018,20810,AUTOMATIC,18462,PETROL,145,42.8,2
GLA Class,2016,16130,SEMI-AUTO,36152,DIESEL,125,56.5,2.1
A Class,2015,12380,MANUAL,34119,DIESEL,20,70.6,1.5
V Class,2018,20998,MANUAL,22740,DIESEL,145,46.3,2.1
A Class,2013,13998,SEMI-AUTO,29698,DIESEL,30,64.2,2.1
CLS Class,2015,16498,SEMI-AUTO,39858,DIESEL,125,56.5,2.1
GLA Class,2015,17998,SEMI-AUTO,25585,DIESEL,125,56.5,2.1
GLC Class,2016,24498,SEMI-AUTO,16840,DIESEL,125,56.5,2.1
B Class,2013,9998,SEMI-AUTO,34837,DIESEL,30,64.2,1.8
GLC Class,2017,23498,SEMI-AUTO,32902,DIESEL,125,56.5,2.1
C Class,2017,18498,SEMI-AUTO,26179,DIESEL,145,60.1,2.1
A Class,2018,17498,MANUAL,8601,PETROL,145,51.4,1.6
B Class,2016,13498,MANUAL,25726,DIESEL,20,68.9,1.5
GLA Class,2017,16498,MANUAL,32917,DIESEL,30,64.2,2.1
S Class,2019,60998,SEMI-AUTO,100,PETROL,145,40.9,3
GLC Class,2017,24998,SEMI-AUTO,44847,DIESEL,125,56.5,2.1
E Class,2014,9500,SEMI-AUTO,80084,DIESEL,30,58.9,2.1
E Class,2016,21498,SEMI-AUTO,17078,DIESEL,165,50.4,3
C Class,2019,23998,SEMI-AUTO,10357,DIESEL,145,61.4,2
E Class,2015,19700,SEMI-AUTO,33659,PETROL,240,39.2,3.5
E Class,2016,17000,SEMI-AUTO,27361,DIESEL,125,56.5,2.1
M Class,2014,18500,SEMI-AUTO,48928,DIESEL,200,46.3,2.1
M Class,2013,16300,SEMI-AUTO,57367,DIESEL,200,44.8,2.1
GLA Class,2018,23000,SEMI-AUTO,10808,DIESEL,145,56.5,2.1
B Class,2013,8200,MANUAL,54257,DIESEL,30,61.4,1.5
A Class,2019,23000,SEMI-AUTO,7864,PETROL,145,53.3,1.3
GLC Class,2017,25800,SEMI-AUTO,15334,DIESEL,145,56.5,2.1
V Class,2018,20998,MANUAL,11323,DIESEL,145,46.3,2.1
A Class,2019,20998,SEMI-AUTO,18881,DIESEL,145,67.3,1.5
E Class,2015,21298,SEMI-AUTO,15048,DIESEL,160,51.4,3
CL Class,2019,25498,SEMI-AUTO,13953,DIESEL,145,51.4,2.2
C Class,2019,28998,SEMI-AUTO,5116,DIESEL,145,61.4,2
GLA Class,2017,17998,SEMI-AUTO,47465,DIESEL,145,64.2,2.1
C Class,2019,24998,SEMI-AUTO,15009,PETROL,145,47.1,1.5
C Class,2018,27998,SEMI-AUTO,6787,DIESEL,145,57.7,2
SL CLASS,2016,20498,SEMI-AUTO,10643,DIESEL,30,70.6,2.1
E Class,2018,47998,SEMI-AUTO,9783,PETROL,145,31.7,3
E Class,2018,22998,SEMI-AUTO,16089,DIESEL,145,65.7,2
CLS Class,2017,23998,SEMI-AUTO,27354,DIESEL,160,49.6,3
E Class,2016,20698,SEMI-AUTO,22284,DIESEL,145,54.3,3
GLS Class,2017,43498,SEMI-AUTO,7517,DIESEL,145,37.2,3
CLS Class,2016,23998,SEMI-AUTO,7675,DIESEL,160,49.6,3
E Class,2016,18998,SEMI-AUTO,32107,DIESEL,160,52.3,3
E Class,2016,19298,SEMI-AUTO,26780,DIESEL,160,52.3,3
GLE Class,2017,29698,SEMI-AUTO,22052,DIESEL,200,47.9,2.1
E Class,2017,21998,SEMI-AUTO,20239,DIESEL,160,52.3,3
C Class,2017,18998,SEMI-AUTO,27493,HYBRID,0,78.5,2.1
C Class,2018,18998,SEMI-AUTO,15075,PETROL,145,50.4,2
E Class,2017,20498,SEMI-AUTO,35494,DIESEL,145,61.4,2
CLS Class,2017,22698,SEMI-AUTO,36402,DIESEL,160,51.4,3
C Class,2016,13690,MANUAL,49761,DIESEL,20,68.9,2.1
A Class,2017,14490,MANUAL,14122,PETROL,150,51.4,1.6
E Class,2014,13490,SEMI-AUTO,23226,DIESEL,30,58.9,2.1
C Class,2014,14490,SEMI-AUTO,31801,DIESEL,20,64.2,2.1
A Class,2018,29990,SEMI-AUTO,22923,PETROL,150,40.9,2
GLC Class,2019,33990,SEMI-AUTO,5830,DIESEL,150,40.9,2
C Class,2014,14780,SEMI-AUTO,59884,DIESEL,30,64.2,2.1
C Class,2017,16922,SEMI-AUTO,52519,DIESEL,30,64.2,1.6
C Class,2017,18350,SEMI-AUTO,42000,DIESEL,30,64.2,2.1
C Class,2016,17595,AUTOMATIC,28192,DIESEL,30,64.2,2.1
E Class,2016,20998,SEMI-AUTO,37181,DIESEL,160,51.4,3
SL CLASS,2016,18698,SEMI-AUTO,35595,DIESEL,30,70.6,2.1
E Class,2017,20998,SEMI-AUTO,16016,DIESEL,145,72.4,2
SL CLASS,2016,20298,SEMI-AUTO,14035,DIESEL,30,70.6,2.1
E Class,2015,20498,SEMI-AUTO,27688,DIESEL,160,51.4,3
GLE Class,2016,25998,SEMI-AUTO,27307,DIESEL,200,47.9,2.1
CLS Class,2014,19998,SEMI-AUTO,25696,DIESEL,165,52.3,3
C Class,2015,16315,SEMI-AUTO,46155,DIESEL,30,64.2,2.1
B Class,2019,19998,SEMI-AUTO,13744,PETROL,145,45.6,1.3
V Class,2018,19990,MANUAL,23415,DIESEL,145,46.3,2.1
E Class,2017,18990,SEMI-AUTO,43500,DIESEL,145,61.4,2
A Class,2014,12990,SEMI-AUTO,41362,PETROL,145,49.6,1.6
GLA Class,2018,19990,SEMI-AUTO,24508,PETROL,145,48.7,1.6
GLE Class,2016,31390,SEMI-AUTO,30772,DIESEL,300,39.2,3
C Class,2017,24990,AUTOMATIC,6668,DIESEL,145,58.9,2.1
V Class,2017,29998,SEMI-AUTO,41298,DIESEL,205,45.6,2.2
S Class,2015,28998,SEMI-AUTO,10284,DIESEL,205,47.9,3
C Class,2019,29998,SEMI-AUTO,8520,DIESEL,145,61.4,2
CLS Class,2016,21398,SEMI-AUTO,34056,DIESEL,160,51.4,3
CLS Class,2016,22498,SEMI-AUTO,14466,DIESEL,160,51.4,3
A Class,2019,20998,SEMI-AUTO,6354,DIESEL,145,65.7,1.5
S Class,2019,59998,SEMI-AUTO,10500,PETROL,145,34.5,3
CLS Class,2016,21998,SEMI-AUTO,30496,DIESEL,160,51.4,3
CLS Class,2016,22498,SEMI-AUTO,23636,DIESEL,160,51.4,3
C Class,2015,17636,SEMI-AUTO,24923,DIESEL,30,64.2,2.1
E Class,2017,18990,SEMI-AUTO,25326,DIESEL,145,72.4,2
A Class,2019,21290,AUTOMATIC,12046,DIESEL,145,67.3,1.5
A Class,2017,13990,SEMI-AUTO,17603,PETROL,125,53.3,1.6
C Class,2019,21980,AUTOMATIC,7716,PETROL,145,45.6,1.5
C Class,2019,23990,AUTOMATIC,1647,PETROL,145,45.6,1.5
C Class,2019,21980,SEMI-AUTO,5572,PETROL,145,45.6,1.5
GLE Class,2019,44990,AUTOMATIC,8351,DIESEL,145,32.8,3
S Class,2015,27998,SEMI-AUTO,30554,DIESEL,200,48.7,3
GLE Class,2015,34998,SEMI-AUTO,22651,DIESEL,300,39.2,3
E Class,2017,21998,SEMI-AUTO,20044,DIESEL,145,61.4,2
M Class,2015,22498,SEMI-AUTO,37484,DIESEL,300,39.2,3
B Class,2014,9998,SEMI-AUTO,16378,DIESEL,20,68.9,1.5
GLS Class,2019,54990,SEMI-AUTO,18717,DIESEL,145,34,3
E Class,2018,24490,SEMI-AUTO,11052,DIESEL,145,65.7,2
C Class,2014,28990,SEMI-AUTO,19562,PETROL,570,23.5,6.2
A Class,2016,15990,MANUAL,19715,DIESEL,30,62.8,2.1
A Class,2018,17490,MANUAL,15049,DIESEL,145,62.8,2.1
E Class,2014,13990,SEMI-AUTO,49491,DIESEL,125,57.7,2.1
GLE Class,2019,43990,AUTOMATIC,10974,DIESEL,145,36.7,3
GLE Class,2019,43490,SEMI-AUTO,14026,DIESEL,145,36.7,3
GLE Class,2017,30498,SEMI-AUTO,22539,DIESEL,145,47.9,2.1
C Class,2019,27990,AUTOMATIC,101,DIESEL,145,61.4,2
A Class,2020,22490,AUTOMATIC,3521,DIESEL,145,56.5,2
CL Class,2020,27480,SEMI-AUTO,2459,PETROL,145,44.1,1.3
C Class,2020,29950,SEMI-AUTO,101,DIESEL,145,64.2,2
C Class,2017,14990,SEMI-AUTO,27424,DIESEL,145,65.7,2.1
GLE Class,2017,31990,SEMI-AUTO,8581,DIESEL,145,42.8,3
C Class,2020,31950,AUTOMATIC,2985,DIESEL,145,51.4,2
C Class,2016,20990,SEMI-AUTO,36051,DIESEL,30,65.7,2.1
GLE Class,2017,34950,SEMI-AUTO,22067,HYBRID,135,76.4,3
GLA Class,2015,15390,SEMI-AUTO,60216,DIESEL,125,55.4,2.1
E Class,2017,17990,SEMI-AUTO,40789,DIESEL,145,72.4,2
V Class,2020,43950,SEMI-AUTO,2859,DIESEL,145,36.2,2
C Class,2020,29950,SEMI-AUTO,101,DIESEL,145,48.7,2
E Class,2020,33950,AUTOMATIC,2568,DIESEL,145,42.8,2
B Class,2019,24950,AUTOMATIC,1440,DIESEL,145,55.4,2
C Class,2018,25990,SEMI-AUTO,9699,PETROL,145,44.1,2
A Class,2020,21750,MANUAL,4001,PETROL,145,47.1,1.3
A Class,2020,21750,MANUAL,2896,PETROL,145,47.1,1.3
CL Class,2017,16490,MANUAL,32282,PETROL,145,51.4,1.6
C Class,2015,36990,AUTOMATIC,12659,PETROL,300,34.5,4
S Class,2017,40990,SEMI-AUTO,6200,DIESEL,150,52.3,3
E Class,2015,18998,SEMI-AUTO,39530,DIESEL,145,54.3,3
S Class,2016,30998,SEMI-AUTO,23743,DIESEL,200,47.9,3
C Class,2017,19998,SEMI-AUTO,23690,DIESEL,125,58.9,2.1
E Class,2017,21998,SEMI-AUTO,19249,DIESEL,145,65.7,2
SL CLASS,2016,18698,SEMI-AUTO,30269,DIESEL,30,70.6,2.1
E Class,2016,19998,SEMI-AUTO,35665,DIESEL,145,54.3,3
C Class,2013,11998,SEMI-AUTO,30035,PETROL,160,44.8,1.6
C Class,2017,17998,SEMI-AUTO,22349,PETROL,145,50.4,2
CLS Class,2016,22998,SEMI-AUTO,13720,DIESEL,165,51.4,3
C Class,2013,9490,SEMI-AUTO,41921,PETROL,145,47.9,1.6
C Class,2017,15690,SEMI-AUTO,35488,DIESEL,20,65.7,2.1
A Class,2017,13790,MANUAL,18332,PETROL,125,51.4,1.6
C Class,2017,14990,MANUAL,41647,DIESEL,20,65.7,2.1
E Class,2016,19990,SEMI-AUTO,23543,DIESEL,160,51.4,3
C Class,2018,19490,SEMI-AUTO,11810,DIESEL,145,61.4,2.1
C Class,2019,28990,SEMI-AUTO,2000,DIESEL,145,57.7,2
A Class,2019,20950,SEMI-AUTO,4692,DIESEL,145,65.7,1.3
C Class,2017,19250,SEMI-AUTO,23523,DIESEL,125,60.1,2.1
E Class,2016,22990,AUTOMATIC,49521,DIESEL,160,51.4,3
A Class,2016,16450,MANUAL,25623,PETROL,200,41.5,2
A Class,2019,21990,AUTOMATIC,6954,DIESEL,145,67.3,1.5
GLC Class,2018,26480,SEMI-AUTO,10833,DIESEL,145,56.5,2.1
C Class,2017,20790,SEMI-AUTO,22485,HYBRID,0,74.3,2.1
GLE Class,2019,53990,AUTOMATIC,5214,DIESEL,145,32.5,3
GLC Class,2016,19490,SEMI-AUTO,59442,DIESEL,125,56.5,2.1
GLC Class,2018,27990,SEMI-AUTO,21734,DIESEL,150,56.5,2.1
GLA Class,2017,18998,SEMI-AUTO,18847,PETROL,150,50.4,1.6
CLS Class,2016,20498,SEMI-AUTO,33026,DIESEL,165,51.4,3
CLS Class,2015,20498,SEMI-AUTO,41955,DIESEL,165,51.4,3
CLS Class,2016,21498,SEMI-AUTO,35474,DIESEL,165,51.4,3
GLA Class,2017,18698,SEMI-AUTO,20954,DIESEL,150,67.3,2.1
CLS Class,2016,22998,SEMI-AUTO,34544,DIESEL,165,49.6,3
GLS Class,2020,66990,SEMI-AUTO,2596,DIESEL,145,30.4,3
C Class,2020,28990,AUTOMATIC,3458,PETROL,145,46.3,1.5
GLC Class,2019,31990,AUTOMATIC,7977,DIESEL,145,56.5,2.1
C Class,2016,14450,SEMI-AUTO,19598,PETROL,125,53.3,2
GLC Class,2017,27990,SEMI-AUTO,25782,DIESEL,145,56.5,2.1
C Class,2016,19690,SEMI-AUTO,38087,DIESEL,20,67.3,2.1
GLC Class,2018,38990,SEMI-AUTO,10638,PETROL,145,34,3
A Class,2017,15590,SEMI-AUTO,34553,DIESEL,145,68.9,2.1
S Class,2019,45990,SEMI-AUTO,14259,DIESEL,145,52.3,3
GLE Class,2017,37950,SEMI-AUTO,20925,DIESEL,145,39.2,3
GLC Class,2018,36850,AUTOMATIC,4841,PETROL,145,34,3
C Class,2019,30950,AUTOMATIC,101,DIESEL,145,55.4,2
A Class,2019,99950,AUTOMATIC,2013,PETROL,145,22.6,4
S Class,2019,54990,AUTOMATIC,1501,DIESEL,145,41.5,3
C Class,2019,24950,AUTOMATIC,7006,PETROL,145,47.1,1.5
C Class,2019,25950,AUTOMATIC,10485,PETROL,145,47.1,1.5
GLC Class,2019,34950,AUTOMATIC,3100,DIESEL,145,43.5,2
GLC Class,2020,32950,AUTOMATIC,3528,DIESEL,145,44.8,2
GLC Class,2019,35490,AUTOMATIC,2644,DIESEL,145,40.9,2
B Class,2020,23690,AUTOMATIC,3012,DIESEL,145,55.4,2
GLE Class,2017,27990,AUTOMATIC,17400,DIESEL,145,42.8,3
A Class,2019,20990,SEMI-AUTO,15059,DIESEL,145,67.3,1.5
CL Class,2019,24990,SEMI-AUTO,13501,DIESEL,145,51.4,2.2
C Class,2018,21990,SEMI-AUTO,1871,PETROL,145,44.1,1.5
C Class,2015,14750,SEMI-AUTO,32594,DIESEL,20,64.2,2.1
GLE Class,2017,27950,AUTOMATIC,23825,DIESEL,145,42.8,3
GLE Class,2017,27790,AUTOMATIC,25906,DIESEL,145,42.8,3
A Class,2019,21450,SEMI-AUTO,11712,DIESEL,145,67.3,1.5
A Class,2018,20295,SEMI-AUTO,9748,PETROL,145,53.3,1.3
A Class,2018,18990,SEMI-AUTO,12449,PETROL,145,53.3,1.3
A Class,2019,19990,SEMI-AUTO,9191,PETROL,145,53.3,1.3
CLS Class,2019,36490,SEMI-AUTO,7036,DIESEL,145,48.7,2.9
CLS Class,2018,33990,SEMI-AUTO,8123,DIESEL,145,48.7,2.9
A Class,2019,18490,SEMI-AUTO,6725,DIESEL,145,68.9,1.5
A Class,2019,21450,SEMI-AUTO,11597,DIESEL,145,67.3,1.5
A Class,2018,17990,SEMI-AUTO,15907,DIESEL,145,65.7,1.5
A Class,2018,17990,SEMI-AUTO,16196,DIESEL,145,65.7,1.5
A Class,2018,19498,SEMI-AUTO,12353,PETROL,145,53.3,1.3
GLC Class,2017,25498,SEMI-AUTO,9444,DIESEL,145,56.5,2.1
A Class,2015,13109,SEMI-AUTO,24091,DIESEL,20,68.9,2.1
E Class,2019,27990,SEMI-AUTO,4158,PETROL,145,39.8,2
GLC Class,2019,29490,SEMI-AUTO,8115,DIESEL,145,56.5,2.1
A Class,2019,19990,SEMI-AUTO,12456,PETROL,145,53.3,1.3
GLE Class,2015,21967,SEMI-AUTO,47430,DIESEL,200,47.9,2.1
C Class,2013,9798,SEMI-AUTO,60948,DIESEL,150,54.3,2.1
GLC Class,2016,21998,AUTOMATIC,29884,DIESEL,125,56.5,2.1
E Class,2018,26998,AUTOMATIC,6286,PETROL,145,39.8,2
C Class,2016,17998,AUTOMATIC,32769,DIESEL,30,64.2,2.1
C Class,2017,18998,AUTOMATIC,20949,DIESEL,145,61.4,2.1
GLA Class,2014,15498,SEMI-AUTO,53000,DIESEL,145,55.4,2.1
E Class,2015,12691,SEMI-AUTO,78000,DIESEL,125,61.4,2.1
M Class,2014,16087,AUTOMATIC,70308,DIESEL,200,44.8,2.1
CLS Class,2013,11991,SEMI-AUTO,85967,DIESEL,200,46.3,3
SLK,2013,9600,AUTOMATIC,51458,DIESEL,145,56.5,2
C Class,2014,11791,SEMI-AUTO,42879,DIESEL,145,53.3,2.1
A Class,2015,10991,SEMI-AUTO,67865,DIESEL,20,68.9,2.1
A Class,2014,13251,SEMI-AUTO,41700,DIESEL,20,64.2,2.1
C Class,2016,13691,SEMI-AUTO,36538,DIESEL,30,65.7,1.6
B Class,2015,10991,SEMI-AUTO,50501,DIESEL,20,68.9,2.1
A Class,2016,15291,SEMI-AUTO,10730,DIESEL,20,70.6,2.1
B Class,2015,11991,SEMI-AUTO,59492,DIESEL,20,67.3,2.1
C Class,2018,19991,SEMI-AUTO,20027,DIESEL,150,60.1,2.1
B Class,2017,13291,SEMI-AUTO,21742,DIESEL,20,70.6,2.1
A Class,2016,14521,MANUAL,35005,DIESEL,30,62.8,2.1
A Class,2018,20991,SEMI-AUTO,19561,PETROL,150,45.6,2
C Class,2017,23791,SEMI-AUTO,17263,DIESEL,30,65.7,2.1
C Class,2018,23498,SEMI-AUTO,5659,PETROL,145,40.4,2
GL Class,2015,32998,SEMI-AUTO,22548,DIESEL,330,36.2,3
E Class,2017,20998,SEMI-AUTO,17890,DIESEL,160,52.3,3
C Class,2014,13491,MANUAL,56000,DIESEL,20,68.9,2.1
A Class,2016,15378,MANUAL,21256,DIESEL,30,62.8,2.1
GLA Class,2015,15990,SEMI-AUTO,49626,DIESEL,125,55.4,2.1
E Class,2017,26027,SEMI-AUTO,20575,PETROL,145,40.4,2
GLS Class,2019,44990,AUTOMATIC,11607,DIESEL,145,37.2,3
GLA Class,2016,17991,SEMI-AUTO,26193,DIESEL,125,56.6,2.1
GLC Class,2019,47484,AUTOMATIC,3439,PETROL,145,27.4,4
C Class,2017,13587,SEMI-AUTO,61305,DIESEL,150,65.7,1.6
A Class,2016,15597,SEMI-AUTO,20866,DIESEL,20,70.6,2.1
C Class,2015,16310,SEMI-AUTO,55226,DIESEL,30,64.2,2.1
E Class,2019,49500,AUTOMATIC,4250,PETROL,145,31.7,3
C Class,2019,44990,AUTOMATIC,1474,PETROL,145,29.1,3
E Class,2019,25490,AUTOMATIC,7512,DIESEL,145,72.4,2
B Class,2020,21990,AUTOMATIC,4239,DIESEL,145,55.4,2
A Class,2018,20991,SEMI-AUTO,5322,PETROL,145,53.3,1.3
A Class,2019,19511,SEMI-AUTO,10543,DIESEL,145,68.9,1.5
C Class,2017,18200,SEMI-AUTO,25296,DIESEL,30,61.4,2.1
GLC Class,2017,27520,SEMI-AUTO,33590,DIESEL,145,56.5,2.1
E Class,2020,45990,SEMI-AUTO,159,DIESEL,145,45.6,3
C Class,2015,13621,SEMI-AUTO,57066,DIESEL,30,65.7,1.6
GLA Class,2016,17991,SEMI-AUTO,20233,DIESEL,125,56.6,2.1
A Class,2017,17047,SEMI-AUTO,14951,DIESEL,145,68.9,2.1
A Class,2017,27990,SEMI-AUTO,17299,PETROL,200,40.9,2
CL Class,2015,14550,SEMI-AUTO,30369,DIESEL,20,62.8,2.1
A Class,2016,16411,SEMI-AUTO,18914,DIESEL,20,68.9,2.1
C Class,2017,16991,SEMI-AUTO,29907,DIESEL,145,64.2,2.1
GLC Class,2016,26320,SEMI-AUTO,26065,DIESEL,145,56.5,2.1
GLA Class,2018,20990,SEMI-AUTO,18166,DIESEL,145,56.5,2.1
A Class,2017,27490,SEMI-AUTO,31775,PETROL,145,40.9,2
E Class,2016,18300,AUTOMATIC,36188,DIESEL,30,65.7,2
GLA Class,2018,18950,SEMI-AUTO,11577,DIESEL,145,67.3,2.1
GLC Class,2017,22750,SEMI-AUTO,29929,DIESEL,145,56.5,2.1
A Class,2019,21250,SEMI-AUTO,4878,PETROL,145,53.3,1.3
GLE Class,2017,27950,SEMI-AUTO,14156,DIESEL,145,47.9,2.1
GLE Class,2016,29990,SEMI-AUTO,63250,DIESEL,145,32.5,3
E Class,2016,21990,AUTOMATIC,32266,DIESEL,160,51.4,3
C Class,2016,20490,SEMI-AUTO,10542,PETROL,125,51.4,2
E Class,2015,14980,SEMI-AUTO,59101,DIESEL,160,51.4,2.1
GLS Class,2018,43990,AUTOMATIC,10405,DIESEL,145,37.2,3
CL Class,2017,20750,SEMI-AUTO,9447,DIESEL,145,67.3,2.1
C Class,2018,26625,AUTOMATIC,7175,DIESEL,145,57.7,2
E Class,2019,23690,SEMI-AUTO,14077,DIESEL,145,72.4,2
CL Class,2019,25240,AUTOMATIC,14049,DIESEL,145,51.4,2.2
A Class,2019,18240,AUTOMATIC,15806,DIESEL,145,68.9,1.5
GLC Class,2017,24780,AUTOMATIC,27484,DIESEL,145,56.5,2.1
GLC Class,2017,24510,AUTOMATIC,26995,DIESEL,145,56.5,2.1
GLC Class,2019,32340,AUTOMATIC,1303,DIESEL,145,44.8,2
A Class,2019,20991,SEMI-AUTO,8728,PETROL,145,53.3,1.3
GLC Class,2019,27890,AUTOMATIC,19072,DIESEL,145,56.5,2.1
A Class,2019,21291,SEMI-AUTO,13361,DIESEL,145,67.3,1.5
A Class,2019,21190,SEMI-AUTO,14703,DIESEL,145,67.3,1.5
E Class,2019,22990,SEMI-AUTO,15956,DIESEL,145,72.4,2
A Class,2019,18990,SEMI-AUTO,13145,DIESEL,145,68.9,1.5
C Class,2017,21650,AUTOMATIC,33943,PETROL,145,47.1,2
E Class,2019,42590,AUTOMATIC,12419,PETROL,145,32.5,3
C Class,2019,24690,SEMI-AUTO,15210,PETROL,145,47.1,1.5
C Class,2017,18270,SEMI-AUTO,49783,DIESEL,30,64.2,2.1
GLC Class,2018,24690,SEMI-AUTO,40422,DIESEL,145,56.5,2.1
E Class,2015,13000,SEMI-AUTO,50963,DIESEL,125,61.4,2.1
GLC Class,2018,28295,SEMI-AUTO,15000,DIESEL,145,56.5,2.1
V Class,2018,20498,MANUAL,21681,DIESEL,145,46.3,2.1
CLS Class,2013,11998,SEMI-AUTO,60090,DIESEL,200,46.3,3
A Class,2013,14498,SEMI-AUTO,25064,PETROL,160,45.6,2
B Class,2017,13298,MANUAL,31705,DIESEL,150,68.9,1.5
GLE Class,2017,28498,SEMI-AUTO,26416,DIESEL,205,47.9,2.1
GLA Class,2016,15998,MANUAL,34699,DIESEL,20,67.3,2.1
A Class,2015,11998,SEMI-AUTO,50244,DIESEL,20,68.9,1.5
C Class,2017,15990,SEMI-AUTO,38051,DIESEL,20,64.2,2.1
A Class,2019,20741,SEMI-AUTO,11112,PETROL,145,53.3,1.3
C Class,2017,20591,SEMI-AUTO,21023,DIESEL,30,64.2,2.1
GLC Class,2019,27991,SEMI-AUTO,8811,DIESEL,145,41.5,2.1
C Class,2016,19991,SEMI-AUTO,35975,DIESEL,20,67.3,2.1
GLS Class,2017,38580,AUTOMATIC,22957,DIESEL,145,37.2,3
GLA Class,2016,18435,SEMI-AUTO,40882,DIESEL,125,56.5,2.1
A Class,2018,20490,SEMI-AUTO,640,PETROL,145,53.3,1.3
A Class,2018,17990,SEMI-AUTO,20238,PETROL,145,53.3,1.3
A Class,2019,19990,SEMI-AUTO,8293,PETROL,145,53.3,1.3
A Class,2018,18490,SEMI-AUTO,10857,PETROL,145,53.3,1.3
A Class,2019,18085,SEMI-AUTO,14669,DIESEL,145,68.9,1.5
C Class,2019,18790,SEMI-AUTO,14288,DIESEL,145,64.2,2.1
GLC Class,2017,29991,SEMI-AUTO,22489,DIESEL,150,56.5,2.1
GLA Class,2017,16990,SEMI-AUTO,36414,DIESEL,30,64.2,2.1
C Class,2019,30055,AUTOMATIC,3686,DIESEL,145,54.3,2
A Class,2019,20640,SEMI-AUTO,5864,PETROL,145,53.3,1.3
A Class,2019,19599,MANUAL,13993,PETROL,145,28.5,1.3
A Class,2019,20450,MANUAL,8428,PETROL,145,28.5,1.3
A Class,2016,13490,SEMI-AUTO,33530,DIESEL,20,74.3,1.5
CL Class,2017,19290,SEMI-AUTO,26626,DIESEL,20,67.3,2.1
GLC Class,2016,20990,AUTOMATIC,44013,DIESEL,125,56.5,2.1
A Class,2016,14490,MANUAL,33626,PETROL,145,49.6,1.6
GLC Class,2017,33990,SEMI-AUTO,45129,PETROL,145,34,3
E Class,2017,19490,SEMI-AUTO,24046,DIESEL,30,65.7,2
B Class,2016,13291,SEMI-AUTO,45250,DIESEL,20,68.9,2.1
C Class,2015,18191,SEMI-AUTO,11470,DIESEL,30,64.2,1.6
C Class,2016,20991,SEMI-AUTO,26205,DIESEL,125,58.9,2.1
C Class,2017,20871,SEMI-AUTO,37194,DIESEL,145,65.7,2.1
C Class,2018,25891,SEMI-AUTO,2240,PETROL,145,44.1,2
CL Class,2016,18391,SEMI-AUTO,42192,DIESEL,20,67.3,2.1
GLE Class,2017,28991,SEMI-AUTO,17314,DIESEL,145,47.9,2.1
GLC Class,2016,22498,SEMI-AUTO,25220,DIESEL,125,56.5,2.1
GLC Class,2017,24498,SEMI-AUTO,36058,DIESEL,125,56.5,2.1
C Class,2015,13498,MANUAL,31125,DIESEL,20,70.6,2.1
M Class,2015,21998,AUTOMATIC,22976,DIESEL,300,39.2,3
GLA Class,2014,15898,AUTOMATIC,38004,DIESEL,145,55.4,2.1
C Class,2017,19798,SEMI-AUTO,19877,HYBRID,0,134.5,2
M Class,2014,16998,AUTOMATIC,59812,DIESEL,300,39.2,3
E Class,2017,21998,SEMI-AUTO,18812,DIESEL,150,65.7,2
GLE Class,2017,30298,SEMI-AUTO,12805,DIESEL,150,47.9,2.1
C Class,2019,24498,SEMI-AUTO,7937,PETROL,150,47.1,1.5
A Class,2017,14270,SEMI-AUTO,65000,DIESEL,20,68.9,2.1
V Class,2018,19498,MANUAL,29723,DIESEL,145,46.3,2.1
CLS Class,2015,17998,SEMI-AUTO,46725,DIESEL,145,56.5,2.1
C Class,2017,21998,SEMI-AUTO,11986,PETROL,150,48.7,2
GLE Class,2016,34998,SEMI-AUTO,17525,DIESEL,300,39.2,3
A Class,2017,16498,SEMI-AUTO,37010,DIESEL,145,68.9,2.1
CLS Class,2016,21998,SEMI-AUTO,20306,DIESEL,165,51.4,3
CL Class,2014,13495,SEMI-AUTO,35677,DIESEL,30,62.8,2.1
C Class,2015,14500,SEMI-AUTO,38783,DIESEL,20,64.2,2.1
GLE Class,2016,34698,SEMI-AUTO,27229,DIESEL,305,39.2,3
E Class,2018,31998,SEMI-AUTO,9000,DIESEL,145,70.6,2
E Class,2019,22990,SEMI-AUTO,14664,DIESEL,145,72.4,2
E Class,2019,41550,AUTOMATIC,159,PETROL,145,31.7,3
E Class,2016,18991,SEMI-AUTO,27834,DIESEL,30,65.7,2
GLA Class,2016,15561,SEMI-AUTO,71610,DIESEL,125,56.6,2.1
A Class,2019,19991,SEMI-AUTO,13570,PETROL,145,53.3,1.3
A Class,2019,19531,MANUAL,17447,PETROL,145,28.5,1.3
A Class,2019,21530,SEMI-AUTO,14817,DIESEL,145,67.3,1.5
B Class,2018,17990,AUTOMATIC,6217,DIESEL,145,68.9,2.1
C Class,2015,13361,SEMI-AUTO,35034,PETROL,125,53.3,2
GLE Class,2017,27692,SEMI-AUTO,29548,DIESEL,260,42.8,3
A Class,2019,21035,AUTOMATIC,3166,PETROL,145,47.9,1.3
C Class,2017,17490,SEMI-AUTO,35576,DIESEL,145,64.2,2.1
C Class,2019,26427,AUTOMATIC,13888,DIESEL,145,55.4,2
A Class,2018,20570,SEMI-AUTO,1468,PETROL,145,53.3,1.3
A Class,2018,18990,SEMI-AUTO,5020,PETROL,145,53.3,1.3
C Class,2017,21991,SEMI-AUTO,19953,DIESEL,145,67.3,2.1
A Class,2019,20991,SEMI-AUTO,2513,DIESEL,145,65.7,1.5
GLA Class,2018,21591,SEMI-AUTO,11700,DIESEL,145,56.5,2.1
CL Class,2017,17990,MANUAL,24377,DIESEL,20,67.3,2.1
A Class,2019,20990,SEMI-AUTO,14975,DIESEL,145,67.3,1.5
A Class,2019,18190,SEMI-AUTO,12162,DIESEL,145,65.7,1.5
E Class,2019,22990,SEMI-AUTO,14107,DIESEL,145,72.4,2
C Class,2018,20890,SEMI-AUTO,3033,PETROL,145,44.1,1.5
A Class,2019,19250,MANUAL,11381,PETROL,145,28.5,1.3
A Class,2019,20990,MANUAL,2158,PETROL,145,47.1,1.3
A Class,2019,20750,SEMI-AUTO,3915,PETROL,145,47.9,1.3
A Class,2019,18190,AUTOMATIC,13264,DIESEL,145,68.9,1.5
GLE Class,2018,29990,SEMI-AUTO,15523,DIESEL,145,42.8,3
CLS Class,2018,23995,SEMI-AUTO,24315,DIESEL,145,57.7,2.1
C Class,2015,12590,SEMI-AUTO,65000,DIESEL,150,53.3,2.1
GLA Class,2016,16485,MANUAL,12400,DIESEL,20,64.2,2.1
GLA Class,2015,13485,SEMI-AUTO,72000,DIESEL,150,55.4,2.1
CL Class,2018,18940,AUTOMATIC,20000,DIESEL,150,70.6,2.1
C Class,2018,20885,SEMI-AUTO,22773,DIESEL,145,61.4,2.1
GLC Class,2018,26890,SEMI-AUTO,15200,DIESEL,145,41.5,2.1
A Class,2018,15995,MANUAL,16782,DIESEL,145,72.4,1.5
C Class,2014,25885,SEMI-AUTO,37000,PETROL,570,23.5,6.2
E Class,2018,20485,SEMI-AUTO,31784,DIESEL,145,72.4,2
C Class,2016,14965,SEMI-AUTO,30487,DIESEL,20,65.7,2.1
E Class,2017,20480,SEMI-AUTO,30567,DIESEL,145,65.7,2
S Class,2018,41990,SEMI-AUTO,7527,DIESEL,145,52.3,3
C Class,2017,16595,AUTOMATIC,29814,DIESEL,20,65.7,2.1
C Class,2018,17940,SEMI-AUTO,28050,DIESEL,145,64.2,2.1
GLA Class,2016,18485,SEMI-AUTO,27931,DIESEL,125,56.5,2.1
C Class,2018,19940,SEMI-AUTO,18882,DIESEL,145,61.4,2.1
GLC Class,2016,18990,SEMI-AUTO,70560,DIESEL,125,56.5,2.1
CL Class,2017,17698,MANUAL,11472,PETROL,145,48.7,1.6
GL Class,2013,25998,AUTOMATIC,60462,DIESEL,325,35.3,3
C Class,2015,17450,SEMI-AUTO,37000,DIESEL,30,64.2,2.1
M Class,2015,18495,SEMI-AUTO,71000,DIESEL,200,46.3,2.1
GLE Class,2015,24950,SEMI-AUTO,43800,DIESEL,200,47.9,2.1
C Class,2016,14450,SEMI-AUTO,34000,DIESEL,20,65.7,2.1
E Class,2014,11950,SEMI-AUTO,70000,DIESEL,145,54.3,2.1
GLC Class,2017,21950,SEMI-AUTO,57000,DIESEL,125,56.5,2.1
A Class,2016,13695,MANUAL,41600,DIESEL,0,80.7,1.5
C Class,2015,16440,SEMI-AUTO,29286,DIESEL,20,64.2,2.1
C Class,2014,9891,SEMI-AUTO,52500,DIESEL,125,57.7,2.1
C Class,2017,24735,SEMI-AUTO,22369,DIESEL,145,61.4,2.1
GLA Class,2017,20999,SEMI-AUTO,29209,DIESEL,125,56.5,2.1
A Class,2016,14999,SEMI-AUTO,19286,PETROL,125,53.3,1.6
A Class,2017,16999,MANUAL,17781,PETROL,145,49.6,1.6
GLC Class,2016,29499,SEMI-AUTO,19932,DIESEL,145,56.5,2.1
GLA Class,2016,17990,SEMI-AUTO,30171,DIESEL,125,56.5,2.1
C Class,2019,27000,SEMI-AUTO,6406,DIESEL,145,64.2,2
GLA Class,2015,19991,SEMI-AUTO,29087,PETROL,200,42.8,2
E Class,2017,21391,SEMI-AUTO,16654,DIESEL,145,72.4,2
GLC Class,2017,25991,SEMI-AUTO,16008,DIESEL,145,56.5,2.1
CL Class,2019,37999,SEMI-AUTO,3647,PETROL,145,40.9,2
A Class,2020,26999,SEMI-AUTO,2000,DIESEL,145,62.8,1.5
GLE Class,2019,45990,SEMI-AUTO,9600,DIESEL,145,36.7,3
GLA Class,2016,18999,SEMI-AUTO,36899,DIESEL,125,56.5,2.1
A Class,2020,26499,SEMI-AUTO,2600,PETROL,145,53.3,1.3
B Class,2014,7495,SEMI-AUTO,70122,DIESEL,20,68.9,1.5
A Class,2016,12390,MANUAL,49846,DIESEL,20,72.4,1.5
E Class,2014,11495,SEMI-AUTO,40019,DIESEL,30,58.9,2.1
SLK,2013,10495,SEMI-AUTO,18105,DIESEL,150,56.5,2
E Class,2019,24489,SEMI-AUTO,22561,DIESEL,145,61.4,2
GLE Class,2016,29999,SEMI-AUTO,30138,DIESEL,200,47.9,2.1
GLC Class,2017,24998,SEMI-AUTO,53351,DIESEL,145,56.5,2.1
V Class,2018,20698,MANUAL,13013,DIESEL,145,46.3,2.1
V Class,2018,19998,MANUAL,23183,DIESEL,145,46.3,2.1
C Class,2015,16998,SEMI-AUTO,26273,PETROL,125,52.3,2
GLC Class,2017,32998,SEMI-AUTO,29265,PETROL,300,34,3
GLC Class,2017,25998,SEMI-AUTO,20804,DIESEL,125,56.5,2.1
GLE Class,2017,31998,SEMI-AUTO,30227,DIESEL,300,39.2,3
C Class,2017,22498,SEMI-AUTO,22888,DIESEL,20,67.3,2.1
B Class,2015,12998,SEMI-AUTO,26125,DIESEL,20,67.3,1.5
B Class,2017,12499,MANUAL,40219,DIESEL,145,68.9,1.5
E Class,2016,17791,SEMI-AUTO,35279,DIESEL,125,58.9,2.1
A Class,2016,13999,MANUAL,28024,DIESEL,20,72.4,1.5
GLC Class,2019,38999,SEMI-AUTO,9487,DIESEL,145,40.9,2
SL CLASS,2019,57995,AUTOMATIC,1201,PETROL,145,29.4,3
GLA Class,2014,17998,SEMI-AUTO,34271,PETROL,200,42.8,2
GLA Class,2016,17999,SEMI-AUTO,35231,DIESEL,125,56.6,2.1
C Class,2017,17495,SEMI-AUTO,25149,PETROL,145,51.4,2
GLA Class,2018,21999,SEMI-AUTO,17306,DIESEL,145,56.5,2.1
E Class,2018,22699,SEMI-AUTO,18770,DIESEL,145,67.3,2
GLC Class,2017,24999,SEMI-AUTO,29897,DIESEL,125,56.5,2.1
GLA Class,2016,17999,SEMI-AUTO,33086,DIESEL,125,56.5,2.1
GLA Class,2015,17450,SEMI-AUTO,38100,DIESEL,125,55.4,2.1
E Class,2015,16499,SEMI-AUTO,40085,DIESEL,160,51.4,2.1
E Class,2016,17999,SEMI-AUTO,42217,DIESEL,20,72.4,2
S Class,2019,89999,SEMI-AUTO,1400,PETROL,145,34,4
GLE Class,2019,56499,SEMI-AUTO,4315,PETROL,145,29.5,3
C Class,2019,31999,SEMI-AUTO,1052,DIESEL,145,48.7,2
GLA Class,2017,16999,MANUAL,33014,PETROL,145,48.7,1.6
E Class,2019,55499,SEMI-AUTO,2991,PETROL,145,31.7,3
GLE Class,2019,46999,SEMI-AUTO,3769,DIESEL,145,36.7,2
C Class,2019,25495,SEMI-AUTO,5947,PETROL,145,42.2,1.6
C Class,2019,36995,AUTOMATIC,2749,DIESEL,145,54.3,2
C Class,2019,30999,SEMI-AUTO,7144,DIESEL,145,57.7,2
A Class,2019,24995,SEMI-AUTO,4500,DIESEL,145,67.3,1.5
CLS Class,2019,44999,SEMI-AUTO,4000,DIESEL,145,47.9,2.9
C Class,2019,29999,SEMI-AUTO,4843,DIESEL,145,57.7,2
GLA Class,2016,19999,SEMI-AUTO,17344,DIESEL,125,56.5,2.1
E Class,2017,23499,SEMI-AUTO,20776,DIESEL,125,58.9,2
GLC Class,2018,28499,SEMI-AUTO,21659,DIESEL,145,56.5,2.1
GLC Class,2020,39499,SEMI-AUTO,305,PETROL,145,32.1,2
GLC Class,2017,24999,SEMI-AUTO,17706,DIESEL,125,56.5,2.1
B Class,2017,13999,MANUAL,17341,DIESEL,20,67.3,2.1
C Class,2019,26499,SEMI-AUTO,7060,DIESEL,145,56.5,2
A Class,2020,26999,SEMI-AUTO,1000,DIESEL,145,67.3,1.5
A Class,2020,23999,SEMI-AUTO,2300,PETROL,145,53.3,1.3
A Class,2020,23999,SEMI-AUTO,2000,PETROL,145,53.3,1.3
B Class,2020,25999,SEMI-AUTO,2000,DIESEL,145,55.4,2
E Class,2018,23499,SEMI-AUTO,13904,DIESEL,145,67.3,2
A Class,2018,19490,AUTOMATIC,6731,PETROL,145,53.3,1.3
C Class,2019,29290,SEMI-AUTO,4703,DIESEL,145,57.7,2
A Class,2019,20461,SEMI-AUTO,14658,PETROL,145,53.3,1.3
C Class,2017,23047,SEMI-AUTO,8143,DIESEL,145,65.7,2.1
CLS Class,2015,17991,SEMI-AUTO,29139,DIESEL,125,57.7,2.1
C Class,2016,20700,SEMI-AUTO,27890,DIESEL,20,67.3,2.1
GLC Class,2019,33495,SEMI-AUTO,12344,DIESEL,145,56.5,2.1
GLA Class,2015,16791,SEMI-AUTO,42328,DIESEL,145,55.4,2.1
C Class,2016,17699,SEMI-AUTO,43236,DIESEL,30,61.4,2.1
C Class,2019,27791,SEMI-AUTO,9057,DIESEL,145,56.5,2
A Class,2019,18499,SEMI-AUTO,14978,DIESEL,145,65.7,1.5
A Class,2019,18499,SEMI-AUTO,14736,DIESEL,145,65.7,1.5
A Class,2019,18499,SEMI-AUTO,15383,DIESEL,145,65.7,1.5
A Class,2019,18499,SEMI-AUTO,18585,DIESEL,145,65.7,1.5
A Class,2019,18499,SEMI-AUTO,17160,DIESEL,145,65.7,1.5
E Class,2019,24491,SEMI-AUTO,12231,DIESEL,145,72.4,2
GLE Class,2020,54999,SEMI-AUTO,3600,DIESEL,145,32.8,2.9
A Class,2019,18499,SEMI-AUTO,14521,DIESEL,145,65.7,1.5
E Class,2018,27999,SEMI-AUTO,5170,DIESEL,145,58.9,2
C Class,2016,21299,SEMI-AUTO,12249,PETROL,150,49.6,2
C Class,2017,17999,SEMI-AUTO,37564,HYBRID,0,134.5,2
C Class,2019,19999,SEMI-AUTO,14360,PETROL,150,46.3,1.5
A Class,2019,104999,SEMI-AUTO,5822,PETROL,150,22.6,4
C Class,2017,21999,SEMI-AUTO,10288,PETROL,150,47.9,2
GLC Class,2017,24699,SEMI-AUTO,28982,DIESEL,125,56.5,2.1
CLS Class,2017,20999,SEMI-AUTO,30987,DIESEL,125,57.7,2.1
A Class,2020,24799,SEMI-AUTO,1400,PETROL,145,28.5,1.3
SL CLASS,2020,32999,SEMI-AUTO,600,PETROL,145,36.7,2
E Class,2019,24491,SEMI-AUTO,10764,DIESEL,145,72.4,2
B Class,2017,13999,MANUAL,16168,DIESEL,145,68.9,1.5
E Class,2019,39999,AUTOMATIC,5000,DIESEL,145,42.8,3
C Class,2019,31990,SEMI-AUTO,4615,DIESEL,145,54.3,2
C Class,2018,20999,SEMI-AUTO,9250,PETROL,145,46.3,1.5
CLS Class,2019,35499,SEMI-AUTO,12057,DIESEL,145,48.7,2.9
GLC Class,2017,24695,SEMI-AUTO,33620,DIESEL,145,56.5,2.1
E Class,2017,22350,SEMI-AUTO,14850,DIESEL,145,61.4,2
C Class,2015,16810,AUTOMATIC,44929,DIESEL,30,64.2,2.1
C Class,2016,18238,AUTOMATIC,44641,DIESEL,30,64.2,2.1
GLA Class,2016,18990,AUTOMATIC,32859,DIESEL,125,56.5,2.1
E Class,2015,15637,AUTOMATIC,45943,DIESEL,160,51.4,2.1
C Class,2015,16990,SEMI-AUTO,11954,DIESEL,20,64.2,2.1
GLC Class,2017,24994,AUTOMATIC,9867,DIESEL,145,56.5,2.1
A Class,2019,21991,SEMI-AUTO,9389,PETROL,145,28.5,1.3
C Class,2015,15498,MANUAL,32140,DIESEL,20,68.9,2.1
E Class,2017,54999,SEMI-AUTO,18682,PETROL,150,31,4
CLS Class,2015,18999,SEMI-AUTO,22067,DIESEL,125,57.7,2.1
E Class,2018,26499,SEMI-AUTO,17131,DIESEL,145,57.7,2
GLB Class,2020,36995,SEMI-AUTO,1500,DIESEL,145,44.8,2
CL Class,2020,31499,SEMI-AUTO,1500,PETROL,145,44.1,1.3
C Class,2020,67999,SEMI-AUTO,1500,PETROL,145,28,4
V Class,2020,52999,SEMI-AUTO,1000,DIESEL,145,36.2,2
E Class,2019,44999,SEMI-AUTO,5500,PETROL,145,29.7,3
C Class,2020,34999,SEMI-AUTO,1500,PETROL,145,46.3,1.5
C Class,2016,22680,SEMI-AUTO,28535,DIESEL,125,61.4,2.1
E Class,2017,23390,SEMI-AUTO,18362,DIESEL,145,70.6,2
C Class,2017,22440,SEMI-AUTO,32629,DIESEL,20,67.3,2.1
C Class,2016,17820,SEMI-AUTO,30748,DIESEL,20,68.9,2.1
A Class,2018,19350,SEMI-AUTO,14792,DIESEL,145,67.3,1.5
A Class,2017,16550,MANUAL,11460,PETROL,145,49.6,1.6
GLE Class,2016,25980,SEMI-AUTO,38942,DIESEL,260,42.8,3
A Class,2018,16450,MANUAL,22883,DIESEL,145,68.9,1.5
E Class,2017,22970,SEMI-AUTO,22699,DIESEL,145,70.6,2
GLA Class,2016,19330,AUTOMATIC,35425,DIESEL,125,56.5,2.1
A Class,2017,14998,SEMI-AUTO,30626,DIESEL,150,74.3,1.5
GLA Class,2014,15498,SEMI-AUTO,31758,DIESEL,145,55.4,2.1
GLA Class,2016,15998,MANUAL,40974,DIESEL,30,64.2,2.1
C Class,2016,16498,SEMI-AUTO,27034,DIESEL,30,65.7,1.6
CL Class,2015,17960,SEMI-AUTO,30741,DIESEL,20,67.3,2.1
C Class,2015,16998,SEMI-AUTO,66796,HYBRID,0,74.3,2.1
C Class,2016,19698,SEMI-AUTO,41056,DIESEL,20,67.3,2.1
GLE Class,2017,29498,SEMI-AUTO,25542,DIESEL,260,42.8,3
GLA Class,2016,16998,SEMI-AUTO,30129,DIESEL,125,56.5,2.1
A Class,2017,16998,SEMI-AUTO,19321,DIESEL,150,68.9,2.1
CL Class,2015,19998,SEMI-AUTO,29682,DIESEL,20,62.8,2.1
C Class,2016,14800,SEMI-AUTO,40620,DIESEL,30,65.7,1.6
C Class,2013,9881,AUTOMATIC,50591,PETROL,160,46.3,1.6
GLA Class,2014,13447,AUTOMATIC,54146,DIESEL,145,55.4,2.1
C Class,2015,13498,MANUAL,14480,PETROL,125,53.3,2
A Class,2016,19798,AUTOMATIC,17567,PETROL,200,42.8,2
C Class,2019,24450,SEMI-AUTO,10471,DIESEL,145,64.2,2
A Class,2019,20850,SEMI-AUTO,12220,PETROL,145,53.3,1.3
B Class,2019,20380,AUTOMATIC,14457,PETROL,145,45.6,1.3
A Class,2019,20980,SEMI-AUTO,9767,PETROL,145,53.3,1.3
CL Class,2019,25640,SEMI-AUTO,10866,DIESEL,145,51.4,2.2
B Class,2018,17990,AUTOMATIC,11290,DIESEL,145,68.9,2.1
A Class,2018,19490,AUTOMATIC,7286,PETROL,145,53.3,1.3
A Class,2018,19660,AUTOMATIC,5177,PETROL,145,53.3,1.3
C Class,2017,22590,SEMI-AUTO,41131,DIESEL,30,65.7,2.1
GLA Class,2017,19340,SEMI-AUTO,21425,DIESEL,145,56.5,2.1
CL Class,2017,20780,AUTOMATIC,23099,DIESEL,145,67.3,2.1
E Class,2015,15880,AUTOMATIC,34821,DIESEL,125,61.4,2.1
A Class,2017,15840,MANUAL,24814,DIESEL,145,62.8,2.1
CL Class,2017,20290,AUTOMATIC,21386,DIESEL,20,67.3,2.1
GLC Class,2018,27880,SEMI-AUTO,10408,DIESEL,145,56.5,2.1
E Class,2017,21820,AUTOMATIC,20952,DIESEL,145,54.3,3
A Class,2017,17600,MANUAL,12343,DIESEL,145,68.9,1.5
GLA Class,2016,19640,AUTOMATIC,14502,DIESEL,125,56.5,2.1
A Class,2014,10650,MANUAL,47280,DIESEL,20,72.4,1.5
C Class,2016,13660,MANUAL,26682,DIESEL,20,70.6,2.1
GLE Class,2016,29950,SEMI-AUTO,11118,DIESEL,260,42.8,3
V Class,2018,19998,MANUAL,26140,DIESEL,145,46.3,2.1
GLA Class,2016,17450,SEMI-AUTO,17626,DIESEL,30,64.2,2.1
CL Class,2016,18740,SEMI-AUTO,32162,DIESEL,20,67.3,2.1
GLA Class,2017,19990,SEMI-AUTO,14577,DIESEL,125,56.5,2.1
A Class,2017,29840,SEMI-AUTO,23786,PETROL,145,40.9,2
GLC Class,2018,29440,SEMI-AUTO,9690,DIESEL,145,56.5,2.1
A Class,2019,19840,AUTOMATIC,12066,PETROL,145,53.3,1.3
A Class,2016,15290,MANUAL,39162,DIESEL,30,62.8,2.1
C Class,2016,14580,SEMI-AUTO,33113,DIESEL,20,65.7,2.1
A Class,2019,20780,SEMI-AUTO,11324,PETROL,145,53.3,1.3
C Class,2017,23990,SEMI-AUTO,19784,PETROL,145,42.2,2
E Class,2016,17498,SEMI-AUTO,54502,DIESEL,20,72.4,2
GLE Class,2017,26998,SEMI-AUTO,37610,DIESEL,150,42.8,3
A Class,2017,15750,SEMI-AUTO,21000,DIESEL,145,74.3,1.5
C Class,2017,16750,SEMI-AUTO,20000,DIESEL,145,65.7,2.1
E Class,2016,19750,SEMI-AUTO,29000,DIESEL,30,65.7,2
GLE Class,2017,29498,SEMI-AUTO,22501,DIESEL,200,47.9,2.1
GLE Class,2017,25498,SEMI-AUTO,35725,DIESEL,200,47.9,2.1
GLA Class,2014,13991,SEMI-AUTO,42301,DIESEL,30,62.8,2.1
SLK,2013,11991,SEMI-AUTO,37411,DIESEL,150,56.5,2
E Class,2017,18660,SEMI-AUTO,30007,DIESEL,145,72.4,2
A Class,2017,16980,MANUAL,15734,DIESEL,145,62.8,2.1
C Class,2019,28660,AUTOMATIC,1610,DIESEL,145,57.7,2
C Class,2017,19490,SEMI-AUTO,31326,DIESEL,125,60.1,2.1
C Class,2017,21770,SEMI-AUTO,32790,DIESEL,20,67.3,2.1
CL Class,2018,19991,SEMI-AUTO,20297,PETROL,145,53.3,1.6
C Class,2019,25990,SEMI-AUTO,11728,DIESEL,145,56.5,2
C Class,2019,28660,AUTOMATIC,6282,DIESEL,145,54.3,2
A Class,2019,19990,SEMI-AUTO,12503,PETROL,145,53.3,1.3
GLS Class,2019,45550,AUTOMATIC,20429,DIESEL,145,37.2,3
CLS Class,2016,19770,AUTOMATIC,27167,DIESEL,125,57.7,2.1
GLA Class,2018,19950,AUTOMATIC,18621,DIESEL,145,56.5,2.1
GLE Class,2018,15491,SEMI-AUTO,42882,DIESEL,150,47.9,2.1
CLS Class,2013,12210,AUTOMATIC,54238,DIESEL,145,54.3,2.1
A Class,2016,14580,MANUAL,13232,DIESEL,30,65.7,2.1
GLE Class,2017,26600,AUTOMATIC,33848,DIESEL,145,42.8,3
E Class,2014,13970,AUTOMATIC,51176,DIESEL,200,47.1,3
A Class,2014,10990,SEMI-AUTO,49799,DIESEL,20,68.9,2.1
M Class,2013,15880,SEMI-AUTO,62791,DIESEL,300,39.2,3
A Class,2013,10630,SEMI-AUTO,52214,DIESEL,30,65.7,1.8
C Class,2014,15280,SEMI-AUTO,25901,DIESEL,20,64.2,2.1
A Class,2019,21490,AUTOMATIC,23000,DIESEL,145,67.3,1.5
B Class,2014,8200,MANUAL,39331,DIESEL,0,74.3,1.5
SLK,2013,10857,AUTOMATIC,49284,PETROL,200,43.5,2
GLC Class,2017,27998,SEMI-AUTO,30459,DIESEL,145,56.5,2.1
E Class,2017,21498,SEMI-AUTO,20636,DIESEL,160,52.3,3
C Class,2016,19290,SEMI-AUTO,17600,DIESEL,30,64.2,2.1
C Class,2016,16390,SEMI-AUTO,31360,DIESEL,20,64.2,2.1
A Class,2016,12780,MANUAL,42769,DIESEL,20,72.4,1.5
CL Class,2014,17660,SEMI-AUTO,25237,DIESEL,30,62.8,2.1
GLA Class,2018,20550,SEMI-AUTO,36615,DIESEL,145,56.5,2.1
C Class,2016,18350,SEMI-AUTO,59625,DIESEL,30,64.2,2.1
A Class,2018,18290,SEMI-AUTO,7034,DIESEL,145,68.9,1.5
GLE Class,2017,28998,SEMI-AUTO,18801,DIESEL,145,42.8,3
GL Class,2015,30698,SEMI-AUTO,44902,DIESEL,325,36.2,3
E Class,2017,18798,SEMI-AUTO,42177,DIESEL,145,72.4,2
S Class,2017,27498,SEMI-AUTO,39872,DIESEL,145,50.4,3
E Class,2017,18298,SEMI-AUTO,53262,DIESEL,30,65.7,2
B Class,2014,9498,SEMI-AUTO,40217,DIESEL,30,64.2,1.5
GLE Class,2017,26998,SEMI-AUTO,20113,DIESEL,200,47.9,2.1
GLA Class,2015,14498,MANUAL,41042,DIESEL,20,64.2,2.1
C Class,2016,16998,AUTOMATIC,59208,HYBRID,0,76.4,2.1
E Class,2015,19298,SEMI-AUTO,42040,DIESEL,160,51.4,3
C Class,2015,16990,AUTOMATIC,7976,PETROL,125,52.3,2
E Class,2015,13527,AUTOMATIC,51933,DIESEL,125,61.4,2.1
V Class,2018,19998,MANUAL,24823,DIESEL,145,46.3,2.1
M Class,2013,15890,AUTOMATIC,66426,DIESEL,300,39.2,3
SLK,2015,13240,SEMI-AUTO,38487,DIESEL,145,56.5,2
M Class,2013,16770,SEMI-AUTO,41366,DIESEL,300,39.2,3
A Class,2016,11990,MANUAL,39853,DIESEL,20,72.4,1.5
GLA Class,2017,19890,SEMI-AUTO,27219,DIESEL,145,56.5,2.1
C Class,2015,12880,SEMI-AUTO,32786,DIESEL,145,53.3,2.1
C Class,2017,18660,SEMI-AUTO,23257,DIESEL,145,61.4,2.1
C Class,2014,14498,SEMI-AUTO,39442,DIESEL,20,64.2,2.1
CL Class,2015,16995,SEMI-AUTO,30995,DIESEL,30,62.8,2.1
C Class,2016,19798,SEMI-AUTO,29643,DIESEL,125,60.1,2.1
GLC Class,2017,22498,SEMI-AUTO,30028,DIESEL,145,56.5,2.1
GLC Class,2016,27998,SEMI-AUTO,43910,DIESEL,145,56.5,2.1
C Class,2016,16998,SEMI-AUTO,21967,PETROL,125,53.3,2
V Class,2018,20498,MANUAL,18831,DIESEL,145,46.3,2.1
CLS Class,2016,21998,SEMI-AUTO,25313,DIESEL,160,51.4,3
M Class,2015,20498,SEMI-AUTO,43072,DIESEL,205,39.2,2.1
E Class,2016,19498,SEMI-AUTO,38238,DIESEL,165,52.3,3
CLS Class,2015,19298,SEMI-AUTO,40912,DIESEL,125,57.7,2.1
M Class,2015,21498,SEMI-AUTO,44984,DIESEL,300,39.2,3
CL Class,2014,20998,SEMI-AUTO,60488,PETROL,200,39.8,2
GLE Class,2018,31298,SEMI-AUTO,6951,DIESEL,145,47.9,2.1
A Class,2013,9498,MANUAL,80158,DIESEL,30,62.8,1.8
B Class,2019,19998,SEMI-AUTO,14922,PETROL,145,45.6,1.3
C Class,2016,17998,SEMI-AUTO,35721,DIESEL,30,64.2,2.1
GLA Class,2019,22599,SEMI-AUTO,5026,DIESEL,145,67.3,2.1
GLA Class,2017,19999,SEMI-AUTO,16339,DIESEL,125,56.5,2.1
C Class,2018,24799,SEMI-AUTO,20087,PETROL,145,47.1,2
B Class,2017,13499,MANUAL,22926,DIESEL,20,68.9,1.5
A Class,2014,10495,MANUAL,53954,DIESEL,20,70.6,1.5
GLA Class,2018,18995,MANUAL,21000,PETROL,145,48.7,1.6
GLE Class,2017,36995,SEMI-AUTO,15154,DIESEL,300,39.2,3
GLA Class,2017,17495,AUTOMATIC,45500,DIESEL,125,56.5,2.1
C Class,2017,18995,AUTOMATIC,11800,DIESEL,145,61.4,2.1
GLA Class,2016,17495,SEMI-AUTO,44499,DIESEL,125,56.5,2.1
CLS Class,2019,37499,SEMI-AUTO,5680,DIESEL,145,48.7,2.9
C Class,2018,27495,SEMI-AUTO,16347,DIESEL,145,57.7,2
B Class,2019,21499,SEMI-AUTO,14244,PETROL,145,45.6,1.3
S Class,2018,57995,SEMI-AUTO,1861,PETROL,145,40.9,3
S Class,2018,56000,SEMI-AUTO,2286,PETROL,145,40.9,3
V Class,2017,35995,SEMI-AUTO,16830,DIESEL,235,44.8,2.2
B Class,2019,22490,SEMI-AUTO,1378,PETROL,145,45.6,1.3
B Class,2019,23395,SEMI-AUTO,1928,DIESEL,145,55.4,2
C Class,2019,21795,MANUAL,6959,PETROL,145,46.3,1.6
C Class,2017,33495,SEMI-AUTO,22574,PETROL,300,33.6,4
GLE Class,2018,39999,SEMI-AUTO,24624,PETROL,145,32.8,3
GLA Class,2018,21999,SEMI-AUTO,15381,DIESEL,145,56.5,2.1
GLA Class,2014,23495,SEMI-AUTO,27265,PETROL,235,37.7,2
GLC Class,2017,24790,SEMI-AUTO,28894,DIESEL,145,56.5,2.1
CLS Class,2019,46495,SEMI-AUTO,5524,DIESEL,145,47.9,2.9
C Class,2019,34790,SEMI-AUTO,5298,DIESEL,145,57.7,2
GLC Class,2016,23790,SEMI-AUTO,32549,DIESEL,125,56.5,2.1
C Class,2017,18495,SEMI-AUTO,22994,PETROL,145,48.7,2
B Class,2019,22499,SEMI-AUTO,1352,PETROL,145,45.6,1.3
GLA Class,2015,17960,SEMI-AUTO,38339,DIESEL,125,56.5,2.1
CL Class,2014,17350,AUTOMATIC,29211,DIESEL,30,62.8,2.1
C Class,2016,23920,AUTOMATIC,18865,DIESEL,30,65.7,2.1
A Class,2018,20490,SEMI-AUTO,7024,DIESEL,145,67.3,1.5
A Class,2018,20490,AUTOMATIC,7148,DIESEL,145,67.3,1.5
A Class,2018,18990,SEMI-AUTO,17423,DIESEL,145,67.3,1.5
A Class,2019,19990,SEMI-AUTO,9980,DIESEL,145,67.3,1.5
C Class,2017,22960,SEMI-AUTO,21225,DIESEL,20,67.3,2.1
A Class,2016,15770,SEMI-AUTO,31711,DIESEL,20,67.3,2.1
C Class,2019,22270,AUTOMATIC,3233,PETROL,145,44.1,1.6
C Class,2019,25795,SEMI-AUTO,12986,DIESEL,145,58.9,2
GLC Class,2016,25495,SEMI-AUTO,24290,DIESEL,125,56.5,2.1
E Class,2019,24999,SEMI-AUTO,13423,DIESEL,145,72.4,2
GLC Class,2016,28490,SEMI-AUTO,29889,DIESEL,145,56.5,2.1
GLE Class,2019,62495,SEMI-AUTO,11545,PETROL,145,23.9,5.5
GLC Class,2018,28499,SEMI-AUTO,25861,DIESEL,145,56.5,2.1
C Class,2019,26890,SEMI-AUTO,1705,PETROL,145,42.2,1.6
E Class,2019,35990,SEMI-AUTO,5526,DIESEL,145,70.6,2
C Class,2019,26885,SEMI-AUTO,2622,PETROL,145,42.2,1.6
GLE Class,2017,27999,SEMI-AUTO,37069,DIESEL,200,47.9,2.1
C Class,2016,15699,SEMI-AUTO,30301,DIESEL,20,65.7,2.1
C Class,2017,18499,SEMI-AUTO,28480,DIESEL,30,64.2,1.6
A Class,2017,15499,SEMI-AUTO,18138,PETROL,125,53.3,1.6
E Class,2019,25499,SEMI-AUTO,5600,DIESEL,145,67.3,2
E Class,2019,24995,SEMI-AUTO,8400,DIESEL,145,72.4,2
CL Class,2019,26499,SEMI-AUTO,11329,DIESEL,145,51.4,2.2
E Class,2017,21495,SEMI-AUTO,18658,DIESEL,145,67.3,2
C Class,2019,24499,SEMI-AUTO,3984,PETROL,145,44.1,1.5
C Class,2019,30495,SEMI-AUTO,8771,PETROL,145,44.1,2
C Class,2019,29999,SEMI-AUTO,1683,DIESEL,145,55.4,2
CL Class,2019,26499,SEMI-AUTO,10432,DIESEL,145,51.4,2.2
GLE Class,2017,31498,SEMI-AUTO,13718,DIESEL,145,42.8,3
A Class,2019,13498,SEMI-AUTO,30200,DIESEL,145,67.3,1.5
CL Class,2015,17998,SEMI-AUTO,28235,DIESEL,30,62.8,2.1
A Class,2014,12498,SEMI-AUTO,35677,DIESEL,20,68.9,2.1
C Class,2014,15998,SEMI-AUTO,34382,DIESEL,30,64.2,2.1
GLC Class,2016,23998,SEMI-AUTO,14946,DIESEL,125,56.5,2.1
GLE Class,2016,27998,SEMI-AUTO,21750,DIESEL,205,47.9,2.1
SL CLASS,2017,20498,SEMI-AUTO,18076,DIESEL,30,70.6,2.1
E Class,2017,19498,SEMI-AUTO,49866,DIESEL,150,65.7,2
GLA Class,2017,19698,SEMI-AUTO,6631,PETROL,150,48.7,1.6
C Class,2016,14770,SEMI-AUTO,21745,PETROL,125,53.3,2
A Class,2018,17218,SEMI-AUTO,16141,DIESEL,145,70.6,2.1
E Class,2016,16820,SEMI-AUTO,39096,DIESEL,125,58.9,2.1
A Class,2018,19097,SEMI-AUTO,7844,PETROL,145,53.3,1.3
A Class,2018,19097,SEMI-AUTO,10494,PETROL,145,53.3,1.3
GLC Class,2016,25100,SEMI-AUTO,27703,DIESEL,125,56.5,2.1
E Class,2016,16328,SEMI-AUTO,49066,DIESEL,125,58.9,2.1
C Class,2014,17330,SEMI-AUTO,32475,DIESEL,30,64.2,2.1
C Class,2017,17789,SEMI-AUTO,63019,DIESEL,125,61.4,2.1
C Class,2015,17044,SEMI-AUTO,48123,DIESEL,30,64.2,2.1
GLA Class,2020,23990,SEMI-AUTO,2500,PETROL,145,37.2,1.6
B Class,2018,15500,MANUAL,6423,DIESEL,145,68.9,1.5
A Class,2020,21990,MANUAL,151,PETROL,145,47.1,1.3
A Class,2020,25990,SEMI-AUTO,2000,PETROL,145,47.9,1.3
GLC Class,2017,24250,SEMI-AUTO,24168,DIESEL,125,56.5,2.1
C Class,2017,17330,SEMI-AUTO,22684,DIESEL,145,64.2,2.1
A Class,2015,13500,SEMI-AUTO,35343,DIESEL,20,68.9,2.1
C Class,2017,18795,AUTOMATIC,46294,DIESEL,20,67.3,2.1
GLA Class,2015,15837,SEMI-AUTO,31091,DIESEL,125,55.4,2.1
C Class,2016,15220,SEMI-AUTO,39656,DIESEL,20,65.7,2.1
GLA Class,2016,17765,AUTOMATIC,36308,DIESEL,125,56.5,2.1
C Class,2016,14220,SEMI-AUTO,45868,DIESEL,20,65.7,2.1
C Class,2017,22260,SEMI-AUTO,27637,DIESEL,30,64.2,2.1
GLE Class,2017,36999,SEMI-AUTO,10946,PETROL,305,32.8,3
CLS Class,2016,19495,SEMI-AUTO,31532,DIESEL,125,57.7,2.1
A Class,2019,27799,SEMI-AUTO,565,PETROL,145,28.5,2
E Class,2016,18880,SEMI-AUTO,45143,DIESEL,30,65.7,2
C Class,2019,41880,AUTOMATIC,151,PETROL,145,29.7,3
C Class,2019,30990,AUTOMATIC,151,DIESEL,145,55.4,2
E Class,2019,38880,AUTOMATIC,1347,DIESEL,145,47.1,3
C Class,2019,28880,AUTOMATIC,7324,PETROL,145,46.3,1.5
C Class,2019,28990,AUTOMATIC,2501,DIESEL,145,64.2,2
C Class,2016,18700,SEMI-AUTO,33237,DIESEL,125,58.9,2.1
GLA Class,2018,19495,SEMI-AUTO,17911,PETROL,145,50.4,1.6
B Class,2017,16299,SEMI-AUTO,19160,DIESEL,145,68.9,2.1
E Class,2017,23499,SEMI-AUTO,7898,DIESEL,145,67.3,2
A Class,2017,79999,SEMI-AUTO,13781,PETROL,145,30.1,4
A Class,2019,18499,SEMI-AUTO,18588,DIESEL,145,65.7,1.5
C Class,2019,19895,SEMI-AUTO,10985,PETROL,145,46.3,1.5
C Class,2019,27595,SEMI-AUTO,11480,DIESEL,145,56.5,2
C Class,2018,22880,SEMI-AUTO,23061,DIESEL,145,67.3,2.1
A Class,2018,19097,SEMI-AUTO,9753,PETROL,145,53.3,1.3
A Class,2018,19097,SEMI-AUTO,7456,PETROL,145,53.3,1.3
GLA Class,2017,17997,AUTOMATIC,21298,DIESEL,145,56.5,2.1
B Class,2019,16930,MANUAL,5317,PETROL,145,49.6,1.6
CL Class,2017,20500,AUTOMATIC,14611,DIESEL,145,67.3,2.1
E Class,2017,19395,SEMI-AUTO,22767,DIESEL,145,72.4,2
GLA Class,2016,17863,AUTOMATIC,28483,DIESEL,125,56.5,2.1
C Class,2016,20105,AUTOMATIC,14965,DIESEL,30,64.2,2.1
GLA Class,2017,21100,SEMI-AUTO,21524,DIESEL,145,56.5,2.1
E Class,2016,18037,SEMI-AUTO,25593,DIESEL,125,58.9,2.1
GLA Class,2016,17997,SEMI-AUTO,29217,DIESEL,125,56.5,2.1
A Class,2018,18927,SEMI-AUTO,15013,DIESEL,145,65.7,1.5
A Class,2018,19127,SEMI-AUTO,15116,DIESEL,145,65.7,1.5
C Class,2019,28400,SEMI-AUTO,1287,DIESEL,145,56.5,2
A Class,2019,21835,SEMI-AUTO,9422,DIESEL,145,67.3,1.5
A Class,2019,20130,SEMI-AUTO,5263,PETROL,145,53.3,1.3
A Class,2018,18436,SEMI-AUTO,7756,DIESEL,145,68.9,1.5
C Class,2016,22765,AUTOMATIC,25178,DIESEL,30,65.7,2.1
A Class,2019,18718,SEMI-AUTO,14825,DIESEL,145,68.9,1.5
C Class,2016,17770,SEMI-AUTO,27306,DIESEL,20,64.2,2.1
C Class,2017,18433,SEMI-AUTO,34278,DIESEL,145,61.4,2.1
A Class,2017,19231,AUTOMATIC,23174,DIESEL,145,68.9,2.1
A Class,2019,18499,SEMI-AUTO,16467,DIESEL,145,65.7,1.5
GLC Class,2020,34999,SEMI-AUTO,2271,DIESEL,145,44.8,2
C Class,2016,21440,SEMI-AUTO,26600,DIESEL,20,67.3,2.1
GLA Class,2015,16690,SEMI-AUTO,14726,DIESEL,20,64.2,2.1
GLA Class,2017,18447,AUTOMATIC,54961,DIESEL,145,56.5,2.1
GLA Class,2016,17462,SEMI-AUTO,24412,DIESEL,30,64.2,2.1
A Class,2016,12456,MANUAL,49436,DIESEL,20,72.4,1.5
A Class,2017,16979,MANUAL,11811,DIESEL,20,68.9,1.5
C Class,2017,22170,SEMI-AUTO,19155,DIESEL,145,67.3,2.1
A Class,2018,15694,MANUAL,43396,DIESEL,145,68.9,1.5
C Class,2016,15490,SEMI-AUTO,22178,DIESEL,30,65.7,1.6
GLA Class,2017,19890,SEMI-AUTO,22693,DIESEL,125,56.5,2.1
GLA Class,2016,17690,SEMI-AUTO,33242,DIESEL,125,56.5,2.1
GLA Class,2016,17690,SEMI-AUTO,41520,DIESEL,125,56.5,2.1
E Class,2017,21290,SEMI-AUTO,21165,DIESEL,160,52.3,3
GLB Class,2020,35400,SEMI-AUTO,2000,DIESEL,145,46.3,2
GLB Class,2020,35400,SEMI-AUTO,2000,DIESEL,145,46.3,2
A Class,2020,25490,SEMI-AUTO,2000,PETROL,145,45.6,2
C Class,2017,20990,SEMI-AUTO,19733,PETROL,150,48.7,2
A Class,2018,20855,SEMI-AUTO,8279,PETROL,145,53.3,1.3
C Class,2017,21115,SEMI-AUTO,31538,DIESEL,145,67.3,2.1
A Class,2019,19990,MANUAL,13862,PETROL,145,28.5,1.3
A Class,2019,19990,MANUAL,14210,PETROL,145,28.5,1.3
C Class,2019,21497,SEMI-AUTO,3539,DIESEL,145,64.2,1.6
A Class,2019,21840,SEMI-AUTO,10904,DIESEL,145,67.3,1.5
A Class,2017,16898,MANUAL,24093,DIESEL,150,62.8,2.1
GLA Class,2014,16498,SEMI-AUTO,33961,DIESEL,145,55.4,2.1
S Class,2017,31998,SEMI-AUTO,20224,DIESEL,160,52.3,3
C Class,2018,27498,SEMI-AUTO,12170,DIESEL,145,54.3,2
C Class,2016,19498,SEMI-AUTO,24111,HYBRID,0,134.5,2
CL Class,2020,29999,SEMI-AUTO,1100,PETROL,145,44.8,1.3
C Class,2017,16499,SEMI-AUTO,30536,PETROL,150,50.4,2
A Class,2016,14999,SEMI-AUTO,22433,DIESEL,20,74.3,1.5
CL Class,2016,18799,SEMI-AUTO,19930,DIESEL,20,70.6,2.1
GLA Class,2018,23499,SEMI-AUTO,9979,DIESEL,150,56.5,2.1
GLA Class,2017,19799,SEMI-AUTO,9186,DIESEL,150,56.5,2.1
GLE Class,2019,53999,SEMI-AUTO,9015,PETROL,150,30.1,3
A Class,2019,19999,MANUAL,7709,PETROL,150,28.5,1.3
A Class,2018,19297,AUTOMATIC,7236,PETROL,145,53.3,1.3
A Class,2018,18885,AUTOMATIC,7047,PETROL,145,53.3,1.3
A Class,2019,22990,SEMI-AUTO,11520,PETROL,145,53.3,1.3
A Class,2019,18904,SEMI-AUTO,7848,DIESEL,145,68.9,1.5
C Class,2018,27698,SEMI-AUTO,10579,DIESEL,145,54.3,2
GLE Class,2016,7750,SEMI-AUTO,77456,DIESEL,235,42.8,3
A Class,2018,18250,SEMI-AUTO,22239,PETROL,145,52.3,1.6
GLC Class,2018,28500,SEMI-AUTO,12670,DIESEL,145,56.5,2.1
A Class,2014,9500,MANUAL,66237,DIESEL,20,72.4,1.5
E Class,2016,18295,SEMI-AUTO,20582,DIESEL,125,58.9,2.1
A Class,2018,18995,SEMI-AUTO,13189,PETROL,145,52.3,1.6
C Class,2017,23495,SEMI-AUTO,23033,DIESEL,30,65.7,2.1
GLC Class,2016,21995,SEMI-AUTO,28000,DIESEL,125,56.5,2.1
GLC Class,2017,26995,SEMI-AUTO,33153,DIESEL,145,56.5,2.1
GLA Class,2016,16695,AUTOMATIC,26000,DIESEL,30,64.2,2.1
GLS Class,2018,41995,AUTOMATIC,14718,DIESEL,145,37.2,3
E Class,2015,11995,SEMI-AUTO,75229,DIESEL,125,60.1,2.1
GLA Class,2017,15195,MANUAL,56960,DIESEL,20,67.3,2.1
CL Class,2013,10995,MANUAL,69965,PETROL,125,50.4,1.6
C Class,2017,21565,AUTOMATIC,39447,PETROL,145,47.1,2
C Class,2017,21697,SEMI-AUTO,28272,PETROL,145,47.1,2
CL Class,2017,20370,AUTOMATIC,17050,DIESEL,145,67.3,2.1
GLS Class,2019,46770,AUTOMATIC,11231,DIESEL,145,37.2,3
S Class,2013,24530,AUTOMATIC,56061,HYBRID,190,44.8,3.5
A Class,2017,16190,MANUAL,33912,DIESEL,20,68.9,1.5
C Class,2016,20990,SEMI-AUTO,20972,DIESEL,30,64.2,2.1
A Class,2017,15990,MANUAL,22231,PETROL,145,49.6,1.6
CL Class,2015,15770,SEMI-AUTO,60111,DIESEL,30,62.8,2.1
E Class,2017,21690,SEMI-AUTO,22484,DIESEL,145,65.7,2
E Class,2014,14975,SEMI-AUTO,58145,DIESEL,200,47.1,3
A Class,2013,10950,MANUAL,56000,DIESEL,20,70.6,1.5
GLA Class,2014,13990,AUTOMATIC,56488,DIESEL,145,55.4,2.1
A Class,2016,15750,SEMI-AUTO,52964,DIESEL,20,67.3,2.1
E Class,2016,15790,SEMI-AUTO,43280,DIESEL,125,56.5,2.1
A Class,2016,15990,SEMI-AUTO,52518,DIESEL,20,67.3,2.1
C Class,2014,12750,SEMI-AUTO,74000,DIESEL,30,62.8,2.1
CL Class,2014,15990,SEMI-AUTO,45559,DIESEL,30,62.8,2.1
CL Class,2017,18295,AUTOMATIC,49434,DIESEL,125,58.9,2.1
GLC Class,2016,21295,SEMI-AUTO,64995,DIESEL,125,56.5,2.1
E Class,2014,12795,SEMI-AUTO,54358,DIESEL,125,58.9,2.1
CLS Class,2015,16995,AUTOMATIC,50231,DIESEL,125,56.5,2.1
CL Class,2017,18995,SEMI-AUTO,30877,PETROL,150,53.3,1.6
SL CLASS,2017,18990,MANUAL,17261,PETROL,160,43.5,2
CLS Class,2015,17450,AUTOMATIC,60972,DIESEL,160,52.3,3
A Class,2013,14990,AUTOMATIC,26038,PETROL,160,44.1,2
E Class,2018,21990,SEMI-AUTO,32153,DIESEL,145,61.4,2
CLS Class,2013,14750,AUTOMATIC,56198,DIESEL,200,46.3,3
C Class,2014,13950,SEMI-AUTO,45527,DIESEL,20,64.2,2.1
A Class,2017,16450,SEMI-AUTO,37112,DIESEL,20,68.9,2.1
GLA Class,2017,14950,MANUAL,54952,DIESEL,30,64.2,2.1
GLC Class,2017,27950,AUTOMATIC,22244,DIESEL,145,56.5,2.1
B Class,2016,11450,MANUAL,23563,DIESEL,20,68.9,1.5
CL Class,2016,18250,SEMI-AUTO,35025,DIESEL,125,58.9,2.1
GLA Class,2017,17495,SEMI-AUTO,40316,DIESEL,30,64.2,2.1
A Class,2018,16195,AUTOMATIC,22000,PETROL,145,52.3,1.6
GLE Class,2016,24495,AUTOMATIC,32790,DIESEL,260,42.8,3
GLC Class,2017,25995,SEMI-AUTO,47776,DIESEL,200,47.9,3
GLA Class,2014,15495,SEMI-AUTO,60895,DIESEL,145,55.4,2.1
A Class,2014,12450,MANUAL,55253,DIESEL,30,62.8,2.1
CL Class,2015,14990,MANUAL,35283,PETROL,145,48.7,1.6
GLA Class,2015,17790,SEMI-AUTO,30000,DIESEL,125,55.4,2.1
CL Class,2015,13490,AUTOMATIC,63797,DIESEL,20,68.9,2.1
E Class,2016,17990,SEMI-AUTO,34356,DIESEL,20,72.4,2
V Class,2015,25990,SEMI-AUTO,56617,DIESEL,235,44.8,2.2
GLA Class,2016,15290,MANUAL,42365,DIESEL,20,64.2,2.1
A Class,2014,11990,MANUAL,61307,DIESEL,20,70.6,1.5
GLA Class,2017,15495,MANUAL,65261,DIESEL,30,64.2,2.1
C Class,2016,14495,AUTOMATIC,50995,DIESEL,30,64.2,1.6
CL Class,2016,15295,MANUAL,41774,DIESEL,20,67.3,2.1
CL Class,2016,20995,SEMI-AUTO,8008,DIESEL,20,67.3,2.1
C Class,2016,17699,SEMI-AUTO,15511,PETROL,125,52.3,2
GLA Class,2017,17299,SEMI-AUTO,27775,DIESEL,145,67.3,2.1
A Class,2018,16499,MANUAL,30066,DIESEL,150,68.9,1.5
E Class,2016,16499,SEMI-AUTO,40930,DIESEL,150,54.3,3
C Class,2018,20495,SEMI-AUTO,24158,DIESEL,145,60.1,2.1
C Class,2019,24736,SEMI-AUTO,10605,DIESEL,145,64.2,2
E Class,2019,33995,SEMI-AUTO,5000,DIESEL,145,45.6,2
C Class,2017,18495,SEMI-AUTO,41857,DIESEL,145,61.4,2.1
GLC Class,2017,28699,SEMI-AUTO,30063,DIESEL,145,56.5,2.1
GLA Class,2015,17491,SEMI-AUTO,33204,DIESEL,125,55.4,2.1
C Class,2019,28995,SEMI-AUTO,4099,PETROL,145,46.3,1.5
GLE Class,2019,47995,SEMI-AUTO,7018,DIESEL,145,36.7,2
A Class,2019,24795,SEMI-AUTO,4499,PETROL,145,28.5,1.3
A Class,2016,13999,MANUAL,21396,DIESEL,20,72.4,1.5
B Class,2017,15999,SEMI-AUTO,13158,DIESEL,150,68.9,2.1
E Class,2016,19501,SEMI-AUTO,25783,DIESEL,20,67.3,2
CL Class,2018,21495,SEMI-AUTO,8016,PETROL,145,52.3,1.6
B Class,2017,14995,SEMI-AUTO,26109,DIESEL,20,68.9,2.1
E Class,2019,26499,SEMI-AUTO,13304,DIESEL,145,72.4,2
S Class,2018,41999,SEMI-AUTO,8107,DIESEL,145,52.3,3
E Class,2019,25499,SEMI-AUTO,7488,DIESEL,145,67.3,2
GLC Class,2018,31950,SEMI-AUTO,34229,DIESEL,145,56.5,2.1
E Class,2016,18795,SEMI-AUTO,48207,DIESEL,30,65.7,2
E Class,2018,22499,SEMI-AUTO,26695,DIESEL,145,65.7,2
A Class,2017,15065,SEMI-AUTO,14219,PETROL,30,55.4,1.6
C Class,2017,21190,SEMI-AUTO,14044,DIESEL,150,61.4,2.1
E Class,2017,22998,SEMI-AUTO,9926,DIESEL,150,65.7,2
A Class,2018,18998,SEMI-AUTO,14232,DIESEL,145,65.7,1.5
A Class,2014,12998,MANUAL,39558,DIESEL,20,70.6,1.5
E Class,2015,14998,SEMI-AUTO,45033,DIESEL,125,56.5,2.1
A Class,2014,12498,SEMI-AUTO,43904,DIESEL,20,68.9,2.1
A Class,2015,12998,SEMI-AUTO,42724,DIESEL,20,68.9,2.1
A Class,2014,11498,MANUAL,60321,DIESEL,20,70.6,1.5
C Class,2017,21595,SEMI-AUTO,12648,DIESEL,145,67.3,2.1
C Class,2017,21295,SEMI-AUTO,36135,DIESEL,30,65.7,2.1
C Class,2016,19995,SEMI-AUTO,19488,DIESEL,30,64.2,2.1
GLA Class,2018,21795,SEMI-AUTO,15387,PETROL,145,48.7,1.6
CL Class,2018,21495,SEMI-AUTO,17107,DIESEL,145,67.3,2.1
E Class,2018,20795,SEMI-AUTO,42097,DIESEL,145,65.7,2
A Class,2014,13799,SEMI-AUTO,52311,DIESEL,20,64.2,2.1
E Class,2019,24999,SEMI-AUTO,13967,DIESEL,145,72.4,2
E Class,2019,26499,SEMI-AUTO,2638,DIESEL,145,72.4,2
A Class,2019,21499,SEMI-AUTO,9198,DIESEL,150,56.5,2
B Class,2014,9999,SEMI-AUTO,53516,DIESEL,30,60.1,1.8
E Class,2019,26999,SEMI-AUTO,6134,DIESEL,150,72.4,2
E Class,2017,19999,SEMI-AUTO,27381,DIESEL,20,72.4,2
M Class,2015,19995,SEMI-AUTO,47808,DIESEL,300,39.2,3
CL Class,2020,32499,SEMI-AUTO,2000,DIESEL,145,55.4,2
C Class,2015,13448,SEMI-AUTO,31878,DIESEL,20,65.7,2.1
X-CLASS,2018,33991,AUTOMATIC,11366,DIESEL,265,31.4,3
X-CLASS,2020,31991,AUTOMATIC,303,DIESEL,265,35.8,2.3
X-CLASS,2019,37891,AUTOMATIC,303,DIESEL,265,31.4,3
X-CLASS,2019,22995,AUTOMATIC,9772,DIESEL,265,35.8,2.3
E Class,2019,39950,SEMI-AUTO,9200,DIESEL,145,72.4,2
A Class,2016,14495,SEMI-AUTO,55769,DIESEL,20,68.9,2.1
GLA Class,2015,13995,SEMI-AUTO,62760,DIESEL,20,62.8,2.1
GLC Class,2016,22499,SEMI-AUTO,49822,DIESEL,125,56.5,2.1
GLC Class,2017,26999,SEMI-AUTO,35293,DIESEL,145,56.5,2.1
CL Class,2015,15995,SEMI-AUTO,37544,PETROL,125,51.4,1.6
CL Class,2019,21995,MANUAL,13329,PETROL,150,44.1,1.6
E Class,2017,25995,AUTOMATIC,22000,DIESEL,145,70.6,2
E Class,2016,19990,SEMI-AUTO,43000,DIESEL,160,51.4,3
C Class,2014,10190,SEMI-AUTO,62448,DIESEL,150,56.5,2.1
C Class,2016,18995,SEMI-AUTO,38305,DIESEL,30,64.2,2.1
GLA Class,2015,17485,SEMI-AUTO,36462,DIESEL,125,55.4,2.1
A Class,2017,17695,AUTOMATIC,7145,DIESEL,145,74.3,1.5
E Class,2016,19845,AUTOMATIC,32741,DIESEL,30,65.7,2
GLC Class,2016,23245,SEMI-AUTO,21210,DIESEL,125,56.5,2.1
GLA Class,2016,19495,AUTOMATIC,20957,DIESEL,125,56.5,2.1
A Class,2017,15995,SEMI-AUTO,10839,PETROL,145,55.4,1.6
C Class,2016,15998,SEMI-AUTO,25202,DIESEL,30,65.7,1.6
C Class,2017,24698,SEMI-AUTO,28631,DIESEL,150,67.3,2.1
GLA Class,2017,30998,SEMI-AUTO,13409,PETROL,235,38.2,2
C Class,2016,14398,SEMI-AUTO,29002,DIESEL,20,65.7,2.1
GLA Class,2015,15998,SEMI-AUTO,38858,DIESEL,20,67.3,2.1
C Class,2014,15998,SEMI-AUTO,66140,DIESEL,125,60.1,2.1
GLC Class,2017,23998,SEMI-AUTO,39647,DIESEL,125,56.5,2.1
V Class,2018,21996,MANUAL,32095,DIESEL,145,46.3,2.1
V Class,2018,19346,MANUAL,34483,DIESEL,150,46.3,2.1
V Class,2019,20391,AUTOMATIC,18812,DIESEL,150,48.7,2.1
GLA Class,2019,20995,MANUAL,6587,PETROL,145,40.9,1.6
C Class,2018,19950,SEMI-AUTO,33082,DIESEL,145,64.2,2.1
E Class,2013,11950,AUTOMATIC,63903,DIESEL,30,58.9,2.1
E Class,2016,15995,SEMI-AUTO,60931,DIESEL,125,58.9,2.1
E Class,2013,11950,SEMI-AUTO,63903,DIESEL,30,58.9,2.1
E Class,2016,15995,SEMI-AUTO,60931,DIESEL,125,58.9,2.1
C Class,2018,19950,SEMI-AUTO,33082,DIESEL,145,64.2,2.1
A Class,2017,17695,SEMI-AUTO,7145,DIESEL,150,74.3,1.5
CLS Class,2016,21995,SEMI-AUTO,31689,DIESEL,160,51.4,3
C Class,2016,21495,SEMI-AUTO,16723,DIESEL,125,60.1,2.1
C Class,2017,16679,AUTOMATIC,24425,DIESEL,145,64.2,2.1
A Class,2013,11036,MANUAL,50674,DIESEL,125,61.4,1.8
A Class,2013,12498,SEMI-AUTO,38301,PETROL,150,49.6,1.6
GLA Class,2015,14998,SEMI-AUTO,45537,DIESEL,20,62.8,2.1
C Class,2015,15998,SEMI-AUTO,32023,DIESEL,30,64.2,2.1
A Class,2014,13750,AUTOMATIC,49211,DIESEL,30,64.2,1.8
GLC Class,2016,22995,SEMI-AUTO,30000,DIESEL,125,56.5,2.1
GLA Class,2019,18990,SEMI-AUTO,15000,PETROL,145,44.8,1.6
C Class,2018,17990,SEMI-AUTO,27000,PETROL,145,48.7,2
C Class,2017,16490,SEMI-AUTO,17000,DIESEL,20,65.7,2.1
V Class,2016,36999,MANUAL,20455,DIESEL,200,46.3,2.1
C Class,2015,14490,SEMI-AUTO,49988,DIESEL,30,61.4,2.1
GLA Class,2016,15490,MANUAL,25978,DIESEL,30,64.2,2.1
A Class,2014,9914,MANUAL,55058,DIESEL,20,72.4,1.5
C Class,2017,16350,SEMI-AUTO,14893,DIESEL,30,64.2,1.6
C Class,2015,10477,SEMI-AUTO,81816,PETROL,125,53.3,2
A Class,2014,11353,MANUAL,53520,DIESEL,30,64.2,2.1
E Class,2017,20998,SEMI-AUTO,17751,DIESEL,150,52.3,3
CL Class,2015,12498,SEMI-AUTO,68517,PETROL,125,51.4,1.6
C Class,2018,18998,SEMI-AUTO,15408,PETROL,145,50.4,2
GLA Class,2017,19780,MANUAL,18458,PETROL,145,47.1,1.6
A Class,2016,14056,MANUAL,32846,DIESEL,20,68.9,1.5
CL Class,2015,15300,MANUAL,33004,PETROL,125,50.4,1.6
A Class,2016,15990,MANUAL,17071,DIESEL,30,62.8,2.1
C Class,2017,19498,SEMI-AUTO,22424,DIESEL,30,60.1,2.1
GLE Class,2016,28498,SEMI-AUTO,22282,DIESEL,205,47.9,2.1
CL Class,2017,18995,SEMI-AUTO,24231,DIESEL,145,67.3,2.1
B Class,2014,8160,MANUAL,61800,DIESEL,30,61.4,1.5
CL Class,2017,19810,SEMI-AUTO,3857,DIESEL,20,68.9,2.1
CL Class,2015,16998,SEMI-AUTO,34667,DIESEL,30,62.8,2.1
C Class,2017,16998,SEMI-AUTO,26281,DIESEL,30,65.7,1.6
E Class,2016,20498,SEMI-AUTO,25891,DIESEL,150,54.3,3
A Class,2019,21998,MANUAL,3270,PETROL,150,28.5,1.3
A Class,2015,12798,MANUAL,54859,DIESEL,20,70.6,1.5
A Class,2014,10490,MANUAL,37642,DIESEL,0,78.5,1.5
E Class,2017,20157,SEMI-AUTO,13760,DIESEL,145,72.4,2
A Class,2015,22553,AUTOMATIC,25191,PETROL,200,40.9,2
GLC Class,2017,38000,SEMI-AUTO,18120,PETROL,150,34,3
E Class,2017,27250,SEMI-AUTO,26000,DIESEL,145,70.6,2
C Class,2015,11850,SEMI-AUTO,39877,DIESEL,145,53.3,2.1
GLA Class,2015,22500,SEMI-AUTO,50012,PETROL,235,37.7,2
C Class,2016,16990,SEMI-AUTO,34258,DIESEL,30,64.2,2.1
E Class,2016,17240,SEMI-AUTO,30277,DIESEL,20,72.4,2
A Class,2015,11990,SEMI-AUTO,42600,DIESEL,30,68.9,1.5
C Class,2014,16360,SEMI-AUTO,46425,DIESEL,30,64.2,2.1
GLC Class,2018,27500,SEMI-AUTO,23303,DIESEL,145,56.5,2.1
SLK,2014,11999,SEMI-AUTO,50027,DIESEL,145,56.5,2
GLC Class,2017,27498,SEMI-AUTO,23351,DIESEL,145,56.5,2.1
A Class,2017,15998,SEMI-AUTO,38457,DIESEL,20,68.9,2.1
A Class,2015,14999,SEMI-AUTO,38938,DIESEL,20,68.9,2.1
C Class,2017,17000,SEMI-AUTO,23400,DIESEL,145,64.2,2.1
C Class,2017,16210,SEMI-AUTO,32632,DIESEL,145,64.2,2.1
CL Class,2016,16747,MANUAL,19495,DIESEL,20,67.3,2.1
B Class,2015,11640,MANUAL,34070,DIESEL,30,65.7,2.1
CL Class,2018,23440,SEMI-AUTO,10180,DIESEL,145,51.4,2.2
V Class,2018,17495,MANUAL,38004,DIESEL,145,46.3,2.1
A Class,2016,16490,SEMI-AUTO,27189,DIESEL,20,68.9,2.1
E Class,2017,20400,SEMI-AUTO,25069,DIESEL,145,72.4,2
GLA Class,2014,14790,SEMI-AUTO,52722,DIESEL,145,55.4,2.1
C Class,2016,16990,SEMI-AUTO,35394,DIESEL,30,64.2,2.1
A Class,2014,10790,MANUAL,43613,PETROL,145,49.6,1.6
E Class,2017,16998,AUTOMATIC,59946,DIESEL,20,72.4,2
A Class,2017,19998,SEMI-AUTO,28129,PETROL,145,45.6,2
B Class,2013,8998,SEMI-AUTO,49674,DIESEL,30,64.2,1.8
C Class,2016,15870,AUTOMATIC,40998,DIESEL,30,62.8,2.1
C Class,2016,16700,AUTOMATIC,23539,DIESEL,30,64.2,2.1
E Class,2016,16990,SEMI-AUTO,25711,DIESEL,125,58.9,2.1
A Class,2015,10490,SEMI-AUTO,49816,DIESEL,0,70.6,1.5
C Class,2014,11149,SEMI-AUTO,39173,DIESEL,145,56.5,2.1
GLA Class,2016,17490,SEMI-AUTO,21469,DIESEL,20,67.3,2.1
A Class,2014,13532,SEMI-AUTO,31279,DIESEL,20,64.2,2.1
E Class,2017,22881,SEMI-AUTO,15756,DIESEL,165,50.4,3
CL Class,2015,16490,SEMI-AUTO,41300,DIESEL,20,67.3,2.1
CL Class,2015,16500,MANUAL,34000,PETROL,125,50.4,1.6
GLC Class,2016,25750,SEMI-AUTO,17000,DIESEL,125,56.5,2.1
GLC Class,2017,27495,AUTOMATIC,36061,DIESEL,145,56.5,2.1
C Class,2016,20995,SEMI-AUTO,14909,DIESEL,30,64.2,2.1
GLA Class,2016,28495,AUTOMATIC,9884,PETROL,235,38.2,2
E Class,2018,25495,SEMI-AUTO,18752,DIESEL,145,70.6,2
A Class,2015,13177,AUTOMATIC,18284,PETROL,125,50.4,1.6
C Class,2014,15971,SEMI-AUTO,14354,PETROL,125,52.3,2
A Class,2015,18500,SEMI-AUTO,29917,PETROL,160,45.6,2
A Class,2016,15765,MANUAL,17678,DIESEL,20,68.9,1.5
C Class,2014,14495,SEMI-AUTO,56958,DIESEL,30,64.2,2.1
C Class,2016,15990,SEMI-AUTO,26957,DIESEL,30,65.7,1.6
A Class,2016,16500,SEMI-AUTO,37538,DIESEL,20,74.3,1.5
A Class,2015,18500,AUTOMATIC,29917,PETROL,160,45.6,2
A Class,2014,13250,AUTOMATIC,49211,DIESEL,30,64.2,1.8
CL Class,2014,15250,MANUAL,28612,DIESEL,30,64.2,1.8
GLE Class,2016,24000,AUTOMATIC,55015,DIESEL,200,47.9,2.1
A Class,2015,15000,AUTOMATIC,20275,PETROL,125,53.3,1.6
A Class,2016,14250,MANUAL,54446,DIESEL,20,68.9,1.5
E Class,2017,20498,SEMI-AUTO,32984,DIESEL,20,67.3,2
GLA Class,2015,18902,AUTOMATIC,23432,DIESEL,125,56.5,2.1
GLC Class,2016,24486,AUTOMATIC,22955,DIESEL,125,56.5,2.1
E Class,2017,19696,AUTOMATIC,26002,DIESEL,145,65.7,2
A Class,2018,18562,SEMI-AUTO,18905,DIESEL,145,65.7,1.5
A Class,2017,13790,MANUAL,18727,PETROL,150,52.3,1.6
A Class,2016,14590,MANUAL,12995,DIESEL,20,72.4,1.5
A Class,2018,16998,SEMI-AUTO,23951,PETROL,150,49.6,1.6
C Class,2015,14698,SEMI-AUTO,39687,PETROL,125,52.3,2
C Class,2014,14288,SEMI-AUTO,54230,DIESEL,30,64.2,2.1
B Class,2013,9750,SEMI-AUTO,33706,DIESEL,30,64.2,1.8
CL Class,2017,20995,AUTOMATIC,9514,DIESEL,145,67.3,2.1
A Class,2017,15995,SEMI-AUTO,10839,PETROL,145,55.4,1.6
A Class,2015,11995,SEMI-AUTO,66037,DIESEL,20,68.9,2.1
B Class,2017,14995,SEMI-AUTO,24104,DIESEL,145,68.9,2.1
GLA Class,2016,16995,MANUAL,16928,DIESEL,20,67.3,2.1
B Class,2016,11495,MANUAL,52803,DIESEL,20,68.9,1.5
GLC Class,2015,22965,AUTOMATIC,18580,DIESEL,125,56.5,2.1
C Class,2017,19465,AUTOMATIC,35599,PETROL,145,47.9,2
E Class,2013,13965,SEMI-AUTO,43475,DIESEL,160,51.4,2.1
GLA Class,2016,16965,SEMI-AUTO,35465,DIESEL,30,64.2,2.1
A Class,2018,19998,SEMI-AUTO,4888,PETROL,145,53.3,1.3
A Class,2013,9480,SEMI-AUTO,63922,DIESEL,30,65.7,1.8
C Class,2019,27036,AUTOMATIC,10415,DIESEL,145,61.4,2
E Class,2019,25276,AUTOMATIC,15156,DIESEL,145,67.3,2
E Class,2019,27316,SEMI-AUTO,6184,DIESEL,145,58.9,2
A Class,2019,22096,AUTOMATIC,12272,DIESEL,145,67.3,1.5
C Class,2019,30236,AUTOMATIC,7831,PETROL,145,44.1,2
B Class,2019,22096,AUTOMATIC,11706,PETROL,145,45.6,1.3
C Class,2017,16402,AUTOMATIC,22214,PETROL,125,53.3,2
C Class,2019,20682,AUTOMATIC,10920,DIESEL,145,64.2,2.1
C Class,2018,29232,SEMI-AUTO,8673,DIESEL,145,54.3,2
A Class,2016,12862,MANUAL,34458,PETROL,145,50.4,1.6
E Class,2013,10996,SEMI-AUTO,72351,DIESEL,125,58.9,2.1
CL Class,2015,13490,MANUAL,49098,DIESEL,20,64.2,2.1
A Class,2017,17490,AUTOMATIC,12355,DIESEL,145,68.9,2.1
C Class,2016,16990,SEMI-AUTO,35991,DIESEL,30,64.2,2.1
E Class,2014,11472,SEMI-AUTO,83417,DIESEL,145,54.3,2.1
A Class,2016,27995,SEMI-AUTO,11532,PETROL,200,40.9,2
B Class,2015,12995,SEMI-AUTO,21578,DIESEL,20,68.9,2.1
A Class,2015,19600,AUTOMATIC,29917,PETROL,160,45.6,2
A Class,2015,15500,AUTOMATIC,20275,PETROL,125,53.3,1.6
A Class,2020,25980,MANUAL,2502,PETROL,145,47.1,1.3
A Class,2017,18012,SEMI-AUTO,27999,DIESEL,20,67.3,2.1
C Class,2017,22532,SEMI-AUTO,20150,PETROL,145,47.1,2
CLS Class,2015,20412,SEMI-AUTO,40270,DIESEL,160,51.4,3
GLA Class,2018,22412,AUTOMATIC,8109,DIESEL,145,56.5,2.1
CLS Class,2018,31026,AUTOMATIC,17663,DIESEL,145,48.7,2.9
E Class,2019,25146,AUTOMATIC,14338,DIESEL,145,72.4,2
B Class,2019,22076,AUTOMATIC,11864,PETROL,145,45.6,1.3
E Class,2017,18936,AUTOMATIC,21195,DIESEL,20,72.4,2
E Class,2017,19722,AUTOMATIC,14222,DIESEL,145,72.4,2
C Class,2016,17990,SEMI-AUTO,30795,DIESEL,30,61.4,2.1
C Class,2017,20981,MANUAL,7693,PETROL,145,53.3,2
E Class,2016,20782,SEMI-AUTO,18216,DIESEL,160,52.3,3
GLS Class,2019,67600,AUTOMATIC,2010,DIESEL,145,34,3
A Class,2017,16592,SEMI-AUTO,28082,DIESEL,145,70.6,2.1
GLC Class,2018,29712,SEMI-AUTO,15492,DIESEL,145,56.5,2.1
A Class,2019,20776,SEMI-AUTO,6722,DIESEL,145,65.7,1.5
V Class,2018,19998,MANUAL,22058,DIESEL,145,46.3,2.1
SL CLASS,2017,17765,SEMI-AUTO,19235,DIESEL,145,70.6,2.1
C Class,2018,18265,SEMI-AUTO,16974,DIESEL,145,64.2,2.1
A Class,2014,10765,MANUAL,45000,DIESEL,30,64.2,2.1
GLA Class,2016,16999,SEMI-AUTO,20121,DIESEL,30,64.2,2.1
A Class,2014,9761,MANUAL,50116,DIESEL,0,78.5,1.5
GLA Class,2017,16070,MANUAL,21609,DIESEL,145,67.3,2.1
CL Class,2017,17990,SEMI-AUTO,29519,DIESEL,20,67.3,2.1
GLA Class,2014,11300,MANUAL,89286,DIESEL,30,62.8,2.1
C Class,2017,21440,SEMI-AUTO,13096,DIESEL,145,61.4,2.1
B Class,2019,23990,AUTOMATIC,2501,DIESEL,145,55.4,2
C Class,2017,20200,SEMI-AUTO,21462,DIESEL,145,61.4,2.1
V Class,2019,58800,AUTOMATIC,1253,DIESEL,145,36.2,2
E Class,2019,44160,AUTOMATIC,4198,PETROL,145,32.1,3
GLE Class,2018,30991,SEMI-AUTO,20155,DIESEL,150,47.9,2.1
C Class,2014,16990,SEMI-AUTO,40000,PETROL,145,49.6,2
GL Class,2013,27482,AUTOMATIC,49847,DIESEL,325,35.3,3
E Class,2017,18966,SEMI-AUTO,29039,DIESEL,145,65.7,2
GLC Class,2018,42732,SEMI-AUTO,14403,PETROL,145,34,3
GLE Class,2019,57383,AUTOMATIC,7629,PETROL,145,29.5,3
GLA Class,2017,21330,SEMI-AUTO,7565,DIESEL,145,56.5,2.1
C Class,2018,19660,SEMI-AUTO,5232,DIESEL,145,65.7,1.6
C Class,2017,22990,SEMI-AUTO,15527,DIESEL,145,67.3,2.1
C Class,2018,22770,SEMI-AUTO,21200,DIESEL,145,67.3,2.1
C Class,2018,19775,SEMI-AUTO,45335,DIESEL,145,67.3,2.1
C Class,2017,24660,SEMI-AUTO,9873,DIESEL,20,67.3,2.1
C Class,2017,22495,AUTOMATIC,19779,DIESEL,145,67.3,2.1
GLC Class,2019,34420,AUTOMATIC,4450,PETROL,145,34,2
A Class,2019,26470,AUTOMATIC,5120,DIESEL,145,56.5,2
A Class,2019,32300,AUTOMATIC,9509,PETROL,145,35.8,2
E Class,2019,34820,AUTOMATIC,6999,DIESEL,145,45.6,2
SL CLASS,2016,16362,AUTOMATIC,29883,DIESEL,30,70.6,2.1
CL Class,2017,17092,SEMI-AUTO,27938,DIESEL,145,67.3,2.1
CLS Class,2019,35590,AUTOMATIC,4105,DIESEL,145,48.7,2.9
A Class,2019,21630,AUTOMATIC,9931,DIESEL,145,62.8,1.5
C Class,2019,33530,AUTOMATIC,6780,PETROL,145,30.4,3
GLA Class,2020,27480,SEMI-AUTO,864,PETROL,145,37.2,1.6
GLA Class,2017,17891,SEMI-AUTO,31000,DIESEL,20,67.3,2.1
GLA Class,2017,17991,SEMI-AUTO,43224,PETROL,145,48.7,1.6
GLC Class,2018,30862,SEMI-AUTO,22216,DIESEL,145,47.9,3
GLE Class,2015,37871,SEMI-AUTO,33564,PETROL,325,31.7,3
E Class,2017,19922,SEMI-AUTO,22198,DIESEL,20,72.4,2
A Class,2015,13491,SEMI-AUTO,42331,DIESEL,30,65.7,1.5
A Class,2016,19491,SEMI-AUTO,25550,PETROL,165,45.6,2
C Class,2017,17791,SEMI-AUTO,20392,DIESEL,150,64.2,2.1
CLS Class,2016,21691,SEMI-AUTO,33063,DIESEL,165,51.4,3
B Class,2017,13991,SEMI-AUTO,29643,DIESEL,20,68.9,1.5
B Class,2019,28010,AUTOMATIC,5999,PETROL,145,37.7,2
GLE Class,2019,52800,AUTOMATIC,3317,DIESEL,145,36.7,2
A Class,2019,21480,SEMI-AUTO,10,DIESEL,145,56.5,2
B Class,2019,23480,AUTOMATIC,10,DIESEL,145,55.4,2
GLA Class,2019,30000,AUTOMATIC,3099,PETROL,145,35.8,1.6
A Class,2019,28800,AUTOMATIC,4672,DIESEL,145,62.8,1.5
A Class,2019,26990,AUTOMATIC,2380,DIESEL,145,62.8,1.5
GLC Class,2019,42600,AUTOMATIC,8491,DIESEL,145,40.9,2
V Class,2019,20000,MANUAL,23580,DIESEL,145,46.3,2.1
A Class,2015,19600,AUTOMATIC,29917,PETROL,160,45.6,2
A Class,2017,15490,MANUAL,40014,DIESEL,30,62.8,2.1
A Class,2019,24451,AUTOMATIC,12001,DIESEL,145,65.7,1.5
C Class,2019,28980,AUTOMATIC,8501,DIESEL,145,61.4,2
A Class,2020,24260,SEMI-AUTO,5501,DIESEL,145,56.5,2
C Class,2020,28220,SEMI-AUTO,4501,DIESEL,145,54.3,1.6
B Class,2020,20350,MANUAL,1501,PETROL,145,45.6,1.3
GLE Class,2017,41391,SEMI-AUTO,30256,PETROL,325,31.7,3
E Class,2017,28012,SEMI-AUTO,11340,PETROL,145,40.4,2
A Class,2020,25961,MANUAL,871,PETROL,145,44.8,1.3
GLC Class,2018,28482,SEMI-AUTO,17004,PETROL,145,43.5,2
C Class,2019,49280,AUTOMATIC,962,PETROL,145,28.5,4
C Class,2019,28810,AUTOMATIC,2695,DIESEL,145,55.4,2
CLS Class,2019,35980,AUTOMATIC,6273,DIESEL,145,48.7,2.9
C Class,2019,30000,AUTOMATIC,7311,PETROL,145,44.1,2
B Class,2019,23540,SEMI-AUTO,6452,DIESEL,145,55.4,2
A Class,2019,26480,AUTOMATIC,2856,PETROL,145,47.9,1.3
GLE Class,2017,27498,SEMI-AUTO,32662,DIESEL,145,42.8,3
A Class,2016,34981,SEMI-AUTO,13912,PETROL,240,40.9,2
CL Class,2017,16567,SEMI-AUTO,37093,DIESEL,20,70.6,2.1
GLC Class,2018,28172,SEMI-AUTO,10149,DIESEL,145,56.5,2.1
GLC Class,2017,24481,SEMI-AUTO,45106,DIESEL,125,56.5,2.1
C Class,2017,14702,MANUAL,52207,PETROL,145,53.3,2
E Class,2019,25905,SEMI-AUTO,7695,DIESEL,145,67.3,2
GLA Class,2017,19932,SEMI-AUTO,29155,DIESEL,125,56.5,2.1
GLC Class,2019,37045,SEMI-AUTO,1509,DIESEL,145,44.8,2
GLA Class,2016,15382,MANUAL,41776,DIESEL,20,67.3,2.1
E Class,2019,44970,AUTOMATIC,103,PETROL,145,32.1,3
V Class,2019,47990,AUTOMATIC,2326,DIESEL,145,45.6,2.2
GLA Class,2016,20563,AUTOMATIC,34190,PETROL,200,43.5,2
GLA Class,2016,15541,MANUAL,42590,DIESEL,30,64.2,2.1
E Class,2018,23102,SEMI-AUTO,25319,DIESEL,145,61.4,2
GLA Class,2016,18431,SEMI-AUTO,24500,DIESEL,30,64.2,2.1
C Class,2015,17901,SEMI-AUTO,9601,PETROL,125,52.3,2
C Class,2017,19971,SEMI-AUTO,28735,DIESEL,145,58.9,2.1
B Class,2018,17871,MANUAL,4207,PETROL,145,49.6,1.6
C Class,2018,26281,SEMI-AUTO,10997,DIESEL,145,67.3,2.1
A Class,2017,15790,MANUAL,26993,DIESEL,20,68.9,1.5
V Class,2019,17699,MANUAL,20578,DIESEL,145,46.3,2.1
C Class,2014,14795,AUTOMATIC,20417,PETROL,125,52.3,2
C Class,2018,19840,AUTOMATIC,14467,DIESEL,145,61.4,2.1
C Class,2014,13791,SEMI-AUTO,53144,DIESEL,20,64.2,2.1
A Class,2014,11040,SEMI-AUTO,31905,DIESEL,20,70.6,1.5
C Class,2017,24360,SEMI-AUTO,14346,DIESEL,145,65.7,2.1
GLA Class,2017,17990,MANUAL,27325,PETROL,145,48.7,1.6
A Class,2017,16495,SEMI-AUTO,29062,DIESEL,145,74.3,1.5
E Class,2013,12230,AUTOMATIC,77492,DIESEL,160,51.4,2.1
C Class,2019,28332,AUTOMATIC,7866,DIESEL,145,56.5,2
GLC Class,2017,27892,SEMI-AUTO,34121,DIESEL,145,56.5,2.1
E Class,2017,22332,AUTOMATIC,20830,DIESEL,145,61.4,2
C Class,2016,17992,SEMI-AUTO,14160,DIESEL,20,64.2,2.1
E Class,2017,20472,AUTOMATIC,32183,DIESEL,145,72.4,2
A Class,2017,15012,MANUAL,34099,PETROL,125,51.4,1.6
A Class,2019,22276,AUTOMATIC,3477,DIESEL,145,67.3,1.5
E Class,2019,37980,AUTOMATIC,2138,DIESEL,145,53.3,2
GLC Class,2019,38570,AUTOMATIC,4187,DIESEL,145,40.9,2
B Class,2016,14152,MANUAL,18245,DIESEL,20,68.9,1.5
E Class,2017,18990,AUTOMATIC,23800,DIESEL,20,72.4,2
CL Class,2014,16990,AUTOMATIC,45000,PETROL,200,42.8,2
A Class,2014,12750,AUTOMATIC,37700,PETROL,125,52.3,1.6
GLC Class,2015,22795,SEMI-AUTO,27853,DIESEL,125,56.5,2.1
CL Class,2017,20895,MANUAL,21000,PETROL,200,42.2,2
A Class,2018,15732,AUTOMATIC,19281,DIESEL,145,74.3,1.5
C Class,2016,18833,AUTOMATIC,17593,DIESEL,30,64.2,2.1
E Class,2018,28306,AUTOMATIC,10656,DIESEL,145,70.6,2
C Class,2017,19502,SEMI-AUTO,37293,PETROL,145,49.6,2
A Class,2019,22306,AUTOMATIC,9722,DIESEL,145,67.3,1.5
B Class,2017,13600,AUTOMATIC,24549,DIESEL,20,68.9,1.5
C Class,2016,14700,AUTOMATIC,59023,DIESEL,30,64.2,1.6
C Class,2016,13200,MANUAL,52684,DIESEL,30,65.7,1.6
C Class,2014,13100,SEMI-AUTO,78845,DIESEL,30,64.2,2.1
A Class,2015,10914,MANUAL,61659,DIESEL,30,64.2,2.1
C Class,2013,10404,SEMI-AUTO,42477,PETROL,160,46.3,1.6
A Class,2013,8500,MANUAL,69031,PETROL,125,51.4,1.6
GLC Class,2017,24180,SEMI-AUTO,10139,DIESEL,125,56.5,2.1
A Class,2016,10691,MANUAL,65631,DIESEL,20,72.4,1.5
V Class,2018,19998,MANUAL,11726,DIESEL,145,46.3,2.1
A Class,2016,15790,MANUAL,20565,DIESEL,30,62.8,2.1
E Class,2016,15310,AUTOMATIC,41759,DIESEL,125,58.9,2.1
A Class,2014,9742,MANUAL,53120,DIESEL,20,72.4,1.5
A Class,2016,16820,SEMI-AUTO,27227,DIESEL,20,68.9,2.1
C Class,2016,17950,AUTOMATIC,20005,DIESEL,30,64.2,2.1
X-CLASS,2018,37493,AUTOMATIC,8043,DIESEL,260,31.4,3
V Class,2019,20750,AUTOMATIC,18625,DIESEL,145,48.7,2.1
V Class,2019,18450,MANUAL,16989,DIESEL,145,46.3,2.1
E Class,2013,10880,AUTOMATIC,56230,DIESEL,145,57.7,2.1
C Class,2017,15267,MANUAL,25820,PETROL,125,53.3,2
C Class,2016,18340,MANUAL,43650,DIESEL,30,65.7,2.1
GLA Class,2018,21240,SEMI-AUTO,14461,DIESEL,150,56.5,2.1
C Class,2017,20340,SEMI-AUTO,34611,DIESEL,30,64.2,2.1
C Class,2016,18247,AUTOMATIC,16975,HYBRID,0,134.5,2
E Class,2015,13547,AUTOMATIC,40925,DIESEL,125,57.7,2.1
C Class,2016,14933,MANUAL,21553,DIESEL,20,70.6,1.6
C Class,2015,13917,AUTOMATIC,43097,PETROL,125,52.3,2
A Class,2014,10490,MANUAL,38124,DIESEL,20,72.4,1.5
GLC Class,2016,24240,SEMI-AUTO,21258,DIESEL,125,56.5,2.1
C Class,2017,19980,SEMI-AUTO,38515,DIESEL,30,64.2,2.1
A Class,2015,11710,MANUAL,22171,PETROL,125,51.4,1.6
C Class,2018,22640,SEMI-AUTO,15867,PETROL,145,47.1,2
C Class,2017,19891,SEMI-AUTO,77706,DIESEL,20,67.3,2.1
A Class,2018,19891,SEMI-AUTO,25677,PETROL,150,53.3,1.3
GLA Class,2019,21699,SEMI-AUTO,8845,DIESEL,145,67.3,2.1
A Class,2017,18898,SEMI-AUTO,11388,DIESEL,20,67.3,2.1
GLC Class,2016,25498,SEMI-AUTO,14301,DIESEL,125,56.5,2.1
GLA Class,2016,15480,SEMI-AUTO,33283,DIESEL,20,67.3,2.1
B Class,2013,12500,SEMI-AUTO,42050,DIESEL,30,61.4,2.1
C Class,2015,15990,AUTOMATIC,26400,PETROL,125,52.3,2
V Class,2018,18998,MANUAL,28702,DIESEL,145,46.3,2.1
C Class,2017,24998,SEMI-AUTO,15754,DIESEL,145,67.3,2.1
C Class,2017,20498,SEMI-AUTO,5630,DIESEL,145,64.2,1.6
C Class,2013,11298,SEMI-AUTO,37964,PETROL,165,44.8,1.6
A Class,2013,8498,MANUAL,75006,DIESEL,20,72.4,1.5
C Class,2017,16500,SEMI-AUTO,14077,DIESEL,145,64.2,2.1
GLA Class,2015,14992,SEMI-AUTO,40251,DIESEL,20,62.8,2.1
GLA Class,2014,15790,SEMI-AUTO,60101,DIESEL,145,55.4,2.1
A Class,2017,16045,MANUAL,17301,DIESEL,145,62.8,2.1
GLA Class,2016,14830,AUTOMATIC,52675,DIESEL,30,64.2,2.1
GLA Class,2016,15640,AUTOMATIC,42367,DIESEL,20,64.2,2.1
A Class,2017,16980,AUTOMATIC,21430,PETROL,145,52.3,1.6
A Class,2018,19950,AUTOMATIC,89,DIESEL,145,65.7,1.5
A Class,2018,19950,AUTOMATIC,4997,DIESEL,145,65.7,1.5
A Class,2018,19950,AUTOMATIC,89,DIESEL,145,65.7,1.5
A Class,2016,17770,AUTOMATIC,19219,DIESEL,20,67.3,2.1
B Class,2020,19890,MANUAL,2001,PETROL,145,45.6,1.3
C Class,2018,21430,SEMI-AUTO,7011,DIESEL,145,64.2,1.6
E Class,2018,22240,SEMI-AUTO,14236,DIESEL,145,72.4,2
C Class,2018,24810,SEMI-AUTO,20496,DIESEL,145,67.3,2.1
CL Class,2017,17420,MANUAL,31886,DIESEL,145,67.3,2.1
GLC Class,2019,33160,SEMI-AUTO,2022,DIESEL,145,44.8,2
GLC Class,2017,28240,SEMI-AUTO,23248,DIESEL,145,56.5,2.1
A Class,2016,16780,MANUAL,15466,PETROL,145,49.6,1.6
A Class,2016,11970,SEMI-AUTO,65164,DIESEL,20,74.3,1.5
GLA Class,2016,16350,SEMI-AUTO,24955,DIESEL,20,64.2,2.1
A Class,2018,17320,SEMI-AUTO,18821,DIESEL,145,74.3,1.5
C Class,2019,26550,AUTOMATIC,4001,DIESEL,145,64.2,2
GLA Class,2016,16590,AUTOMATIC,16908,DIESEL,20,64.2,2.1
GLE Class,2017,26620,SEMI-AUTO,48551,DIESEL,145,47.9,2.1
A Class,2018,19860,SEMI-AUTO,11149,DIESEL,145,65.7,1.5
A Class,2013,9770,SEMI-AUTO,66484,PETROL,145,50.4,1.6
A Class,2019,20150,AUTOMATIC,12763,PETROL,145,53.3,1.3
GL Class,2016,29090,SEMI-AUTO,64025,DIESEL,325,36.2,3
GLE Class,2018,44150,SEMI-AUTO,10763,DIESEL,145,36.7,3
C Class,2015,16260,SEMI-AUTO,18025,DIESEL,20,64.2,2.1
M Class,2014,19420,SEMI-AUTO,42218,DIESEL,200,46.3,2.1
C Class,2015,15480,MANUAL,35223,DIESEL,20,68.9,2.1
GLA Class,2015,15640,SEMI-AUTO,47370,DIESEL,125,55.4,2.1
A Class,2019,31980,SEMI-AUTO,6512,PETROL,145,35.3,2
E Class,2015,14980,AUTOMATIC,48769,DIESEL,125,56.5,2.1
GLC Class,2018,28860,SEMI-AUTO,7158,PETROL,145,43.5,2
A Class,2018,18640,SEMI-AUTO,12801,DIESEL,145,65.7,1.5
A Class,2018,18560,SEMI-AUTO,14378,DIESEL,145,65.7,1.5
A Class,2018,18920,SEMI-AUTO,9171,DIESEL,145,65.7,1.5
GLA Class,2014,17840,SEMI-AUTO,30648,PETROL,200,42.8,2
A Class,2018,18870,SEMI-AUTO,8459,DIESEL,145,65.7,1.5
CL Class,2017,15970,MANUAL,27334,DIESEL,20,67.3,2.1
A Class,2017,17360,SEMI-AUTO,16005,DIESEL,20,68.9,2.1
B Class,2016,14980,SEMI-AUTO,12697,DIESEL,20,68.9,2.1
A Class,2014,20860,AUTOMATIC,31033,PETROL,200,40.9,2
GLA Class,2017,15090,MANUAL,32484,DIESEL,20,67.3,2.1
E Class,2017,19260,AUTOMATIC,26233,DIESEL,20,72.4,2
CL Class,2018,28220,SEMI-AUTO,27034,PETROL,145,40.9,2
A Class,2019,21660,SEMI-AUTO,15228,DIESEL,145,67.3,1.5
GLA Class,2019,21490,AUTOMATIC,13545,DIESEL,145,67.3,2.1
A Class,2019,19720,MANUAL,14780,PETROL,145,28.5,1.3
A Class,2019,20270,SEMI-AUTO,7289,PETROL,145,53.3,1.3
A Class,2019,20640,AUTOMATIC,10208,PETROL,145,53.3,1.3
A Class,2019,23490,MANUAL,300,PETROL,145,47.1,1.3
A Class,2016,17490,SEMI-AUTO,19879,PETROL,125,52.3,1.6
SL CLASS,2017,18990,AUTOMATIC,21490,DIESEL,145,70.6,2.1
CL Class,2019,29990,AUTOMATIC,3800,PETROL,145,39.8,2
GLA Class,2016,19860,SEMI-AUTO,22064,DIESEL,125,56.5,2.1
B Class,2018,17760,SEMI-AUTO,12370,DIESEL,150,68.9,2.1
CL Class,2016,19760,SEMI-AUTO,20482,DIESEL,20,67.3,2.1
A Class,2019,27990,SEMI-AUTO,3500,DIESEL,145,56.5,2
A Class,2019,25490,AUTOMATIC,1700,DIESEL,145,56.5,2
GLE Class,2019,51990,SEMI-AUTO,2800,DIESEL,145,32.8,3
GLA Class,2017,19990,AUTOMATIC,20907,DIESEL,145,56.5,2.1
GLA Class,2016,19490,AUTOMATIC,17910,DIESEL,125,56.5,2.1
A Class,2019,20990,SEMI-AUTO,2900,PETROL,145,53.3,1.3
M Class,2015,18490,SEMI-AUTO,49283,DIESEL,200,45.6,2.1
CL Class,2015,13870,MANUAL,60558,PETROL,125,50.4,1.6
GLE Class,2016,29570,AUTOMATIC,41199,PETROL,300,32.8,3
M Class,2015,20460,AUTOMATIC,43108,DIESEL,200,39.2,2.1
A Class,2016,16120,MANUAL,22125,DIESEL,20,68.9,1.5
CL Class,2017,20410,SEMI-AUTO,13895,DIESEL,145,58.9,2.1
GLE Class,2016,27260,SEMI-AUTO,33177,DIESEL,200,47.9,2.1
E Class,2015,15360,SEMI-AUTO,58248,DIESEL,125,56.5,2.1
E Class,2020,59995,SEMI-AUTO,250,PETROL,145,32.1,3
C Class,2020,69995,SEMI-AUTO,250,PETROL,145,28,4
CL Class,2020,28995,SEMI-AUTO,4500,PETROL,145,44.8,1.3
C Class,2020,31995,SEMI-AUTO,5000,DIESEL,145,58.9,1.6
E Class,2017,31995,SEMI-AUTO,26869,DIESEL,145,41.5,3
S Class,2018,79995,SEMI-AUTO,6623,PETROL,150,34,4
C Class,2019,38995,SEMI-AUTO,12357,PETROL,150,29.7,3
A Class,2017,19495,SEMI-AUTO,23645,PETROL,125,52.3,1.6
A Class,2019,24495,SEMI-AUTO,10783,PETROL,150,53.3,1.3
GLC Class,2019,33480,SEMI-AUTO,2552,DIESEL,145,44.8,2
B Class,2019,20490,MANUAL,4001,PETROL,145,45.6,1.3
A Class,2017,12920,MANUAL,41258,DIESEL,20,72.4,1.5
C Class,2018,22480,SEMI-AUTO,10339,DIESEL,145,58.9,2.1
C Class,2016,17228,SEMI-AUTO,60677,DIESEL,30,64.2,2.1
GLC Class,2017,27980,SEMI-AUTO,27002,DIESEL,150,56.5,2.1
A Class,2019,19980,MANUAL,11249,PETROL,150,28.5,1.3
C Class,2017,18340,SEMI-AUTO,38609,DIESEL,30,64.2,2.1
GLC Class,2019,33140,SEMI-AUTO,3320,DIESEL,150,44.8,2
GLC Class,2019,29240,SEMI-AUTO,12975,DIESEL,150,56.5,2.1
CLS Class,2017,28995,SEMI-AUTO,8591,PETROL,150,39.2,3.5
GLE Class,2019,57995,SEMI-AUTO,3500,DIESEL,145,32.5,3
A Class,2017,17995,SEMI-AUTO,26647,DIESEL,145,67.3,2.1
SL CLASS,2019,32995,SEMI-AUTO,10368,PETROL,145,36.2,3
C Class,2016,26495,SEMI-AUTO,22456,PETROL,260,35.8,3
C Class,2020,39995,SEMI-AUTO,5000,PETROL,145,44.1,1.5
GLB Class,2020,35995,SEMI-AUTO,4500,DIESEL,145,47.9,2
C Class,2020,37995,SEMI-AUTO,5000,PETROL,145,46.3,1.5
GLC Class,2020,43995,SEMI-AUTO,4500,DIESEL,145,40.4,2
E Class,2020,65995,SEMI-AUTO,200,PETROL,145,31.7,3
C Class,2015,10397,MANUAL,79881,DIESEL,20,65.7,2.1
B Class,2014,9890,AUTOMATIC,41039,DIESEL,30,64.2,1.5
A Class,2014,10610,AUTOMATIC,41174,PETROL,125,52.3,1.6
C Class,2015,10610,MANUAL,83047,DIESEL,20,70.6,1.6
GLC Class,2020,44995,SEMI-AUTO,6000,DIESEL,145,40.4,2
C Class,2019,23995,SEMI-AUTO,15280,PETROL,145,44.1,1.5
C Class,2019,25495,SEMI-AUTO,631,DIESEL,145,60.1,2.1
SL CLASS,2019,31495,SEMI-AUTO,8048,PETROL,145,47.1,2
C Class,2019,25995,SEMI-AUTO,10085,DIESEL,145,56.5,2
A Class,2019,25495,SEMI-AUTO,7908,PETROL,145,53.3,1.3
E Class,2019,38995,SEMI-AUTO,2419,DIESEL,145,46.3,3
V Class,2019,39995,SEMI-AUTO,4823,DIESEL,145,45.6,2.2
C Class,2019,20495,SEMI-AUTO,13742,DIESEL,145,61.4,2
A Class,2018,22495,SEMI-AUTO,10856,PETROL,145,53.3,1.3
A Class,2020,29995,SEMI-AUTO,5000,DIESEL,145,56.5,2
A Class,2020,26995,MANUAL,5000,PETROL,145,47.1,1.3
A Class,2019,23480,AUTOMATIC,5200,DIESEL,145,62.8,1.5
A Class,2019,18760,AUTOMATIC,16060,DIESEL,145,68.9,1.5
E Class,2016,18260,AUTOMATIC,37199,DIESEL,30,65.7,2
C Class,2017,18970,AUTOMATIC,19858,DIESEL,145,64.2,1.6
GLC Class,2017,25260,AUTOMATIC,18391,DIESEL,145,56.5,2.1
A Class,2017,17420,MANUAL,8168,PETROL,145,51.4,1.6
GLA Class,2017,16120,MANUAL,29480,DIESEL,30,64.2,2.1
C Class,2016,21870,SEMI-AUTO,7576,DIESEL,20,67.3,2.1
E Class,2017,19760,AUTOMATIC,23811,DIESEL,145,61.4,2
E Class,2017,18870,SEMI-AUTO,26057,DIESEL,145,72.4,2
CL Class,2017,16880,SEMI-AUTO,46721,DIESEL,145,70.6,2.1
A Class,2014,20965,SEMI-AUTO,23776,PETROL,200,40.9,2
C Class,2017,14965,SEMI-AUTO,40623,DIESEL,30,64.2,1.6
E Class,2015,13532,AUTOMATIC,71235,DIESEL,145,53.3,3
A Class,2014,10500,MANUAL,81000,DIESEL,20,72.4,1.5
X-CLASS,2019,31750,AUTOMATIC,7000,DIESEL,260,35.8,2.3
E Class,2016,22495,SEMI-AUTO,22436,DIESEL,30,61.4,2
SL CLASS,2018,49995,SEMI-AUTO,10767,PETROL,145,31.4,4.7
V Class,2019,37995,SEMI-AUTO,10593,DIESEL,145,45.6,2.2
A Class,2013,21495,SEMI-AUTO,14700,PETROL,200,40.9,2
C Class,2016,17995,SEMI-AUTO,33000,DIESEL,30,61.4,2.1
GLC Class,2016,24495,AUTOMATIC,32018,DIESEL,125,56.5,2.1
E Class,2016,19995,SEMI-AUTO,22000,DIESEL,20,72.4,2
E Class,2019,51995,SEMI-AUTO,9749,PETROL,145,32.1,3
E Class,2019,28871,SEMI-AUTO,8529,DIESEL,150,61.4,2
A Class,2017,18961,SEMI-AUTO,10351,DIESEL,150,68.9,2.1
E Class,2019,24995,SEMI-AUTO,15033,DIESEL,150,72.4,2
A Class,2019,24995,SEMI-AUTO,10846,PETROL,150,28.5,2
GLA Class,2019,25995,SEMI-AUTO,511,PETROL,150,48.7,1.6
E Class,2019,27995,SEMI-AUTO,5594,DIESEL,150,58.9,2
A Class,2019,25495,SEMI-AUTO,7196,PETROL,150,53.3,1.3
S Class,2019,109995,SEMI-AUTO,4688,PETROL,150,31.7,4
C Class,2019,39995,SEMI-AUTO,4604,PETROL,150,29.4,3
GLA Class,2019,24995,SEMI-AUTO,12136,PETROL,150,48.7,1.6
X-CLASS,2018,33000,AUTOMATIC,14500,DIESEL,260,35.8,2.3
X-CLASS,2018,23000,AUTOMATIC,3900,DIESEL,260,35.8,2.3
V Class,2018,19000,MANUAL,29000,DIESEL,145,46.3,2.1
V Class,2018,19000,MANUAL,49000,DIESEL,145,46.3,2.1
A Class,2018,18490,AUTOMATIC,8245,DIESEL,145,65.7,1.5
A Class,2016,16260,SEMI-AUTO,23216,DIESEL,20,74.3,1.5
B Class,2014,10500,MANUAL,33000,DIESEL,125,61.4,1.8
GLA Class,2018,22000,SEMI-AUTO,14869,DIESEL,145,56.5,2.1
GLC Class,2020,37990,SEMI-AUTO,1610,DIESEL,145,40.9,2
GLA Class,2017,20472,SEMI-AUTO,13097,DIESEL,125,56.5,2.1
C Class,2016,15952,AUTOMATIC,34327,DIESEL,20,64.2,2.1
A Class,2017,15122,MANUAL,15036,PETROL,125,51.4,1.6
C Class,2015,15542,SEMI-AUTO,49436,DIESEL,30,62.8,2.1
A Class,2017,31342,SEMI-AUTO,9872,PETROL,145,40.9,2
E Class,2018,29172,SEMI-AUTO,7634,DIESEL,145,70.6,2
E Class,2017,24702,AUTOMATIC,17337,DIESEL,145,61.4,2
GLC Class,2016,14331,SEMI-AUTO,53818,DIESEL,125,56.5,2.1
SL CLASS,2017,21122,SEMI-AUTO,13573,PETROL,145,47.9,2
A Class,2019,20596,AUTOMATIC,7655,PETROL,145,53.3,1.3
GLC Class,2017,30971,SEMI-AUTO,9501,DIESEL,145,56.5,2.1
C Class,2017,18372,SEMI-AUTO,26508,PETROL,145,50.4,2
A Class,2018,22022,SEMI-AUTO,3512,PETROL,145,53.3,1.3
C Class,2015,16592,SEMI-AUTO,25230,DIESEL,20,64.2,2.1
A Class,2019,22702,SEMI-AUTO,11615,DIESEL,145,67.3,1.5
C Class,2018,25882,AUTOMATIC,12145,DIESEL,145,58.9,2.1
C Class,2019,29046,AUTOMATIC,5971,DIESEL,145,61.4,2
A Class,2019,20096,AUTOMATIC,7032,DIESEL,145,68.9,1.5
GLC Class,2018,27462,SEMI-AUTO,15123,DIESEL,145,56.5,2.1
C Class,2019,26256,SEMI-AUTO,14895,DIESEL,145,61.4,2
GLE Class,2018,31990,AUTOMATIC,25908,DIESEL,145,37.7,3
GLE Class,2018,29490,AUTOMATIC,32039,DIESEL,145,47.9,2.1
E Class,2018,21490,SEMI-AUTO,25978,DIESEL,145,61.4,2
B Class,2019,21690,SEMI-AUTO,13690,PETROL,145,45.6,1.3
C Class,2016,19490,SEMI-AUTO,26900,DIESEL,30,64.2,2.1
GLA Class,2016,18690,SEMI-AUTO,30898,DIESEL,125,56.6,2.1
GLC Class,2017,26000,SEMI-AUTO,16895,DIESEL,145,56.5,2.1
CL Class,2017,18300,AUTOMATIC,39962,DIESEL,125,58.9,2.1
C Class,2017,25232,AUTOMATIC,15104,DIESEL,145,58.9,2.1
E Class,2017,23072,SEMI-AUTO,16931,DIESEL,145,65.7,2
SL CLASS,2019,30182,AUTOMATIC,3988,PETROL,145,47.1,2
CL Class,2019,26176,SEMI-AUTO,14204,DIESEL,145,51.4,2.2
C Class,2018,30022,AUTOMATIC,6061,DIESEL,145,54.3,2
E Class,2016,19502,SEMI-AUTO,21733,DIESEL,20,72.4,2
E Class,2017,22482,AUTOMATIC,18902,DIESEL,145,65.7,2
GLC Class,2018,27902,SEMI-AUTO,13512,DIESEL,145,56.5,2.1
C Class,2016,18495,SEMI-AUTO,30000,HYBRID,0,74.3,2.1
C Class,2017,15495,MANUAL,31070,PETROL,125,51.4,2
C Class,2017,30995,AUTOMATIC,22191,PETROL,145,34,3
GLC Class,2016,24495,SEMI-AUTO,11400,DIESEL,125,56.5,2.1
A Class,2019,27495,SEMI-AUTO,3719,PETROL,145,47.1,1.3
GLC Class,2020,45995,SEMI-AUTO,6000,DIESEL,145,40.4,2
A Class,2018,78995,SEMI-AUTO,8420,PETROL,145,30.1,4
C Class,2017,25995,AUTOMATIC,20875,DIESEL,145,54.3,2.1
SL CLASS,2016,36995,SEMI-AUTO,11888,PETROL,235,36.7,3
A Class,2016,17102,SEMI-AUTO,19843,DIESEL,20,68.9,2.1
E Class,2019,38995,SEMI-AUTO,8356,DIESEL,150,45.6,3
E Class,2018,30202,SEMI-AUTO,20001,DIESEL,145,53.3,2
E Class,2013,12622,SEMI-AUTO,62048,DIESEL,125,57.7,2.1
GLC Class,2016,24995,SEMI-AUTO,18160,DIESEL,125,56.5,2.1
GLC Class,2017,26498,SEMI-AUTO,33523,DIESEL,145,56.5,2.1
GLC Class,2017,26998,SEMI-AUTO,36239,DIESEL,145,56.5,2.1
C Class,2016,16998,SEMI-AUTO,13795,DIESEL,30,65.7,1.6
A Class,2017,17891,SEMI-AUTO,21844,DIESEL,150,68.9,2.1
GLC Class,2016,20871,SEMI-AUTO,44482,DIESEL,125,56.5,2.1
CL Class,2019,25691,SEMI-AUTO,8202,DIESEL,150,51.4,2.2
B Class,2015,10291,SEMI-AUTO,54719,DIESEL,20,70.6,1.5
GLA Class,2014,12981,MANUAL,55905,DIESEL,30,62.8,2.1
CL Class,2017,17892,MANUAL,10393,PETROL,150,51.4,1.6
A Class,2017,16722,MANUAL,23644,PETROL,145,49.6,1.6
C Class,2017,22792,SEMI-AUTO,11163,PETROL,145,48.7,2
C Class,2019,41070,AUTOMATIC,7969,PETROL,145,29.4,3
SL CLASS,2019,79480,AUTOMATIC,150,PETROL,145,28,5.5
SL CLASS,2019,29730,SEMI-AUTO,150,PETROL,145,47.1,2
C Class,2016,17822,SEMI-AUTO,19682,DIESEL,20,64.2,2.1
E Class,2015,19132,SEMI-AUTO,45669,DIESEL,160,51.4,3
GLA Class,2017,19602,SEMI-AUTO,11525,DIESEL,30,64.2,2.1
V Class,2018,42510,AUTOMATIC,10044,DIESEL,145,44.8,2.2
B Class,2019,21590,SEMI-AUTO,7364,DIESEL,145,55.4,2
E Class,2019,28995,SEMI-AUTO,12630,DIESEL,145,61.4,2
E Class,2019,39995,SEMI-AUTO,10374,DIESEL,145,38.2,3
SL CLASS,2017,22495,SEMI-AUTO,13873,PETROL,145,47.9,2
A Class,2019,39995,SEMI-AUTO,3618,PETROL,145,36.7,2
A Class,2018,24995,SEMI-AUTO,5250,PETROL,145,53.3,1.3
GLE Class,2016,29995,SEMI-AUTO,2933,DIESEL,200,47.9,2.1
V Class,2019,38995,SEMI-AUTO,13347,DIESEL,145,45.6,2.2
GLA Class,2019,24995,SEMI-AUTO,16399,PETROL,145,42.8,2
E Class,2016,23495,SEMI-AUTO,19433,DIESEL,30,65.7,2
GLE Class,2018,45071,SEMI-AUTO,12100,DIESEL,145,36.7,3
E Class,2015,15181,SEMI-AUTO,38059,DIESEL,125,61.4,2.1
GLC Class,2017,29151,SEMI-AUTO,30744,DIESEL,145,56.5,2.1
C Class,2017,20612,SEMI-AUTO,27526,DIESEL,30,64.2,2.1
C Class,2016,18211,SEMI-AUTO,16206,DIESEL,30,64.2,2.1
A Class,2016,13891,SEMI-AUTO,36046,PETROL,125,53.3,1.6
E Class,2018,28372,SEMI-AUTO,7410,DIESEL,145,70.6,2
GLA Class,2017,21182,AUTOMATIC,10827,DIESEL,125,56.5,2.1
C Class,2019,49780,AUTOMATIC,5654,PETROL,145,28.5,4
B Class,2019,23480,AUTOMATIC,150,DIESEL,145,55.4,2
A Class,2019,21400,MANUAL,5153,PETROL,145,28.5,1.3
A Class,2019,28490,AUTOMATIC,3826,PETROL,145,53.3,1.3
A Class,2019,36990,AUTOMATIC,4500,PETROL,145,36.7,2
GLE Class,2019,55491,AUTOMATIC,1795,DIESEL,145,36.7,2
E Class,2019,39990,AUTOMATIC,5817,DIESEL,145,45.6,2
GLC Class,2019,41990,AUTOMATIC,4569,DIESEL,145,40.9,2
GLC Class,2019,34990,AUTOMATIC,6500,PETROL,145,34,2
E Class,2020,42490,SEMI-AUTO,3900,DIESEL,145,70.6,2
CL Class,2018,33450,AUTOMATIC,7823,PETROL,145,40.9,2
C Class,2019,38610,AUTOMATIC,6249,PETROL,145,29.1,3
C Class,2019,34990,AUTOMATIC,3196,DIESEL,145,54.3,1.6
GLA Class,2016,21481,SEMI-AUTO,6662,PETROL,145,48.7,1.6
S Class,2019,56499,AUTOMATIC,582,HYBRID,135,122.9,3
C Class,2019,28290,AUTOMATIC,8421,DIESEL,145,64.2,2
A Class,2017,16770,SEMI-AUTO,9321,PETROL,145,53.3,1.6
A Class,2013,12490,SEMI-AUTO,43507,DIESEL,30,64.2,2.1
E Class,2017,21734,AUTOMATIC,17327,DIESEL,145,65.7,2
A Class,2015,11623,AUTOMATIC,61884,DIESEL,20,68.9,2.1
A Class,2016,18391,SEMI-AUTO,16000,DIESEL,20,68.9,2.1
A Class,2016,14555,MANUAL,31865,DIESEL,20,68.9,1.5
A Class,2016,16585,SEMI-AUTO,23216,DIESEL,20,74.3,1.5
CL Class,2014,14941,SEMI-AUTO,66694,DIESEL,30,62.8,1.8
A Class,2017,17712,SEMI-AUTO,28663,PETROL,125,52.3,1.6
A Class,2019,21480,AUTOMATIC,150,DIESEL,145,56.5,2
C Class,2017,20022,SEMI-AUTO,35214,DIESEL,30,64.2,2.1
C Class,2017,17313,AUTOMATIC,14364,PETROL,125,53.3,2
C Class,2017,24352,AUTOMATIC,8884,DIESEL,20,67.3,2.1
CL Class,2017,20961,MANUAL,16536,PETROL,200,42.2,2
A Class,2015,13022,SEMI-AUTO,32230,DIESEL,20,68.9,1.5
C Class,2017,25498,AUTOMATIC,6067,DIESEL,145,67.3,2.1
C Class,2016,21698,SEMI-AUTO,15804,HYBRID,0,134.5,2
E Class,2016,19998,SEMI-AUTO,20215,DIESEL,20,72.4,2
B Class,2019,20498,SEMI-AUTO,15545,PETROL,145,45.6,1.3
E Class,2015,15998,AUTOMATIC,50087,DIESEL,145,53.3,3
GLC Class,2016,25998,SEMI-AUTO,21677,DIESEL,125,56.5,2.1
A Class,2015,12498,MANUAL,27680,DIESEL,30,64.2,2.1
V Class,2018,24998,MANUAL,23275,DIESEL,145,46.3,2.1
A Class,2014,12468,SEMI-AUTO,33211,DIESEL,30,65.7,1.8
A Class,2014,10991,MANUAL,53828,DIESEL,20,70.6,1.5
GLA Class,2016,17221,SEMI-AUTO,40308,DIESEL,125,56.5,2.1
C Class,2017,20091,SEMI-AUTO,24991,DIESEL,150,61.4,2.1
B Class,2013,8450,MANUAL,46831,DIESEL,125,61.4,1.8
A Class,2017,16490,SEMI-AUTO,41445,DIESEL,20,74.3,1.5
A Class,2018,18750,SEMI-AUTO,8759,PETROL,145,52.3,1.6
GLA Class,2018,20911,SEMI-AUTO,19004,DIESEL,150,56.5,2.1
GLA Class,2017,21291,SEMI-AUTO,15830,DIESEL,150,56.5,2.1
B Class,2017,12730,MANUAL,14882,DIESEL,150,68.9,1.5
E Class,2018,21331,SEMI-AUTO,41530,DIESEL,145,65.7,2
E Class,2018,28990,SEMI-AUTO,13590,DIESEL,145,51.4,3
A Class,2018,30881,SEMI-AUTO,9840,PETROL,145,40.9,2
GLS Class,2019,46931,SEMI-AUTO,7650,DIESEL,150,37.2,3
CL Class,2017,17565,SEMI-AUTO,43658,DIESEL,20,70.6,2.1
C Class,2015,15790,SEMI-AUTO,19830,PETROL,125,50.4,2
C Class,2020,36990,SEMI-AUTO,3953,PETROL,145,42.2,2
A Class,2017,15943,SEMI-AUTO,19130,DIESEL,145,70.6,2.1
GLE Class,2016,25491,SEMI-AUTO,35138,DIESEL,200,47.9,2.1
C Class,2015,14984,SEMI-AUTO,68647,DIESEL,30,64.2,2.1
B Class,2020,20850,MANUAL,3955,PETROL,145,45.6,1.3
GLA Class,2017,17016,MANUAL,24464,DIESEL,145,67.3,2.1
A Class,2017,16015,MANUAL,25428,PETROL,145,51.4,1.6
SL CLASS,2017,22495,SEMI-AUTO,15092,PETROL,150,47.9,2
CLS Class,2019,69995,SEMI-AUTO,992,PETROL,150,31.7,3
S Class,2018,72995,SEMI-AUTO,9740,PETROL,145,34,4
A Class,2018,19491,SEMI-AUTO,4265,DIESEL,145,65.7,1.5
GLC Class,2016,27050,SEMI-AUTO,38438,DIESEL,145,56.5,2.1
E Class,2017,19450,SEMI-AUTO,15834,DIESEL,20,72.4,2
A Class,2020,23970,SEMI-AUTO,1500,DIESEL,145,65.7,1.5
A Class,2018,18691,SEMI-AUTO,12043,DIESEL,145,65.7,1.5
GLC Class,2016,22650,AUTOMATIC,52567,DIESEL,125,56.5,2.1
GLA Class,2016,19297,AUTOMATIC,21761,PETROL,200,43.5,2
B Class,2018,17991,SEMI-AUTO,6132,PETROL,150,50.4,1.6
A Class,2017,15695,MANUAL,24866,PETROL,150,49.6,1.6
GLA Class,2018,20991,SEMI-AUTO,18777,DIESEL,150,56.5,2.1
A Class,2019,20080,SEMI-AUTO,12291,PETROL,145,53.3,1.3
A Class,2019,19592,MANUAL,11245,PETROL,145,28.5,1.3
C Class,2019,27810,AUTOMATIC,6621,DIESEL,145,61.4,2
E Class,2019,36247,AUTOMATIC,2459,DIESEL,145,48.7,3
E Class,2016,19700,SEMI-AUTO,24874,DIESEL,30,65.7,2
C Class,2018,28750,AUTOMATIC,7140,DIESEL,145,54.3,2
A Class,2018,19470,SEMI-AUTO,8970,PETROL,145,53.3,1.3
E Class,2017,20997,AUTOMATIC,20730,DIESEL,145,65.7,2
E Class,2016,19370,SEMI-AUTO,12824,DIESEL,20,72.4,2
C Class,2017,26790,AUTOMATIC,4910,PETROL,145,40.9,2
E Class,2017,19751,SEMI-AUTO,36056,DIESEL,30,65.7,2
E Class,2017,20795,SEMI-AUTO,28348,DIESEL,145,65.7,2
SL CLASS,2016,18991,SEMI-AUTO,11813,DIESEL,30,70.6,2.1
GLA Class,2017,30500,SEMI-AUTO,18791,PETROL,145,38.2,2
GLE Class,2017,28795,SEMI-AUTO,17713,DIESEL,145,47.9,2.1
E Class,2017,22740,AUTOMATIC,25567,DIESEL,145,51.4,3
CL Class,2018,31850,SEMI-AUTO,10500,PETROL,145,40.9,2
GLE Class,2019,44500,AUTOMATIC,8489,DIESEL,145,36.7,3
V Class,2018,21996,MANUAL,34483,DIESEL,145,46.3,2.1
X-CLASS,2018,18991,MANUAL,14243,DIESEL,260,37.2,2.3
C Class,2017,15280,MANUAL,27832,DIESEL,145,72.4,1.6
E Class,2017,19150,SEMI-AUTO,32844,DIESEL,150,56.5,2.1
E Class,2017,19070,SEMI-AUTO,39224,DIESEL,150,65.7,2
A Class,2017,15490,MANUAL,40014,DIESEL,30,62.8,2.1
C Class,2017,35420,SEMI-AUTO,24057,PETROL,150,34.5,4
E Class,2014,13000,SEMI-AUTO,60500,DIESEL,125,57.7,2.1
GLC Class,2017,29500,SEMI-AUTO,25782,DIESEL,150,56.5,2.1
C Class,2017,33000,SEMI-AUTO,10439,PETROL,145,35.3,3
A Class,2018,28350,SEMI-AUTO,29724,PETROL,145,40.9,2
M Class,2015,32250,SEMI-AUTO,43910,PETROL,570,23.9,5.5
GLC Class,2018,53750,AUTOMATIC,5444,PETROL,145,27.4,4
CLS Class,2014,16500,SEMI-AUTO,53931,DIESEL,200,46.3,3
A Class,2016,13995,SEMI-AUTO,64168,DIESEL,20,67.3,2.1
GLC Class,2017,26998,SEMI-AUTO,21554,DIESEL,145,56.5,2.1
GLC Class,2017,28998,SEMI-AUTO,21263,DIESEL,145,56.5,2.1
S Class,2017,31055,SEMI-AUTO,13763,DIESEL,160,50.4,3
C Class,2017,18115,SEMI-AUTO,20846,PETROL,145,50.4,2
A Class,2016,14541,MANUAL,17474,DIESEL,20,72.4,1.5
E Class,2017,20000,SEMI-AUTO,28552,DIESEL,145,67.3,2
C Class,2016,14750,AUTOMATIC,28612,DIESEL,20,65.7,2.1
A Class,2018,18551,SEMI-AUTO,14444,DIESEL,145,65.7,1.5
E Class,2017,20150,SEMI-AUTO,25899,DIESEL,30,65.7,2
A Class,2018,17689,AUTOMATIC,11791,DIESEL,145,68.9,2.1
CL Class,2018,19005,MANUAL,13515,DIESEL,145,65.7,2.1
GLA Class,2015,14241,MANUAL,40402,DIESEL,20,64.2,2.1
CL Class,2015,14340,AUTOMATIC,51168,DIESEL,20,68.9,2.1
E Class,2013,12013,SEMI-AUTO,59338,DIESEL,125,57.7,2.1
GLE Class,2017,27645,AUTOMATIC,17022,DIESEL,200,47.9,2.1
C Class,2019,28887,AUTOMATIC,9985,DIESEL,145,57.7,2
C Class,2018,23247,AUTOMATIC,10137,DIESEL,145,61.4,2.1
E Class,2017,20737,AUTOMATIC,22122,DIESEL,145,65.7,2
C Class,2017,22720,AUTOMATIC,14161,DIESEL,145,67.3,2.1
GLC Class,2017,23615,SEMI-AUTO,41243,DIESEL,145,56.5,2.1
E Class,2018,25498,SEMI-AUTO,10267,DIESEL,150,58.9,2
V Class,2018,20998,MANUAL,14453,DIESEL,145,46.3,2.1
C Class,2016,17498,SEMI-AUTO,63507,HYBRID,0,76.4,2.1
C Class,2015,10998,MANUAL,92589,DIESEL,20,68.9,2.1
C Class,2016,15798,SEMI-AUTO,41279,DIESEL,20,64.2,2.1
C Class,2017,16495,SEMI-AUTO,25656,DIESEL,30,65.7,1.6
GLA Class,2014,16650,SEMI-AUTO,34200,DIESEL,145,55.4,2.1
GLC Class,2017,27498,AUTOMATIC,29933,DIESEL,145,56.5,2.1
C Class,2018,25298,SEMI-AUTO,8702,PETROL,145,47.1,2
GLC Class,2016,28798,SEMI-AUTO,18773,DIESEL,145,56.5,2.1
CL Class,2020,26850,AUTOMATIC,3956,PETROL,145,44.8,1.3
GLS Class,2019,44890,AUTOMATIC,18082,DIESEL,145,37.2,3
X-CLASS,2019,23996,AUTOMATIC,9160,DIESEL,260,35.8,2.3
V Class,2018,18691,AUTOMATIC,20074,DIESEL,150,48.7,2.1
V Class,2019,25991,AUTOMATIC,3442,DIESEL,150,39.8,2.1
X-CLASS,2019,25491,AUTOMATIC,10485,DIESEL,265,35.8,2.3
C Class,2019,27998,SEMI-AUTO,10134,DIESEL,145,61.4,2
GLE Class,2017,34998,SEMI-AUTO,33127,DIESEL,145,39.2,3
A Class,2013,12362,AUTOMATIC,45166,DIESEL,30,64.2,2.1
C Class,2017,18240,SEMI-AUTO,44118,HYBRID,0,134.5,2
C Class,2017,18231,SEMI-AUTO,20185,PETROL,145,50.4,2
C Class,2014,14601,SEMI-AUTO,60000,DIESEL,125,60.1,2.1
C Class,2016,20365,SEMI-AUTO,21430,PETROL,145,49.6,2
M Class,2014,19194,SEMI-AUTO,57573,DIESEL,200,46.3,2.1
E Class,2019,30350,SEMI-AUTO,3607,DIESEL,145,57.7,2
A Class,2016,13480,MANUAL,58150,DIESEL,30,62.8,2.1
C Class,2016,21505,AUTOMATIC,16703,DIESEL,125,61.4,2.1
GLS Class,2016,41750,AUTOMATIC,30448,DIESEL,300,37.2,3
SL CLASS,2017,19621,SEMI-AUTO,13764,DIESEL,145,70.6,2.1
GLE Class,2016,27880,AUTOMATIC,11513,DIESEL,200,47.9,2.1
A Class,2020,25980,MANUAL,385,PETROL,145,44.1,1.3
A Class,2020,25980,MANUAL,347,PETROL,145,47.1,1.3
E Class,2017,22780,SEMI-AUTO,20774,DIESEL,145,65.7,2
A Class,2020,22480,MANUAL,526,PETROL,145,45.6,1.3
E Class,2020,56980,SEMI-AUTO,3999,PETROL,145,32.1,3
GLC Class,2020,49980,SEMI-AUTO,3999,PETROL,145,26.4,3
CL Class,2019,28980,SEMI-AUTO,1434,PETROL,145,44.1,1.3
SL CLASS,2016,17391,SEMI-AUTO,14224,DIESEL,30,70.6,2.1
A Class,2018,18590,AUTOMATIC,8297,DIESEL,145,68.9,1.5
GLE Class,2017,27357,AUTOMATIC,39110,DIESEL,145,42.8,3
A Class,2018,19403,AUTOMATIC,8657,DIESEL,145,67.3,1.5
C Class,2018,24791,SEMI-AUTO,16052,PETROL,145,44.1,2
GLC Class,2019,27100,AUTOMATIC,9196,DIESEL,145,41.5,2.1
GLA Class,2018,23635,AUTOMATIC,10466,DIESEL,145,56.5,2.1
C Class,2015,16581,SEMI-AUTO,23985,DIESEL,20,64.2,2.1
GLE Class,2016,27685,AUTOMATIC,13656,DIESEL,200,47.9,2.1
GLA Class,2017,20150,SEMI-AUTO,16639,DIESEL,145,56.5,2.1
E Class,2016,19431,SEMI-AUTO,36790,DIESEL,145,54.3,3
GLA Class,2017,19891,SEMI-AUTO,30063,DIESEL,125,56.5,2.1
C Class,2019,41500,SEMI-AUTO,3805,PETROL,145,30.4,3
GLC Class,2019,35980,SEMI-AUTO,4115,DIESEL,145,43.5,2
CLS Class,2018,33000,SEMI-AUTO,5673,DIESEL,145,48.7,2.9
GLC Class,2016,24480,SEMI-AUTO,31730,DIESEL,125,56.5,2.1
C Class,2016,20480,SEMI-AUTO,20169,DIESEL,30,64.2,2.1
GLE Class,2017,27000,SEMI-AUTO,29054,DIESEL,200,47.9,2.1
C Class,2016,21000,SEMI-AUTO,22156,DIESEL,30,64.2,2.1
GLA Class,2018,21980,SEMI-AUTO,15728,DIESEL,145,56.5,2.1
GLE Class,2019,50480,SEMI-AUTO,3999,DIESEL,145,36.7,2
A Class,2019,26999,AUTOMATIC,4105,DIESEL,145,56.5,2
E Class,2017,20555,SEMI-AUTO,23656,DIESEL,30,65.7,2
C Class,2016,20995,AUTOMATIC,19805,DIESEL,20,67.3,2.1
C Class,2015,17790,AUTOMATIC,8726,DIESEL,20,64.2,2.1
CL Class,2016,22661,SEMI-AUTO,14776,PETROL,200,42.8,2
A Class,2013,10664,SEMI-AUTO,43292,DIESEL,30,65.7,1.8
E Class,2014,13890,SEMI-AUTO,43067,DIESEL,145,54.3,2.1
GLC Class,2016,22510,SEMI-AUTO,36672,DIESEL,125,56.5,2.1
C Class,2018,22991,SEMI-AUTO,7615,DIESEL,145,67.3,2.1
GLA Class,2016,17995,SEMI-AUTO,16919,DIESEL,125,56.5,2.1
S Class,2020,64980,SEMI-AUTO,3999,DIESEL,145,40.4,3
C Class,2019,20980,SEMI-AUTO,4908,PETROL,145,44.1,1.5
C Class,2019,28429,SEMI-AUTO,5866,DIESEL,145,54.3,1.6
B Class,2019,23980,SEMI-AUTO,4012,DIESEL,145,55.4,2
GLE Class,2019,49980,SEMI-AUTO,52,DIESEL,145,36.7,2
GLE Class,2019,49980,SEMI-AUTO,4089,DIESEL,145,36.7,2
GLC Class,2019,38000,SEMI-AUTO,3180,DIESEL,145,40.9,2
GLA Class,2020,25480,SEMI-AUTO,16,PETROL,145,37.2,1.6
C Class,2020,32480,SEMI-AUTO,16,DIESEL,145,64.2,2
A Class,2020,24480,MANUAL,16,PETROL,145,28.5,1.3
V Class,2019,39980,SEMI-AUTO,3257,DIESEL,145,44.8,2.2
V Class,2019,46980,SEMI-AUTO,2888,DIESEL,145,36.7,2
A Class,2017,19480,SEMI-AUTO,22000,DIESEL,145,68.9,2.1
GLC Class,2016,34980,SEMI-AUTO,31499,PETROL,300,34,3
E Class,2016,17680,SEMI-AUTO,46512,DIESEL,145,56.5,2.1
E Class,2019,24780,SEMI-AUTO,6631,DIESEL,145,72.4,2
V Class,2017,34980,SEMI-AUTO,6316,DIESEL,145,45.6,2.2
C Class,2019,45980,SEMI-AUTO,3830,PETROL,145,29.7,3
CL Class,2016,16480,MANUAL,46228,PETROL,125,51.4,1.6
GLC Class,2020,41980,SEMI-AUTO,3774,DIESEL,145,40.9,2
GLC Class,2019,31980,SEMI-AUTO,3999,PETROL,145,34,2
A Class,2020,25980,MANUAL,385,PETROL,145,47.1,1.3
E Class,2019,52000,SEMI-AUTO,4130,PETROL,145,31.7,3
C Class,2016,19750,SEMI-AUTO,25000,DIESEL,30,64.2,2.1
GLC Class,2017,28498,SEMI-AUTO,26299,DIESEL,145,56.5,2.1
E Class,2015,14998,SEMI-AUTO,27512,DIESEL,125,57.7,2.1
A Class,2016,21498,SEMI-AUTO,14913,PETROL,205,42.8,2
B Class,2017,15298,SEMI-AUTO,18656,DIESEL,20,68.9,1.5
B Class,2017,15490,SEMI-AUTO,28000,PETROL,145,51.4,1.6
A Class,2017,18000,SEMI-AUTO,10227,DIESEL,20,67.3,2.1
A Class,2017,15000,MANUAL,27842,DIESEL,150,68.9,1.5
B Class,2017,13500,MANUAL,34396,DIESEL,20,68.9,1.5
V Class,2018,18450,MANUAL,23075,DIESEL,145,46.3,2.1
V Class,2019,17950,MANUAL,22538,DIESEL,145,46.3,2.1
V Class,2019,20750,AUTOMATIC,18603,DIESEL,145,48.7,2.1
V Class,2019,20950,AUTOMATIC,20500,DIESEL,145,48.7,2.1
C Class,2017,16299,AUTOMATIC,30612,DIESEL,145,64.2,2.1
X-CLASS,2017,31994,AUTOMATIC,24800,DIESEL,260,35.8,2.3
X-CLASS,2020,31991,AUTOMATIC,303,DIESEL,260,35.8,2.3
X-CLASS,2019,34491,AUTOMATIC,8798,DIESEL,260,31.4,3
X-CLASS,2019,24991,AUTOMATIC,8974,DIESEL,260,35.8,2.3
X-CLASS,2019,25926,AUTOMATIC,9772,DIESEL,260,35.8,2.3
X-CLASS,2019,22995,AUTOMATIC,11479,DIESEL,260,35.8,2.3
GLE Class,2017,27380,SEMI-AUTO,37060,DIESEL,200,47.9,2.1
GLC Class,2016,24741,SEMI-AUTO,42300,DIESEL,125,56.5,2.1
C Class,2016,16657,SEMI-AUTO,24247,DIESEL,20,65.7,2.1
E Class,2016,18304,SEMI-AUTO,45905,DIESEL,30,61.4,2
GLC Class,2016,21980,SEMI-AUTO,23000,DIESEL,125,56.5,2.1
A Class,2016,14740,MANUAL,37600,DIESEL,30,62.8,2.1
A Class,2018,19385,AUTOMATIC,9122,DIESEL,145,65.7,1.5
C Class,2019,34980,SEMI-AUTO,16169,PETROL,150,30.4,3
GLC Class,2016,24340,SEMI-AUTO,36320,DIESEL,125,56.5,2.1
E Class,2016,17940,SEMI-AUTO,35012,DIESEL,30,65.7,2
GLC Class,2019,32480,SEMI-AUTO,10217,DIESEL,145,56.5,2.1
GLE Class,2019,54500,SEMI-AUTO,2870,DIESEL,145,32.8,3
GLE Class,2017,40980,SEMI-AUTO,17763,DIESEL,145,39.2,3
GLE Class,2016,28980,SEMI-AUTO,22442,DIESEL,260,42.8,3
E Class,2019,28480,SEMI-AUTO,12667,DIESEL,145,58.9,2
E Class,2018,30000,SEMI-AUTO,8010,DIESEL,145,51.4,3
C Class,2019,25980,SEMI-AUTO,13624,PETROL,145,45.6,1.5
GLC Class,2019,30480,SEMI-AUTO,15224,DIESEL,145,56.5,2.1
E Class,2019,28480,SEMI-AUTO,9876,DIESEL,145,58.9,2
C Class,2019,24980,SEMI-AUTO,2072,PETROL,145,47.9,2
C Class,2017,19250,SEMI-AUTO,30796,HYBRID,0,134.5,2
A Class,2014,9480,MANUAL,67569,DIESEL,20,72.4,1.5
E Class,2016,16480,SEMI-AUTO,21441,DIESEL,125,61.4,2.1
E Class,2015,15490,SEMI-AUTO,28002,DIESEL,125,61.4,2.1
CL Class,2014,19980,SEMI-AUTO,55206,PETROL,555,29.4,4.7
GLA Class,2017,18990,SEMI-AUTO,46857,DIESEL,145,56.5,2.1
A Class,2019,20480,SEMI-AUTO,3551,PETROL,145,28.5,1.3
CL Class,2017,17833,SEMI-AUTO,43837,DIESEL,150,67.3,2.1
A Class,2017,15178,SEMI-AUTO,21470,DIESEL,20,74.3,1.5
E Class,2018,21790,SEMI-AUTO,20837,DIESEL,150,61.4,2
E Class,2019,34640,SEMI-AUTO,2824,DIESEL,150,42.8,3
C Class,2017,13980,MANUAL,21300,PETROL,150,53.3,2
A Class,2016,17624,AUTOMATIC,16479,DIESEL,20,68.9,2.1
CL Class,2016,16249,MANUAL,33976,PETROL,125,51.4,1.6
A Class,2016,13290,MANUAL,36892,DIESEL,20,72.4,1.5
GLC Class,2018,27980,SEMI-AUTO,7830,DIESEL,150,56.5,2.1
GLC Class,2018,28480,SEMI-AUTO,6945,DIESEL,150,56.5,2.1
A Class,2016,15740,MANUAL,25036,DIESEL,30,62.8,2.1
GLE Class,2015,29955,SEMI-AUTO,54229,DIESEL,305,39.2,3
C Class,2017,14980,MANUAL,45034,DIESEL,20,68.9,2.1
C Class,2017,18830,SEMI-AUTO,42437,HYBRID,0,134.5,2
CL Class,2014,14980,SEMI-AUTO,32675,DIESEL,30,62.8,1.8
A Class,2020,26480,SEMI-AUTO,3000,PETROL,145,47.9,1.3
C Class,2020,29880,SEMI-AUTO,3000,DIESEL,145,64.2,2
GLC Class,2017,23990,SEMI-AUTO,34000,DIESEL,125,56.5,2.1
C Class,2016,22790,SEMI-AUTO,9600,PETROL,145,49.6,2
C Class,2019,27480,AUTOMATIC,10100,DIESEL,145,64.2,2
GLA Class,2017,19480,SEMI-AUTO,26850,DIESEL,150,58.9,2.1
GLA Class,2017,13980,SEMI-AUTO,24309,DIESEL,150,64.2,2.1
C Class,2016,16329,AUTOMATIC,39924,DIESEL,30,64.2,1.6
C Class,2016,18341,SEMI-AUTO,10581,DIESEL,30,64.2,1.6
A Class,2017,14485,MANUAL,15993,PETROL,145,52.3,1.6
A Class,2014,11915,MANUAL,12522,DIESEL,0,78.5,1.5
A Class,2017,12563,MANUAL,43043,DIESEL,145,80.7,1.5
A Class,2017,16065,SEMI-AUTO,12272,DIESEL,145,74.3,1.5
A Class,2017,15896,AUTOMATIC,11072,DIESEL,145,74.3,1.5
A Class,2017,15281,MANUAL,13943,PETROL,145,51.4,1.6
A Class,2017,16633,AUTOMATIC,23979,DIESEL,145,68.9,2.1
M Class,2013,17481,SEMI-AUTO,58457,DIESEL,200,44.8,2.1
A Class,2018,17938,SEMI-AUTO,13994,DIESEL,145,68.9,1.5
C Class,2015,19990,SEMI-AUTO,12469,DIESEL,30,64.2,2.1
E Class,2017,19891,SEMI-AUTO,39851,DIESEL,145,61.4,2
C Class,2017,21630,AUTOMATIC,21994,DIESEL,145,67.3,2.1
GLA Class,2017,20560,MANUAL,11300,PETROL,145,47.1,1.6
A Class,2018,16492,MANUAL,21232,DIESEL,145,68.9,1.5
A Class,2018,16780,MANUAL,14675,DIESEL,145,68.9,1.5
CL Class,2016,19024,AUTOMATIC,48387,PETROL,200,42.8,2
CL Class,2017,18800,SEMI-AUTO,25581,DIESEL,20,67.3,2.1
A Class,2018,16396,MANUAL,16321,PETROL,145,51.4,1.6
A Class,2017,16868,SEMI-AUTO,18254,DIESEL,150,74.3,1.5
A Class,2013,11480,SEMI-AUTO,19640,DIESEL,30,65.7,1.8
CL Class,2017,18500,MANUAL,25672,DIESEL,20,67.3,2.1
C Class,2019,24980,AUTOMATIC,15000,DIESEL,145,60.1,1.6
A Class,2019,18381,SEMI-AUTO,15228,DIESEL,145,65.7,1.5
A Class,2019,18429,SEMI-AUTO,12010,DIESEL,145,68.9,1.5
GLC Class,2019,27227,SEMI-AUTO,13387,DIESEL,145,56.5,2.1
A Class,2019,17895,AUTOMATIC,14757,DIESEL,145,68.9,1.5
E Class,2017,22470,AUTOMATIC,19954,DIESEL,145,61.4,2
A Class,2018,17894,SEMI-AUTO,11578,DIESEL,145,68.9,1.5
CL Class,2018,20150,MANUAL,5249,PETROL,145,51.4,1.6
A Class,2018,17702,AUTOMATIC,15905,DIESEL,145,68.9,1.5
GLE Class,2017,27480,SEMI-AUTO,39110,DIESEL,145,42.8,3
A Class,2019,18490,SEMI-AUTO,14146,DIESEL,145,65.7,1.5
A Class,2019,17702,AUTOMATIC,17843,DIESEL,145,68.9,1.5
C Class,2019,29890,AUTOMATIC,1646,PETROL,145,44.1,2
A Class,2019,17728,AUTOMATIC,15025,DIESEL,145,65.7,1.5
GLA Class,2017,18480,SEMI-AUTO,43375,DIESEL,145,56.5,2.1
A Class,2013,10980,SEMI-AUTO,33876,DIESEL,30,65.7,1.8
GLE Class,2016,25775,SEMI-AUTO,18406,DIESEL,205,47.9,2.1
E Class,2019,28480,SEMI-AUTO,14827,DIESEL,145,58.9,2
C Class,2019,20980,SEMI-AUTO,12794,DIESEL,145,61.4,2
C Class,2016,18280,SEMI-AUTO,36946,DIESEL,30,64.2,2.1
E Class,2017,23250,SEMI-AUTO,7521,DIESEL,145,61.4,2
A Class,2019,22980,SEMI-AUTO,11464,DIESEL,145,67.3,1.5
C Class,2019,26480,SEMI-AUTO,11487,DIESEL,145,61.4,2
A Class,2019,19980,SEMI-AUTO,14976,DIESEL,145,65.7,1.5
A Class,2019,22980,SEMI-AUTO,13854,DIESEL,145,67.3,1.5
C Class,2018,21000,SEMI-AUTO,16424,DIESEL,145,64.2,2.1
A Class,2018,18500,SEMI-AUTO,13402,DIESEL,145,68.9,2.1
GLC Class,2016,24898,SEMI-AUTO,30488,DIESEL,125,56.5,2.1
C Class,2015,13898,MANUAL,17426,PETROL,125,53.3,2
E Class,2015,11698,SEMI-AUTO,67066,DIESEL,30,64.2,2.1
C Class,2017,18498,SEMI-AUTO,42100,HYBRID,0,134.5,2
B Class,2019,22498,SEMI-AUTO,664,PETROL,145,44.8,1.3
C Class,2019,24998,SEMI-AUTO,12999,DIESEL,145,58.9,2
A Class,2017,16998,MANUAL,17196,DIESEL,145,62.8,2.1
GLC Class,2016,22498,SEMI-AUTO,26210,DIESEL,125,56.5,2.1
A Class,2018,16898,SEMI-AUTO,16787,PETROL,150,52.3,1.6
GLA Class,2017,19498,MANUAL,5422,DIESEL,30,64.2,2.1
X-CLASS,2019,28000,AUTOMATIC,16500,DIESEL,260,35.8,2.3
X-CLASS,2019,31000,AUTOMATIC,7500,DIESEL,260,35.8,2.3
X-CLASS,2019,34500,AUTOMATIC,3800,DIESEL,260,35.8,2.3
X-CLASS,2019,26000,AUTOMATIC,8100,DIESEL,260,35.8,2.3
X-CLASS,2017,31000,AUTOMATIC,11447,DIESEL,260,35.8,2.3
V Class,2019,27000,AUTOMATIC,500,DIESEL,145,38.2,2.1
V Class,2019,27000,AUTOMATIC,500,DIESEL,145,38.2,2.1
X-CLASS,2020,46000,AUTOMATIC,2950,DIESEL,260,31.4,3
A Class,2016,15498,SEMI-AUTO,63402,DIESEL,20,68.9,2.1
A Class,2020,24298,SEMI-AUTO,590,PETROL,150,53.3,1.3
A Class,2018,17980,SEMI-AUTO,15135,DIESEL,145,68.9,2.1
C Class,2019,27980,SEMI-AUTO,9731,DIESEL,145,64.2,2
C Class,2019,28480,SEMI-AUTO,13435,DIESEL,145,56.5,2
C Class,2018,24480,SEMI-AUTO,10859,DIESEL,145,58.9,2.1
E Class,2019,25780,SEMI-AUTO,14136,DIESEL,145,72.4,2
E Class,2019,25780,SEMI-AUTO,15426,DIESEL,145,72.4,2
E Class,2018,30480,SEMI-AUTO,7081,DIESEL,145,57.7,2
E Class,2018,30000,SEMI-AUTO,11574,DIESEL,145,57.7,2
B Class,2018,19480,SEMI-AUTO,6178,DIESEL,145,68.9,2.1
GLS Class,2019,47980,SEMI-AUTO,10514,DIESEL,145,37.2,3
GLC Class,2016,30752,SEMI-AUTO,15385,DIESEL,145,56.5,2.1
C Class,2018,27622,SEMI-AUTO,8984,PETROL,145,44.1,1.5
C Class,2015,12672,MANUAL,44121,DIESEL,20,70.6,2.1
GLE Class,2018,32991,SEMI-AUTO,23451,DIESEL,150,47.9,2.1
C Class,2017,22852,SEMI-AUTO,21750,DIESEL,145,67.3,2.1
C Class,2015,15212,SEMI-AUTO,36120,DIESEL,20,64.2,2.1
SLK,2016,18991,SEMI-AUTO,12178,DIESEL,30,70.6,2
A Class,2016,18362,SEMI-AUTO,19000,DIESEL,20,74.3,1.5
C Class,2014,15802,SEMI-AUTO,31000,PETROL,125,50.4,2
SL CLASS,2018,23012,SEMI-AUTO,7724,DIESEL,150,70.6,2.1
E Class,2016,18116,AUTOMATIC,27784,DIESEL,125,58.9,2.1
A Class,2014,10532,MANUAL,40207,PETROL,125,51.4,1.6
A Class,2017,17880,SEMI-AUTO,7615,DIESEL,145,68.9,2.1
C Class,2019,30572,AUTOMATIC,5524,PETROL,145,44.1,1.5
C Class,2019,29782,AUTOMATIC,7859,PETROL,145,44.1,2
C Class,2019,27066,AUTOMATIC,6655,PETROL,145,44.1,2
SL CLASS,2019,29886,SEMI-AUTO,9086,PETROL,145,47.1,2
C Class,2016,20092,SEMI-AUTO,25803,DIESEL,30,61.4,2.1
E Class,2018,30982,SEMI-AUTO,2114,PETROL,145,39.2,2
GLC Class,2016,18366,AUTOMATIC,65012,DIESEL,125,56.5,2.1
SL CLASS,2016,36491,SEMI-AUTO,19971,PETROL,235,36.7,3
S Class,2017,57752,SEMI-AUTO,12376,PETROL,145,32.5,4.7
C Class,2017,33202,AUTOMATIC,21524,PETROL,145,34,3
GLA Class,2018,32224,AUTOMATIC,6889,PETROL,145,37.7,2
A Class,2019,22998,SEMI-AUTO,4459,PETROL,150,53.3,1.3
GLA Class,2017,16498,MANUAL,35421,DIESEL,150,67.3,2.1
A Class,2013,9480,MANUAL,74114,DIESEL,20,72.4,1.5
CL Class,2017,18500,MANUAL,33348,DIESEL,20,67.3,2.1
GLC Class,2018,49891,SEMI-AUTO,11744,PETROL,145,27.4,4
GLC Class,2017,20175,AUTOMATIC,56386,DIESEL,125,56.5,2.1
A Class,2018,18411,SEMI-AUTO,12158,DIESEL,145,65.7,1.5
CL Class,2017,20395,AUTOMATIC,9666,PETROL,145,53.3,1.6
GLA Class,2018,22525,AUTOMATIC,12014,PETROL,145,48.7,1.6
A Class,2017,18740,SEMI-AUTO,8461,PETROL,125,52.3,1.6
E Class,2018,27242,SEMI-AUTO,11397,DIESEL,145,51.4,3
C Class,2019,20676,AUTOMATIC,14163,DIESEL,145,61.4,2
GLC Class,2019,31946,AUTOMATIC,11622,DIESEL,145,42.2,2.1
E Class,2019,23816,SEMI-AUTO,7651,PETROL,145,39.8,2
C Class,2019,24306,SEMI-AUTO,15253,DIESEL,145,61.4,2
C Class,2015,17682,SEMI-AUTO,27852,DIESEL,30,64.2,2.1
C Class,2019,66990,AUTOMATIC,9625,PETROL,145,28,4
E Class,2019,53122,AUTOMATIC,5588,PETROL,145,32.1,3
C Class,2017,25172,AUTOMATIC,30525,PETROL,145,44.1,2
CLS Class,2017,20886,AUTOMATIC,72383,DIESEL,160,51.4,3
E Class,2017,23372,SEMI-AUTO,53203,DIESEL,160,51.4,3
GLA Class,2017,30586,AUTOMATIC,22782,PETROL,145,38.2,2
GLC Class,2020,25991,SEMI-AUTO,14000,DIESEL,145,40.9,2
GLC Class,2017,29991,SEMI-AUTO,18607,DIESEL,145,56.5,2.1
SL CLASS,2018,26254,SEMI-AUTO,1670,PETROL,145,47.1,2
C Class,2019,28466,AUTOMATIC,3074,PETROL,145,44.1,1.5
B Class,2017,14286,AUTOMATIC,16280,DIESEL,145,68.9,2.1
SL CLASS,2018,27482,SEMI-AUTO,1095,PETROL,145,47.1,2
C Class,2018,29532,SEMI-AUTO,7809,DIESEL,145,54.3,2
GLE Class,2019,46236,AUTOMATIC,9548,PETROL,145,30.1,3
E Class,2018,27786,SEMI-AUTO,14288,DIESEL,145,70.6,2
S Class,2018,41366,AUTOMATIC,11994,DIESEL,145,52.3,3
GLC Class,2018,30423,AUTOMATIC,8123,DIESEL,145,56.5,2.1
E Class,2019,26925,SEMI-AUTO,100,DIESEL,145,67.3,2
GLE Class,2016,24028,SEMI-AUTO,45015,DIESEL,200,47.9,2.1
GLA Class,2017,19032,AUTOMATIC,29203,DIESEL,145,64.2,2.1
A Class,2018,16495,MANUAL,12089,DIESEL,145,68.9,1.5
A Class,2016,18490,SEMI-AUTO,29474,PETROL,165,45.6,2
SLK,2014,13650,SEMI-AUTO,34170,PETROL,200,43.5,2
GLA Class,2016,18390,SEMI-AUTO,43225,DIESEL,125,56.6,2.1
A Class,2018,16047,AUTOMATIC,20495,PETROL,145,52.3,1.6
E Class,2014,11972,AUTOMATIC,75829,DIESEL,125,57.7,2.1
C Class,2014,13251,SEMI-AUTO,56219,DIESEL,20,64.2,2.1
A Class,2013,9691,MANUAL,57530,PETROL,145,49.6,1.6
GLA Class,2015,15150,SEMI-AUTO,24892,DIESEL,20,62.8,2.1
C Class,2015,13390,AUTOMATIC,88218,HYBRID,0,76.4,2.1
E Class,2017,21732,SEMI-AUTO,18636,DIESEL,20,67.3,2
A Class,2017,16722,MANUAL,18894,PETROL,145,51.4,1.6
E Class,2019,55830,AUTOMATIC,9325,PETROL,145,32.1,3
V Class,2019,44410,AUTOMATIC,4362,DIESEL,145,45.6,2.2
GLE Class,2019,49883,AUTOMATIC,9922,DIESEL,145,32.8,3
C Class,2019,26530,AUTOMATIC,3995,DIESEL,145,60.1,1.6
C Class,2019,25830,AUTOMATIC,6516,DIESEL,145,60.1,1.6
C Class,2020,33111,SEMI-AUTO,4000,DIESEL,150,64.2,2
A Class,2020,30231,SEMI-AUTO,4000,HYBRID,140,1.1,1.3
A Class,2020,42990,SEMI-AUTO,4001,PETROL,150,32.8,2
A Class,2015,11632,MANUAL,37883,DIESEL,20,70.6,1.5
A Class,2019,22980,SEMI-AUTO,10562,DIESEL,145,67.3,1.5
GLC Class,2018,30500,SEMI-AUTO,8648,DIESEL,145,56.5,2.1
GLC Class,2018,29480,SEMI-AUTO,14510,DIESEL,145,56.5,2.1
E Class,2018,20980,SEMI-AUTO,32600,DIESEL,145,72.4,2
C Class,2019,24980,SEMI-AUTO,4444,PETROL,145,45.6,1.5
C Class,2019,24000,SEMI-AUTO,7286,PETROL,145,44.1,1.5
A Class,2017,14980,MANUAL,36040,DIESEL,20,68.9,1.5
GLC Class,2019,32980,SEMI-AUTO,3403,DIESEL,145,44.8,2
B Class,2019,23980,SEMI-AUTO,2888,DIESEL,145,55.4,2
C Class,2019,30980,SEMI-AUTO,3402,PETROL,145,46.3,1.5
E Class,2019,34544,SEMI-AUTO,5508,DIESEL,145,57.7,2
A Class,2013,10662,MANUAL,40104,PETROL,145,49.6,1.6
GLA Class,2015,15632,AUTOMATIC,55787,DIESEL,125,55.4,2.1
GLC Class,2016,24642,SEMI-AUTO,20345,DIESEL,125,56.5,2.1
A Class,2017,16862,MANUAL,21047,PETROL,145,49.6,1.6
C Class,2019,34070,AUTOMATIC,14413,DIESEL,145,53.3,2
A Class,2016,19671,SEMI-AUTO,17062,PETROL,160,45.6,2
C Class,2017,17230,SEMI-AUTO,33538,PETROL,145,41.5,2
E Class,2013,10491,SEMI-AUTO,37895,DIESEL,145,55.4,2.1
A Class,2016,14480,MANUAL,21547,DIESEL,20,72.4,1.5
C Class,2019,28480,SEMI-AUTO,15160,PETROL,145,44.1,1.5
C Class,2019,29480,SEMI-AUTO,10844,PETROL,145,44.1,2
C Class,2019,42000,SEMI-AUTO,3864,PETROL,145,30.4,3
GLE Class,2019,52500,SEMI-AUTO,3866,DIESEL,145,32.8,3
GLA Class,2017,17800,SEMI-AUTO,10538,DIESEL,20,67.3,2.1
GLA Class,2017,16000,MANUAL,30886,DIESEL,30,64.2,2.1
A Class,2015,11995,MANUAL,51087,DIESEL,30,64.2,2.1
A Class,2015,17498,SEMI-AUTO,14221,DIESEL,125,58.9,2.1
E Class,2018,24676,SEMI-AUTO,6957,DIESEL,145,54.3,2
GLC Class,2017,25210,SEMI-AUTO,39140,DIESEL,150,56.5,2.1
C Class,2017,21991,SEMI-AUTO,20249,DIESEL,30,64.2,2.1
C Class,2017,49991,AUTOMATIC,26000,PETROL,150,31.7,4
GLA Class,2017,21062,SEMI-AUTO,21143,DIESEL,125,56.5,2.1
A Class,2020,30231,SEMI-AUTO,4000,HYBRID,140,1.1,1.3
GLC Class,2019,32480,SEMI-AUTO,16353,DIESEL,145,56.5,2.1
C Class,2018,25812,SEMI-AUTO,11451,DIESEL,145,67.3,2.1
GLA Class,2016,19012,SEMI-AUTO,39577,DIESEL,125,56.5,2.1
E Class,2013,15182,SEMI-AUTO,39632,DIESEL,160,47.9,3
A Class,2017,15781,MANUAL,17743,DIESEL,145,72.4,1.5
A Class,2017,16781,MANUAL,27781,PETROL,145,49.6,1.6
CL Class,2017,20352,SEMI-AUTO,24353,PETROL,145,53.3,1.6
GLE Class,2016,36182,AUTOMATIC,40945,DIESEL,300,39.2,3
CL Class,2015,17042,SEMI-AUTO,31729,DIESEL,20,67.3,2.1
A Class,2017,31352,SEMI-AUTO,14268,PETROL,145,40.9,2
E Class,2016,16556,AUTOMATIC,49798,DIESEL,20,72.4,2
GLA Class,2017,19852,SEMI-AUTO,34526,DIESEL,125,56.5,2.1
C Class,2018,28652,AUTOMATIC,8928,PETROL,145,44.1,1.5
A Class,2018,17092,SEMI-AUTO,27272,DIESEL,145,65.7,1.5
C Class,2019,24890,AUTOMATIC,7917,PETROL,145,42.2,2
E Class,2018,30592,AUTOMATIC,7684,DIESEL,145,57.7,2
GLC Class,2015,23472,AUTOMATIC,37322,DIESEL,125,56.5,2.1
A Class,2017,15981,SEMI-AUTO,15000,DIESEL,150,76.4,1.5
E Class,2017,22576,SEMI-AUTO,23669,DIESEL,165,51.4,3
A Class,2019,20776,SEMI-AUTO,6722,DIESEL,150,65.7,1.5
C Class,2017,24481,AUTOMATIC,25003,PETROL,165,44.1,2
GLE Class,2016,28293,AUTOMATIC,37435,DIESEL,260,42.8,3
C Class,2019,31040,SEMI-AUTO,4511,DIESEL,145,64.2,2
CL Class,2017,21032,SEMI-AUTO,33384,DIESEL,145,67.3,2.1
C Class,2019,20482,SEMI-AUTO,14061,PETROL,145,46.3,1.5
C Class,2019,28896,AUTOMATIC,6765,DIESEL,145,61.4,2
A Class,2019,19546,AUTOMATIC,11661,DIESEL,145,68.9,1.5
A Class,2017,13981,SEMI-AUTO,46257,PETROL,145,53.3,1.6
CL Class,2015,17972,SEMI-AUTO,33003,DIESEL,20,62.8,2.1
S Class,2019,48896,SEMI-AUTO,9955,DIESEL,145,52.3,3
C Class,2019,30516,AUTOMATIC,5465,PETROL,145,44.1,2
C Class,2019,23206,AUTOMATIC,9150,DIESEL,145,61.4,2
C Class,2019,27826,AUTOMATIC,6522,PETROL,145,44.1,2
C Class,2016,25532,AUTOMATIC,15129,PETROL,160,44.1,2
GLA Class,2017,20542,AUTOMATIC,19808,DIESEL,125,56.5,2.1
GLC Class,2020,42781,SEMI-AUTO,4123,DIESEL,145,40.9,2
C Class,2020,39981,SEMI-AUTO,4065,DIESEL,145,57.7,2
A Class,2020,37981,SEMI-AUTO,4004,PETROL,145,35.3,2
GLA Class,2020,27681,SEMI-AUTO,4000,PETROL,145,37.2,1.6
V Class,2019,53581,AUTOMATIC,3000,DIESEL,145,37.2,2
A Class,2020,26981,SEMI-AUTO,1500,PETROL,145,53.3,1.3
C Class,2017,34981,SEMI-AUTO,28174,PETROL,300,33.6,4
C Class,2018,19902,SEMI-AUTO,45734,DIESEL,145,62.8,2.1
E Class,2019,25636,SEMI-AUTO,14979,DIESEL,145,72.4,2
C Class,2019,26056,SEMI-AUTO,10096,PETROL,145,46.3,1.5
C Class,2019,22156,AUTOMATIC,15179,PETROL,145,44.1,1.5
GLS Class,2019,48502,AUTOMATIC,10721,DIESEL,145,37.2,3
C Class,2017,17282,SEMI-AUTO,27107,DIESEL,145,64.2,2.1
C Class,2019,31716,SEMI-AUTO,9785,DIESEL,145,54.3,2
A Class,2019,21990,AUTOMATIC,120,DIESEL,145,56.5,2
GLC Class,2019,47981,SEMI-AUTO,3686,PETROL,145,27.4,3
GLC Class,2019,43981,AUTOMATIC,6750,PETROL,145,31.7,2
GLC Class,2019,41570,SEMI-AUTO,8892,DIESEL,145,40.9,2
B Class,2019,22550,AUTOMATIC,5256,DIESEL,145,55.4,2
GLE Class,2019,55981,AUTOMATIC,9254,DIESEL,145,32.8,3
C Class,2019,50981,AUTOMATIC,7721,PETROL,145,29.1,3
A Class,2019,30481,AUTOMATIC,9485,PETROL,145,40.9,2
C Class,2015,17712,SEMI-AUTO,22958,DIESEL,30,64.2,1.6
GLA Class,2017,23192,SEMI-AUTO,13341,PETROL,145,48.7,1.6
CL Class,2013,16822,SEMI-AUTO,31250,DIESEL,30,62.8,2.1
GLA Class,2018,23512,SEMI-AUTO,12796,DIESEL,145,56.5,2.1
C Class,2019,59830,AUTOMATIC,6234,PETROL,145,28.5,4
C Class,2016,17902,SEMI-AUTO,29607,DIESEL,30,64.2,1.6
CL Class,2019,35562,AUTOMATIC,17098,PETROL,145,40.9,2
C Class,2019,29592,AUTOMATIC,7325,PETROL,145,43.5,2
A Class,2018,21282,SEMI-AUTO,11923,PETROL,145,53.3,1.3
A Class,2019,28681,AUTOMATIC,5977,PETROL,145,53.3,1.3
CL Class,2019,29481,AUTOMATIC,3605,PETROL,145,44.8,1.3
A Class,2019,123846,SEMI-AUTO,2951,PETROL,145,22.1,4
GLC Class,2019,40991,AUTOMATIC,4911,DIESEL,145,40.9,2
GLC Class,2019,43591,AUTOMATIC,5326,DIESEL,145,40.9,2
GLC Class,2019,40991,AUTOMATIC,5117,DIESEL,145,40.9,2
E Class,2018,24892,SEMI-AUTO,9900,DIESEL,145,61.4,2
SL CLASS,2019,77890,AUTOMATIC,105,PETROL,145,28,5.5
A Class,2016,14162,AUTOMATIC,30792,DIESEL,20,74.3,1.5
C Class,2018,23022,AUTOMATIC,8890,DIESEL,145,61.4,2
E Class,2016,19392,SEMI-AUTO,31019,PETROL,160,43.5,2
E Class,2019,37481,SEMI-AUTO,4800,PETROL,150,40.4,2
GLC Class,2019,42676,SEMI-AUTO,11302,DIESEL,150,40.4,2
A Class,2019,30581,AUTOMATIC,3209,PETROL,145,47.9,1.3
GLC Class,2019,41681,AUTOMATIC,7910,DIESEL,145,40.9,2
GLE Class,2019,59922,AUTOMATIC,8005,DIESEL,145,32.5,3
E Class,2017,21142,AUTOMATIC,26928,DIESEL,145,67.3,2
E Class,2017,21602,SEMI-AUTO,40690,DIESEL,145,54.3,3
SL CLASS,2016,21481,SEMI-AUTO,29840,PETROL,145,47.1,2
B Class,2017,16852,SEMI-AUTO,30506,DIESEL,20,67.3,2.1
A Class,2019,125796,AUTOMATIC,637,PETROL,145,24.8,4
C Class,2019,39290,SEMI-AUTO,4651,PETROL,145,30.4,3
A Class,2015,13822,AUTOMATIC,27467,DIESEL,20,74.3,1.5
C Class,2017,27462,AUTOMATIC,13258,PETROL,145,44.1,2
GLC Class,2020,46481,SEMI-AUTO,4000,DIESEL,145,40.9,2
A Class,2020,26981,SEMI-AUTO,4000,DIESEL,145,56.5,2
E Class,2017,24992,SEMI-AUTO,23468,DIESEL,30,61.4,2
GLE Class,2019,55981,SEMI-AUTO,2572,DIESEL,150,32.5,2.9
S Class,2015,24981,SEMI-AUTO,30355,DIESEL,165,51.4,3
C Class,2017,16481,SEMI-AUTO,43678,DIESEL,20,65.7,2.1
GLA Class,2017,21481,SEMI-AUTO,23630,DIESEL,145,56.5,2.1
E Class,2019,25481,SEMI-AUTO,9436,DIESEL,145,72.4,2
B Class,2019,23216,SEMI-AUTO,2884,DIESEL,145,55.4,2
A Class,2017,14812,MANUAL,20874,DIESEL,145,72.4,1.5
GLC Class,2018,29442,SEMI-AUTO,11352,DIESEL,145,56.5,2.1
A Class,2015,14092,SEMI-AUTO,47275,DIESEL,20,64.2,2.1
A Class,2017,17100,MANUAL,15046,PETROL,145,51.4,1.6
GLA Class,2015,15020,AUTOMATIC,63884,DIESEL,30,62.8,2.1
CL Class,2017,18890,MANUAL,18427,DIESEL,20,67.3,2.1
A Class,2016,15572,SEMI-AUTO,45902,PETROL,125,52.3,1.6
E Class,2017,20282,SEMI-AUTO,42000,DIESEL,145,67.3,2
C Class,2017,21481,SEMI-AUTO,39769,DIESEL,150,58.9,2.1
SL CLASS,2016,16890,SEMI-AUTO,52122,DIESEL,30,70.6,2.1
GLA Class,2016,15504,SEMI-AUTO,65000,DIESEL,125,56.5,2.1
GLC Class,2016,19980,SEMI-AUTO,48795,DIESEL,125,56.5,2.1
GLC Class,2017,21380,SEMI-AUTO,51000,DIESEL,125,56.5,2.1
GLC Class,2017,34647,SEMI-AUTO,21264,PETROL,145,34,3
X-CLASS,2019,30000,AUTOMATIC,10000,DIESEL,260,35.8,2.3
X-CLASS,2018,39000,AUTOMATIC,3161,DIESEL,260,31.4,3
A Class,2013,10190,MANUAL,32457,PETROL,125,51.4,1.6
C Class,2020,28490,SEMI-AUTO,16388,DIESEL,145,64.2,2
GLC Class,2019,29260,AUTOMATIC,11745,DIESEL,145,56.5,2.1
A Class,2017,15981,SEMI-AUTO,17210,DIESEL,150,74.3,1.5
E Class,2016,19481,SEMI-AUTO,57645,DIESEL,165,51.4,3
C Class,2017,23981,SEMI-AUTO,55381,DIESEL,150,61.4,2.1
A Class,2017,32981,SEMI-AUTO,25600,PETROL,150,40.9,2
GLC Class,2017,25481,SEMI-AUTO,42000,DIESEL,150,56.5,2.1
E Class,2017,19212,SEMI-AUTO,42984,DIESEL,30,65.7,2
A Class,2016,15502,MANUAL,20250,DIESEL,20,68.9,1.5
GLE Class,2017,25915,SEMI-AUTO,46847,DIESEL,145,47.9,2.1
E Class,2017,18337,AUTOMATIC,35600,DIESEL,145,72.4,2
GLC Class,2016,27577,AUTOMATIC,17809,DIESEL,145,56.5,2.1
GLA Class,2016,20677,AUTOMATIC,11868,PETROL,200,43.5,2
GLC Class,2017,28880,SEMI-AUTO,22822,DIESEL,145,56.5,2.1
B Class,2016,11900,MANUAL,24468,DIESEL,20,68.9,1.5
GLA Class,2016,20480,SEMI-AUTO,33549,PETROL,200,43.5,2
C Class,2019,53991,AUTOMATIC,8011,PETROL,145,29.7,3
E Class,2020,42991,SEMI-AUTO,4000,DIESEL,145,57.7,2
CL Class,2020,29991,SEMI-AUTO,4000,PETROL,145,39.8,2
GLA Class,2020,25491,SEMI-AUTO,4000,PETROL,145,37.2,1.6
V Class,2019,44631,AUTOMATIC,4000,DIESEL,145,36.2,2
E Class,2016,18342,SEMI-AUTO,27141,DIESEL,20,72.4,2
A Class,2018,18600,AUTOMATIC,14826,PETROL,145,28.5,1.3
GLC Class,2018,29400,AUTOMATIC,8783,DIESEL,145,56.5,2.1
A Class,2017,17548,SEMI-AUTO,19741,DIESEL,145,74.3,1.5
GLA Class,2016,16294,MANUAL,23102,DIESEL,20,64.2,2.1
CL Class,2019,25991,SEMI-AUTO,10652,DIESEL,145,51.4,2.2
CL Class,2019,25791,SEMI-AUTO,14055,DIESEL,145,51.4,2.2
A Class,2019,22250,SEMI-AUTO,8338,DIESEL,145,67.3,1.5
A Class,2019,19424,MANUAL,8276,PETROL,145,28.5,1.3
SL CLASS,2019,29990,SEMI-AUTO,14237,PETROL,145,47.1,2
A Class,2019,18900,SEMI-AUTO,8925,DIESEL,145,68.9,1.5
GLC Class,2019,29260,SEMI-AUTO,11240,DIESEL,145,56.5,2.1
E Class,2019,24510,AUTOMATIC,14885,DIESEL,145,72.4,2
CL Class,2018,21991,SEMI-AUTO,18637,DIESEL,145,52.3,2.2
E Class,2018,24220,AUTOMATIC,8138,DIESEL,145,72.4,2
E Class,2014,13750,SEMI-AUTO,54561,DIESEL,145,54.3,2.1
GLA Class,2014,16190,AUTOMATIC,57649,DIESEL,145,55.4,2.1
A Class,2019,18990,SEMI-AUTO,7679,DIESEL,145,68.9,1.5
A Class,2016,15703,SEMI-AUTO,51841,DIESEL,20,68.9,2.1
GLE Class,2017,28490,SEMI-AUTO,23909,DIESEL,145,47.9,2.1
GLC Class,2017,24100,AUTOMATIC,32894,DIESEL,125,56.5,2.1
V Class,2018,19498,MANUAL,26276,DIESEL,145,46.3,2.1
V Class,2018,18998,MANUAL,24043,DIESEL,150,46.3,2.1
M Class,2015,21698,SEMI-AUTO,38644,DIESEL,200,39.2,2.1
A Class,2019,19998,SEMI-AUTO,5355,PETROL,145,53.3,1.3
C Class,2017,17480,SEMI-AUTO,11906,DIESEL,20,65.7,2.1
B Class,2020,22980,SEMI-AUTO,16,DIESEL,145,55.4,2
A Class,2016,14480,MANUAL,24089,DIESEL,20,72.4,1.5
GLC Class,2019,73980,SEMI-AUTO,16,PETROL,145,21.6,4
C Class,2019,31980,SEMI-AUTO,16,PETROL,145,44.1,1.5
C Class,2019,44980,SEMI-AUTO,4887,PETROL,145,29.7,3
A Class,2019,21980,MANUAL,16,PETROL,145,28.5,1.3
CL Class,2015,13750,MANUAL,41142,PETROL,145,48.7,1.6
GLC Class,2016,27480,SEMI-AUTO,36499,DIESEL,145,56.5,2.1
C Class,2019,31480,SEMI-AUTO,3229,DIESEL,145,64.2,2
A Class,2020,49980,SEMI-AUTO,16,PETROL,145,32.8,2
C Class,2019,30480,SEMI-AUTO,6646,DIESEL,145,64.2,2
C Class,2019,35980,SEMI-AUTO,3566,DIESEL,145,61.4,2
GLC Class,2019,32480,SEMI-AUTO,3989,DIESEL,145,44.8,2
GLC Class,2019,31480,SEMI-AUTO,3068,DIESEL,145,47.9,2
C Class,2017,20480,SEMI-AUTO,12283,DIESEL,145,64.2,2.1
S Class,2016,28980,SEMI-AUTO,31210,DIESEL,200,47.9,3
GLA Class,2017,22000,SEMI-AUTO,16102,DIESEL,145,56.5,2.1
E Class,2016,20480,SEMI-AUTO,25837,DIESEL,145,53.3,3
C Class,2016,19000,SEMI-AUTO,28632,DIESEL,30,64.2,2.1
E Class,2019,27991,SEMI-AUTO,9037,DIESEL,145,65.7,2
A Class,2013,11878,SEMI-AUTO,25151,PETROL,145,50.4,1.6
GLS Class,2017,38750,SEMI-AUTO,30394,DIESEL,145,37.2,3
A Class,2017,17891,SEMI-AUTO,19850,PETROL,145,52.3,1.6
GLA Class,2017,18991,SEMI-AUTO,23437,DIESEL,145,56.5,2.1
GLA Class,2016,19490,SEMI-AUTO,29766,DIESEL,125,56.5,2.1
E Class,2017,20000,SEMI-AUTO,34495,DIESEL,145,72.4,2
GLA Class,2016,17480,SEMI-AUTO,49062,DIESEL,125,56.5,2.1
A Class,2016,14500,MANUAL,20960,DIESEL,20,72.4,1.5
GLA Class,2017,17490,SEMI-AUTO,20530,DIESEL,145,56.6,2.1
GLA Class,2018,31490,SEMI-AUTO,20320,PETROL,145,38.2,2
E Class,2014,13967,AUTOMATIC,30200,DIESEL,125,57.7,2.1
E Class,2016,18998,SEMI-AUTO,29466,DIESEL,145,54.3,3
B Class,2019,22998,SEMI-AUTO,2745,PETROL,145,44.8,1.3
V Class,2018,19998,MANUAL,17876,DIESEL,145,46.3,2.1
V Class,2018,19998,MANUAL,16146,DIESEL,145,46.3,2.1
A Class,2020,21480,MANUAL,1385,PETROL,145,47.1,1.3
CL Class,2017,16850,SEMI-AUTO,51150,DIESEL,145,67.3,2.1
E Class,2019,33900,AUTOMATIC,3501,DIESEL,145,57.7,2
A Class,2019,20398,AUTOMATIC,8901,DIESEL,145,56.5,2
C Class,2019,28480,AUTOMATIC,8900,DIESEL,145,57.7,2
E Class,2015,14611,SEMI-AUTO,56474,DIESEL,125,60.1,2.1
C Class,2019,28990,AUTOMATIC,5904,DIESEL,145,55.4,2
C Class,2019,35740,SEMI-AUTO,20016,PETROL,145,29.7,3
C Class,2019,24980,SEMI-AUTO,4238,PETROL,145,45.6,1.5
C Class,2019,29980,SEMI-AUTO,8709,DIESEL,145,57.7,2
E Class,2016,22480,SEMI-AUTO,33662,DIESEL,30,65.7,2
C Class,2017,21000,SEMI-AUTO,19566,DIESEL,145,61.4,2.1
E Class,2017,22000,SEMI-AUTO,24749,DIESEL,145,61.4,2
A Class,2015,15980,SEMI-AUTO,3587,DIESEL,20,74.3,1.5
C Class,2019,31980,SEMI-AUTO,3986,DIESEL,145,61.4,2
GLE Class,2019,47480,SEMI-AUTO,5034,DIESEL,145,36.7,2
C Class,2019,31000,SEMI-AUTO,3144,DIESEL,145,55.4,2
GLC Class,2017,25980,SEMI-AUTO,25871,DIESEL,125,56.5,2.1
E Class,2017,22480,SEMI-AUTO,19092,DIESEL,145,65.7,2
A Class,2018,18750,SEMI-AUTO,21715,DIESEL,145,65.7,1.5
CL Class,2019,26980,SEMI-AUTO,13962,DIESEL,145,51.4,2.2
A Class,2019,22980,SEMI-AUTO,8899,DIESEL,145,67.3,1.5
A Class,2019,22980,SEMI-AUTO,7148,DIESEL,145,67.3,1.5
C Class,2019,25980,SEMI-AUTO,14284,DIESEL,145,61.4,2
C Class,2019,25980,SEMI-AUTO,15070,DIESEL,145,61.4,2
A Class,2019,19250,SEMI-AUTO,15016,DIESEL,145,68.9,1.5
A Class,2016,18290,SEMI-AUTO,30998,PETROL,160,45.6,2
A Class,2018,20260,AUTOMATIC,6401,PETROL,145,53.3,1.3
C Class,2020,28590,SEMI-AUTO,1501,DIESEL,145,54.3,1.6
A Class,2019,20890,SEMI-AUTO,6588,DIESEL,145,65.7,1.5
GLA Class,2020,21991,SEMI-AUTO,1695,PETROL,145,44.8,1.6
C Class,2019,23991,SEMI-AUTO,9179,DIESEL,145,64.2,2
A Class,2019,18138,AUTOMATIC,15356,DIESEL,145,65.7,1.5
C Class,2017,17127,SEMI-AUTO,45624,DIESEL,145,61.4,2.1
C Class,2016,17491,AUTOMATIC,34794,DIESEL,30,64.2,2.1
C Class,2019,28351,AUTOMATIC,555,DIESEL,145,55.4,2
C Class,2019,29000,SEMI-AUTO,6349,PETROL,145,44.1,1.5
C Class,2019,23980,SEMI-AUTO,5164,PETROL,145,45.6,1.5
S Class,2018,38980,AUTOMATIC,11917,DIESEL,145,52.3,3
E Class,2019,39980,SEMI-AUTO,8853,DIESEL,145,45.6,3
GLC Class,2019,31480,SEMI-AUTO,13445,DIESEL,145,41.5,2.1
GLS Class,2019,47980,SEMI-AUTO,13110,DIESEL,145,37.2,3
S Class,2019,44980,AUTOMATIC,12007,DIESEL,145,52.3,3
E Class,2018,29500,SEMI-AUTO,10250,DIESEL,145,57.7,2
GLC Class,2016,23980,SEMI-AUTO,14643,DIESEL,125,56.5,2.1
E Class,2017,22000,SEMI-AUTO,22990,DIESEL,145,65.7,2
C Class,2019,29500,SEMI-AUTO,6936,PETROL,145,44.1,2
E Class,2019,37000,SEMI-AUTO,6940,DIESEL,145,48.7,3
E Class,2019,25780,SEMI-AUTO,15009,DIESEL,145,72.4,2
C Class,2017,18480,SEMI-AUTO,33105,DIESEL,145,64.2,2.1
A Class,2018,19480,SEMI-AUTO,16548,DIESEL,145,65.7,1.5
S Class,2019,46980,SEMI-AUTO,7659,DIESEL,145,52.3,3
CLS Class,2019,34980,SEMI-AUTO,5919,DIESEL,145,48.7,2.9
C Class,2018,27980,SEMI-AUTO,12173,DIESEL,145,57.7,2
GLA Class,2018,25500,SEMI-AUTO,11638,DIESEL,145,56.5,2.1
E Class,2017,22500,SEMI-AUTO,18634,DIESEL,145,65.7,2
GLC Class,2017,28980,SEMI-AUTO,21112,DIESEL,145,56.5,2.1
A Class,2019,23480,SEMI-AUTO,13322,DIESEL,145,67.3,1.5
C Class,2016,14981,SEMI-AUTO,35000,DIESEL,30,65.7,1.6
C Class,2014,15981,SEMI-AUTO,49552,DIESEL,30,64.2,2.1
A Class,2017,17981,SEMI-AUTO,24315,PETROL,150,52.3,1.6
C Class,2018,25302,SEMI-AUTO,17933,DIESEL,150,61.4,2.1
CL Class,2019,29532,SEMI-AUTO,1556,PETROL,150,40.9,2
A Class,2016,14312,MANUAL,27925,PETROL,150,50.4,1.6
CL Class,2016,29852,SEMI-AUTO,23692,PETROL,205,40.9,2
A Class,2018,16552,SEMI-AUTO,14230,DIESEL,150,74.3,1.5
GLE Class,2019,46481,SEMI-AUTO,7796,DIESEL,150,36.7,3
CL Class,2015,23981,SEMI-AUTO,40602,PETROL,205,39.8,2
C Class,2016,17841,SEMI-AUTO,33532,DIESEL,30,64.2,2.1
A Class,2019,18480,SEMI-AUTO,17945,DIESEL,145,65.7,1.5
CLS Class,2019,36000,SEMI-AUTO,8264,DIESEL,145,48.7,2.9
A Class,2019,17980,SEMI-AUTO,17842,DIESEL,145,65.7,1.5
A Class,2019,18480,SEMI-AUTO,18447,DIESEL,145,65.7,1.5
A Class,2019,22480,SEMI-AUTO,14469,DIESEL,145,67.3,1.5
C Class,2019,25980,SEMI-AUTO,12285,PETROL,145,45.6,1.5
GLC Class,2019,30980,SEMI-AUTO,13650,DIESEL,145,41.5,2.1
E Class,2019,24480,SEMI-AUTO,12065,DIESEL,145,72.4,2
C Class,2019,24980,SEMI-AUTO,11589,PETROL,145,45.6,1.5
A Class,2019,18480,SEMI-AUTO,20973,DIESEL,145,65.7,1.5
A Class,2015,15481,SEMI-AUTO,33000,DIESEL,20,64.2,2.1
GLC Class,2016,27981,SEMI-AUTO,7917,DIESEL,125,56.5,2.1
GLA Class,2016,16591,SEMI-AUTO,48808,DIESEL,125,56.5,2.1
E Class,2016,18481,SEMI-AUTO,42752,DIESEL,20,72.4,2
A Class,2018,21526,SEMI-AUTO,11716,PETROL,150,53.3,1.3
A Class,2017,17192,SEMI-AUTO,31611,DIESEL,20,74.3,1.5
GLA Class,2017,23981,SEMI-AUTO,7395,DIESEL,150,56.5,2.1
GLE Class,2018,34981,SEMI-AUTO,16890,DIESEL,150,37.7,3
C Class,2017,34981,SEMI-AUTO,22056,PETROL,150,35.3,3
GLC Class,2017,24481,SEMI-AUTO,40058,DIESEL,125,56.5,2.1
A Class,2017,18480,MANUAL,15071,DIESEL,145,80.7,1.5
SLK,2016,16980,SEMI-AUTO,28852,DIESEL,30,70.6,2
A Class,2017,15280,MANUAL,24767,DIESEL,145,65.7,2.1
E Class,2016,17480,SEMI-AUTO,42112,DIESEL,125,58.9,2.1
GLE Class,2016,29000,SEMI-AUTO,47956,DIESEL,260,42.8,3
CLS Class,2018,33980,SEMI-AUTO,5203,DIESEL,145,48.7,2.9
GLA Class,2016,19000,SEMI-AUTO,31348,DIESEL,125,56.5,2.1
C Class,2015,14000,MANUAL,43927,DIESEL,20,68.9,2.1
GLC Class,2017,26000,SEMI-AUTO,28773,DIESEL,145,56.5,2.1
B Class,2018,15980,MANUAL,679,DIESEL,145,68.9,1.5
M Class,2014,17500,SEMI-AUTO,60500,DIESEL,200,46.3,2.1
A Class,2016,13995,SEMI-AUTO,66000,DIESEL,20,68.9,2.1
A Class,2016,17250,SEMI-AUTO,14000,PETROL,125,52.3,1.6
A Class,2014,11250,SEMI-AUTO,58500,DIESEL,30,65.7,1.5
CL Class,2016,16120,MANUAL,41115,DIESEL,20,67.3,2.1
A Class,2016,15096,MANUAL,40576,DIESEL,30,62.8,2.1
CL Class,2015,19891,SEMI-AUTO,15061,PETROL,205,42.2,2
C Class,2017,13610,MANUAL,32783,PETROL,125,53.3,2
B Class,2017,12699,SEMI-AUTO,31633,DIESEL,150,70.6,1.5
E Class,2018,19800,AUTOMATIC,33080,DIESEL,145,72.4,2
V Class,2019,20691,AUTOMATIC,18398,DIESEL,150,48.7,2.1
V Class,2018,19346,MANUAL,32095,DIESEL,150,46.3,2.1
V Class,2019,20391,AUTOMATIC,18552,DIESEL,150,48.7,2.1
X-CLASS,2019,22995,AUTOMATIC,8974,DIESEL,265,35.8,2.3
C Class,2017,18995,SEMI-AUTO,40400,HYBRID,0,134.5,2
C Class,2017,16995,SEMI-AUTO,24844,DIESEL,30,65.7,1.6
E Class,2013,9550,SEMI-AUTO,69124,DIESEL,125,58.9,2.1
GLC Class,2017,23242,SEMI-AUTO,52214,DIESEL,125,56.5,2.1
GLC Class,2017,23242,SEMI-AUTO,52214,DIESEL,125,56.5,2.1
SL CLASS,2017,21500,SEMI-AUTO,16000,PETROL,145,47.1,2
GLC Class,2019,35980,SEMI-AUTO,16,DIESEL,145,44.8,2
A Class,2020,23980,SEMI-AUTO,16,DIESEL,145,56.5,2
A Class,2020,24980,MANUAL,16,PETROL,145,45.6,1.3
C Class,2020,33980,SEMI-AUTO,16,DIESEL,145,51.4,2
A Class,2019,23980,SEMI-AUTO,9,DIESEL,145,65.7,1.5
A Class,2019,24480,SEMI-AUTO,9,DIESEL,145,67.3,1.5
A Class,2019,23980,SEMI-AUTO,9,PETROL,145,28.5,1.3
GLE Class,2018,46980,SEMI-AUTO,6948,DIESEL,145,36.7,3
A Class,2017,31980,SEMI-AUTO,28210,PETROL,145,40.9,2
GLC Class,2017,30980,SEMI-AUTO,23999,DIESEL,145,56.5,2.1
C Class,2020,29980,SEMI-AUTO,9,PETROL,150,46.3,1.5
CL Class,2019,54980,SEMI-AUTO,9,PETROL,150,33.2,2
A Class,2019,31980,SEMI-AUTO,4309,PETROL,145,35.8,2
A Class,2020,26980,SEMI-AUTO,9,PETROL,145,53.3,1.3
E Class,2017,24480,SEMI-AUTO,22469,DIESEL,145,51.4,3
C Class,2015,13500,SEMI-AUTO,37020,DIESEL,30,65.7,1.6
B Class,2019,21994,SEMI-AUTO,7068,DIESEL,150,60.1,1.5
B Class,2019,25980,SEMI-AUTO,16,DIESEL,145,55.4,2
C Class,2019,29980,SEMI-AUTO,5428,DIESEL,145,56.5,2
GLA Class,2015,18980,SEMI-AUTO,35585,DIESEL,125,55.4,2.1
C Class,2014,16964,AUTOMATIC,20281,DIESEL,30,64.2,2.1
A Class,2019,26980,SEMI-AUTO,16,PETROL,145,28.5,2
A Class,2019,22480,SEMI-AUTO,16,PETROL,145,53.3,1.3
A Class,2019,22980,SEMI-AUTO,16,DIESEL,145,56.5,2
A Class,2019,23979,SEMI-AUTO,16,DIESEL,145,56.5,2
A Class,2019,24980,MANUAL,16,PETROL,145,47.1,1.3
GLC Class,2019,30980,SEMI-AUTO,3999,DIESEL,145,47.9,2
E Class,2019,35980,SEMI-AUTO,9,DIESEL,145,45.6,2
C Class,2019,35980,SEMI-AUTO,9,DIESEL,145,57.7,2
E Class,2020,36980,SEMI-AUTO,9,DIESEL,145,45.6,2
C Class,2019,31980,SEMI-AUTO,9,DIESEL,145,61.4,2
GLA Class,2015,15694,SEMI-AUTO,28541,DIESEL,145,55.4,2.1
A Class,2016,17298,MANUAL,31879,PETROL,200,41.5,2
GLA Class,2015,17298,SEMI-AUTO,28543,DIESEL,125,55.4,2.1
A Class,2019,18991,SEMI-AUTO,18576,DIESEL,150,65.7,1.5
A Class,2014,13490,SEMI-AUTO,41136,DIESEL,20,64.2,2.1
A Class,2017,16249,AUTOMATIC,32396,DIESEL,20,68.9,2.1
C Class,2018,22680,AUTOMATIC,20039,DIESEL,145,67.3,2.1
A Class,2014,11995,SEMI-AUTO,35214,PETROL,125,52.3,1.6
X-CLASS,2019,24895,AUTOMATIC,12402,DIESEL,260,35.8,2.3
B Class,2018,19980,SEMI-AUTO,3945,PETROL,145,50.4,1.6
A Class,2019,24980,SEMI-AUTO,9,PETROL,145,53.3,1.3
A Class,2019,25480,SEMI-AUTO,16,DIESEL,145,65.7,1.5
A Class,2019,25480,SEMI-AUTO,16,PETROL,145,28.5,1.3
A Class,2020,26980,SEMI-AUTO,9,DIESEL,145,56.5,2
A Class,2020,26980,SEMI-AUTO,9,DIESEL,145,56.5,2
A Class,2018,22980,SEMI-AUTO,5999,DIESEL,145,65.7,1.5
GLC Class,2019,39980,SEMI-AUTO,3999,DIESEL,145,40.9,2
C Class,2019,24780,SEMI-AUTO,13539,DIESEL,145,61.4,2
C Class,2019,26780,SEMI-AUTO,10340,DIESEL,145,61.4,2
C Class,2019,20480,SEMI-AUTO,14620,PETROL,145,46.3,1.5
E Class,2019,25980,SEMI-AUTO,11116,DIESEL,145,72.4,2
GLA Class,2018,25980,SEMI-AUTO,9452,DIESEL,145,56.5,2.1
E Class,2016,17980,SEMI-AUTO,49096,DIESEL,145,54.3,3
E Class,2019,34980,SEMI-AUTO,3917,DIESEL,145,53.3,2
CL Class,2018,21980,SEMI-AUTO,24045,DIESEL,145,67.3,2.1
C Class,2019,25480,SEMI-AUTO,12016,PETROL,145,46.3,1.5
A Class,2020,24980,MANUAL,16,PETROL,145,28.5,1.3
C Class,2019,38500,SEMI-AUTO,3999,PETROL,145,30.4,3
GLC Class,2017,29480,SEMI-AUTO,27552,DIESEL,145,56.5,2.1
C Class,2019,31480,SEMI-AUTO,16,DIESEL,145,51.4,2
GLE Class,2020,59980,SEMI-AUTO,14,PETROL,145,29.5,3
C Class,2020,22980,MANUAL,16,PETROL,145,47.1,1.6
C Class,2020,31980,SEMI-AUTO,16,DIESEL,145,64.2,2
C Class,2020,31980,SEMI-AUTO,16,DIESEL,145,64.2,2
GLA Class,2020,27980,SEMI-AUTO,16,PETROL,145,35.8,1.6
GLA Class,2020,27980,SEMI-AUTO,16,PETROL,145,35.8,1.6
GLA Class,2020,27980,SEMI-AUTO,16,PETROL,145,35.8,1.6
C Class,2019,29980,SEMI-AUTO,16,DIESEL,145,60.1,1.6
C Class,2020,32980,SEMI-AUTO,16,DIESEL,145,61.4,2
GLE Class,2020,62980,SEMI-AUTO,49,DIESEL,145,32.5,2.9
C Class,2020,33980,SEMI-AUTO,16,DIESEL,145,61.4,2
SL CLASS,2020,33980,SEMI-AUTO,382,PETROL,145,36.7,2
GLB Class,2020,39980,SEMI-AUTO,349,DIESEL,145,46.3,2
GLE Class,2019,49980,SEMI-AUTO,2844,DIESEL,145,36.7,2
C Class,2019,45980,SEMI-AUTO,4504,PETROL,145,29.7,3
GLC Class,2020,49980,SEMI-AUTO,3999,PETROL,145,26.4,3
GLC Class,2020,49980,SEMI-AUTO,4001,PETROL,145,26.4,3
S Class,2020,64980,SEMI-AUTO,3999,DIESEL,145,40.4,3
GLA Class,2016,17480,SEMI-AUTO,21011,DIESEL,125,56.6,2.1
A Class,2019,23980,SEMI-AUTO,16,DIESEL,145,65.7,1.5
C Class,2019,29980,SEMI-AUTO,16,PETROL,145,46.3,1.5
A Class,2019,26980,SEMI-AUTO,16,PETROL,145,28.5,2
A Class,2019,25480,SEMI-AUTO,16,DIESEL,145,56.5,2
A Class,2019,26980,SEMI-AUTO,16,PETROL,145,28.5,2
A Class,2019,26980,SEMI-AUTO,16,PETROL,145,28.5,2
GLC Class,2020,39980,SEMI-AUTO,2599,PETROL,145,31.7,2
GLC Class,2020,39980,SEMI-AUTO,3999,PETROL,145,32.1,2
E Class,2019,25780,SEMI-AUTO,14832,DIESEL,145,72.4,2
A Class,2019,23480,SEMI-AUTO,10191,DIESEL,145,67.3,1.5
E Class,2017,22980,SEMI-AUTO,20425,DIESEL,145,61.4,2
GLA Class,2018,19480,MANUAL,10637,DIESEL,145,67.3,2.1
E Class,2019,27980,SEMI-AUTO,14479,DIESEL,145,61.4,2
GLC Class,2019,30980,SEMI-AUTO,10217,DIESEL,145,56.5,2.1
SLK,2016,16480,SEMI-AUTO,36363,DIESEL,30,70.6,2
C Class,2020,35980,SEMI-AUTO,9,DIESEL,145,55.4,2
E Class,2020,36980,SEMI-AUTO,16,DIESEL,145,70.6,2
A Class,2020,26980,MANUAL,16,PETROL,145,44.8,1.3
A Class,2020,26980,MANUAL,16,PETROL,145,44.1,1.3
A Class,2020,23980,MANUAL,16,PETROL,145,47.1,1.3
C Class,2019,45980,SEMI-AUTO,2010,PETROL,145,29.7,3
GLE Class,2020,48980,SEMI-AUTO,3999,DIESEL,145,36.7,2
GLC Class,2020,38980,SEMI-AUTO,3999,DIESEL,145,40.9,2
GLC Class,2020,47980,SEMI-AUTO,3999,PETROL,145,27.4,3
C Class,2019,20980,SEMI-AUTO,15933,PETROL,145,44.1,1.5
GLC Class,2019,30980,SEMI-AUTO,5002,DIESEL,145,44.8,2
GLA Class,2019,23780,SEMI-AUTO,12580,DIESEL,145,67.3,2.1
A Class,2015,13680,MANUAL,45376,DIESEL,20,72.4,1.5
A Class,2019,23980,SEMI-AUTO,2555,PETROL,145,47.9,1.3
C Class,2019,26980,SEMI-AUTO,8072,DIESEL,145,61.4,2
E Class,2019,25780,SEMI-AUTO,14259,DIESEL,145,72.4,2
E Class,2019,28980,SEMI-AUTO,3449,DIESEL,145,61.4,2
GLA Class,2019,23480,SEMI-AUTO,12741,DIESEL,145,67.3,2.1
GLA Class,2019,23980,SEMI-AUTO,15012,DIESEL,145,67.3,2.1
C Class,2019,20480,SEMI-AUTO,6459,PETROL,145,46.3,1.5
E Class,2019,24780,SEMI-AUTO,11852,DIESEL,145,72.4,2
C Class,2019,27980,SEMI-AUTO,7460,DIESEL,145,56.5,2
C Class,2019,29480,SEMI-AUTO,7494,DIESEL,145,56.5,2
C Class,2019,28980,SEMI-AUTO,3695,DIESEL,145,56.5,2
C Class,2019,19980,SEMI-AUTO,14269,PETROL,145,46.3,1.5
E Class,2019,26980,SEMI-AUTO,1506,DIESEL,145,67.3,2
A Class,2019,20280,SEMI-AUTO,13191,DIESEL,145,65.7,1.5
A Class,2020,27980,SEMI-AUTO,16,DIESEL,145,56.5,2
A Class,2020,49980,SEMI-AUTO,16,PETROL,145,32.8,2
A Class,2020,24480,MANUAL,16,PETROL,145,47.1,1.3
C Class,2020,32480,SEMI-AUTO,16,DIESEL,145,64.2,2
A Class,2019,20780,SEMI-AUTO,8043,DIESEL,145,65.7,1.5
E Class,2019,25780,SEMI-AUTO,13319,DIESEL,145,72.4,2
E Class,2019,25780,SEMI-AUTO,14784,DIESEL,145,72.4,2
E Class,2019,26980,SEMI-AUTO,13278,DIESEL,145,67.3,2
M Class,2013,16991,SEMI-AUTO,56979,DIESEL,200,44.8,2.1
E Class,2019,24780,SEMI-AUTO,2000,DIESEL,145,72.4,2
E Class,2019,24780,SEMI-AUTO,2000,DIESEL,145,72.4,2
GLA Class,2020,25480,SEMI-AUTO,16,PETROL,145,37.2,1.6
GLE Class,2016,34480,SEMI-AUTO,35879,DIESEL,300,39.2,3
GLA Class,2016,16980,SEMI-AUTO,38096,DIESEL,20,64.2,2.1
GLA Class,2020,24980,SEMI-AUTO,16,PETROL,145,37.2,1.6
C Class,2020,31480,SEMI-AUTO,9,DIESEL,145,64.2,2
GLE Class,2019,53980,SEMI-AUTO,11,DIESEL,145,32.8,2.9
GLC Class,2018,27480,SEMI-AUTO,7851,DIESEL,145,41.5,2.1
GLE Class,2015,26480,SEMI-AUTO,29196,DIESEL,200,47.9,2.1
E Class,2017,20980,SEMI-AUTO,15843,DIESEL,145,56.5,2.1
C Class,2019,30980,SEMI-AUTO,4957,DIESEL,145,57.7,2
E Class,2017,23480,SEMI-AUTO,23997,DIESEL,145,65.7,2
E Class,2017,24980,SEMI-AUTO,19893,DIESEL,145,54.3,3
C Class,2016,18480,SEMI-AUTO,14996,DIESEL,20,64.2,2.1
C Class,2016,15480,MANUAL,36069,DIESEL,20,68.9,2.1
E Class,2019,34480,SEMI-AUTO,6144,DIESEL,145,57.7,2
GLB Class,2020,38980,SEMI-AUTO,16,DIESEL,145,44.8,2
E Class,2019,25780,SEMI-AUTO,11082,DIESEL,145,72.4,2
E Class,2019,24780,SEMI-AUTO,14828,DIESEL,145,72.4,2
E Class,2019,24780,SEMI-AUTO,14648,DIESEL,145,72.4,2
E Class,2019,24780,SEMI-AUTO,13954,DIESEL,145,72.4,2
A Class,2019,20480,SEMI-AUTO,9411,DIESEL,145,65.7,1.5
E Class,2019,26980,SEMI-AUTO,17556,DIESEL,145,67.3,2
E Class,2019,26980,SEMI-AUTO,14105,DIESEL,145,67.3,2
GLE Class,2016,33480,SEMI-AUTO,40129,DIESEL,300,39.2,3
GLC Class,2016,27480,SEMI-AUTO,35782,DIESEL,125,56.5,2.1
C Class,2017,24880,AUTOMATIC,14843,DIESEL,145,54.3,2.1
E Class,2016,19480,SEMI-AUTO,19448,DIESEL,125,58.9,2.1
E Class,2017,18480,SEMI-AUTO,44316,DIESEL,20,72.4,2
GLC Class,2016,26780,SEMI-AUTO,33294,DIESEL,125,56.5,2.1
S Class,2017,46980,SEMI-AUTO,13112,PETROL,145,40.9,3
GLC Class,2016,29480,SEMI-AUTO,15772,DIESEL,145,56.5,2.1
A Class,2018,21480,SEMI-AUTO,10048,DIESEL,145,67.3,1.5
GLE Class,2015,26680,SEMI-AUTO,30155,DIESEL,260,42.8,3
C Class,2019,30980,SEMI-AUTO,4288,DIESEL,145,54.3,1.6
C Class,2019,35980,SEMI-AUTO,1844,DIESEL,145,61.4,2
C Class,2019,32980,SEMI-AUTO,16,PETROL,145,46.3,1.5
C Class,2019,36980,AUTOMATIC,9,DIESEL,145,61.4,2
C Class,2019,29480,SEMI-AUTO,3999,DIESEL,145,54.3,1.6
GLA Class,2016,19380,SEMI-AUTO,23979,DIESEL,125,56.5,2.1
GLC Class,2019,37980,SEMI-AUTO,16,DIESEL,145,40.9,2
E Class,2019,46980,SEMI-AUTO,9,DIESEL,145,47.1,3
C Class,2019,27000,SEMI-AUTO,3689,DIESEL,145,60.1,1.6
E Class,2019,35980,SEMI-AUTO,9,DIESEL,145,45.6,2
C Class,2016,20500,SEMI-AUTO,17410,DIESEL,30,61.4,2.1
E Class,2019,34980,SEMI-AUTO,4196,DIESEL,145,70.6,2
C Class,2019,67980,SEMI-AUTO,3456,PETROL,145,28,4
A Class,2019,24480,SEMI-AUTO,16,DIESEL,145,67.3,1.5
C Class,2019,31980,SEMI-AUTO,9,PETROL,145,46.3,1.5
A Class,2019,22980,SEMI-AUTO,9,DIESEL,145,65.7,1.5
GLE Class,2019,49980,SEMI-AUTO,23479,DIESEL,145,32.8,2.9
C Class,2019,30980,SEMI-AUTO,16,DIESEL,145,61.4,2
GLC Class,2020,33980,SEMI-AUTO,16,DIESEL,145,44.8,2
E Class,2017,23480,SEMI-AUTO,18444,DIESEL,145,65.7,2
E Class,2017,22480,SEMI-AUTO,24723,DIESEL,145,65.7,2
C Class,2019,24980,SEMI-AUTO,6784,PETROL,145,45.6,1.5
C Class,2019,24980,SEMI-AUTO,5453,PETROL,145,45.6,1.5
C Class,2019,26500,SEMI-AUTO,3341,PETROL,145,45.6,1.5
C Class,2019,24000,SEMI-AUTO,5207,PETROL,145,44.1,1.5
GLE Class,2017,30980,SEMI-AUTO,17722,DIESEL,260,42.8,3
C Class,2015,16480,SEMI-AUTO,41349,DIESEL,30,62.8,2.1
GLA Class,2017,18780,MANUAL,36640,DIESEL,145,64.2,2.1
C Class,2017,19980,SEMI-AUTO,16624,DIESEL,145,64.2,2.1
E Class,2019,26980,SEMI-AUTO,15180,DIESEL,145,67.3,2
E Class,2019,25780,SEMI-AUTO,9853,DIESEL,145,72.4,2
C Class,2017,17980,SEMI-AUTO,32259,DIESEL,30,64.2,2.1
E Class,2018,32480,SEMI-AUTO,9679,DIESEL,145,57.7,2
C Class,2019,28480,SEMI-AUTO,4665,PETROL,145,44.1,2
B Class,2019,27480,SEMI-AUTO,7586,DIESEL,145,54.3,2
SLK,2015,16480,SEMI-AUTO,27877,DIESEL,30,70.6,2
GLC Class,2016,25980,SEMI-AUTO,37876,DIESEL,125,56.5,2.1
SL CLASS,2016,19480,SEMI-AUTO,38303,PETROL,145,47.9,2
GLC Class,2020,43980,SEMI-AUTO,16,DIESEL,145,40.9,2
C Class,2019,20980,SEMI-AUTO,11412,DIESEL,145,61.4,2
GLA Class,2016,19980,SEMI-AUTO,32465,DIESEL,125,56.5,2.1
C Class,2019,19980,SEMI-AUTO,15057,DIESEL,145,64.2,2.1
A Class,2018,23780,SEMI-AUTO,7939,PETROL,145,53.3,1.3
C Class,2018,29480,SEMI-AUTO,8228,DIESEL,145,57.7,2
GLA Class,2018,25480,SEMI-AUTO,12695,DIESEL,145,56.5,2.1
GLA Class,2018,25480,SEMI-AUTO,11102,DIESEL,145,56.5,2.1
GLA Class,2018,25480,SEMI-AUTO,11561,DIESEL,145,56.5,2.1
GLA Class,2018,25480,SEMI-AUTO,17123,DIESEL,145,56.5,2.1
C Class,2017,45480,SEMI-AUTO,11018,PETROL,145,32.8,4
C Class,2020,32980,SEMI-AUTO,9,DIESEL,145,61.4,2
E Class,2020,39980,SEMI-AUTO,1096,DIESEL,145,57.7,2
C Class,2019,36980,SEMI-AUTO,16,DIESEL,145,61.4,2
C Class,2019,36980,SEMI-AUTO,16,DIESEL,145,61.4,2
C Class,2016,20780,SEMI-AUTO,31246,DIESEL,20,68.9,2.1
E Class,2018,23480,SEMI-AUTO,10729,DIESEL,145,61.4,2
GLA Class,2016,20480,SEMI-AUTO,19294,DIESEL,125,56.5,2.1
GLC Class,2018,26980,SEMI-AUTO,10266,PETROL,145,37.2,2
E Class,2017,22480,SEMI-AUTO,40239,DIESEL,30,65.7,2
GLE Class,2016,35980,SEMI-AUTO,39056,DIESEL,300,39.2,3
GLE Class,2019,57980,SEMI-AUTO,3999,PETROL,145,30.1,3
C Class,2019,33980,SEMI-AUTO,9,DIESEL,145,57.7,2
C Class,2019,31980,SEMI-AUTO,9,DIESEL,145,64.2,2
M Class,2015,23480,SEMI-AUTO,46049,DIESEL,300,39.2,3
C Class,2019,27500,SEMI-AUTO,5866,PETROL,145,46.3,1.5
C Class,2019,26000,SEMI-AUTO,9180,DIESEL,145,64.2,2
GLE Class,2017,39980,SEMI-AUTO,23321,DIESEL,145,39.2,3
C Class,2019,31980,SEMI-AUTO,16,DIESEL,145,61.4,2
A Class,2019,20480,SEMI-AUTO,10859,DIESEL,145,65.7,1.5
CL Class,2019,26980,SEMI-AUTO,13947,DIESEL,145,51.4,2.2
CL Class,2019,26980,SEMI-AUTO,12790,DIESEL,145,51.4,2.2
B Class,2018,20000,SEMI-AUTO,9723,DIESEL,145,68.9,2.1
E Class,2018,30980,SEMI-AUTO,6951,DIESEL,145,70.6,2
E Class,2018,31480,SEMI-AUTO,11958,DIESEL,145,70.6,2
E Class,2018,30980,SEMI-AUTO,7578,DIESEL,145,57.7,2
B Class,2019,22500,SEMI-AUTO,13491,PETROL,145,45.6,1.3
GLS Class,2019,47980,SEMI-AUTO,11584,DIESEL,145,37.2,3
GLC Class,2019,29480,SEMI-AUTO,11495,DIESEL,145,56.5,2.1
E Class,2019,27980,SEMI-AUTO,3823,PETROL,145,39.8,2
A Class,2019,19980,SEMI-AUTO,14430,DIESEL,145,65.7,1.5
A Class,2019,22980,SEMI-AUTO,14814,DIESEL,145,67.3,1.5
C Class,2019,29980,SEMI-AUTO,9227,DIESEL,145,57.7,2
A Class,2019,20980,SEMI-AUTO,8655,DIESEL,145,68.9,1.5
E Class,2017,19980,SEMI-AUTO,38193,DIESEL,145,72.4,2
CLS Class,2017,21480,SEMI-AUTO,30427,DIESEL,145,57.7,2.1
C Class,2017,17280,SEMI-AUTO,42294,DIESEL,145,64.2,2.1
CLS Class,2018,34480,SEMI-AUTO,16432,DIESEL,145,48.7,2.9
C Class,2019,27980,SEMI-AUTO,14742,DIESEL,145,64.2,2
C Class,2019,28980,SEMI-AUTO,10696,PETROL,145,44.1,1.5
C Class,2019,20980,SEMI-AUTO,14208,PETROL,145,44.1,1.5
C Class,2019,20980,SEMI-AUTO,14694,PETROL,145,44.1,1.5
C Class,2019,20980,SEMI-AUTO,13137,PETROL,145,44.1,1.5
GLE Class,2018,32480,SEMI-AUTO,14597,DIESEL,145,42.8,3
E Class,2019,32480,SEMI-AUTO,8939,DIESEL,145,70.6,2
GLC Class,2019,31480,SEMI-AUTO,12365,DIESEL,145,42.2,2.1
GLC Class,2019,30480,SEMI-AUTO,9736,DIESEL,145,42.2,2.1
C Class,2018,25480,SEMI-AUTO,9830,PETROL,145,46.3,1.5
GLE Class,2017,29480,SEMI-AUTO,27252,DIESEL,145,42.8,3
C Class,2019,29480,SEMI-AUTO,11064,DIESEL,145,56.5,2
B Class,2019,22480,SEMI-AUTO,14791,PETROL,145,45.6,1.3
C Class,2019,27000,SEMI-AUTO,10368,DIESEL,145,61.4,2
GLC Class,2020,41980,SEMI-AUTO,1120,DIESEL,145,40.9,2
E Class,2019,25780,SEMI-AUTO,10171,DIESEL,145,72.4,2
E Class,2020,44980,SEMI-AUTO,9,DIESEL,145,42.8,3
C Class,2017,15980,MANUAL,34692,DIESEL,20,68.9,2.1
A Class,2019,25980,SEMI-AUTO,200,PETROL,145,53.3,1.3
GLC Class,2020,62480,SEMI-AUTO,3999,PETROL,145,22.4,4
GLC Class,2019,37980,SEMI-AUTO,3999,DIESEL,145,40.9,2
GLC Class,2020,39980,SEMI-AUTO,3999,PETROL,145,32.1,2
CL Class,2019,26980,SEMI-AUTO,3730,PETROL,145,44.1,1.3
E Class,2019,33980,SEMI-AUTO,12928,DIESEL,145,48.7,3
E Class,2019,28980,SEMI-AUTO,13504,DIESEL,145,58.9,2
E Class,2019,28980,SEMI-AUTO,10156,DIESEL,145,58.9,2
C Class,2019,25980,SEMI-AUTO,8999,PETROL,145,45.6,1.5
C Class,2019,25980,SEMI-AUTO,11412,PETROL,145,45.6,1.5
C Class,2019,26000,SEMI-AUTO,5046,PETROL,145,45.6,1.5
C Class,2019,23780,SEMI-AUTO,14663,PETROL,145,44.1,1.5
C Class,2019,25000,SEMI-AUTO,13169,PETROL,145,44.1,1.5
E Class,2019,27980,SEMI-AUTO,11085,DIESEL,145,58.9,2
E Class,2019,24480,SEMI-AUTO,11998,DIESEL,145,72.4,2
S Class,2019,79980,SEMI-AUTO,5000,PETROL,145,31.7,4
A Class,2019,21980,SEMI-AUTO,4015,DIESEL,145,65.7,1.5
A Class,2020,23980,MANUAL,287,PETROL,145,45.6,1.3
A Class,2020,25980,SEMI-AUTO,942,DIESEL,145,56.5,2
CLS Class,2019,35980,SEMI-AUTO,7444,DIESEL,145,48.7,2.9
C Class,2019,19980,SEMI-AUTO,14307,PETROL,145,46.3,1.5
A Class,2019,18480,SEMI-AUTO,17551,DIESEL,145,65.7,1.5
GLA Class,2019,21980,SEMI-AUTO,12265,DIESEL,145,67.3,2.1
GLC Class,2019,28480,SEMI-AUTO,5981,DIESEL,145,41.5,2.1
GLA Class,2018,22480,SEMI-AUTO,17392,DIESEL,145,56.5,2.1
E Class,2018,31480,SEMI-AUTO,5317,DIESEL,145,57.7,2
A Class,2019,20480,SEMI-AUTO,10247,DIESEL,145,65.7,1.5
C Class,2018,27980,SEMI-AUTO,13199,DIESEL,145,57.7,2
GLE Class,2016,26980,SEMI-AUTO,35162,DIESEL,260,42.8,3
E Class,2017,23480,SEMI-AUTO,16635,DIESEL,145,65.7,2
E Class,2017,24480,SEMI-AUTO,17636,DIESEL,145,65.7,2
B Class,2018,16480,MANUAL,3295,PETROL,145,49.6,1.6
E Class,2019,30980,SEMI-AUTO,4831,DIESEL,145,61.4,2
C Class,2019,29980,SEMI-AUTO,4616,DIESEL,145,57.7,2
E Class,2019,38480,SEMI-AUTO,136,DIESEL,145,48.7,3
SL CLASS,2019,49480,SEMI-AUTO,6116,PETROL,145,36.7,3
E Class,2019,25980,SEMI-AUTO,10778,DIESEL,145,72.4,2
B Class,2019,18000,MANUAL,4429,PETROL,145,49.6,1.6
CLS Class,2016,23480,SEMI-AUTO,31310,DIESEL,160,51.4,3
E Class,2018,24480,SEMI-AUTO,12833,DIESEL,145,61.4,2
C Class,2019,30980,SEMI-AUTO,3254,DIESEL,145,57.7,2
C Class,2019,29980,SEMI-AUTO,6073,DIESEL,145,57.7,2
C Class,2019,29980,SEMI-AUTO,9454,DIESEL,145,57.7,2
C Class,2020,65980,SEMI-AUTO,3999,PETROL,145,28,4
GLE Class,2020,48980,SEMI-AUTO,3999,DIESEL,145,36.7,2
GLC Class,2020,39980,SEMI-AUTO,3999,PETROL,145,32.1,2
C Class,2019,29500,SEMI-AUTO,10939,PETROL,145,44.1,1.5
C Class,2019,29980,SEMI-AUTO,9782,DIESEL,145,54.3,2
C Class,2019,26980,SEMI-AUTO,6584,PETROL,145,47.1,1.5
E Class,2019,45980,SEMI-AUTO,10491,PETROL,145,32.5,3
A Class,2019,18480,SEMI-AUTO,17131,DIESEL,145,65.7,1.5
C Class,2019,24480,SEMI-AUTO,13314,DIESEL,145,58.9,2
GLA Class,2019,22480,SEMI-AUTO,12623,DIESEL,145,67.3,2.1
GLE Class,2016,32480,SEMI-AUTO,18173,DIESEL,260,42.8,3
GLA Class,2017,20480,SEMI-AUTO,26999,DIESEL,145,56.5,2.1
E Class,2015,17980,SEMI-AUTO,25615,DIESEL,125,61.4,2.1
GLA Class,2017,19980,SEMI-AUTO,25912,DIESEL,125,56.5,2.1
E Class,2017,20980,SEMI-AUTO,32106,DIESEL,145,65.7,2
GLE Class,2017,29480,SEMI-AUTO,28699,DIESEL,145,42.8,3
GLE Class,2017,27980,SEMI-AUTO,35393,DIESEL,145,42.8,3
GLC Class,2019,31480,SEMI-AUTO,9807,DIESEL,145,56.5,2.1
GLC Class,2018,32480,SEMI-AUTO,11592,DIESEL,145,56.5,2.1
CL Class,2019,29980,SEMI-AUTO,3999,PETROL,145,44.1,1.3
C Class,2019,28980,SEMI-AUTO,16543,PETROL,145,44.1,2
GLC Class,2019,31980,SEMI-AUTO,16212,DIESEL,145,56.5,2.1
A Class,2018,21780,SEMI-AUTO,11034,DIESEL,145,67.3,1.5
M Class,2015,24480,SEMI-AUTO,33059,DIESEL,300,39.2,3
GLC Class,2020,31980,SEMI-AUTO,3999,PETROL,145,34,2
GLC Class,2020,49980,SEMI-AUTO,3999,PETROL,145,26.4,3
GLC Class,2020,37980,SEMI-AUTO,3999,DIESEL,145,40.9,2
GLE Class,2020,48980,SEMI-AUTO,3999,DIESEL,145,36.7,2
C Class,2020,30980,SEMI-AUTO,3999,DIESEL,145,61.4,2
GLC Class,2019,37980,SEMI-AUTO,3999,DIESEL,145,40.9,2
CL Class,2020,27980,SEMI-AUTO,3999,PETROL,145,44.8,1.3
C Class,2019,45980,SEMI-AUTO,2617,PETROL,145,29.7,3
GLE Class,2020,48980,SEMI-AUTO,3999,DIESEL,145,36.7,2
C Class,2020,38980,SEMI-AUTO,3999,PETROL,145,28.3,3
E Class,2019,25780,SEMI-AUTO,15854,DIESEL,145,72.4,2
C Class,2019,25980,SEMI-AUTO,13214,PETROL,145,46.3,1.5
C Class,2019,26980,SEMI-AUTO,7721,PETROL,145,46.3,1.5
E Class,2019,25480,SEMI-AUTO,5944,DIESEL,145,72.4,2
E Class,2019,25480,SEMI-AUTO,13885,DIESEL,145,72.4,2
C Class,2019,25980,SEMI-AUTO,13012,PETROL,145,46.3,1.5
E Class,2019,25480,SEMI-AUTO,14763,DIESEL,145,72.4,2
C Class,2018,21980,SEMI-AUTO,8024,DIESEL,145,60.1,2.1
C Class,2019,31480,SEMI-AUTO,7524,DIESEL,145,57.7,2
E Class,2019,29480,SEMI-AUTO,7859,DIESEL,145,61.4,2
C Class,2015,10700,SEMI-AUTO,58724,DIESEL,145,53.3,2.1
E Class,2014,13291,SEMI-AUTO,66416,DIESEL,205,47.1,3
C Class,2018,23890,SEMI-AUTO,8194,DIESEL,145,64.2,2
C Class,2017,18481,AUTOMATIC,20179,DIESEL,145,61.4,2.1
C Class,2013,8751,SEMI-AUTO,91046,DIESEL,150,53.3,2.1
GLC Class,2018,29991,SEMI-AUTO,18976,DIESEL,150,47.9,3
A Class,2013,11490,SEMI-AUTO,16139,PETROL,125,52.3,1.6
E Class,2016,17990,SEMI-AUTO,16503,DIESEL,20,72.4,2
A Class,2019,20990,SEMI-AUTO,15762,DIESEL,145,67.3,1.5
A Class,2017,15718,MANUAL,32365,PETROL,125,51.4,1.6
C Class,2014,13390,SEMI-AUTO,43793,PETROL,125,52.3,2
GLE Class,2016,25340,AUTOMATIC,34895,DIESEL,200,47.9,2.1
A Class,2014,16860,AUTOMATIC,20011,PETROL,145,45.6,2
M Class,2014,18490,SEMI-AUTO,46556,DIESEL,200,44.8,2.1
E Class,2016,14891,SEMI-AUTO,60787,DIESEL,125,60.1,2.1
A Class,2017,12750,MANUAL,60294,DIESEL,20,68.9,1.5
A Class,2019,18990,SEMI-AUTO,8831,DIESEL,145,65.7,1.5
C Class,2014,15990,AUTOMATIC,40997,DIESEL,125,60.1,2.1
M Class,2013,15250,AUTOMATIC,56164,DIESEL,200,44.8,2.1
CL Class,2015,13991,MANUAL,83245,PETROL,125,50.4,1.6
A Class,2017,15637,MANUAL,19733,PETROL,125,51.4,1.6
CLS Class,2013,11999,SEMI-AUTO,43393,DIESEL,160,53.3,2.1
C Class,2018,18999,AUTOMATIC,24863,PETROL,145,50.4,2
CL Class,2015,16091,SEMI-AUTO,50500,DIESEL,20,67.3,2.1
GLA Class,2014,16490,AUTOMATIC,47550,PETROL,200,42.8,2
C Class,2015,11500,MANUAL,42918,PETROL,125,53.3,2
GLA Class,2015,16995,SEMI-AUTO,46073,DIESEL,20,67.3,2.1
C Class,2018,22595,SEMI-AUTO,14389,DIESEL,145,67.3,2.1
E Class,2017,32695,SEMI-AUTO,20000,PETROL,145,33.6,3
A Class,2015,11195,MANUAL,42830,DIESEL,20,72.4,1.5
A Class,2013,13595,SEMI-AUTO,48000,PETROL,160,44.1,2
A Class,2019,20998,SEMI-AUTO,3720,PETROL,150,28.5,1.3
C Class,2014,10290,SEMI-AUTO,79216,DIESEL,145,53.3,2.1
V Class,2018,29998,SEMI-AUTO,40479,DIESEL,145,45.6,2.2
SLK,2014,12998,SEMI-AUTO,32171,DIESEL,145,56.5,2
GLA Class,2016,17117,AUTOMATIC,15821,DIESEL,125,56.6,2.1
A Class,2018,20370,SEMI-AUTO,14729,PETROL,145,53.3,1.3
A Class,2017,14500,MANUAL,53901,DIESEL,20,68.9,1.5
B Class,2017,15282,SEMI-AUTO,22414,DIESEL,20,67.3,2.1
C Class,2014,15894,SEMI-AUTO,33896,DIESEL,30,64.2,2.1
GLC Class,2016,22994,SEMI-AUTO,54117,DIESEL,125,56.5,2.1
C Class,2015,15495,AUTOMATIC,37200,DIESEL,20,64.2,2.1
A Class,2014,11595,SEMI-AUTO,40000,DIESEL,20,68.9,1.5
GLC Class,2016,23500,AUTOMATIC,20335,DIESEL,125,56.5,2.1
A Class,2017,15000,MANUAL,34449,PETROL,150,51.4,1.6
C Class,2013,23000,SEMI-AUTO,43442,PETROL,580,23,6.2
CLS Class,2014,14000,AUTOMATIC,32757,DIESEL,145,54.3,2.1
A Class,2018,26995,SEMI-AUTO,29724,PETROL,145,40.9,2
A Class,2017,16565,SEMI-AUTO,18398,PETROL,145,53.3,1.6
V Class,2017,16990,MANUAL,49532,DIESEL,145,46.3,2.1
C Class,2015,14850,SEMI-AUTO,44458,DIESEL,30,64.2,2.1
A Class,2018,17291,MANUAL,17250,PETROL,145,51.4,1.6
C Class,2014,11133,SEMI-AUTO,61616,DIESEL,145,56.5,2.1
GLA Class,2016,16452,SEMI-AUTO,52485,DIESEL,125,56.6,2.1
C Class,2017,18990,SEMI-AUTO,37730,DIESEL,150,64.2,2.1
A Class,2014,13290,SEMI-AUTO,48621,DIESEL,20,68.9,2.1
CL Class,2017,18822,SEMI-AUTO,28650,DIESEL,20,67.3,2.1
GLA Class,2015,14990,MANUAL,32028,DIESEL,20,62.8,2.1
A Class,2018,15095,MANUAL,13000,PETROL,145,51.4,1.6
A Class,2013,9995,MANUAL,74125,DIESEL,20,72.4,1.5
CL Class,2017,17820,AUTOMATIC,5042,DIESEL,145,67.3,2.1
GLE Class,2017,29998,SEMI-AUTO,23747,DIESEL,150,42.8,3
GLC Class,2017,27998,SEMI-AUTO,18983,DIESEL,145,56.5,2.1
GLC Class,2017,25998,AUTOMATIC,30859,DIESEL,145,56.5,2.1
A Class,2017,13990,SEMI-AUTO,61647,DIESEL,20,74.3,1.5
CL Class,2016,22990,AUTOMATIC,6662,PETROL,200,42.8,2
CL Class,2015,18170,SEMI-AUTO,16317,DIESEL,20,62.8,2.1
A Class,2015,13046,MANUAL,43531,DIESEL,20,70.6,1.5
CL Class,2016,17261,MANUAL,15583,DIESEL,30,65.7,2.1
GLA Class,2014,15490,AUTOMATIC,46123,DIESEL,145,55.4,2.1
A Class,2019,25980,SEMI-AUTO,5666,DIESEL,145,67.3,1.5
GLC Class,2019,59980,SEMI-AUTO,5036,PETROL,145,26.4,4
V Class,2019,44980,SEMI-AUTO,16,DIESEL,145,36.2,2
GLC Class,2019,36980,SEMI-AUTO,2704,DIESEL,145,40.9,2
GLA Class,2019,26980,SEMI-AUTO,11937,PETROL,145,48.7,1.6
GLC Class,2020,49980,SEMI-AUTO,3999,PETROL,145,26.4,3
GLS Class,2020,76980,SEMI-AUTO,3999,DIESEL,145,30.4,3
GLC Class,2020,39980,SEMI-AUTO,3999,PETROL,145,32.1,2
GLC Class,2019,37980,SEMI-AUTO,3999,DIESEL,145,40.9,2
GLC Class,2020,35980,SEMI-AUTO,3999,DIESEL,145,44.8,2
E Class,2015,17802,AUTOMATIC,32533,DIESEL,125,56.5,2.1
V Class,2019,25000,MANUAL,100,DIESEL,145,46.3,2.1
V Class,2019,23750,AUTOMATIC,19735,DIESEL,145,48.7,2.1
E Class,2017,22250,SEMI-AUTO,19225,DIESEL,145,61.4,2
GLE Class,2019,48980,SEMI-AUTO,6016,DIESEL,145,36.7,2
GLC Class,2019,32000,SEMI-AUTO,3917,DIESEL,145,47.9,2
GLC Class,2020,49980,SEMI-AUTO,3999,PETROL,145,26.4,3
GLE Class,2018,44980,SEMI-AUTO,8976,DIESEL,145,36.7,3
S Class,2019,47980,SEMI-AUTO,10655,DIESEL,145,52.3,3
E Class,2019,25780,SEMI-AUTO,14771,DIESEL,145,72.4,2
C Class,2018,22680,SEMI-AUTO,7470,DIESEL,145,61.4,2
GLE Class,2019,49480,SEMI-AUTO,4468,DIESEL,145,36.7,2
GLS Class,2018,47980,SEMI-AUTO,5376,DIESEL,145,37.2,3
GLC Class,2017,25980,SEMI-AUTO,36276,DIESEL,125,56.5,2.1
CL Class,2016,14980,MANUAL,56245,DIESEL,20,67.3,2.1
CLS Class,2016,19980,SEMI-AUTO,44029,DIESEL,125,57.7,2.1
GLE Class,2018,42980,SEMI-AUTO,6426,DIESEL,145,36.7,3
E Class,2019,33480,SEMI-AUTO,4422,DIESEL,145,42.8,2
C Class,2019,20980,SEMI-AUTO,13645,DIESEL,145,61.4,2
A Class,2019,22980,SEMI-AUTO,14983,DIESEL,145,67.3,1.5
C Class,2019,24980,SEMI-AUTO,6539,PETROL,145,45.6,1.5
C Class,2019,25980,SEMI-AUTO,6206,PETROL,145,45.6,1.5
GLA Class,2018,25480,SEMI-AUTO,12695,DIESEL,145,56.5,2.1
C Class,2019,28480,SEMI-AUTO,2584,PETROL,145,44.1,2
C Class,2019,24980,SEMI-AUTO,4363,PETROL,145,45.6,1.5
C Class,2019,29980,SEMI-AUTO,9109,DIESEL,145,57.7,2
B Class,2018,19480,SEMI-AUTO,7923,DIESEL,145,68.9,2.1
C Class,2019,28780,SEMI-AUTO,26075,PETROL,145,44.1,1.5
SLK,2015,17480,SEMI-AUTO,31023,DIESEL,30,70.6,2
E Class,2015,17480,SEMI-AUTO,32093,DIESEL,145,54.3,3
SLK,2016,15280,SEMI-AUTO,33534,DIESEL,30,70.6,2
C Class,2016,18480,SEMI-AUTO,25996,DIESEL,30,64.2,2.1
E Class,2019,25780,SEMI-AUTO,12994,DIESEL,145,72.4,2
C Class,2020,30480,SEMI-AUTO,16,DIESEL,145,64.2,2
C Class,2020,30480,SEMI-AUTO,16,DIESEL,145,64.2,2
E Class,2019,34980,SEMI-AUTO,6306,DIESEL,145,70.6,2
A Class,2019,24980,SEMI-AUTO,249,DIESEL,145,56.5,2
C Class,2019,30480,SEMI-AUTO,249,DIESEL,145,64.2,2
C Class,2019,31000,SEMI-AUTO,13,DIESEL,145,64.2,2
GLE Class,2019,49980,SEMI-AUTO,2010,DIESEL,145,36.7,2
GLA Class,2018,23480,SEMI-AUTO,10312,DIESEL,145,56.5,2.1
CL Class,2017,30980,SEMI-AUTO,21831,PETROL,145,40.9,2
E Class,2018,29980,SEMI-AUTO,3421,DIESEL,145,57.7,2
E Class,2014,14500,SEMI-AUTO,31117,DIESEL,125,57.7,2.1
B Class,2013,7491,MANUAL,65514,PETROL,150,47.9,1.6
E Class,2016,19402,SEMI-AUTO,18217,PETROL,160,45.6,2
M Class,2014,17050,AUTOMATIC,73181,DIESEL,300,39.2,3
A Class,2013,10090,MANUAL,45130,PETROL,145,49.6,1.6
C Class,2018,22500,SEMI-AUTO,10514,PETROL,145,46.3,1.5
CLS Class,2018,33000,SEMI-AUTO,18559,DIESEL,145,48.7,2.9
E Class,2018,29980,SEMI-AUTO,7806,DIESEL,145,51.4,3
A Class,2019,19250,SEMI-AUTO,14666,DIESEL,145,68.9,1.5
C Class,2018,27500,SEMI-AUTO,12234,DIESEL,145,57.7,2
A Class,2019,23880,SEMI-AUTO,6515,PETROL,145,53.3,1.3
GLC Class,2019,30980,SEMI-AUTO,9469,DIESEL,145,56.5,2.1
E Class,2019,25780,SEMI-AUTO,14228,DIESEL,145,72.4,2
E Class,2019,24780,SEMI-AUTO,14277,DIESEL,145,72.4,2
GLE Class,2017,28980,SEMI-AUTO,34929,DIESEL,145,42.8,3
E Class,2019,24995,SEMI-AUTO,6308,DIESEL,145,67.3,2
A Class,2017,18495,SEMI-AUTO,15734,DIESEL,145,68.9,2.1
C Class,2019,39995,SEMI-AUTO,9293,PETROL,145,28.5,3
GLC Class,2018,37900,SEMI-AUTO,17609,PETROL,145,34,3
C Class,2020,44995,SEMI-AUTO,250,PETROL,145,42.2,2
GLE Class,2020,56995,SEMI-AUTO,4254,DIESEL,145,32.5,2.9
C Class,2017,23995,AUTOMATIC,33867,DIESEL,150,58.9,2.1
GLC Class,2019,27995,SEMI-AUTO,6563,DIESEL,150,41.5,2.1
GLE Class,2020,59995,SEMI-AUTO,4000,DIESEL,150,32.5,2.9
E Class,2017,28995,SEMI-AUTO,27442,DIESEL,150,51.4,3
C Class,2017,16995,SEMI-AUTO,30256,DIESEL,145,64.2,2.1
SL CLASS,2020,39995,SEMI-AUTO,250,PETROL,145,35.8,2
GLB Class,2020,39995,SEMI-AUTO,1912,DIESEL,145,44.8,2
GLE Class,2020,67495,SEMI-AUTO,1500,PETROL,145,29.5,3
GLA Class,2020,28995,SEMI-AUTO,250,PETROL,145,35.8,1.6
B Class,2017,13995,SEMI-AUTO,27000,DIESEL,145,68.9,2.1
A Class,2015,22995,SEMI-AUTO,37500,PETROL,200,40.9,2
GLE Class,2020,59995,SEMI-AUTO,3526,DIESEL,145,32.5,2.9
CL Class,2018,19995,MANUAL,11225,PETROL,145,51.4,1.6
B Class,2016,16495,SEMI-AUTO,11000,DIESEL,20,68.9,2.1
GLA Class,2014,14750,SEMI-AUTO,38261,DIESEL,145,55.4,2.1
A Class,2016,18995,SEMI-AUTO,26251,DIESEL,20,68.9,2.1
E Class,2017,20291,AUTOMATIC,33729,DIESEL,145,72.4,2
A Class,2016,11999,SEMI-AUTO,51831,PETROL,125,53.3,1.6
C Class,2015,14440,SEMI-AUTO,30380,DIESEL,20,64.2,2.1
X-CLASS,2019,30991,AUTOMATIC,8107,DIESEL,260,35.8,2.3
X-CLASS,2019,25491,AUTOMATIC,5981,DIESEL,265,35.8,2.3
V Class,2019,20391,AUTOMATIC,18266,DIESEL,150,48.7,2.1
V Class,2020,24791,AUTOMATIC,303,DIESEL,150,39.8,2.1
X-CLASS,2019,22995,AUTOMATIC,10996,DIESEL,260,35.8,2.3
C Class,2019,26789,SEMI-AUTO,4680,PETROL,145,45.6,1.5
GLA Class,2015,16395,SEMI-AUTO,35445,DIESEL,125,55.4,2.1
B Class,2017,16495,SEMI-AUTO,15578,DIESEL,145,68.9,2.1
GLE Class,2016,39844,SEMI-AUTO,13087,PETROL,325,31.7,3
C Class,2014,20495,AUTOMATIC,10,DIESEL,20,64.2,2.1
GLA Class,2019,24995,SEMI-AUTO,7489,PETROL,145,48.7,1.6
E Class,2019,25495,SEMI-AUTO,14777,DIESEL,145,67.3,2
V Class,2019,40995,SEMI-AUTO,7415,DIESEL,145,45.6,2.2
C Class,2016,29995,SEMI-AUTO,33977,PETROL,260,35.3,3
C Class,2017,16495,SEMI-AUTO,30807,DIESEL,30,64.2,2.1
CL Class,2016,15498,MANUAL,75865,DIESEL,20,67.3,2.1
C Class,2016,19170,AUTOMATIC,35620,PETROL,125,52.3,2
E Class,2016,18280,SEMI-AUTO,40184,DIESEL,30,65.7,2
CL Class,2015,17707,AUTOMATIC,29980,PETROL,200,42.8,2
C Class,2016,14057,MANUAL,21443,DIESEL,20,70.6,1.6
A Class,2018,16130,MANUAL,18570,DIESEL,145,68.9,1.5
C Class,2018,21160,SEMI-AUTO,13800,DIESEL,145,61.4,2.1
X-CLASS,2018,27950,AUTOMATIC,7968,DIESEL,265,35.8,2.3
A Class,2016,15277,SEMI-AUTO,46473,DIESEL,20,74.3,1.5
CL Class,2016,19470,AUTOMATIC,22893,DIESEL,125,58.9,2.1
X-CLASS,2019,37891,AUTOMATIC,303,DIESEL,265,31.4,3
X-CLASS,2017,20995,AUTOMATIC,44632,DIESEL,265,35.8,2.3
B Class,2017,17480,SEMI-AUTO,16345,PETROL,125,51.4,1.6
GLE Class,2019,49500,SEMI-AUTO,3644,DIESEL,145,36.7,2
GLA Class,2017,21980,SEMI-AUTO,8046,DIESEL,145,56.5,2.1
A Class,2019,18480,SEMI-AUTO,18086,DIESEL,145,65.7,1.5
C Class,2019,25980,SEMI-AUTO,11395,PETROL,145,46.3,1.5
A Class,2019,19480,SEMI-AUTO,10969,DIESEL,145,68.9,1.5
C Class,2019,29000,SEMI-AUTO,5937,PETROL,145,44.1,1.5
E Class,2018,24000,SEMI-AUTO,5904,DIESEL,145,61.4,2
A Class,2017,14295,MANUAL,25945,DIESEL,150,72.4,1.5
C Class,2019,28995,SEMI-AUTO,5196,DIESEL,145,57.7,2
C Class,2016,17998,SEMI-AUTO,6043,DIESEL,30,64.2,1.6
E Class,2015,15998,SEMI-AUTO,21284,DIESEL,125,61.4,2.1
CLS Class,2016,19998,SEMI-AUTO,28925,DIESEL,125,57.7,2.1
B Class,2019,20698,SEMI-AUTO,12244,PETROL,145,45.6,1.3
GLE Class,2018,39998,SEMI-AUTO,15711,DIESEL,145,39.2,3
C Class,2016,19698,SEMI-AUTO,13115,HYBRID,0,134.5,2
V Class,2018,21798,MANUAL,15323,DIESEL,150,46.3,2.1
SL CLASS,2016,18498,SEMI-AUTO,26676,DIESEL,30,70.6,2.1
E Class,2017,20995,SEMI-AUTO,32497,DIESEL,20,67.3,2
A Class,2018,20995,SEMI-AUTO,14900,PETROL,145,53.3,1.3
M Class,2015,23995,SEMI-AUTO,30657,DIESEL,200,39.2,2.1
A Class,2018,20999,SEMI-AUTO,8551,PETROL,145,53.3,1.3
E Class,2019,25999,SEMI-AUTO,3900,DIESEL,145,72.4,2
C Class,2019,28999,SEMI-AUTO,6700,DIESEL,145,56.5,2
GLC Class,2020,43995,SEMI-AUTO,4999,DIESEL,150,44.8,2
CL Class,2019,26795,SEMI-AUTO,5896,PETROL,150,38.2,2
SL CLASS,2016,52990,SEMI-AUTO,21681,PETROL,565,28,5.5
A Class,2017,16495,SEMI-AUTO,14427,PETROL,145,53.3,1.6
C Class,2017,21495,SEMI-AUTO,17442,DIESEL,145,58.9,2.1
GLC Class,2020,42495,SEMI-AUTO,3750,PETROL,145,31.7,2
SL CLASS,2019,51995,AUTOMATIC,3500,PETROL,145,36.7,3
A Class,2020,29995,SEMI-AUTO,2000,PETROL,145,40.9,2
C Class,2015,17495,SEMI-AUTO,33425,DIESEL,30,64.2,2.1
C Class,2019,67495,SEMI-AUTO,700,PETROL,145,28,4
B Class,2017,13999,SEMI-AUTO,26704,DIESEL,145,68.9,2.1
V Class,2018,19000,MANUAL,39292,DIESEL,145,46.3,2.1
V Class,2019,47999,AUTOMATIC,999,DIESEL,145,36.7,2
V Class,2019,47999,AUTOMATIC,999,DIESEL,145,36.7,2
V Class,2019,43990,AUTOMATIC,2753,DIESEL,145,36.7,2
GLC Class,2019,30999,AUTOMATIC,4588,DIESEL,145,47.9,2
E Class,2014,14499,SEMI-AUTO,33702,DIESEL,145,54.3,2.1
C Class,2019,24999,SEMI-AUTO,14822,PETROL,145,47.1,1.5
C Class,2019,24999,AUTOMATIC,11574,PETROL,145,45.6,1.5
C Class,2019,23499,AUTOMATIC,14651,PETROL,145,44.1,1.5
C Class,2019,25499,SEMI-AUTO,13896,PETROL,145,46.3,1.5
C Class,2019,29999,AUTOMATIC,5283,DIESEL,145,57.7,2
X-CLASS,2019,29000,AUTOMATIC,4000,DIESEL,260,35.8,2.3
B Class,2019,24499,AUTOMATIC,1598,DIESEL,145,55.4,2
B Class,2019,23999,AUTOMATIC,2184,DIESEL,145,55.4,2
C Class,2019,30500,AUTOMATIC,4999,PETROL,145,44.8,1.6
A Class,2019,26250,AUTOMATIC,499,PETROL,145,53.3,1.3
A Class,2019,24999,AUTOMATIC,1720,PETROL,145,53.3,1.3
B Class,2019,26999,AUTOMATIC,4999,DIESEL,145,55.4,2
C Class,2019,31999,AUTOMATIC,4999,DIESEL,145,64.2,2
C Class,2019,30999,AUTOMATIC,4999,PETROL,145,46.3,1.5
C Class,2019,32495,AUTOMATIC,4999,DIESEL,145,51.4,2
GLC Class,2019,31999,AUTOMATIC,6222,DIESEL,145,44.8,2
E Class,2019,32999,AUTOMATIC,7626,DIESEL,145,45.6,2
C Class,2019,32499,AUTOMATIC,2767,DIESEL,145,55.4,2
C Class,2019,38999,AUTOMATIC,4300,PETROL,145,30.4,3
C Class,2019,28799,AUTOMATIC,3489,PETROL,145,44.8,1.6
B Class,2019,23299,AUTOMATIC,1650,DIESEL,145,55.4,2
C Class,2017,22995,SEMI-AUTO,38471,DIESEL,145,67.3,2.1
GLA Class,2018,20799,SEMI-AUTO,11370,DIESEL,145,56.5,2.1
GLC Class,2020,42999,SEMI-AUTO,4999,DIESEL,145,40.9,2
A Class,2019,24999,AUTOMATIC,2163,PETROL,145,53.3,1.3
E Class,2016,20995,AUTOMATIC,19027,DIESEL,30,65.7,2
E Class,2013,9300,SEMI-AUTO,62999,DIESEL,145,55.4,2.1
A Class,2016,16896,MANUAL,11633,DIESEL,20,68.9,1.5
A Class,2017,15361,MANUAL,29941,DIESEL,30,62.8,2.1
A Class,2013,10241,MANUAL,54587,DIESEL,30,62.8,1.8
B Class,2017,15770,SEMI-AUTO,8830,DIESEL,150,68.9,1.5
GLA Class,2015,16000,SEMI-AUTO,27146,DIESEL,20,67.3,2.1
CL Class,2016,19431,SEMI-AUTO,19996,DIESEL,20,67.3,2.1
C Class,2017,25494,SEMI-AUTO,20380,DIESEL,30,65.7,2.1
A Class,2015,15500,SEMI-AUTO,33330,DIESEL,20,68.9,2.1
GLC Class,2018,30498,SEMI-AUTO,19287,DIESEL,145,56.5,2.1
C Class,2016,18998,AUTOMATIC,26372,HYBRID,0,134.5,2
C Class,2017,18998,SEMI-AUTO,23771,DIESEL,145,64.2,2.1
C Class,2016,10998,MANUAL,83786,DIESEL,20,72.4,1.6
C Class,2017,18498,SEMI-AUTO,48404,HYBRID,0,134.5,2
C Class,2016,13698,SEMI-AUTO,86965,HYBRID,0,134.5,2
B Class,2017,14998,SEMI-AUTO,35895,PETROL,150,51.4,1.6
C Class,2017,14698,MANUAL,59038,DIESEL,20,70.6,2.1
C Class,2016,13498,MANUAL,32174,DIESEL,20,70.6,2.1
C Class,2015,15999,SEMI-AUTO,39195,HYBRID,0,78.5,2.1
GLA Class,2018,20999,AUTOMATIC,11261,DIESEL,145,56.5,2.1
GLC Class,2019,34699,SEMI-AUTO,9889,DIESEL,145,56.5,2.1
GLA Class,2019,24999,SEMI-AUTO,10900,PETROL,145,36.2,1.6
A Class,2019,24050,SEMI-AUTO,8118,PETROL,145,53.3,1.3
C Class,2020,41999,SEMI-AUTO,4999,PETROL,145,28.8,3
GLC Class,2019,38999,AUTOMATIC,6148,DIESEL,145,40.9,2
GLC Class,2020,42995,SEMI-AUTO,999,PETROL,145,32.1,2
C Class,2019,36999,AUTOMATIC,499,PETROL,145,44.1,1.5
GLA Class,2019,25990,AUTOMATIC,2182,PETROL,145,35.8,1.6
C Class,2017,17850,SEMI-AUTO,40202,DIESEL,145,60.1,2.1
C Class,2018,20990,SEMI-AUTO,19650,PETROL,145,47.9,2
GLA Class,2016,18850,SEMI-AUTO,21429,DIESEL,125,56.5,2.1
B Class,2014,10195,AUTOMATIC,58000,DIESEL,30,60.1,1.8
CL Class,2016,15995,MANUAL,56299,DIESEL,20,67.3,2.1
E Class,2016,19399,SEMI-AUTO,55407,DIESEL,30,65.7,2
S Class,2017,30291,AUTOMATIC,30272,DIESEL,145,50.4,3
V Class,2018,18000,MANUAL,21749,DIESEL,145,46.3,2.1
C Class,2015,12999,MANUAL,18766,PETROL,125,53.3,2
GLC Class,2017,25998,SEMI-AUTO,46453,DIESEL,145,56.5,2.1
GLE Class,2016,32998,SEMI-AUTO,47181,DIESEL,300,39.2,3
A Class,2019,19980,SEMI-AUTO,16675,DIESEL,145,68.9,1.5
A Class,2019,19250,SEMI-AUTO,14965,DIESEL,145,68.9,1.5
GLS Class,2019,47980,SEMI-AUTO,9977,DIESEL,145,37.2,3
GLC Class,2019,34980,SEMI-AUTO,10913,DIESEL,145,44.8,2
GLC Class,2019,32480,SEMI-AUTO,2566,DIESEL,145,44.8,2
C Class,2019,28480,SEMI-AUTO,11253,DIESEL,145,56.5,2
CL Class,2019,27480,SEMI-AUTO,11408,DIESEL,145,51.4,2.2
SL CLASS,2017,18250,SEMI-AUTO,30266,DIESEL,30,70.6,2.1
SLK,2015,14995,SEMI-AUTO,37265,DIESEL,30,70.6,2
C Class,2015,13260,AUTOMATIC,79950,HYBRID,0,76.4,2.1
C Class,2018,18450,AUTOMATIC,30460,DIESEL,145,61.4,2.1
C Class,2015,17250,AUTOMATIC,20720,DIESEL,30,64.2,2.1
C Class,2015,18610,AUTOMATIC,14750,DIESEL,30,64.2,2.1
A Class,2014,9853,MANUAL,63381,DIESEL,30,62.8,1.8
C Class,2016,18790,SEMI-AUTO,25250,HYBRID,0,134.5,2
E Class,2015,14150,SEMI-AUTO,44000,DIESEL,125,57.7,2.1
C Class,2017,17300,SEMI-AUTO,27420,DIESEL,145,65.7,1.6
A Class,2019,22980,SEMI-AUTO,14868,DIESEL,145,67.3,1.5
GLC Class,2019,31980,SEMI-AUTO,10959,DIESEL,145,42.2,2.1
A Class,2016,14980,MANUAL,38014,DIESEL,30,65.7,2.1
A Class,2018,19500,AUTOMATIC,10412,PETROL,145,53.3,1.3
GLE Class,2017,29500,AUTOMATIC,34915,DIESEL,145,42.8,3
GLE Class,2016,27995,SEMI-AUTO,48956,DIESEL,260,42.8,3
C Class,2019,26500,AUTOMATIC,6902,PETROL,145,45.6,1.5
GLC Class,2018,29495,AUTOMATIC,12718,DIESEL,145,56.5,2.1
GLA Class,2017,23250,AUTOMATIC,17963,DIESEL,145,56.5,2.1
C Class,2019,31650,AUTOMATIC,4216,PETROL,145,44.1,2
A Class,2018,20750,AUTOMATIC,10236,PETROL,145,53.3,1.3
C Class,2016,21750,AUTOMATIC,15664,PETROL,125,51.4,2
C Class,2017,27995,AUTOMATIC,4495,PETROL,145,47.1,2
C Class,2019,18998,SEMI-AUTO,14006,PETROL,145,46.3,1.5
C Class,2017,19498,SEMI-AUTO,46889,HYBRID,0,134.5,2
CLS Class,2015,20498,SEMI-AUTO,33087,DIESEL,165,51.4,3
SLK,2013,10498,SEMI-AUTO,44226,DIESEL,145,56.5,2
C Class,2015,18498,SEMI-AUTO,29817,DIESEL,30,64.2,2.1
C Class,2015,15298,SEMI-AUTO,59925,HYBRID,0,134.5,2
C Class,2016,17400,AUTOMATIC,27036,HYBRID,0,134.5,2
E Class,2018,21495,SEMI-AUTO,36563,DIESEL,150,72.4,2
GLA Class,2017,19499,SEMI-AUTO,19204,DIESEL,145,64.2,2.1
GLC Class,2019,34990,SEMI-AUTO,8048,DIESEL,145,56.5,2.1
C Class,2019,26999,SEMI-AUTO,3218,DIESEL,145,58.9,1.6
C Class,2019,30499,SEMI-AUTO,11159,DIESEL,145,54.3,2
C Class,2019,25799,AUTOMATIC,7508,DIESEL,145,64.2,2
C Class,2017,18999,SEMI-AUTO,9198,PETROL,145,50.4,2
C Class,2019,31299,SEMI-AUTO,4233,DIESEL,145,64.2,2
GLA Class,2016,18750,SEMI-AUTO,30142,DIESEL,125,56.5,2.1
C Class,2017,23295,AUTOMATIC,25876,DIESEL,125,58.9,2.1
C Class,2019,31995,SEMI-AUTO,7992,DIESEL,145,57.7,2
GLC Class,2016,25299,SEMI-AUTO,32000,DIESEL,125,56.5,2.1
A Class,2018,20995,SEMI-AUTO,9654,PETROL,145,53.3,1.3
C Class,2017,24995,AUTOMATIC,19500,DIESEL,150,58.9,2.1
GLA Class,2019,25995,SEMI-AUTO,4538,PETROL,150,48.7,1.6
A Class,2019,27995,SEMI-AUTO,1989,PETROL,150,45.6,2
GLA Class,2019,23995,SEMI-AUTO,12493,PETROL,150,50.4,1.6
C Class,2017,23995,SEMI-AUTO,14120,DIESEL,20,67.3,2.1
CL Class,2015,15995,SEMI-AUTO,26000,DIESEL,20,62.8,2.1
GLS Class,2016,36495,SEMI-AUTO,33000,DIESEL,300,37.2,3
C Class,2017,22495,AUTOMATIC,12028,DIESEL,145,58.9,2.1
E Class,2019,24995,SEMI-AUTO,14808,DIESEL,145,67.3,2
GLE Class,2016,31995,SEMI-AUTO,2933,DIESEL,200,47.9,2.1
S Class,2019,59995,AUTOMATIC,2000,DIESEL,145,48.7,3
C Class,2019,28995,AUTOMATIC,4505,DIESEL,145,61.4,2
E Class,2019,45995,AUTOMATIC,922,DIESEL,145,47.1,3
S Class,2019,55995,AUTOMATIC,100,DIESEL,145,52.3,3
E Class,2019,24995,SEMI-AUTO,5352,DIESEL,145,67.3,2
B Class,2019,24995,SEMI-AUTO,3925,DIESEL,145,55.4,2
S Class,2018,89995,SEMI-AUTO,2928,PETROL,145,31.7,4
C Class,2017,20995,SEMI-AUTO,19750,DIESEL,125,58.9,2.1
C Class,2017,46995,SEMI-AUTO,24347,PETROL,145,32.8,4
GLE Class,2019,52495,SEMI-AUTO,6880,DIESEL,145,32.8,3
E Class,2019,44995,SEMI-AUTO,750,DIESEL,145,47.1,3
GLC Class,2019,39995,SEMI-AUTO,4750,DIESEL,145,40.9,2
C Class,2019,32995,SEMI-AUTO,4500,DIESEL,145,64.2,2
CL Class,2017,33995,AUTOMATIC,11043,PETROL,145,40.9,2
GLA Class,2016,21750,AUTOMATIC,3160,DIESEL,125,56.6,2.1
CL Class,2018,19695,AUTOMATIC,19193,PETROL,145,53.3,1.6
GLC Class,2016,24500,AUTOMATIC,20242,DIESEL,125,56.5,2.1
SLK,2015,16995,AUTOMATIC,14125,PETROL,145,47.9,2
E Class,2017,22750,AUTOMATIC,20737,DIESEL,145,65.7,2
C Class,2017,24750,AUTOMATIC,14776,PETROL,145,44.1,2
A Class,2017,27750,AUTOMATIC,17726,PETROL,145,40.9,2
C Class,2018,19995,AUTOMATIC,2077,DIESEL,145,65.7,1.6
C Class,2019,36995,AUTOMATIC,100,PETROL,145,44.1,1.5
E Class,2019,36500,AUTOMATIC,3877,PETROL,145,33.7,2
C Class,2019,37250,AUTOMATIC,3147,DIESEL,145,61.4,2
A Class,2017,18995,SEMI-AUTO,23130,DIESEL,20,68.9,2.1
A Class,2017,15995,SEMI-AUTO,38530,DIESEL,145,68.9,2.1
GLC Class,2016,21995,SEMI-AUTO,44759,DIESEL,125,56.5,2.1
GLA Class,2016,17995,AUTOMATIC,56564,DIESEL,30,64.2,2.1
GLC Class,2018,34995,AUTOMATIC,5551,DIESEL,145,56.5,2.1
SL CLASS,2019,34000,AUTOMATIC,1001,PETROL,145,47.1,2
C Class,2019,19995,AUTOMATIC,13071,PETROL,145,46.3,1.5
C Class,2019,31799,SEMI-AUTO,6805,PETROL,145,42.2,2
C Class,2019,23295,SEMI-AUTO,15312,DIESEL,145,61.4,2
C Class,2019,23995,AUTOMATIC,14141,PETROL,145,46.3,1.5
V Class,2019,44999,SEMI-AUTO,3337,DIESEL,145,44.8,2.2
B Class,2019,21499,SEMI-AUTO,14875,PETROL,145,45.6,1.3
E Class,2019,25795,AUTOMATIC,11268,DIESEL,145,72.4,2
C Class,2017,18299,SEMI-AUTO,36152,PETROL,145,50.4,2
C Class,2019,31499,AUTOMATIC,3010,DIESEL,145,57.7,2
E Class,2018,22999,AUTOMATIC,13284,DIESEL,145,72.4,2
E Class,2018,24950,SEMI-AUTO,999,DIESEL,145,54.3,2
C Class,2017,19999,SEMI-AUTO,9453,DIESEL,145,64.2,2.1
E Class,2017,24299,SEMI-AUTO,20000,DIESEL,145,54.3,3
C Class,2017,20799,AUTOMATIC,40355,PETROL,160,44.1,2
B Class,2019,24499,SEMI-AUTO,1700,DIESEL,145,55.4,2
E Class,2019,31995,AUTOMATIC,5853,DIESEL,145,45.6,2
V Class,2019,44999,AUTOMATIC,492,DIESEL,145,36.2,2
V Class,2019,46499,AUTOMATIC,999,DIESEL,145,36.7,2
E Class,2017,26995,SEMI-AUTO,29900,DIESEL,145,70.6,2
E Class,2017,19795,SEMI-AUTO,18057,DIESEL,145,67.3,2
C Class,2016,16750,AUTOMATIC,24909,DIESEL,30,64.2,1.6
A Class,2018,19250,AUTOMATIC,12451,DIESEL,145,68.9,1.5
A Class,2018,18995,AUTOMATIC,10064,DIESEL,145,65.7,1.5
C Class,2018,23500,AUTOMATIC,4368,PETROL,145,44.1,1.5
C Class,2019,26995,AUTOMATIC,12725,PETROL,145,45.6,1.5
A Class,2019,24250,AUTOMATIC,3981,PETROL,145,53.3,1.3
E Class,2019,33285,AUTOMATIC,5163,DIESEL,145,42.8,2
GLA Class,2020,25299,SEMI-AUTO,99,PETROL,145,37.2,1.6
GLA Class,2020,22999,SEMI-AUTO,99,PETROL,145,44.8,1.6
GLA Class,2016,19999,SEMI-AUTO,26554,DIESEL,125,56.5,2.1
A Class,2016,16500,AUTOMATIC,28507,DIESEL,20,68.9,2.1
GLC Class,2017,25995,SEMI-AUTO,38941,DIESEL,145,56.5,2.1
GLC Class,2017,26995,AUTOMATIC,25497,DIESEL,150,56.5,2.1
E Class,2019,24250,AUTOMATIC,11210,DIESEL,150,72.4,2
A Class,2018,16750,MANUAL,20536,PETROL,150,49.6,1.6
GLC Class,2016,27995,SEMI-AUTO,25680,DIESEL,125,56.5,2.1
GLC Class,2019,41995,SEMI-AUTO,1367,DIESEL,150,40.4,2
E Class,2018,35995,AUTOMATIC,8396,DIESEL,150,41.5,3
B Class,2019,25995,AUTOMATIC,2001,DIESEL,150,55.4,2
A Class,2018,19750,AUTOMATIC,9805,PETROL,145,53.3,1.3
B Class,2019,25950,AUTOMATIC,3168,DIESEL,145,55.4,2
CL Class,2019,29299,AUTOMATIC,999,PETROL,145,44.1,1.3
GLA Class,2019,27499,AUTOMATIC,999,PETROL,145,35.8,1.6
C Class,2019,29950,AUTOMATIC,4951,DIESEL,145,64.2,2
C Class,2019,31799,AUTOMATIC,999,PETROL,145,46.3,1.5
CLS Class,2019,38999,AUTOMATIC,999,DIESEL,145,45.6,2
C Class,2019,31999,AUTOMATIC,999,DIESEL,145,51.4,2
A Class,2019,22799,MANUAL,999,PETROL,145,47.1,1.3
C Class,2019,31995,AUTOMATIC,999,DIESEL,145,64.2,2
C Class,2017,18299,SEMI-AUTO,8552,PETROL,145,50.4,2
C Class,2019,21749,AUTOMATIC,5184,PETROL,145,44.1,1.5
CL Class,2015,17495,SEMI-AUTO,36273,DIESEL,20,70.6,2.1
A Class,2017,14500,SEMI-AUTO,31308,PETROL,125,53.3,1.6
GLA Class,2016,17000,MANUAL,4942,DIESEL,20,64.2,2.1
GLA Class,2018,21500,SEMI-AUTO,14428,DIESEL,145,56.5,2.1
A Class,2018,19995,AUTOMATIC,6419,DIESEL,145,65.7,1.5
A Class,2017,17500,AUTOMATIC,26986,DIESEL,145,74.3,1.5
GLC Class,2016,26000,SEMI-AUTO,31726,DIESEL,125,56.5,2.1
E Class,2018,23995,SEMI-AUTO,9445,DIESEL,145,72.4,2
A Class,2019,25495,MANUAL,1001,PETROL,145,47.1,1.3
C Class,2017,23999,AUTOMATIC,32688,PETROL,200,40.9,2
E Class,2019,25299,SEMI-AUTO,8136,DIESEL,145,72.4,2
C Class,2019,26999,SEMI-AUTO,6155,DIESEL,145,61.4,2
C Class,2015,14999,MANUAL,42785,DIESEL,20,68.9,2.1
C Class,2017,33499,SEMI-AUTO,30968,PETROL,145,35.3,3
GLA Class,2015,17350,SEMI-AUTO,43894,DIESEL,125,55.4,2.1
C Class,2018,21500,AUTOMATIC,15922,DIESEL,145,60.1,2.1
C Class,2018,24750,AUTOMATIC,14788,PETROL,145,46.3,1.5
E Class,2017,24500,AUTOMATIC,8674,DIESEL,145,65.7,2
E Class,2018,28750,SEMI-AUTO,12313,DIESEL,145,51.4,3
GLC Class,2019,28299,SEMI-AUTO,12329,DIESEL,145,41.5,2.1
C Class,2018,23299,SEMI-AUTO,17000,DIESEL,145,67.3,2.1
B Class,2018,16799,SEMI-AUTO,18304,DIESEL,145,68.9,2.1
GLC Class,2020,41995,SEMI-AUTO,999,DIESEL,145,40.9,2
C Class,2016,21995,SEMI-AUTO,18998,PETROL,150,49.6,2
SL CLASS,2017,21250,SEMI-AUTO,23407,DIESEL,30,70.6,2.1
GLA Class,2016,17450,SEMI-AUTO,41325,DIESEL,125,56.5,2.1
GLC Class,2017,26995,SEMI-AUTO,17987,DIESEL,125,56.5,2.1
GLA Class,2015,17995,SEMI-AUTO,37291,DIESEL,150,55.4,2.1
A Class,2017,13495,MANUAL,30000,PETROL,150,51.4,1.6
C Class,2017,19545,SEMI-AUTO,32000,DIESEL,30,61.4,2.1
C Class,2017,18750,SEMI-AUTO,30000,DIESEL,150,65.7,1.6
C Class,2017,20995,SEMI-AUTO,14800,DIESEL,125,58.9,2.1
C Class,2015,16995,MANUAL,15000,DIESEL,20,68.9,2.1
CL Class,2014,16401,SEMI-AUTO,41000,DIESEL,30,62.8,2.1
GLA Class,2017,19701,SEMI-AUTO,18000,PETROL,145,43.5,2
E Class,2016,19701,SEMI-AUTO,14123,DIESEL,30,65.7,2
GLC Class,2016,26001,SEMI-AUTO,34358,DIESEL,125,56.5,2.1
A Class,2019,20001,SEMI-AUTO,3900,PETROL,145,28.5,1.3
C Class,2018,22201,SEMI-AUTO,22318,DIESEL,145,67.3,2.1
C Class,2016,16999,AUTOMATIC,25448,PETROL,125,51.4,2
GLC Class,2018,25980,SEMI-AUTO,27297,DIESEL,145,56.5,2.1
E Class,2016,22999,SEMI-AUTO,16257,DIESEL,20,72.4,2
GLA Class,2019,24799,SEMI-AUTO,11229,PETROL,145,36.2,1.6
C Class,2019,31650,AUTOMATIC,7546,PETROL,145,44.1,2
C Class,2017,17750,AUTOMATIC,15500,DIESEL,20,65.7,2.1
B Class,2019,22400,AUTOMATIC,13866,PETROL,145,45.6,1.3
GLA Class,2016,18995,SEMI-AUTO,37279,PETROL,200,43.5,2
GLA Class,2016,19495,SEMI-AUTO,23143,DIESEL,125,56.5,2.1
C Class,2016,19995,SEMI-AUTO,17560,PETROL,145,49.6,2
E Class,2020,45499,SEMI-AUTO,999,DIESEL,145,41.5,3
E Class,2019,30999,SEMI-AUTO,10676,DIESEL,145,70.6,2
E Class,2019,34799,AUTOMATIC,5000,DIESEL,145,45.6,2
GLC Class,2019,33499,AUTOMATIC,999,DIESEL,145,44.8,2
C Class,2019,31499,AUTOMATIC,2206,DIESEL,145,61.4,2
E Class,2016,17490,SEMI-AUTO,54280,DIESEL,20,72.4,2
A Class,2017,16300,MANUAL,25652,DIESEL,30,62.8,2.1
CL Class,2017,20991,SEMI-AUTO,22000,DIESEL,125,58.9,2.1
A Class,2016,14606,MANUAL,51398,DIESEL,20,68.9,1.5
C Class,2019,23825,AUTOMATIC,11135,PETROL,145,44.1,1.5
C Class,2019,28880,AUTOMATIC,8439,DIESEL,145,57.7,2
E Class,2019,28850,SEMI-AUTO,11354,DIESEL,145,58.9,2
C Class,2017,15450,SEMI-AUTO,36368,DIESEL,20,65.7,2.1
GLE Class,2016,23990,SEMI-AUTO,48036,DIESEL,200,47.9,2.1
GLA Class,2016,18290,SEMI-AUTO,19692,DIESEL,125,56.6,2.1
C Class,2017,23890,SEMI-AUTO,23479,PETROL,145,42.2,2
C Class,2019,30845,AUTOMATIC,2065,DIESEL,145,64.2,2
C Class,2019,46755,AUTOMATIC,168,PETROL,145,29.7,3
A Class,2019,23904,AUTOMATIC,1963,DIESEL,145,56.5,2
A Class,2019,33995,AUTOMATIC,1550,PETROL,145,35.3,2
C Class,2019,30675,AUTOMATIC,1550,DIESEL,145,64.2,2
E Class,2019,34630,AUTOMATIC,3752,DIESEL,145,42.8,2
C Class,2016,16215,SEMI-AUTO,43559,DIESEL,20,64.2,2.1
CL Class,2016,16545,SEMI-AUTO,30050,DIESEL,20,67.3,2.1
GLC Class,2017,28910,AUTOMATIC,24187,DIESEL,145,56.5,2.1
C Class,2019,19394,SEMI-AUTO,14203,PETROL,145,46.3,1.5
C Class,2016,17991,AUTOMATIC,29446,PETROL,160,44.8,2
CL Class,2014,13620,SEMI-AUTO,78791,DIESEL,30,62.8,2.1
A Class,2015,11281,MANUAL,49316,DIESEL,30,64.2,2.1
E Class,2018,27971,SEMI-AUTO,24874,PETROL,150,40.4,2
CL Class,2016,18750,SEMI-AUTO,36000,DIESEL,125,58.9,2.1
C Class,2014,11000,SEMI-AUTO,71892,DIESEL,145,56.5,2.1
A Class,2016,17000,SEMI-AUTO,21067,DIESEL,20,68.9,2.1
CL Class,2016,19995,SEMI-AUTO,19849,DIESEL,125,58.9,2.1
C Class,2015,16617,AUTOMATIC,27080,DIESEL,30,64.2,2.1
A Class,2014,12360,AUTOMATIC,24632,DIESEL,20,68.9,2.1
C Class,2018,21960,SEMI-AUTO,31639,DIESEL,145,64.2,2
C Class,2015,17441,SEMI-AUTO,49910,DIESEL,125,60.1,2.1
C Class,2017,31741,SEMI-AUTO,13500,PETROL,145,35.3,3
GLE Class,2018,38881,SEMI-AUTO,13758,PETROL,145,31.7,3
C Class,2013,9991,MANUAL,39187,PETROL,160,46.3,1.6
CL Class,2016,19791,AUTOMATIC,6951,PETROL,200,42.8,2
GLE Class,2017,28360,AUTOMATIC,28939,DIESEL,145,42.8,3
GLA Class,2016,18750,SEMI-AUTO,28130,DIESEL,125,56.6,2.1
A Class,2017,29750,SEMI-AUTO,14892,PETROL,200,40.9,2
GLA Class,2019,21810,SEMI-AUTO,1550,PETROL,145,44.8,1.6
GLC Class,2019,27950,SEMI-AUTO,2901,DIESEL,150,41.5,2
E Class,2016,21995,SEMI-AUTO,40100,PETROL,165,43.5,2
GLC Class,2017,22495,SEMI-AUTO,33495,DIESEL,125,56.5,2.1
CL Class,2016,14500,SEMI-AUTO,87571,DIESEL,20,67.3,2.1
A Class,2018,16991,MANUAL,13324,PETROL,145,51.4,1.6
C Class,2016,18249,AUTOMATIC,36077,DIESEL,30,64.2,2.1
C Class,2017,22479,SEMI-AUTO,30200,DIESEL,145,67.3,2.1
C Class,2015,15849,SEMI-AUTO,44012,DIESEL,30,64.2,2.1
GLC Class,2017,21449,SEMI-AUTO,61954,DIESEL,125,56.5,2.1
B Class,2015,13250,SEMI-AUTO,13008,DIESEL,20,68.9,2.1
E Class,2019,25295,SEMI-AUTO,14973,DIESEL,145,65.7,2
C Class,2018,26995,SEMI-AUTO,11209,DIESEL,145,56.5,2
GLA Class,2016,16495,AUTOMATIC,45519,DIESEL,125,56.5,2.1
A Class,2017,14295,MANUAL,21899,PETROL,125,51.4,1.6
E Class,2018,21995,SEMI-AUTO,26569,DIESEL,145,72.4,2
GLC Class,2018,25995,SEMI-AUTO,11690,DIESEL,145,56.5,2.1
C Class,2017,22995,AUTOMATIC,20362,DIESEL,145,65.7,2.1
GLE Class,2017,29462,AUTOMATIC,17440,DIESEL,145,47.9,2.1
C Class,2017,31692,AUTOMATIC,38545,PETROL,145,35.3,3
S Class,2018,45842,SEMI-AUTO,5147,DIESEL,145,52.3,3
E Class,2018,21386,SEMI-AUTO,22264,DIESEL,145,65.7,2
A Class,2017,14891,MANUAL,24945,DIESEL,20,72.4,1.5
SL CLASS,2017,18152,SEMI-AUTO,43074,PETROL,145,48.7,1.6
C Class,2017,16491,SEMI-AUTO,32434,DIESEL,150,64.2,2.1
GLE Class,2017,27690,SEMI-AUTO,24915,DIESEL,145,47.9,2.1
C Class,2016,22999,SEMI-AUTO,26673,DIESEL,20,67.3,2.1
CL Class,2017,19990,SEMI-AUTO,20992,DIESEL,125,58.9,2.1
C Class,2017,23995,AUTOMATIC,14952,PETROL,145,42.2,2
C Class,2015,14295,SEMI-AUTO,42618,DIESEL,20,65.7,2.1
C Class,2016,22491,SEMI-AUTO,26630,DIESEL,20,67.3,2.1
GLA Class,2015,16993,AUTOMATIC,37115,DIESEL,125,55.4,2.1
C Class,2017,20495,SEMI-AUTO,12505,DIESEL,125,60.1,2.1
A Class,2014,11995,MANUAL,41737,DIESEL,20,70.6,1.5
C Class,2016,16495,SEMI-AUTO,28304,DIESEL,30,65.7,1.6
C Class,2017,20495,SEMI-AUTO,13400,PETROL,125,51.4,2
GLA Class,2017,18495,SEMI-AUTO,29036,DIESEL,125,56.5,2.1
GLA Class,2015,15689,SEMI-AUTO,42689,DIESEL,125,55.4,2.1
E Class,2019,52732,SEMI-AUTO,7218,PETROL,145,32.1,3
V Class,2019,44490,AUTOMATIC,1002,DIESEL,145,36.2,2
CLS Class,2017,24913,AUTOMATIC,19926,DIESEL,160,51.4,3
GLC Class,2018,29062,SEMI-AUTO,26500,DIESEL,145,56.5,2.1
GLC Class,2018,29112,AUTOMATIC,16729,DIESEL,145,56.5,2.1
C Class,2017,27526,AUTOMATIC,15958,PETROL,260,36.2,3
B Class,2020,25931,SEMI-AUTO,10,DIESEL,145,55.4,2
E Class,2020,40411,SEMI-AUTO,2004,DIESEL,145,42.8,2
A Class,2016,20152,SEMI-AUTO,19391,PETROL,200,42.8,2
B Class,2020,26491,SEMI-AUTO,3378,DIESEL,145,55.4,2
GLC Class,2019,38790,AUTOMATIC,7318,DIESEL,145,40.9,2
C Class,2019,41870,AUTOMATIC,7226,DIESEL,145,54.3,2
V Class,2019,49991,AUTOMATIC,10,DIESEL,145,36.7,2
C Class,2017,17973,SEMI-AUTO,69791,HYBRID,0,74.3,2.1
E Class,2017,21832,SEMI-AUTO,32232,DIESEL,145,61.4,2
C Class,2016,16991,SEMI-AUTO,28500,DIESEL,20,64.2,2.1
C Class,2019,38596,SEMI-AUTO,2055,PETROL,145,30.4,3
C Class,2019,28382,AUTOMATIC,12585,DIESEL,145,64.2,2
E Class,2017,17650,SEMI-AUTO,59397,DIESEL,20,72.4,2
A Class,2019,21250,MANUAL,5132,PETROL,145,47.1,1.3
E Class,2017,25450,SEMI-AUTO,19780,DIESEL,30,61.4,2
GLA Class,2019,24999,SEMI-AUTO,11564,PETROL,145,36.2,1.6
CLS Class,2018,21250,SEMI-AUTO,30320,DIESEL,145,57.7,2.1
A Class,2020,26325,SEMI-AUTO,1550,PETROL,145,28.5,1.3
A Class,2020,26375,SEMI-AUTO,1550,PETROL,145,28.5,1.3
C Class,2019,25695,SEMI-AUTO,2000,PETROL,145,46.3,1.5
A Class,2019,20160,MANUAL,10472,PETROL,145,47.1,1.3
GLC Class,2019,34950,SEMI-AUTO,9551,DIESEL,145,56.5,2.1
C Class,2020,29999,SEMI-AUTO,100,DIESEL,145,53.3,2
E Class,2019,31745,AUTOMATIC,4282,DIESEL,145,45.6,2
E Class,2019,27679,SEMI-AUTO,8120,DIESEL,145,65.7,2
C Class,2017,18358,AUTOMATIC,39413,DIESEL,125,58.9,2.1
A Class,2020,27346,SEMI-AUTO,1550,PETROL,145,53.3,1.3
C Class,2019,31009,AUTOMATIC,2900,DIESEL,145,51.4,2
E Class,2019,33750,AUTOMATIC,2877,DIESEL,145,45.6,2
C Class,2019,29903,AUTOMATIC,1664,DIESEL,145,61.4,2
E Class,2019,34335,AUTOMATIC,5812,DIESEL,145,42.8,2
A Class,2020,26841,SEMI-AUTO,2284,PETROL,145,53.3,1.3
C Class,2015,16122,SEMI-AUTO,46522,DIESEL,30,64.2,1.6
E Class,2019,25346,SEMI-AUTO,15336,DIESEL,145,67.3,2
E Class,2019,25966,SEMI-AUTO,6122,DIESEL,145,72.4,2
SL CLASS,2019,29612,AUTOMATIC,8249,PETROL,145,47.1,2
E Class,2019,38780,AUTOMATIC,6012,DIESEL,145,57.7,2
B Class,2019,23480,AUTOMATIC,10,DIESEL,145,55.4,2
E Class,2019,36395,AUTOMATIC,1550,DIESEL,145,57.7,2
E Class,2019,25102,AUTOMATIC,11815,DIESEL,145,72.4,2
C Class,2019,24626,AUTOMATIC,14923,DIESEL,145,58.9,2
B Class,2019,22176,AUTOMATIC,11144,PETROL,145,45.6,1.3
SL CLASS,2019,51096,SEMI-AUTO,2281,PETROL,145,36.7,3
C Class,2019,28896,AUTOMATIC,5044,DIESEL,145,61.4,2
GLA Class,2017,20562,SEMI-AUTO,11759,DIESEL,145,64.2,2.1
B Class,2017,13862,MANUAL,16941,DIESEL,145,68.9,1.5
CL Class,2019,27380,AUTOMATIC,6005,PETROL,145,39.8,2
SL CLASS,2019,80650,AUTOMATIC,221,PETROL,145,28,5.5
GLA Class,2019,29491,AUTOMATIC,807,PETROL,145,35.8,1.6
GLA Class,2019,28951,AUTOMATIC,1661,PETROL,145,35.8,1.6
E Class,2019,38661,AUTOMATIC,4121,DIESEL,145,53.3,2
GLE Class,2019,54991,AUTOMATIC,1644,DIESEL,145,32.8,3
V Class,2020,54561,SEMI-AUTO,10,DIESEL,145,36.7,2
A Class,2020,27791,SEMI-AUTO,4158,DIESEL,145,65.7,1.5
C Class,2019,31276,AUTOMATIC,5999,PETROL,145,44.1,2
A Class,2019,19746,AUTOMATIC,10263,DIESEL,145,68.9,1.5
C Class,2018,27832,AUTOMATIC,11847,DIESEL,145,57.7,2
GLC Class,2017,26124,AUTOMATIC,43493,DIESEL,145,56.5,2.1
A Class,2016,17382,SEMI-AUTO,29486,DIESEL,20,68.9,2.1
GLA Class,2016,20412,AUTOMATIC,16429,DIESEL,125,56.5,2.1
C Class,2017,16202,AUTOMATIC,67665,DIESEL,145,64.2,2.1
C Class,2016,17999,SEMI-AUTO,18246,PETROL,125,51.4,2
GLA Class,2014,16399,SEMI-AUTO,33719,DIESEL,145,55.4,2.1
GLC Class,2018,31999,SEMI-AUTO,5444,DIESEL,145,56.5,2.1
E Class,2016,19798,SEMI-AUTO,12863,DIESEL,160,52.3,3
GLC Class,2016,27998,SEMI-AUTO,33062,DIESEL,145,56.5,2.1
C Class,2018,19998,SEMI-AUTO,11468,PETROL,145,41.5,2
E Class,2016,19998,SEMI-AUTO,31736,DIESEL,30,65.7,2
GLA Class,2014,11998,SEMI-AUTO,77579,DIESEL,30,62.8,2.1
E Class,2017,27298,SEMI-AUTO,18403,PETROL,145,40.4,2
C Class,2015,15990,AUTOMATIC,43120,DIESEL,30,64.2,2.1
C Class,2017,16442,AUTOMATIC,58687,DIESEL,145,64.2,2.1
A Class,2017,15892,MANUAL,29785,DIESEL,145,68.9,1.5
GLC Class,2017,36092,SEMI-AUTO,21305,PETROL,300,34,3
GLC Class,2018,26990,SEMI-AUTO,7364,DIESEL,145,41.5,2.1
CL Class,2017,20490,SEMI-AUTO,15500,DIESEL,20,67.3,2.1
E Class,2017,21990,AUTOMATIC,12069,DIESEL,145,65.7,2
C Class,2016,17990,SEMI-AUTO,51300,DIESEL,30,64.2,2.1
A Class,2015,12790,SEMI-AUTO,28445,DIESEL,20,68.9,1.5
GLC Class,2016,24490,SEMI-AUTO,22989,DIESEL,125,56.5,2.1
GLC Class,2019,35990,AUTOMATIC,4749,DIESEL,145,42.2,2.1
C Class,2017,17990,SEMI-AUTO,19627,PETROL,145,50.4,2
C Class,2017,23290,AUTOMATIC,23183,DIESEL,145,58.9,2.1
C Class,2017,22290,AUTOMATIC,34587,DIESEL,30,65.7,2.1
E Class,2017,21290,AUTOMATIC,34123,DIESEL,145,54.3,3
A Class,2020,24490,MANUAL,800,PETROL,145,28.5,1.3
SL CLASS,2020,32290,SEMI-AUTO,400,PETROL,145,36.7,2
B Class,2020,22390,MANUAL,150,PETROL,145,45.6,1.3
C Class,2017,20490,SEMI-AUTO,50232,DIESEL,20,67.3,2.1
CLS Class,2018,33990,SEMI-AUTO,10677,DIESEL,145,48.7,2.9
B Class,2019,26490,AUTOMATIC,1800,DIESEL,145,58.9,1.5
C Class,2019,48990,SEMI-AUTO,800,PETROL,145,29.1,3
GLC Class,2019,32390,SEMI-AUTO,9675,DIESEL,145,42.2,2.1
A Class,2019,19990,MANUAL,11500,PETROL,145,28.5,1.3
B Class,2019,21490,SEMI-AUTO,13122,PETROL,145,45.6,1.3
C Class,2019,28990,SEMI-AUTO,17743,DIESEL,145,54.3,2
C Class,2018,26690,AUTOMATIC,16132,DIESEL,145,57.7,2
A Class,2019,19490,SEMI-AUTO,13845,DIESEL,145,68.9,1.5
E Class,2019,25490,SEMI-AUTO,3010,DIESEL,145,67.3,2
A Class,2019,19490,AUTOMATIC,15221,DIESEL,145,68.9,1.5
C Class,2019,25990,AUTOMATIC,13275,DIESEL,145,58.9,2
C Class,2019,32490,AUTOMATIC,2600,DIESEL,145,51.4,2
C Class,2018,27990,AUTOMATIC,8400,DIESEL,145,57.7,2
CL Class,2019,24540,SEMI-AUTO,9802,PETROL,150,44.8,1.3
B Class,2019,21500,SEMI-AUTO,10211,DIESEL,150,55.4,2
E Class,2020,39991,SEMI-AUTO,2184,DIESEL,150,44.8,2
A Class,2019,26991,MANUAL,1998,PETROL,150,47.1,1.3
A Class,2016,16232,MANUAL,15048,PETROL,145,49.6,1.6
GLC Class,2019,41480,SEMI-AUTO,11096,DIESEL,150,40.9,2
E Class,2014,12802,SEMI-AUTO,82748,DIESEL,125,57.7,2.1
C Class,2013,9991,SEMI-AUTO,66419,PETROL,165,44.1,1.6
GLC Class,2019,35162,SEMI-AUTO,4557,DIESEL,150,44.8,2
C Class,2019,25122,SEMI-AUTO,13852,DIESEL,145,61.4,2
E Class,2014,11350,SEMI-AUTO,50477,DIESEL,30,58.9,2.1
E Class,2013,12893,AUTOMATIC,36675,HYBRID,10,68.9,2.1
GLC Class,2020,72990,SEMI-AUTO,100,PETROL,150,22.1,4
E Class,2016,16890,SEMI-AUTO,48534,DIESEL,20,72.4,2
A Class,2016,12790,SEMI-AUTO,54803,DIESEL,20,74.3,1.5
A Class,2019,22790,SEMI-AUTO,7333,PETROL,150,28.5,1.3
E Class,2019,34990,SEMI-AUTO,20,DIESEL,145,45.6,2
C Class,2017,20990,SEMI-AUTO,26675,DIESEL,145,58.9,2.1
B Class,2016,12490,SEMI-AUTO,38336,DIESEL,20,70.6,1.5
E Class,2017,21190,AUTOMATIC,20000,DIESEL,145,67.3,2
C Class,2019,26990,SEMI-AUTO,12043,DIESEL,145,56.5,2
C Class,2018,25990,AUTOMATIC,12298,PETROL,145,45.6,1.5
GLC Class,2019,28990,SEMI-AUTO,8763,DIESEL,145,56.5,2.1
A Class,2019,19490,SEMI-AUTO,12604,DIESEL,145,68.9,1.5
C Class,2019,29990,AUTOMATIC,12986,DIESEL,145,57.7,2
GLC Class,2018,29890,AUTOMATIC,14287,DIESEL,145,56.5,2.1
GLC Class,2018,27490,SEMI-AUTO,34507,DIESEL,145,56.5,2.1
CLS Class,2018,32990,SEMI-AUTO,17000,DIESEL,150,48.7,2.9
E Class,2017,20690,AUTOMATIC,24325,DIESEL,145,65.7,2
E Class,2017,21990,AUTOMATIC,17729,DIESEL,145,61.4,2
CLS Class,2018,34390,AUTOMATIC,16568,DIESEL,145,48.7,2.9
C Class,2018,23990,AUTOMATIC,11387,DIESEL,145,61.4,2
A Class,2019,17690,MANUAL,13081,PETROL,145,28.5,1.3
CL Class,2019,25990,SEMI-AUTO,13775,DIESEL,145,51.4,2.2
C Class,2019,23990,AUTOMATIC,15257,PETROL,145,46.3,1.5
C Class,2019,23990,AUTOMATIC,14271,PETROL,145,46.3,1.5
C Class,2019,23290,AUTOMATIC,4693,PETROL,145,44.1,1.5
GLA Class,2019,22490,SEMI-AUTO,16389,DIESEL,145,67.3,2.1
A Class,2019,19290,AUTOMATIC,14408,DIESEL,145,65.7,1.5
C Class,2018,23990,AUTOMATIC,12220,PETROL,145,46.3,1.5
C Class,2016,22991,SEMI-AUTO,9443,PETROL,125,51.4,2
GLA Class,2018,21486,AUTOMATIC,9659,DIESEL,145,58.9,2.1
C Class,2017,28672,AUTOMATIC,25048,PETROL,145,36.2,3
C Class,2018,21342,SEMI-AUTO,6721,PETROL,145,44.1,1.5
C Class,2018,22032,AUTOMATIC,13558,PETROL,145,46.3,1.5
C Class,2018,28342,SEMI-AUTO,10025,PETROL,145,44.1,2
C Class,2018,28752,SEMI-AUTO,8786,DIESEL,145,57.7,2
C Class,2019,30492,AUTOMATIC,3592,PETROL,145,44.1,2
C Class,2016,14441,SEMI-AUTO,49101,PETROL,125,53.3,2
E Class,2019,34556,SEMI-AUTO,8436,PETROL,145,39.2,2
E Class,2019,33356,SEMI-AUTO,11551,PETROL,145,39.2,2
C Class,2019,26396,AUTOMATIC,2638,PETROL,145,45.6,1.5
C Class,2016,21502,SEMI-AUTO,17109,DIESEL,30,64.2,2.1
C Class,2019,37990,AUTOMATIC,2750,DIESEL,145,54.3,2
C Class,2019,31990,AUTOMATIC,100,DIESEL,145,64.2,2
CL Class,2019,27590,AUTOMATIC,1200,PETROL,145,45.6,1.3
C Class,2019,31990,AUTOMATIC,20,PETROL,145,46.3,1.5
V Class,2019,47490,AUTOMATIC,20,DIESEL,145,36.7,2
E Class,2019,28990,AUTOMATIC,20,DIESEL,145,72.4,2
C Class,2019,34790,AUTOMATIC,3000,DIESEL,145,61.4,2
B Class,2020,26790,SEMI-AUTO,363,PETROL,145,44.8,1.3
C Class,2013,8991,SEMI-AUTO,47334,DIESEL,30,64.2,2.1
A Class,2017,28582,SEMI-AUTO,18957,PETROL,145,40.9,2
E Class,2018,26965,SEMI-AUTO,13438,PETROL,145,40.4,2
G Class,2019,102502,SEMI-AUTO,8691,DIESEL,150,11,3
GLA Class,2017,20282,SEMI-AUTO,23217,DIESEL,150,56.5,2.1
A Class,2015,11040,SEMI-AUTO,58856,DIESEL,20,68.9,1.5
A Class,2015,11444,MANUAL,27000,DIESEL,0,74.3,1.5
C Class,2015,12980,SEMI-AUTO,46500,DIESEL,20,65.7,2.1
E Class,2019,25554,SEMI-AUTO,10524,DIESEL,145,72.4,2
C Class,2019,29775,SEMI-AUTO,5059,DIESEL,145,56.5,2
C Class,2019,22956,AUTOMATIC,13002,DIESEL,145,58.9,2
C Class,2019,27992,SEMI-AUTO,12838,DIESEL,145,55.4,2
CLS Class,2019,40532,SEMI-AUTO,5053,DIESEL,145,48.7,2.9
C Class,2019,25316,SEMI-AUTO,12695,PETROL,145,44.1,1.5
E Class,2019,25276,SEMI-AUTO,9045,DIESEL,145,72.4,2
E Class,2017,30732,SEMI-AUTO,9076,PETROL,145,40.4,2
GLC Class,2019,34946,AUTOMATIC,10387,DIESEL,145,44.8,2
C Class,2019,27086,SEMI-AUTO,5578,DIESEL,145,54.3,1.6
E Class,2017,23991,SEMI-AUTO,16533,DIESEL,145,61.4,2
A Class,2016,13823,AUTOMATIC,25151,DIESEL,0,76.4,1.5
C Class,2016,25932,SEMI-AUTO,24420,PETROL,160,43.5,2
GLC Class,2016,30502,SEMI-AUTO,11568,DIESEL,145,56.5,2.1
CL Class,2015,18216,AUTOMATIC,14175,DIESEL,20,67.3,2.1
A Class,2016,14722,MANUAL,12544,DIESEL,20,72.4,1.5
A Class,2017,15691,MANUAL,20875,DIESEL,145,65.7,2.1
A Class,2016,18663,AUTOMATIC,18265,DIESEL,20,68.9,2.1
E Class,2015,15462,SEMI-AUTO,48128,DIESEL,145,55.4,2.1
C Class,2017,32552,SEMI-AUTO,22914,PETROL,145,35.8,3
GLC Class,2017,32312,SEMI-AUTO,14794,DIESEL,145,56.5,2.1
GLS Class,2018,43286,AUTOMATIC,16489,DIESEL,145,37.2,3
GLC Class,2020,41991,SEMI-AUTO,1000,DIESEL,145,40.9,2
B Class,2017,14991,SEMI-AUTO,40115,DIESEL,145,68.9,2.1
GLE Class,2017,33142,AUTOMATIC,27661,DIESEL,145,42.8,3
GLC Class,2019,56191,AUTOMATIC,2417,PETROL,145,27.4,4
GLE Class,2019,56810,AUTOMATIC,3560,DIESEL,145,32.5,3
C Class,2019,23410,SEMI-AUTO,10218,PETROL,145,44.1,1.5
C Class,2019,23250,SEMI-AUTO,9169,PETROL,145,44.1,1.5
CL Class,2019,30991,AUTOMATIC,6032,PETROL,145,44.8,1.3
E Class,2019,38550,AUTOMATIC,3725,DIESEL,145,45.6,2
A Class,2019,26991,AUTOMATIC,1662,PETROL,145,53.3,1.3
CL Class,2017,18772,SEMI-AUTO,36698,DIESEL,145,70.6,2.1
GLC Class,2016,21112,SEMI-AUTO,26516,DIESEL,125,56.5,2.1
A Class,2013,10122,MANUAL,49517,DIESEL,20,72.4,1.5
GLC Class,2016,22041,SEMI-AUTO,66559,DIESEL,125,56.5,2.1
A Class,2017,16311,SEMI-AUTO,57206,DIESEL,20,68.9,2.1
CL Class,2017,19811,SEMI-AUTO,38508,DIESEL,125,58.9,2.1
A Class,2017,31022,AUTOMATIC,25803,PETROL,200,40.9,2
C Class,2017,19762,AUTOMATIC,36047,DIESEL,145,61.4,2.1
GLE Class,2016,29362,SEMI-AUTO,44248,DIESEL,235,42.8,3
C Class,2018,23456,AUTOMATIC,26723,DIESEL,145,65.7,2.1
GLA Class,2020,24640,SEMI-AUTO,2275,PETROL,145,44.8,1.6
GLC Class,2020,41991,SEMI-AUTO,1000,DIESEL,145,40.9,2
A Class,2017,17761,MANUAL,18275,PETROL,145,49.6,1.6
E Class,2019,43750,AUTOMATIC,2963,PETROL,145,33.7,2
GLA Class,2020,26890,SEMI-AUTO,1486,PETROL,145,37.2,1.6
GLC Class,2019,36540,AUTOMATIC,3395,DIESEL,145,44.8,2
E Class,2017,20882,SEMI-AUTO,65789,DIESEL,30,65.7,2
B Class,2019,21880,MANUAL,2544,PETROL,145,44.8,1.3
B Class,2019,21990,MANUAL,50,PETROL,145,44.8,1.3
B Class,2019,21990,MANUAL,50,PETROL,145,44.8,1.3
B Class,2019,21990,MANUAL,50,PETROL,145,44.8,1.3
B Class,2019,21990,MANUAL,50,PETROL,145,44.8,1.3
GLA Class,2018,24132,SEMI-AUTO,6651,DIESEL,145,56.5,2.1
A Class,2019,19110,SEMI-AUTO,8445,DIESEL,145,65.7,1.5
A Class,2016,15562,MANUAL,32984,DIESEL,20,68.9,1.5
C Class,2016,21991,SEMI-AUTO,26483,DIESEL,125,60.1,2.1
CL Class,2019,31790,AUTOMATIC,3025,PETROL,145,44.8,1.3
CL Class,2018,21936,AUTOMATIC,3678,DIESEL,145,50.4,2.2
C Class,2019,27776,SEMI-AUTO,6389,DIESEL,145,61.4,2
GLC Class,2016,25733,AUTOMATIC,31239,DIESEL,125,56.5,2.1
C Class,2017,18491,SEMI-AUTO,18390,PETROL,145,50.4,2
C Class,2019,26076,SEMI-AUTO,4510,DIESEL,145,61.4,2
C Class,2018,27872,SEMI-AUTO,14157,DIESEL,145,57.7,2
GLA Class,2018,26072,AUTOMATIC,8941,DIESEL,145,56.5,2.1
B Class,2019,21906,SEMI-AUTO,13374,PETROL,145,45.6,1.3
E Class,2019,25046,AUTOMATIC,12560,DIESEL,145,72.4,2
A Class,2019,18276,SEMI-AUTO,22964,DIESEL,145,65.7,1.5
E Class,2019,27790,SEMI-AUTO,9000,DIESEL,145,61.4,2
SL CLASS,2019,89880,AUTOMATIC,50,PETROL,145,28,5.5
SL CLASS,2019,29990,AUTOMATIC,3425,PETROL,145,47.9,2
CLS Class,2019,43640,AUTOMATIC,2682,DIESEL,145,48.7,2.9
E Class,2019,49390,AUTOMATIC,5000,PETROL,145,32.5,3
B Class,2019,22590,MANUAL,50,PETROL,145,44.8,1.3
B Class,2019,22590,MANUAL,50,PETROL,145,44.8,1.3
B Class,2019,22590,MANUAL,50,PETROL,145,44.8,1.3
A Class,2019,22850,AUTOMATIC,6202,DIESEL,145,56.5,2
E Class,2018,27272,AUTOMATIC,15074,DIESEL,145,57.7,2
S Class,2019,60970,AUTOMATIC,1350,DIESEL,145,48.7,3
A Class,2019,21250,MANUAL,8673,PETROL,145,47.1,1.3
GLC Class,2019,35730,AUTOMATIC,8225,DIESEL,145,40.9,2
A Class,2019,36432,SEMI-AUTO,1120,PETROL,145,35.3,2
A Class,2019,25991,AUTOMATIC,4837,PETROL,145,53.3,1.3
CL Class,2019,30991,AUTOMATIC,1953,PETROL,145,44.8,1.3
A Class,2017,18162,SEMI-AUTO,14823,DIESEL,145,68.9,2.1
A Class,2016,13742,MANUAL,30313,DIESEL,20,72.4,1.5
C Class,2019,67940,AUTOMATIC,237,PETROL,145,28,4
GLS Class,2020,71991,SEMI-AUTO,452,DIESEL,145,30.4,3
E Class,2019,34622,SEMI-AUTO,2566,DIESEL,145,57.7,2
C Class,2020,40991,SEMI-AUTO,1000,DIESEL,145,55.4,2
C Class,2020,34991,SEMI-AUTO,1000,PETROL,145,43.5,2
GLC Class,2018,30991,SEMI-AUTO,26573,DIESEL,145,56.5,2.1
C Class,2015,18736,SEMI-AUTO,27276,PETROL,125,51.4,2
B Class,2016,11701,SEMI-AUTO,58313,DIESEL,20,68.9,1.5
A Class,2019,36292,SEMI-AUTO,11324,PETROL,145,35.3,2
C Class,2016,21133,SEMI-AUTO,46080,DIESEL,30,65.7,2.1
A Class,2019,21690,AUTOMATIC,11309,DIESEL,145,56.5,2
GLC Class,2016,23282,SEMI-AUTO,9700,DIESEL,125,56.5,2.1
C Class,2019,35791,AUTOMATIC,2910,DIESEL,145,64.2,2
E Class,2015,17672,SEMI-AUTO,31888,DIESEL,145,55.4,2.1
A Class,2016,13991,MANUAL,26386,DIESEL,20,72.4,1.5
C Class,2018,26492,SEMI-AUTO,28801,DIESEL,145,65.7,2.1
B Class,2019,25072,SEMI-AUTO,2788,PETROL,145,44.8,1.3
S Class,2019,104590,AUTOMATIC,3671,PETROL,145,31.7,4
A Class,2019,26992,SEMI-AUTO,4930,DIESEL,145,62.8,1.5
A Class,2019,19786,SEMI-AUTO,3704,DIESEL,145,65.7,1.5
A Class,2016,14991,SEMI-AUTO,37092,DIESEL,20,68.9,2.1
C Class,2020,33991,SEMI-AUTO,1000,DIESEL,145,64.2,2
GLC Class,2016,27102,SEMI-AUTO,27634,DIESEL,125,56.5,2.1
GLC Class,2017,30991,SEMI-AUTO,25509,DIESEL,145,56.5,2.1
A Class,2019,124366,SEMI-AUTO,880,PETROL,145,24.8,4
B Class,2016,15691,SEMI-AUTO,17342,DIESEL,20,68.9,2.1
GLA Class,2019,35890,AUTOMATIC,7194,PETROL,145,37.7,2
GLA Class,2019,23890,SEMI-AUTO,5751,DIESEL,145,64.2,2.1
C Class,2019,25390,SEMI-AUTO,7945,PETROL,145,44.1,1.6
C Class,2019,24290,SEMI-AUTO,5542,PETROL,145,42.2,1.6
C Class,2019,35991,AUTOMATIC,5376,PETROL,145,30.4,3
GLC Class,2019,38970,AUTOMATIC,7234,DIESEL,145,40.9,2
SL CLASS,2017,41612,SEMI-AUTO,3746,PETROL,235,36.7,3
GLA Class,2020,24890,SEMI-AUTO,3876,PETROL,145,44.8,1.6
E Class,2020,59990,SEMI-AUTO,1500,PETROL,145,31.7,3
GLA Class,2020,26890,SEMI-AUTO,2498,PETROL,145,37.2,1.6
GLA Class,2020,26890,SEMI-AUTO,1670,PETROL,145,37.2,1.6
C Class,2020,39991,SEMI-AUTO,1173,DIESEL,145,55.4,2
GLC Class,2020,48790,SEMI-AUTO,1964,PETROL,145,27.4,3
GLA Class,2020,28790,SEMI-AUTO,1792,PETROL,145,35.8,1.6
GLA Class,2020,26890,SEMI-AUTO,3442,PETROL,145,37.2,1.6
C Class,2017,22052,AUTOMATIC,13567,DIESEL,30,64.2,2.1
E Class,2017,20498,SEMI-AUTO,36455,DIESEL,145,65.7,2
C Class,2017,21998,SEMI-AUTO,15935,DIESEL,145,61.4,2.1
B Class,2018,17991,SEMI-AUTO,12550,PETROL,145,50.4,1.6
GLA Class,2016,21933,AUTOMATIC,30060,PETROL,200,43.5,2
GLE Class,2019,52146,AUTOMATIC,10005,DIESEL,145,35.8,2
GLE Class,2016,23911,SEMI-AUTO,43490,DIESEL,205,47.9,2.1
C Class,2016,17498,SEMI-AUTO,31953,DIESEL,30,64.2,2.1
C Class,2018,16498,SEMI-AUTO,27342,DIESEL,150,64.2,2.1
E Class,2016,17998,SEMI-AUTO,57036,DIESEL,30,65.7,2
X-CLASS,2018,29869,AUTOMATIC,28415,DIESEL,260,35.8,2.3
A Class,2016,14991,SEMI-AUTO,59080,DIESEL,125,58.9,2.1
A Class,2014,12693,AUTOMATIC,30689,DIESEL,30,65.7,1.5
C Class,2019,26998,SEMI-AUTO,6926,DIESEL,145,56.5,2
C Class,2014,14498,SEMI-AUTO,49152,DIESEL,20,64.2,2.1
C Class,2015,17998,SEMI-AUTO,24209,DIESEL,30,64.2,2.1
SL CLASS,2017,20298,SEMI-AUTO,20028,DIESEL,30,70.6,2.1
E Class,2018,23998,SEMI-AUTO,12614,DIESEL,145,65.7,2
C Class,2016,19998,SEMI-AUTO,34850,HYBRID,0,134.5,2
V Class,2018,20498,MANUAL,21431,DIESEL,145,46.3,2.1
A Class,2015,14298,SEMI-AUTO,30084,DIESEL,20,64.2,2.1
GLC Class,2016,23062,AUTOMATIC,46975,DIESEL,125,56.5,2.1
GLC Class,2017,32472,SEMI-AUTO,17321,DIESEL,145,56.5,2.1
GLA Class,2017,21182,SEMI-AUTO,18405,DIESEL,145,56.5,2.1
A Class,2018,17991,SEMI-AUTO,10881,DIESEL,145,74.3,1.5
GLA Class,2016,20042,SEMI-AUTO,15182,DIESEL,125,56.5,2.1
GLE Class,2018,55376,AUTOMATIC,5234,PETROL,145,23.9,5.5
E Class,2016,25412,SEMI-AUTO,24346,DIESEL,160,51.4,3
V Class,2018,22798,MANUAL,25920,DIESEL,145,46.3,2.1
E Class,2013,13991,SEMI-AUTO,48976,DIESEL,125,57.7,2.1
A Class,2018,21991,SEMI-AUTO,25951,PETROL,150,53.3,1.3
E Class,2015,16322,SEMI-AUTO,21097,DIESEL,125,58.9,2.1
CL Class,2017,16991,SEMI-AUTO,43939,DIESEL,20,70.6,2.1
A Class,2017,15991,SEMI-AUTO,13733,DIESEL,145,74.3,1.5
C Class,2018,27991,SEMI-AUTO,5386,DIESEL,150,65.7,2.1
CL Class,2015,17491,SEMI-AUTO,54943,DIESEL,20,62.8,2.1
V Class,2018,43991,SEMI-AUTO,12572,DIESEL,150,44.8,2.2
E Class,2019,48990,SEMI-AUTO,3379,PETROL,150,32.1,3
B Class,2014,8991,MANUAL,60072,DIESEL,125,61.4,1.8
CL Class,2018,20691,SEMI-AUTO,18336,PETROL,150,53.3,1.6
SL CLASS,2017,22491,MANUAL,10537,PETROL,150,43.5,2
E Class,2017,30996,SEMI-AUTO,21055,PETROL,150,33.6,3
C Class,2019,36791,AUTOMATIC,6664,DIESEL,145,64.2,2
GLA Class,2016,16300,SEMI-AUTO,31870,DIESEL,20,67.3,2.1
GLA Class,2019,20440,AUTOMATIC,13250,PETROL,145,44.8,1.6
C Class,2018,20690,SEMI-AUTO,15900,PETROL,145,48.7,2
CLS Class,2015,16590,SEMI-AUTO,44192,DIESEL,125,56.5,2.1
SLK,2014,11100,SEMI-AUTO,69861,DIESEL,145,56.5,2
C Class,2017,16860,SEMI-AUTO,33964,DIESEL,30,64.2,2.1
C Class,2016,17590,AUTOMATIC,13020,PETROL,125,50.4,2
C Class,2016,17750,SEMI-AUTO,22090,DIESEL,30,64.2,2.1
A Class,2017,14250,SEMI-AUTO,29360,DIESEL,145,70.6,2.1
C Class,2015,13100,AUTOMATIC,63955,DIESEL,20,64.2,2.1
GLA Class,2017,14610,MANUAL,59808,DIESEL,150,67.3,2.1
C Class,2018,18700,AUTOMATIC,28629,DIESEL,145,60.1,2.1
A Class,2017,16177,SEMI-AUTO,20699,DIESEL,145,74.3,1.5
C Class,2018,18700,SEMI-AUTO,26765,DIESEL,145,60.1,2.1
CL Class,2017,21380,SEMI-AUTO,9281,DIESEL,20,67.3,2.1
C Class,2017,19000,SEMI-AUTO,20070,DIESEL,145,64.2,2.1
C Class,2014,12900,SEMI-AUTO,24600,PETROL,160,44.8,1.6
GLA Class,2018,32000,SEMI-AUTO,2752,PETROL,145,38.2,2
GLC Class,2017,27998,SEMI-AUTO,27343,DIESEL,145,56.5,2.1
B Class,2019,23298,SEMI-AUTO,5512,DIESEL,145,60.1,1.5
A Class,2013,14991,AUTOMATIC,16724,PETROL,160,44.1,2
A Class,2017,15870,MANUAL,15656,PETROL,125,51.4,1.6
E Class,2016,18280,SEMI-AUTO,40184,DIESEL,30,65.7,2
SLK,2014,11100,SEMI-AUTO,69866,DIESEL,145,56.5,2
GLA Class,2016,18590,SEMI-AUTO,21634,DIESEL,125,56.5,2.1
C Class,2016,18790,SEMI-AUTO,25441,HYBRID,0,134.5,2
C Class,2019,33790,AUTOMATIC,6325,PETROL,145,47.1,1.5
C Class,2016,19000,SEMI-AUTO,37956,HYBRID,0,134.5,2
C Class,2017,23000,SEMI-AUTO,17125,PETROL,145,47.1,2
C Class,2018,19995,SEMI-AUTO,43288,DIESEL,150,60.1,2.1
C Class,2017,19000,SEMI-AUTO,20070,DIESEL,145,64.2,2.1
B Class,2018,17900,SEMI-AUTO,15371,DIESEL,145,68.9,2.1
CLS Class,2019,34900,SEMI-AUTO,9400,DIESEL,145,48.7,2.9
C Class,2020,34900,SEMI-AUTO,3478,PETROL,145,44.1,2
GLC Class,2020,42900,SEMI-AUTO,1708,PETROL,145,31.7,2
C Class,2019,39790,AUTOMATIC,3700,DIESEL,145,61.4,2
C Class,2019,36791,AUTOMATIC,1765,PETROL,145,46.3,1.5
V Class,2019,48251,AUTOMATIC,1478,DIESEL,145,45.6,2.2
E Class,2020,42441,SEMI-AUTO,3490,DIESEL,145,57.7,2
GLA Class,2016,21292,SEMI-AUTO,10871,DIESEL,125,56.5,2.1
V Class,2019,48990,AUTOMATIC,3834,DIESEL,145,36.7,2
GLC Class,2016,23822,SEMI-AUTO,58543,DIESEL,125,56.5,2.1
A Class,2017,16162,MANUAL,34726,DIESEL,30,62.8,2.1
A Class,2019,19520,SEMI-AUTO,7863,DIESEL,145,68.9,1.5
A Class,2019,19680,SEMI-AUTO,9931,DIESEL,145,68.9,1.5
GLA Class,2014,14995,SEMI-AUTO,33361,DIESEL,30,62.8,2.1
A Class,2019,33995,SEMI-AUTO,10378,PETROL,145,35.3,2
A Class,2019,25495,SEMI-AUTO,4697,PETROL,145,45.6,2
GLE Class,2019,59995,SEMI-AUTO,3500,DIESEL,145,32.5,2.9
C Class,2019,25995,SEMI-AUTO,7868,DIESEL,145,60.1,1.6
GLA Class,2020,28900,SEMI-AUTO,20,PETROL,145,35.8,1.6
A Class,2020,28900,SEMI-AUTO,19,PETROL,145,28.5,1.3
GLA Class,2020,26400,SEMI-AUTO,266,PETROL,145,37.2,1.6
GLC Class,2019,42400,SEMI-AUTO,3001,DIESEL,145,40.4,2
GLC Class,2019,41900,SEMI-AUTO,9107,DIESEL,145,40.4,2
S Class,2018,104400,SEMI-AUTO,3796,PETROL,145,31.7,4
C Class,2019,32900,SEMI-AUTO,3579,PETROL,145,44.1,2
E Class,2018,22400,SEMI-AUTO,22503,DIESEL,145,67.3,2
V Class,2020,52900,SEMI-AUTO,250,DIESEL,145,36.2,2
E Class,2020,45900,SEMI-AUTO,51,PETROL,145,32.5,2
GLC Class,2020,41900,SEMI-AUTO,250,DIESEL,145,40.9,2
GLE Class,2019,52900,SEMI-AUTO,1786,DIESEL,145,32.8,3
SL CLASS,2019,49400,SEMI-AUTO,3500,PETROL,145,36.7,3
SL CLASS,2017,16700,MANUAL,15407,PETROL,145,43.5,2
A Class,2013,10891,MANUAL,30308,DIESEL,20,72.4,1.5
A Class,2017,16392,MANUAL,18969,DIESEL,145,68.9,1.5
GLA Class,2017,17392,MANUAL,11865,DIESEL,30,64.2,2.1
A Class,2018,15491,MANUAL,28014,DIESEL,150,68.9,1.5
A Class,2015,9391,MANUAL,89079,DIESEL,30,64.2,2.1
GLB Class,2020,35400,SEMI-AUTO,1508,DIESEL,145,47.9,2
C Class,2016,15900,MANUAL,9870,DIESEL,20,70.6,1.6
GLA Class,2018,22400,SEMI-AUTO,9481,PETROL,145,48.7,1.6
A Class,2013,16995,SEMI-AUTO,16345,PETROL,165,44.1,2
S Class,2015,22995,SEMI-AUTO,41472,DIESEL,160,51.4,3
A Class,2019,19995,MANUAL,14110,PETROL,145,28.5,1.3
E Class,2019,42995,SEMI-AUTO,16271,PETROL,145,32.1,3
C Class,2017,22495,SEMI-AUTO,13919,DIESEL,145,61.4,2.1
GLC Class,2018,29495,SEMI-AUTO,21994,DIESEL,145,56.5,2.1
CL Class,2020,54995,SEMI-AUTO,3500,PETROL,145,33.2,2
V Class,2019,38995,SEMI-AUTO,14086,DIESEL,145,45.6,2.2
GLE Class,2020,56995,SEMI-AUTO,4296,DIESEL,145,32.5,2.9
E Class,2019,36995,SEMI-AUTO,11096,DIESEL,145,46.3,3
C Class,2018,22900,SEMI-AUTO,23831,DIESEL,145,60.1,2.1
E Class,2019,41995,SEMI-AUTO,11799,DIESEL,150,38.2,3
SL CLASS,2019,29995,SEMI-AUTO,8000,PETROL,150,47.1,2
GLE Class,2020,59995,SEMI-AUTO,3392,DIESEL,150,32.5,2.9
C Class,2019,29995,SEMI-AUTO,6828,PETROL,150,42.2,2
E Class,2019,34995,SEMI-AUTO,14335,HYBRID,140,176.6,2
GLA Class,2018,21995,SEMI-AUTO,18237,DIESEL,150,58.9,2.1
GLE Class,2020,59995,SEMI-AUTO,3500,DIESEL,150,32.5,2.9
C Class,2015,19995,SEMI-AUTO,39000,DIESEL,30,62.8,2.1
CLS Class,2017,22995,SEMI-AUTO,21218,DIESEL,150,56.5,2.1
E Class,2019,38990,AUTOMATIC,500,DIESEL,145,48.7,3
GLA Class,2019,29990,AUTOMATIC,100,DIESEL,145,56.5,2.1
C Class,2020,33990,SEMI-AUTO,100,DIESEL,145,57.7,2
E Class,2017,21990,SEMI-AUTO,23966,DIESEL,145,72.4,2
C Class,2019,28990,AUTOMATIC,5000,PETROL,145,44.1,1.6
CL Class,2020,27990,SEMI-AUTO,1204,PETROL,145,44.8,1.3
GLB Class,2020,38990,SEMI-AUTO,50,DIESEL,145,44.8,2
S Class,2019,58990,AUTOMATIC,6501,DIESEL,145,52.3,3
GLC Class,2019,36490,SEMI-AUTO,50,DIESEL,145,40.9,2
C Class,2019,46390,AUTOMATIC,2750,PETROL,145,29.7,3
A Class,2016,16995,MANUAL,33900,DIESEL,30,62.8,2.1
GLA Class,2020,25995,SEMI-AUTO,570,PETROL,150,37.2,1.6
GLA Class,2015,19995,SEMI-AUTO,12475,DIESEL,125,55.4,2.1
GLC Class,2018,30495,SEMI-AUTO,11943,DIESEL,150,56.5,2.1
E Class,2018,27995,SEMI-AUTO,19573,DIESEL,150,57.7,2
CL Class,2020,29900,SEMI-AUTO,2048,PETROL,150,44.8,1.3
B Class,2018,19995,SEMI-AUTO,9787,PETROL,150,51.4,1.6
C Class,2018,34995,SEMI-AUTO,8294,PETROL,150,35.3,3
E Class,2019,41900,SEMI-AUTO,12335,DIESEL,150,38.2,3
GLE Class,2020,56995,SEMI-AUTO,4242,DIESEL,150,32.5,2.9
A Class,2016,20400,SEMI-AUTO,17504,PETROL,200,42.8,2
A Class,2017,18400,SEMI-AUTO,22486,DIESEL,20,67.3,2.1
CLS Class,2019,42900,SEMI-AUTO,7301,DIESEL,145,47.9,2.9
C Class,2019,23900,SEMI-AUTO,14755,PETROL,145,44.1,1.5
C Class,2019,29900,SEMI-AUTO,1342,PETROL,145,44.1,2
GLC Class,2019,31900,SEMI-AUTO,8895,DIESEL,145,41.5,2.1
E Class,2019,36900,SEMI-AUTO,8831,DIESEL,145,46.3,3
C Class,2019,39400,SEMI-AUTO,11838,PETROL,145,30.4,3
B Class,2017,11900,MANUAL,43473,DIESEL,145,68.9,1.5
A Class,2019,22480,SEMI-AUTO,10604,DIESEL,145,56.5,2
CL Class,2017,19795,SEMI-AUTO,20044,PETROL,125,53.3,1.6
E Class,2016,17995,SEMI-AUTO,30417,DIESEL,145,56.5,2.1
E Class,2017,22495,SEMI-AUTO,29169,DIESEL,30,61.4,2
GLC Class,2017,27995,SEMI-AUTO,32725,DIESEL,200,47.9,3
GLA Class,2017,20995,SEMI-AUTO,18120,PETROL,205,43.5,2
C Class,2017,19995,SEMI-AUTO,43000,DIESEL,125,61.4,2.1
CL Class,2017,19995,SEMI-AUTO,18000,PETROL,150,53.3,1.6
GLC Class,2019,34795,SEMI-AUTO,5848,DIESEL,145,56.5,2.1
GLE Class,2015,34995,SEMI-AUTO,39898,PETROL,325,31.7,3
CLS Class,2017,17495,SEMI-AUTO,65700,DIESEL,125,57.7,2.1
C Class,2017,22995,SEMI-AUTO,20000,DIESEL,150,67.3,2.1
C Class,2019,27400,SEMI-AUTO,11723,DIESEL,145,56.5,2
C Class,2019,22900,SEMI-AUTO,21481,PETROL,145,46.3,1.5
A Class,2019,23900,SEMI-AUTO,12678,PETROL,145,53.3,1.3
GLE Class,2020,57400,SEMI-AUTO,2538,DIESEL,145,32.5,2.9
A Class,2019,24900,SEMI-AUTO,5662,PETROL,145,53.3,1.3
E Class,2019,39900,SEMI-AUTO,11206,DIESEL,145,38.2,3
GLC Class,2017,29400,SEMI-AUTO,25686,DIESEL,145,56.5,2.1
C Class,2020,33400,SEMI-AUTO,213,DIESEL,145,64.2,2
C Class,2019,28900,SEMI-AUTO,1416,PETROL,145,43.5,2
GLC Class,2018,33900,SEMI-AUTO,7392,DIESEL,145,56.5,2.1
E Class,2020,41400,SEMI-AUTO,770,PETROL,145,33.7,2
C Class,2018,23480,AUTOMATIC,7351,PETROL,145,40.4,2
C Class,2019,22678,AUTOMATIC,15133,DIESEL,145,61.4,2
C Class,2019,29480,SEMI-AUTO,3299,PETROL,145,44.1,2
C Class,2019,25980,SEMI-AUTO,9156,DIESEL,145,64.2,2
A Class,2019,22980,SEMI-AUTO,8204,DIESEL,145,56.5,2
A Class,2019,22480,SEMI-AUTO,10282,DIESEL,145,56.5,2
A Class,2019,22280,SEMI-AUTO,13284,DIESEL,145,56.5,2
A Class,2019,22780,SEMI-AUTO,9060,DIESEL,145,56.5,2
A Class,2019,21495,SEMI-AUTO,10847,PETROL,145,28.5,1.3
E Class,2020,42480,SEMI-AUTO,1489,DIESEL,145,57.7,2
C Class,2019,26280,SEMI-AUTO,11923,DIESEL,145,51.4,2
E Class,2019,34995,SEMI-AUTO,4016,DIESEL,145,57.7,2
GLC Class,2020,36995,SEMI-AUTO,4999,DIESEL,145,40.9,2
GLE Class,2020,59995,SEMI-AUTO,4999,PETROL,145,29.5,3
C Class,2019,26995,SEMI-AUTO,6447,DIESEL,145,64.2,2
E Class,2019,36995,SEMI-AUTO,8780,DIESEL,145,46.3,3
C Class,2019,29496,AUTOMATIC,6052,DIESEL,145,54.3,2
C Class,2019,23995,SEMI-AUTO,10441,PETROL,145,45.6,1.5
C Class,2019,30181,AUTOMATIC,1786,DIESEL,145,55.4,2
B Class,2019,20995,SEMI-AUTO,11975,PETROL,145,45.6,1.3
B Class,2017,16995,SEMI-AUTO,10519,DIESEL,20,68.9,2.1
E Class,2013,13995,SEMI-AUTO,69900,DIESEL,200,45.6,3
E Class,2017,19995,SEMI-AUTO,21166,DIESEL,145,50.4,3
GLA Class,2017,19995,SEMI-AUTO,19867,DIESEL,145,56.5,2.1
GLE Class,2016,25995,SEMI-AUTO,86364,HYBRID,0,76.4,3
A Class,2019,18995,SEMI-AUTO,12072,DIESEL,145,65.7,1.5
M Class,2014,17995,SEMI-AUTO,43729,DIESEL,300,39.2,3
C Class,2019,29495,AUTOMATIC,4999,DIESEL,145,64.2,2
V Class,2019,44995,SEMI-AUTO,200,DIESEL,145,36.7,2
C Class,2016,21995,SEMI-AUTO,13457,DIESEL,30,64.2,2.1
CL Class,2013,11291,MANUAL,54248,PETROL,125,50.4,1.6
CL Class,2016,16740,MANUAL,36527,PETROL,125,51.4,1.6
GLA Class,2016,18640,SEMI-AUTO,20422,DIESEL,125,56.5,2.1
GLC Class,2017,28698,SEMI-AUTO,12960,DIESEL,145,56.5,2.1
E Class,2016,16498,SEMI-AUTO,37098,DIESEL,125,56.5,2.1
GLA Class,2018,20998,SEMI-AUTO,12198,PETROL,150,48.7,1.6
B Class,2017,11998,MANUAL,44480,DIESEL,30,65.7,2.1
B Class,2017,16998,SEMI-AUTO,2174,DIESEL,150,68.9,2.1
E Class,2015,14995,SEMI-AUTO,39290,DIESEL,125,58.9,2.1
GLC Class,2017,29495,SEMI-AUTO,29000,DIESEL,145,56.5,2.1
C Class,2018,24546,AUTOMATIC,12397,DIESEL,145,58.9,2.1
C Class,2019,24295,AUTOMATIC,6063,PETROL,145,45.6,1.5
E Class,2017,16995,AUTOMATIC,37798,DIESEL,145,72.4,2
A Class,2016,20495,SEMI-AUTO,9897,PETROL,200,42.8,2
E Class,2017,21456,AUTOMATIC,13503,DIESEL,145,65.7,2
A Class,2018,20995,SEMI-AUTO,9965,PETROL,145,53.3,1.3
SL CLASS,2019,46995,SEMI-AUTO,3443,PETROL,145,36.7,3
B Class,2018,13495,SEMI-AUTO,31500,DIESEL,150,70.6,1.5
GLC Class,2017,27673,SEMI-AUTO,3573,DIESEL,145,56.5,2.1
E Class,2019,24495,SEMI-AUTO,9800,DIESEL,145,72.4,2
C Class,2017,19795,SEMI-AUTO,21000,DIESEL,30,64.2,2.1
GLC Class,2019,31695,SEMI-AUTO,4270,DIESEL,145,41.5,2.1
C Class,2017,19995,SEMI-AUTO,36814,PETROL,145,48.7,2
C Class,2016,15429,SEMI-AUTO,50446,DIESEL,30,65.7,1.6
GLC Class,2016,25995,SEMI-AUTO,22000,DIESEL,125,56.5,2.1
A Class,2016,17495,SEMI-AUTO,45000,DIESEL,20,67.3,2.1
A Class,2018,16607,AUTOMATIC,20247,PETROL,145,52.3,1.6
A Class,2019,23280,SEMI-AUTO,7097,PETROL,145,53.3,1.3
A Class,2019,22995,SEMI-AUTO,10231,PETROL,145,53.3,1.3
C Class,2020,33995,SEMI-AUTO,30,DIESEL,145,64.2,2
E Class,2019,34280,SEMI-AUTO,40,DIESEL,145,65.7,2
CL Class,2018,21995,SEMI-AUTO,5194,DIESEL,150,67.3,2.1
C Class,2019,25995,SEMI-AUTO,22000,DIESEL,145,55.4,2
E Class,2017,18795,SEMI-AUTO,40000,DIESEL,30,65.7,2
B Class,2017,14900,SEMI-AUTO,30285,DIESEL,145,68.9,1.5
C Class,2019,25400,SEMI-AUTO,14682,PETROL,145,45.6,1.5
E Class,2019,33499,SEMI-AUTO,1934,DIESEL,145,45.6,2
A Class,2019,23999,AUTOMATIC,1816,DIESEL,145,56.5,2
C Class,2019,26599,AUTOMATIC,1566,DIESEL,145,60.1,1.6
GLA Class,2019,23995,AUTOMATIC,2648,PETROL,145,37.2,1.6
B Class,2019,23999,AUTOMATIC,700,DIESEL,145,55.4,2
GLA Class,2015,23495,AUTOMATIC,41909,PETROL,235,37.7,2
C Class,2019,31999,SEMI-AUTO,5110,PETROL,145,42.2,2
E Class,2019,29799,AUTOMATIC,2553,DIESEL,145,70.6,2
C Class,2019,28299,AUTOMATIC,1142,PETROL,145,44.1,2
A Class,2019,34999,SEMI-AUTO,1690,PETROL,145,36.7,2
GLC Class,2019,31099,SEMI-AUTO,11096,DIESEL,145,41.5,2.1
B Class,2019,20499,AUTOMATIC,15861,PETROL,145,45.6,1.3
C Class,2019,23799,AUTOMATIC,5762,PETROL,145,45.6,1.5
A Class,2016,15799,MANUAL,18749,PETROL,145,49.6,1.6
C Class,2017,22597,SEMI-AUTO,23366,DIESEL,145,65.7,2.1
SL CLASS,2016,16991,SEMI-AUTO,42106,PETROL,145,47.9,2
CLS Class,2016,16957,AUTOMATIC,41253,DIESEL,125,57.7,2.1
C Class,2015,16270,AUTOMATIC,38444,PETROL,145,49.6,2
C Class,2019,29999,SEMI-AUTO,5276,DIESEL,145,54.3,2
C Class,2019,28499,AUTOMATIC,2646,PETROL,145,47.1,1.5
C Class,2019,29499,AUTOMATIC,1676,DIESEL,145,51.4,2
C Class,2019,30799,AUTOMATIC,1812,PETROL,145,46.3,1.5
E Class,2019,33299,AUTOMATIC,3969,DIESEL,145,42.8,2
E Class,2019,33499,AUTOMATIC,3887,DIESEL,145,45.6,2
E Class,2019,36299,AUTOMATIC,1005,DIESEL,145,57.7,2
E Class,2019,33299,AUTOMATIC,2674,DIESEL,145,42.8,2
GLA Class,2019,23599,SEMI-AUTO,8910,PETROL,145,36.2,1.6
C Class,2019,31999,AUTOMATIC,1097,DIESEL,145,51.4,2
A Class,2017,29990,AUTOMATIC,8789,PETROL,145,40.9,2
A Class,2019,23499,SEMI-AUTO,1718,DIESEL,145,67.3,1.5
CL Class,2017,17799,SEMI-AUTO,41786,DIESEL,20,67.3,2.1
E Class,2014,13999,SEMI-AUTO,34500,DIESEL,125,57.7,2.1
A Class,2015,11899,MANUAL,35325,DIESEL,20,72.4,1.5
C Class,2018,21299,SEMI-AUTO,5628,DIESEL,150,60.1,2.1
S Class,2015,25999,SEMI-AUTO,64518,DIESEL,200,48.7,3
A Class,2014,13495,SEMI-AUTO,61500,PETROL,145,49.6,1.6
A Class,2018,18995,SEMI-AUTO,16857,DIESEL,150,65.7,1.5
GLA Class,2015,17495,SEMI-AUTO,58000,DIESEL,125,56.5,2.1
C Class,2019,25799,AUTOMATIC,2177,PETROL,145,47.1,1.5
C Class,2015,16732,AUTOMATIC,33350,DIESEL,30,64.2,2.1
GLE Class,2017,38572,SEMI-AUTO,21566,HYBRID,135,76.4,3
C Class,2018,22805,AUTOMATIC,11259,DIESEL,145,67.3,2.1
GLE Class,2018,29442,SEMI-AUTO,29745,DIESEL,145,47.9,2.1
A Class,2019,22966,AUTOMATIC,3535,PETROL,145,53.3,1.3
GL Class,2015,28881,SEMI-AUTO,45000,DIESEL,325,36.2,3
GLC Class,2019,31062,AUTOMATIC,12860,DIESEL,145,56.5,2.1
GLE Class,2017,28672,SEMI-AUTO,29447,DIESEL,145,42.8,3
GLC Class,2019,32056,AUTOMATIC,13847,DIESEL,145,42.2,2.1
C Class,2019,25446,AUTOMATIC,16281,PETROL,145,47.1,1.5
C Class,2019,22444,AUTOMATIC,5526,PETROL,145,45.6,1.5
GLE Class,2016,26572,AUTOMATIC,34333,DIESEL,260,42.8,3
E Class,2019,25764,SEMI-AUTO,7534,DIESEL,145,67.3,2
C Class,2016,31342,AUTOMATIC,34587,PETROL,260,35.3,3
E Class,2016,19612,SEMI-AUTO,19119,DIESEL,20,72.4,2
C Class,2017,23056,AUTOMATIC,23378,DIESEL,145,65.7,2.1
C Class,2019,30899,AUTOMATIC,860,PETROL,145,46.3,1.5
CLS Class,2018,26682,SEMI-AUTO,11700,DIESEL,145,51.4,3
C Class,2016,13412,SEMI-AUTO,54546,PETROL,125,53.3,2
C Class,2016,16452,SEMI-AUTO,92844,DIESEL,30,61.4,2.1
B Class,2019,17498,MANUAL,4273,PETROL,145,49.6,1.6
GLC Class,2016,29280,SEMI-AUTO,19640,DIESEL,145,56.5,2.1
E Class,2017,24480,SEMI-AUTO,19727,DIESEL,145,51.4,3
E Class,2019,32980,SEMI-AUTO,8655,DIESEL,145,57.7,2
C Class,2016,30480,SEMI-AUTO,51218,PETROL,300,34.5,4
GLA Class,2018,18480,SEMI-AUTO,33312,PETROL,145,50.4,1.6
A Class,2017,14280,MANUAL,37884,DIESEL,20,72.4,1.5
GLC Class,2019,71980,SEMI-AUTO,4017,PETROL,145,22.1,4
GLC Class,2016,26480,SEMI-AUTO,35011,DIESEL,125,56.5,2.1
C Class,2020,47980,SEMI-AUTO,4462,PETROL,145,29.7,3
GLE Class,2016,28480,SEMI-AUTO,19968,DIESEL,260,42.8,3
E Class,2019,61990,AUTOMATIC,75,PETROL,145,30.1,4
B Class,2019,28190,SEMI-AUTO,5000,PETROL,145,37.7,2
C Class,2019,28706,SEMI-AUTO,1808,DIESEL,145,60.1,1.6
A Class,2016,14722,MANUAL,36416,DIESEL,20,68.9,1.5
GLC Class,2019,35722,AUTOMATIC,8380,DIESEL,145,44.8,2
M Class,2014,19662,SEMI-AUTO,38833,DIESEL,200,44.8,2.1
C Class,2017,25402,SEMI-AUTO,16212,PETROL,145,42.2,2
C Class,2015,22402,SEMI-AUTO,21123,DIESEL,20,67.3,2.1
C Class,2017,23952,AUTOMATIC,20142,DIESEL,145,58.9,2.1
C Class,2016,17443,SEMI-AUTO,55877,DIESEL,125,60.1,2.1
E Class,2017,22980,SEMI-AUTO,18038,DIESEL,145,65.7,2
E Class,2017,22480,SEMI-AUTO,18060,DIESEL,145,61.4,2
GLE Class,2019,48980,SEMI-AUTO,4104,DIESEL,145,36.7,2
GLA Class,2015,16980,SEMI-AUTO,38990,DIESEL,125,56.5,2.1
A Class,2017,16480,SEMI-AUTO,11456,DIESEL,20,70.6,2.1
C Class,2018,33980,SEMI-AUTO,13983,PETROL,145,35.3,3
C Class,2017,21700,SEMI-AUTO,23114,DIESEL,145,60.1,2.1
SLK,2016,16480,SEMI-AUTO,30816,DIESEL,30,70.6,2
E Class,2017,19980,SEMI-AUTO,19258,DIESEL,125,58.9,2.1
E Class,2018,32980,SEMI-AUTO,10872,PETROL,145,40.4,2
E Class,2016,16686,AUTOMATIC,35311,PETROL,160,46.3,2
GLE Class,2017,29931,SEMI-AUTO,18263,DIESEL,200,47.9,2.1
C Class,2019,30910,SEMI-AUTO,11810,DIESEL,145,55.4,2
GLA Class,2019,21980,SEMI-AUTO,9708,PETROL,145,44.8,1.6
A Class,2019,20280,SEMI-AUTO,13632,DIESEL,145,65.7,1.5
E Class,2019,35480,SEMI-AUTO,3846,DIESEL,145,57.7,2
C Class,2019,27000,SEMI-AUTO,7721,PETROL,145,44.1,2
E Class,2020,39991,AUTOMATIC,6623,DIESEL,145,45.6,2
B Class,2020,28491,SEMI-AUTO,1329,DIESEL,145,55.4,2
GLC Class,2020,44491,SEMI-AUTO,4576,DIESEL,145,40.9,2
GLA Class,2020,29066,SEMI-AUTO,1701,PETROL,145,37.2,1.6
CL Class,2015,15442,SEMI-AUTO,50240,PETROL,125,51.4,1.6
E Class,2019,25780,SEMI-AUTO,14430,DIESEL,145,72.4,2
CL Class,2019,25980,SEMI-AUTO,14085,DIESEL,145,51.4,2.2
B Class,2019,21980,SEMI-AUTO,11748,PETROL,145,45.6,1.3
E Class,2016,18980,SEMI-AUTO,33079,DIESEL,20,72.4,2
E Class,2019,25480,SEMI-AUTO,12954,DIESEL,145,72.4,2
C Class,2019,22980,SEMI-AUTO,7442,PETROL,145,44.1,1.5
B Class,2017,13980,MANUAL,17403,DIESEL,145,68.9,1.5
GLC Class,2019,29980,SEMI-AUTO,3635,DIESEL,145,41.5,2.1
C Class,2019,24680,SEMI-AUTO,10795,PETROL,145,45.6,1.5
A Class,2019,18780,SEMI-AUTO,18529,DIESEL,145,65.7,1.5
A Class,2019,20480,SEMI-AUTO,10291,DIESEL,145,65.7,1.5
C Class,2019,20980,SEMI-AUTO,13253,DIESEL,145,61.4,2
E Class,2017,24980,SEMI-AUTO,27993,DIESEL,145,65.7,2
E Class,2017,22980,SEMI-AUTO,32861,DIESEL,145,61.4,2
E Class,2018,31980,SEMI-AUTO,13475,DIESEL,145,70.6,2
CLS Class,2018,32800,SEMI-AUTO,13914,DIESEL,145,48.7,2.9
GLA Class,2018,22300,SEMI-AUTO,10693,DIESEL,145,67.3,2.1
GLC Class,2016,23980,SEMI-AUTO,44293,DIESEL,125,56.5,2.1
A Class,2017,14480,MANUAL,23433,DIESEL,20,72.4,1.5
E Class,2019,36980,SEMI-AUTO,2999,DIESEL,145,57.7,2
C Class,2019,29980,SEMI-AUTO,1998,PETROL,145,47.1,1.5
GLC Class,2019,74980,SEMI-AUTO,1998,PETROL,145,21.6,4
GLB Class,2020,39480,SEMI-AUTO,29,DIESEL,145,46.3,2
B Class,2017,16780,SEMI-AUTO,9605,DIESEL,145,68.9,1.5
E Class,2019,24480,SEMI-AUTO,14487,DIESEL,145,72.4,2
E Class,2019,24780,SEMI-AUTO,12669,DIESEL,145,72.4,2
E Class,2019,29480,SEMI-AUTO,5932,DIESEL,145,58.9,2
E Class,2014,13799,SEMI-AUTO,59874,DIESEL,125,57.7,2.1
E Class,2015,15999,SEMI-AUTO,25787,DIESEL,125,60.1,2.1
C Class,2016,15495,AUTOMATIC,72676,HYBRID,0,134.5,2
C Class,2013,11900,SEMI-AUTO,33925,PETROL,160,44.8,1.6
CLS Class,2017,19980,SEMI-AUTO,30004,DIESEL,125,57.7,2.1
E Class,2020,35480,SEMI-AUTO,1989,DIESEL,145,42.8,2
B Class,2020,24980,SEMI-AUTO,1989,DIESEL,145,55.4,2
C Class,2019,44000,SEMI-AUTO,3999,PETROL,145,29.7,3
CL Class,2019,27500,SEMI-AUTO,4544,PETROL,145,39.8,2
C Class,2019,30500,SEMI-AUTO,2105,DIESEL,145,61.4,2
C Class,2016,13680,MANUAL,40880,DIESEL,20,70.6,1.6
C Class,2016,23060,SEMI-AUTO,27830,DIESEL,125,61.4,2.1
GLC Class,2017,26998,SEMI-AUTO,33544,DIESEL,145,56.5,2.1
C Class,2016,18498,SEMI-AUTO,30490,HYBRID,0,134.5,2
C Class,2016,14998,SEMI-AUTO,66732,HYBRID,0,78.5,2.1
B Class,2017,14298,MANUAL,12349,DIESEL,150,68.9,1.5
C Class,2017,15998,MANUAL,24162,DIESEL,30,65.7,1.6
CLS Class,2013,12500,AUTOMATIC,52572,DIESEL,200,46.3,3
GLA Class,2014,14980,AUTOMATIC,23316,DIESEL,145,55.4,2.1
SL CLASS,2017,19490,MANUAL,21173,PETROL,145,48.7,1.6
C Class,2015,14490,SEMI-AUTO,51866,DIESEL,20,64.2,2.1
A Class,2015,15390,SEMI-AUTO,23000,DIESEL,20,64.2,2.1
GLS Class,2019,69990,AUTOMATIC,6224,DIESEL,145,30.4,3
B Class,2019,19790,SEMI-AUTO,13621,PETROL,145,45.6,1.3
GLE Class,2016,25490,SEMI-AUTO,23935,DIESEL,200,47.9,2.1
GLC Class,2019,30490,SEMI-AUTO,8340,DIESEL,150,42.2,2.1
GLA Class,2014,14400,SEMI-AUTO,58512,DIESEL,150,55.4,2.1
E Class,2015,14790,SEMI-AUTO,25100,DIESEL,125,57.7,2.1
GLA Class,2016,17600,AUTOMATIC,33540,DIESEL,125,56.5,2.1
C Class,2019,33490,SEMI-AUTO,2440,DIESEL,145,55.4,2
A Class,2020,25890,MANUAL,1499,PETROL,145,47.1,1.3
C Class,2016,24950,SEMI-AUTO,17635,DIESEL,20,67.3,2.1
A Class,2019,23490,MANUAL,3692,PETROL,145,47.1,1.3
A Class,2019,23450,AUTOMATIC,3521,DIESEL,145,67.3,1.5
CLS Class,2017,21290,SEMI-AUTO,38736,DIESEL,125,57.7,2.1
A Class,2018,14450,MANUAL,36619,PETROL,145,51.4,1.6
C Class,2014,14990,SEMI-AUTO,57499,DIESEL,125,60.1,2.1
A Class,2017,18890,SEMI-AUTO,20805,DIESEL,145,68.9,2.1
E Class,2018,31990,AUTOMATIC,9490,DIESEL,145,70.6,2
A Class,2020,25890,SEMI-AUTO,1499,PETROL,145,53.3,1.3
E Class,2020,38490,SEMI-AUTO,1499,DIESEL,145,57.7,2
GLA Class,2020,27490,SEMI-AUTO,1499,PETROL,145,35.8,1.6
A Class,2020,25990,SEMI-AUTO,1499,DIESEL,145,56.5,2
A Class,2020,25890,SEMI-AUTO,1499,PETROL,145,53.3,1.3
A Class,2020,25490,MANUAL,1499,PETROL,145,44.1,1.3
E Class,2020,36990,SEMI-AUTO,1499,DIESEL,145,70.6,2
B Class,2020,23990,SEMI-AUTO,1499,DIESEL,145,55.4,2
E Class,2020,38890,SEMI-AUTO,1499,DIESEL,145,42.8,2
GLB Class,2020,35990,SEMI-AUTO,1499,DIESEL,145,47.9,2
C Class,2019,28480,SEMI-AUTO,1998,DIESEL,145,54.3,1.6
V Class,2019,42980,SEMI-AUTO,1998,DIESEL,145,37.7,2
GLE Class,2016,25000,SEMI-AUTO,40689,DIESEL,200,47.9,2.1
GLC Class,2019,32000,SEMI-AUTO,4219,DIESEL,145,44.8,2
A Class,2019,26480,SEMI-AUTO,1998,PETROL,145,28.5,2
C Class,2019,28480,SEMI-AUTO,1998,PETROL,145,46.3,1.5
C Class,2019,29480,SEMI-AUTO,1998,PETROL,145,47.1,1.5
B Class,2019,23480,SEMI-AUTO,1998,DIESEL,145,55.4,2
C Class,2019,40000,SEMI-AUTO,4504,PETROL,145,30.4,3
A Class,2019,25890,AUTOMATIC,2858,PETROL,145,47.9,1.3
C Class,2019,31890,AUTOMATIC,1499,PETROL,145,44.1,2
C Class,2019,29890,AUTOMATIC,1499,DIESEL,145,54.3,1.6
GLC Class,2019,32490,AUTOMATIC,1499,DIESEL,145,44.8,2
GLC Class,2019,37990,AUTOMATIC,1499,DIESEL,145,40.9,2
GLC Class,2019,34490,AUTOMATIC,4025,DIESEL,145,44.8,2
A Class,2020,48790,SEMI-AUTO,1499,PETROL,145,32.8,2
B Class,2020,22990,SEMI-AUTO,1499,DIESEL,145,55.4,2
A Class,2020,22990,MANUAL,2125,PETROL,145,28.5,1.3
GLC Class,2019,43980,SEMI-AUTO,2277,PETROL,145,27.7,3
GLE Class,2019,48490,AUTOMATIC,1483,DIESEL,145,36.7,2
A Class,2019,25690,AUTOMATIC,1499,DIESEL,145,67.3,1.5
GLA Class,2019,26990,AUTOMATIC,1700,PETROL,145,35.8,1.6
A Class,2019,24890,AUTOMATIC,1440,DIESEL,145,56.5,2
A Class,2019,25890,AUTOMATIC,1657,PETROL,145,53.3,1.3
GLA Class,2019,22990,AUTOMATIC,1647,PETROL,145,44.8,1.6
GLA Class,2019,23990,AUTOMATIC,1875,PETROL,145,37.2,1.6
A Class,2019,28490,AUTOMATIC,5064,DIESEL,145,56.5,2
A Class,2019,28490,AUTOMATIC,1987,DIESEL,145,56.5,2
A Class,2019,25890,AUTOMATIC,1499,DIESEL,145,62.8,1.5
GLA Class,2020,26990,SEMI-AUTO,1499,PETROL,145,35.8,1.6
C Class,2018,20490,SEMI-AUTO,11773,PETROL,150,49.6,2
CLS Class,2016,21490,SEMI-AUTO,29392,DIESEL,165,51.4,3
C Class,2017,18990,SEMI-AUTO,41935,DIESEL,30,64.2,2.1
C Class,2019,24490,SEMI-AUTO,6247,DIESEL,150,64.2,2
C Class,2016,20990,SEMI-AUTO,14704,PETROL,150,49.6,2
GLE Class,2016,32490,SEMI-AUTO,36342,DIESEL,305,39.2,3
GLA Class,2017,23890,SEMI-AUTO,27107,PETROL,150,42.8,2
B Class,2014,8990,SEMI-AUTO,50554,DIESEL,30,64.2,1.5
GLC Class,2019,32490,SEMI-AUTO,4302,DIESEL,150,44.8,2
SL CLASS,2016,19490,SEMI-AUTO,14211,DIESEL,30,70.6,2.1
E Class,2018,23990,SEMI-AUTO,25799,DIESEL,145,61.4,2
C Class,2014,13490,SEMI-AUTO,68422,DIESEL,30,64.2,2.1
A Class,2019,20389,SEMI-AUTO,3628,PETROL,145,53.3,1.3
GLE Class,2018,44990,SEMI-AUTO,13299,PETROL,145,30.1,3
A Class,2016,14990,MANUAL,39473,DIESEL,30,62.8,2.1
A Class,2016,17890,SEMI-AUTO,27404,DIESEL,20,74.3,1.5
A Class,2019,23990,AUTOMATIC,2875,PETROL,145,53.3,1.3
A Class,2019,21490,SEMI-AUTO,2717,PETROL,145,53.3,1.3
C Class,2019,23490,SEMI-AUTO,14833,DIESEL,145,61.4,2
C Class,2017,20990,SEMI-AUTO,30447,DIESEL,150,61.4,2.1
B Class,2020,24990,SEMI-AUTO,19,DIESEL,145,55.4,2
A Class,2020,27990,SEMI-AUTO,19,PETROL,145,28.5,1.3
A Class,2020,27990,SEMI-AUTO,1499,PETROL,145,28.5,1.3
A Class,2020,25990,MANUAL,1499,PETROL,145,47.1,1.3
A Class,2020,25890,MANUAL,19,PETROL,145,47.1,1.3
GLA Class,2017,20490,SEMI-AUTO,26580,DIESEL,145,56.5,2.1
SL CLASS,2017,20490,SEMI-AUTO,13484,DIESEL,145,70.6,2.1
C Class,2013,9990,SEMI-AUTO,41841,DIESEL,145,56.5,2.1
E Class,2019,26890,SEMI-AUTO,6416,DIESEL,145,61.4,2
E Class,2017,24890,SEMI-AUTO,22785,DIESEL,30,61.4,2
C Class,2017,24132,SEMI-AUTO,12586,DIESEL,145,58.9,2.1
E Class,2019,47300,AUTOMATIC,101,DIESEL,145,47.1,3
E Class,2019,47770,AUTOMATIC,1005,PETROL,145,32.5,3
E Class,2019,39810,AUTOMATIC,7839,DIESEL,145,70.6,2
GLE Class,2019,56490,SEMI-AUTO,5554,DIESEL,145,32.5,3
GLC Class,2019,45881,AUTOMATIC,4766,PETROL,145,31.7,2
V Class,2019,39410,AUTOMATIC,79,DIESEL,145,45.6,2.2
GLE Class,2019,58991,AUTOMATIC,2777,DIESEL,145,32.8,3
C Class,2019,36991,AUTOMATIC,3498,DIESEL,145,64.2,2
A Class,2019,29991,AUTOMATIC,3608,PETROL,145,53.3,1.3
C Class,2013,9990,SEMI-AUTO,41842,DIESEL,145,56.5,2.1
GLC Class,2016,23490,SEMI-AUTO,33622,DIESEL,125,56.5,2.1
C Class,2017,18490,SEMI-AUTO,46430,DIESEL,150,61.4,2.1
A Class,2017,19690,SEMI-AUTO,20124,DIESEL,20,67.3,2.1
GLA Class,2017,20490,SEMI-AUTO,31950,DIESEL,145,56.5,2.1
GLC Class,2018,28390,SEMI-AUTO,10465,DIESEL,145,56.5,2.1
A Class,2020,27990,SEMI-AUTO,1499,PETROL,145,53.3,1.3
A Class,2020,25890,MANUAL,1499,PETROL,145,47.1,1.3
A Class,2020,26990,MANUAL,1499,PETROL,145,47.1,1.3
SL CLASS,2016,18690,SEMI-AUTO,22112,DIESEL,30,70.6,2.1
E Class,2013,12490,SEMI-AUTO,71499,DIESEL,125,57.7,2.1
A Class,2018,19890,SEMI-AUTO,13693,PETROL,150,53.3,1.3
E Class,2019,34950,AUTOMATIC,5062,DIESEL,145,42.8,2
CLS Class,2019,37890,AUTOMATIC,1751,DIESEL,145,45.6,2
E Class,2019,45490,AUTOMATIC,1483,PETROL,145,32.5,3
SL CLASS,2019,32990,AUTOMATIC,1724,PETROL,145,47.1,2
A Class,2019,22450,AUTOMATIC,5090,DIESEL,145,65.7,1.5
A Class,2019,24990,AUTOMATIC,2814,DIESEL,145,56.5,2
A Class,2019,25890,AUTOMATIC,2981,DIESEL,145,56.5,2
C Class,2016,17450,SEMI-AUTO,21875,DIESEL,30,64.2,1.6
A Class,2016,15351,MANUAL,27744,DIESEL,30,62.8,2.1
C Class,2016,10749,MANUAL,91751,DIESEL,20,65.7,2.1
CL Class,2014,14999,MANUAL,38986,DIESEL,30,64.2,2.1
C Class,2015,13999,MANUAL,42407,DIESEL,20,68.9,2.1
GLA Class,2015,17000,SEMI-AUTO,58000,DIESEL,125,55.4,2.1
C Class,2014,16999,SEMI-AUTO,33593,DIESEL,30,64.2,2.1
C Class,2015,18799,SEMI-AUTO,37890,DIESEL,30,64.2,2.1
C Class,2014,13490,SEMI-AUTO,68422,DIESEL,30,64.2,2.1
B Class,2014,8990,SEMI-AUTO,50554,DIESEL,30,64.2,1.5
GLE Class,2016,26550,AUTOMATIC,30814,DIESEL,260,42.8,3
C Class,2019,26750,AUTOMATIC,2591,PETROL,145,44.1,1.5
B Class,2019,22957,AUTOMATIC,13628,PETROL,145,45.6,1.3
B Class,2019,23255,AUTOMATIC,9105,PETROL,145,45.6,1.3
B Class,2019,22440,AUTOMATIC,13845,PETROL,145,45.6,1.3
C Class,2019,29450,AUTOMATIC,7275,DIESEL,145,61.4,2
E Class,2019,27028,AUTOMATIC,5179,DIESEL,145,67.3,2
C Class,2016,11525,MANUAL,61633,PETROL,125,53.3,2
A Class,2018,19490,SEMI-AUTO,10131,DIESEL,145,68.9,1.5
C Class,2019,23254,AUTOMATIC,12605,DIESEL,145,61.4,2
X-CLASS,2019,26995,AUTOMATIC,500,DIESEL,260,35.8,2.3
X-CLASS,2019,23495,AUTOMATIC,500,DIESEL,260,35.8,2.3
A Class,2014,10998,MANUAL,49419,DIESEL,30,64.2,2.1
C Class,2018,22498,SEMI-AUTO,3900,DIESEL,145,60.1,2.1
A Class,2017,17498,MANUAL,9663,DIESEL,30,62.8,2.1
V Class,2018,20498,MANUAL,20646,DIESEL,145,46.3,2.1
SL CLASS,2016,17698,SEMI-AUTO,39820,DIESEL,30,70.6,2.1
GLA Class,2018,12931,SEMI-AUTO,46485,DIESEL,150,64.2,2.1
E Class,2019,24581,SEMI-AUTO,9882,DIESEL,145,72.4,2
A Class,2018,23355,SEMI-AUTO,4669,PETROL,145,53.3,1.3
E Class,2017,22215,AUTOMATIC,27797,DIESEL,145,61.4,2
E Class,2017,22225,AUTOMATIC,26270,DIESEL,145,61.4,2
E Class,2016,17650,SEMI-AUTO,51492,DIESEL,20,72.4,2
A Class,2019,22625,AUTOMATIC,6153,PETROL,145,53.3,1.3
E Class,2016,18550,AUTOMATIC,41458,DIESEL,30,65.7,2
A Class,2017,16835,MANUAL,25363,DIESEL,145,62.8,2.1
A Class,2017,19450,SEMI-AUTO,20271,DIESEL,145,68.9,2.1
A Class,2018,21455,SEMI-AUTO,13435,PETROL,145,52.3,1.6
C Class,2018,23781,SEMI-AUTO,25111,PETROL,145,47.1,2
C Class,2018,27725,AUTOMATIC,13037,DIESEL,145,57.7,2
A Class,2019,20490,SEMI-AUTO,4493,DIESEL,145,68.9,1.5
C Class,2019,28315,SEMI-AUTO,10042,DIESEL,145,56.5,2
GLC Class,2018,30568,AUTOMATIC,9160,DIESEL,145,56.5,2.1
GLC Class,2019,30199,AUTOMATIC,14564,PETROL,145,43.5,2
GLC Class,2019,32305,SEMI-AUTO,5553,DIESEL,145,42.2,2.1
C Class,2016,25290,AUTOMATIC,23274,PETROL,160,44.1,2
C Class,2017,23415,SEMI-AUTO,6955,DIESEL,30,64.2,2.1
GLC Class,2019,31245,SEMI-AUTO,13387,DIESEL,145,56.5,2.1
C Class,2017,23450,AUTOMATIC,18199,DIESEL,125,61.4,2.1
C Class,2017,43082,AUTOMATIC,16386,PETROL,325,31.7,4
A Class,2019,24065,SEMI-AUTO,8615,PETROL,145,53.3,1.3
CLS Class,2019,46952,AUTOMATIC,107,DIESEL,145,47.9,2.9
E Class,2018,23354,AUTOMATIC,12527,DIESEL,145,61.4,2
GLE Class,2019,48766,SEMI-AUTO,1857,DIESEL,145,36.7,2
A Class,2018,16982,SEMI-AUTO,21402,PETROL,145,52.3,1.6
GLE Class,2019,50636,SEMI-AUTO,2172,DIESEL,145,36.7,2
A Class,2019,24462,SEMI-AUTO,4846,PETROL,145,53.3,1.3
A Class,2019,24652,SEMI-AUTO,3377,PETROL,145,53.3,1.3
GLC Class,2019,30562,AUTOMATIC,16538,DIESEL,145,56.5,2.1
GLC Class,2019,52555,SEMI-AUTO,2501,PETROL,145,26.4,3
GLB Class,2020,36880,SEMI-AUTO,3001,DIESEL,145,44.8,2
GLA Class,2017,17975,SEMI-AUTO,52655,DIESEL,125,56.6,2.1
C Class,2016,19440,SEMI-AUTO,29409,HYBRID,0,134.5,2
GLC Class,2019,39825,SEMI-AUTO,6330,DIESEL,145,40.9,2
C Class,2017,19945,SEMI-AUTO,16425,DIESEL,145,64.2,1.6
A Class,2016,16425,SEMI-AUTO,36173,DIESEL,20,67.3,2.1
GLE Class,2019,56555,SEMI-AUTO,2320,DIESEL,145,32.5,2.9
C Class,2019,34255,SEMI-AUTO,2088,PETROL,145,44.1,2
GLC Class,2019,31203,AUTOMATIC,10208,DIESEL,145,56.5,2.1
C Class,2015,17435,AUTOMATIC,33384,DIESEL,125,60.1,2.1
GLC Class,2019,28660,AUTOMATIC,11649,DIESEL,145,56.5,2.1
GLC Class,2019,29755,AUTOMATIC,11016,DIESEL,145,56.5,2.1
C Class,2019,29885,AUTOMATIC,6435,PETROL,145,44.1,2
C Class,2019,29945,AUTOMATIC,5877,PETROL,145,44.1,2
A Class,2019,22570,AUTOMATIC,101,DIESEL,145,65.7,1.5
A Class,2019,22570,AUTOMATIC,101,DIESEL,145,65.7,1.5
A Class,2019,26420,AUTOMATIC,4001,DIESEL,145,56.5,2
A Class,2019,23885,AUTOMATIC,6001,DIESEL,145,67.3,1.5
GLC Class,2019,42750,SEMI-AUTO,2738,DIESEL,150,40.4,2
C Class,2017,21220,SEMI-AUTO,32228,DIESEL,125,58.9,2.1
GLA Class,2017,19450,AUTOMATIC,42932,DIESEL,125,56.5,2.1
E Class,2017,27480,AUTOMATIC,10472,DIESEL,145,70.6,2
C Class,2017,26455,AUTOMATIC,8514,DIESEL,145,58.9,2.1
GLE Class,2019,49950,AUTOMATIC,5501,DIESEL,145,36.7,2
C Class,2015,19825,AUTOMATIC,58873,DIESEL,20,67.3,2.1
GLC Class,2017,29450,SEMI-AUTO,32234,DIESEL,145,56.5,2.1
C Class,2017,21544,AUTOMATIC,16900,DIESEL,30,64.2,2.1
GLA Class,2018,21550,AUTOMATIC,20349,PETROL,145,48.7,1.6
GLC Class,2019,32305,SEMI-AUTO,9678,DIESEL,145,42.2,2.1
E Class,2019,32455,SEMI-AUTO,8466,DIESEL,145,70.6,2
E Class,2017,22594,AUTOMATIC,22702,DIESEL,145,67.3,2
B Class,2019,24950,SEMI-AUTO,2771,DIESEL,145,58.9,1.5
CLS Class,2016,19590,AUTOMATIC,42018,DIESEL,125,57.7,2.1
C Class,2017,23965,AUTOMATIC,22919,PETROL,145,47.1,2
A Class,2019,23214,AUTOMATIC,4001,DIESEL,145,65.7,1.5
B Class,2019,27295,AUTOMATIC,4001,DIESEL,145,55.4,2
C Class,2019,65000,SEMI-AUTO,3398,PETROL,145,27.2,4
E Class,2019,34220,AUTOMATIC,35,DIESEL,145,45.6,2
E Class,2019,35400,AUTOMATIC,35,DIESEL,145,42.8,2
C Class,2019,33283,AUTOMATIC,6388,DIESEL,145,57.7,2
CL Class,2019,38750,AUTOMATIC,4001,PETROL,145,40.9,2
E Class,2019,39925,AUTOMATIC,4001,DIESEL,145,57.7,2
C Class,2019,29650,AUTOMATIC,4501,DIESEL,145,64.2,2
GLC Class,2019,29950,AUTOMATIC,8522,PETROL,145,43.5,2
GLC Class,2019,34945,SEMI-AUTO,6420,DIESEL,145,56.5,2.1
S Class,2019,58700,AUTOMATIC,3767,DIESEL,145,52.3,3
SL CLASS,2019,30720,AUTOMATIC,5000,PETROL,145,47.1,2
CL Class,2015,18022,SEMI-AUTO,24000,DIESEL,20,62.8,2.1
C Class,2017,17681,SEMI-AUTO,16607,PETROL,145,51.4,2
GLC Class,2018,32932,SEMI-AUTO,17099,DIESEL,145,56.5,2.1
GLE Class,2016,36070,SEMI-AUTO,22981,DIESEL,300,39.2,3
C Class,2016,16020,MANUAL,11972,DIESEL,30,65.7,1.6
CL Class,2015,13500,SEMI-AUTO,54029,DIESEL,20,62.8,2.1
E Class,2019,31980,SEMI-AUTO,5412,DIESEL,145,70.6,2
A Class,2018,19480,SEMI-AUTO,19281,DIESEL,145,65.7,1.5
E Class,2019,46980,SEMI-AUTO,9648,PETROL,145,32.5,3
A Class,2019,19980,SEMI-AUTO,15460,DIESEL,145,68.9,1.5
GLS Class,2019,47980,AUTOMATIC,11663,DIESEL,145,37.2,3
C Class,2019,23480,SEMI-AUTO,14402,DIESEL,145,61.4,2
A Class,2019,23680,SEMI-AUTO,8756,PETROL,145,53.3,1.3
E Class,2014,9980,AUTOMATIC,81450,DIESEL,30,64.2,2.1
C Class,2016,16690,SEMI-AUTO,14314,DIESEL,30,65.7,1.6
C Class,2017,14690,MANUAL,41814,DIESEL,30,65.7,1.6
C Class,2019,35500,AUTOMATIC,2001,DIESEL,145,64.2,2
C Class,2019,35250,AUTOMATIC,2001,DIESEL,145,61.4,2
CL Class,2019,32000,AUTOMATIC,2001,DIESEL,145,55.4,2
E Class,2016,19971,AUTOMATIC,37843,DIESEL,145,54.3,3
E Class,2019,49950,SEMI-AUTO,3139,PETROL,145,31.7,3
A Class,2019,126000,AUTOMATIC,250,PETROL,145,24.6,4
C Class,2019,28450,AUTOMATIC,4001,DIESEL,145,51.4,2
A Class,2019,26455,AUTOMATIC,1001,DIESEL,145,62.8,1.5
GLC Class,2016,24950,SEMI-AUTO,29190,DIESEL,125,56.5,2.1
A Class,2019,23450,AUTOMATIC,8036,PETROL,145,47.9,1.3
SLK,2016,17480,SEMI-AUTO,29726,DIESEL,30,70.6,2
E Class,2015,17480,SEMI-AUTO,26310,DIESEL,125,56.5,2.1
GLC Class,2019,29980,SEMI-AUTO,7286,PETROL,145,31.7,2
GLC Class,2019,39980,SEMI-AUTO,3999,DIESEL,145,40.9,2
CL Class,2019,27980,SEMI-AUTO,4197,PETROL,145,44.1,1.3
GLC Class,2019,37980,SEMI-AUTO,4145,DIESEL,145,40.9,2
A Class,2019,26980,SEMI-AUTO,1987,PETROL,145,47.9,1.3
GLE Class,2019,44980,SEMI-AUTO,5387,DIESEL,145,36.7,3
E Class,2019,56980,SEMI-AUTO,3999,PETROL,145,31.7,3
X-CLASS,2019,33750,AUTOMATIC,12500,DIESEL,260,31.4,3
A Class,2019,25650,AUTOMATIC,4001,DIESEL,145,62.8,1.5
SL CLASS,2019,32250,AUTOMATIC,4410,PETROL,145,47.1,2
GLC Class,2016,23282,SEMI-AUTO,9700,DIESEL,125,56.5,2.1
CL Class,2014,16452,SEMI-AUTO,38312,DIESEL,30,62.8,2.1
C Class,2019,26356,SEMI-AUTO,4128,DIESEL,145,61.4,2
A Class,2018,94522,AUTOMATIC,1736,PETROL,145,24.8,4
A Class,2017,18981,SEMI-AUTO,13366,PETROL,145,52.3,1.6
GLC Class,2016,24132,SEMI-AUTO,48314,DIESEL,125,56.5,2.1
GLS Class,2018,46532,AUTOMATIC,5987,DIESEL,145,37.2,3
C Class,2016,16991,SEMI-AUTO,57881,DIESEL,20,64.2,2.1
GLE Class,2019,52000,SEMI-AUTO,3196,DIESEL,150,32.8,2.9
CL Class,2017,31550,AUTOMATIC,27634,PETROL,150,40.9,2
A Class,2018,17999,SEMI-AUTO,18101,PETROL,150,53.3,1.6
C Class,2018,42525,SEMI-AUTO,10467,PETROL,150,32.8,4
E Class,2017,19970,SEMI-AUTO,10392,DIESEL,20,72.4,2
E Class,2019,32684,SEMI-AUTO,50,DIESEL,150,72.4,2
C Class,2019,26480,SEMI-AUTO,15006,DIESEL,145,61.4,2
A Class,2019,22980,AUTOMATIC,13793,DIESEL,145,67.3,1.5
A Class,2019,22980,AUTOMATIC,12710,DIESEL,145,67.3,1.5
A Class,2019,22980,AUTOMATIC,13115,DIESEL,145,67.3,1.5
GLE Class,2019,50980,SEMI-AUTO,2850,DIESEL,145,36.7,2
GLA Class,2017,19980,SEMI-AUTO,21849,DIESEL,145,64.2,2.1
C Class,2019,25980,SEMI-AUTO,12436,PETROL,145,47.1,1.5
C Class,2019,26980,SEMI-AUTO,11423,DIESEL,145,61.4,2
C Class,2019,25980,SEMI-AUTO,12810,PETROL,145,45.6,1.5
GLC Class,2019,29980,SEMI-AUTO,28299,DIESEL,145,56.5,2.1
A Class,2019,23680,SEMI-AUTO,8090,PETROL,145,53.3,1.3
C Class,2019,27980,SEMI-AUTO,4833,DIESEL,145,60.1,1.6
GLA Class,2016,20480,SEMI-AUTO,35953,DIESEL,125,56.5,2.1
S Class,2015,30980,AUTOMATIC,20392,DIESEL,200,48.7,3
C Class,2016,17980,SEMI-AUTO,39025,PETROL,125,51.4,2
GLC Class,2019,34965,AUTOMATIC,7801,DIESEL,145,44.8,2
CLS Class,2018,24775,SEMI-AUTO,11461,DIESEL,145,57.7,2.1
A Class,2017,17880,AUTOMATIC,5667,DIESEL,20,74.3,1.5
SL CLASS,2018,27225,AUTOMATIC,5002,PETROL,145,47.1,2
GLC Class,2019,32367,AUTOMATIC,6257,DIESEL,145,56.5,2.1
E Class,2019,24628,SEMI-AUTO,12938,DIESEL,145,72.4,2
E Class,2019,24535,SEMI-AUTO,14350,DIESEL,145,72.4,2
CL Class,2019,25855,SEMI-AUTO,13908,DIESEL,145,51.4,2.2
C Class,2018,19980,SEMI-AUTO,26119,DIESEL,145,61.4,2.1
B Class,2019,21980,SEMI-AUTO,12754,PETROL,145,45.6,1.3
B Class,2019,21980,AUTOMATIC,13765,PETROL,145,45.6,1.3
A Class,2019,20280,SEMI-AUTO,11335,DIESEL,145,65.7,1.5
E Class,2019,25780,SEMI-AUTO,15122,DIESEL,145,72.4,2
E Class,2019,25780,SEMI-AUTO,12856,DIESEL,145,72.4,2
C Class,2018,24600,SEMI-AUTO,8223,DIESEL,145,61.4,2.1
GLS Class,2019,47980,SEMI-AUTO,8274,DIESEL,145,37.2,3
E Class,2015,20480,AUTOMATIC,41964,DIESEL,160,51.4,3
C Class,2017,17480,SEMI-AUTO,38546,DIESEL,30,62.8,2.1
E Class,2016,26000,SEMI-AUTO,19694,DIESEL,160,51.4,3
GLA Class,2016,21480,SEMI-AUTO,31701,PETROL,200,43.5,2
E Class,2018,33980,SEMI-AUTO,1585,DIESEL,145,41.5,3
C Class,2019,26479,SEMI-AUTO,7578,PETROL,145,47.1,1.5
A Class,2019,18780,SEMI-AUTO,17341,DIESEL,145,65.7,1.5
E Class,2019,24965,AUTOMATIC,14908,DIESEL,145,72.4,2
A Class,2019,23350,SEMI-AUTO,9762,DIESEL,145,67.3,1.5
B Class,2019,21980,SEMI-AUTO,9318,PETROL,145,45.6,1.3
E Class,2016,19480,SEMI-AUTO,35744,DIESEL,160,50.4,3
C Class,2019,19980,SEMI-AUTO,14568,PETROL,145,46.3,1.5
B Class,2019,21980,SEMI-AUTO,7744,PETROL,145,45.6,1.3
E Class,2018,31980,SEMI-AUTO,13475,DIESEL,145,70.6,2
S Class,2017,30580,SEMI-AUTO,26699,DIESEL,145,50.4,3
B Class,2019,21980,SEMI-AUTO,7332,PETROL,145,45.6,1.3
GLA Class,2015,16980,SEMI-AUTO,38990,DIESEL,125,56.5,2.1
A Class,2017,16480,SEMI-AUTO,11456,DIESEL,20,70.6,2.1
C Class,2016,18780,SEMI-AUTO,38436,HYBRID,0,134.5,2
X-CLASS,2019,34800,AUTOMATIC,1563,DIESEL,260,35.8,2.3
C Class,2019,28000,AUTOMATIC,584,DIESEL,145,53.3,2
E Class,2019,32500,SEMI-AUTO,513,DIESEL,145,45.6,2
C Class,2019,27000,AUTOMATIC,1196,PETROL,145,46.3,1.5
CL Class,2019,26980,SEMI-AUTO,7795,PETROL,145,44.8,1.3
C Class,2020,31480,SEMI-AUTO,19,DIESEL,145,64.2,2
C Class,2020,30480,SEMI-AUTO,1989,DIESEL,145,64.2,2
C Class,2019,41500,SEMI-AUTO,2317,PETROL,145,29.4,3
E Class,2019,32480,AUTOMATIC,10030,DIESEL,145,51.4,3
C Class,2019,29480,SEMI-AUTO,6096,PETROL,145,44.1,1.5
A Class,2019,18780,SEMI-AUTO,17814,DIESEL,145,65.7,1.5
A Class,2019,18780,SEMI-AUTO,17676,DIESEL,145,65.7,1.5
C Class,2019,42900,SEMI-AUTO,10204,PETROL,145,29.1,3
E Class,2019,29480,AUTOMATIC,12088,DIESEL,145,58.9,2
E Class,2017,21980,AUTOMATIC,20846,DIESEL,145,67.3,2
B Class,2019,21980,SEMI-AUTO,12569,PETROL,145,45.6,1.3
B Class,2019,21980,SEMI-AUTO,9350,PETROL,145,45.6,1.3
GLC Class,2017,28980,SEMI-AUTO,15462,DIESEL,145,56.5,2.1
X-CLASS,2019,47400,AUTOMATIC,3789,DIESEL,260,31.4,3
C Class,2019,26980,SEMI-AUTO,9477,DIESEL,145,61.4,2
E Class,2019,34980,SEMI-AUTO,7068,DIESEL,145,57.7,2
C Class,2019,25780,SEMI-AUTO,16900,PETROL,145,47.1,1.5
E Class,2019,25780,SEMI-AUTO,15107,DIESEL,145,72.4,2
E Class,2019,25780,SEMI-AUTO,13443,DIESEL,145,72.4,2
E Class,2019,25780,SEMI-AUTO,14558,DIESEL,145,72.4,2
E Class,2019,25780,SEMI-AUTO,12467,DIESEL,145,72.4,2
CL Class,2019,25980,SEMI-AUTO,14085,DIESEL,145,51.4,2.2
CL Class,2019,25980,SEMI-AUTO,14477,DIESEL,145,51.4,2.2
B Class,2019,21980,SEMI-AUTO,11748,PETROL,145,45.6,1.3
C Class,2019,44480,SEMI-AUTO,1752,PETROL,145,29.7,3
E Class,2019,24480,AUTOMATIC,14499,DIESEL,145,72.4,2
C Class,2019,19980,SEMI-AUTO,13936,PETROL,145,46.3,1.5
C Class,2019,19980,SEMI-AUTO,13924,PETROL,145,46.3,1.5
E Class,2019,25780,SEMI-AUTO,15403,DIESEL,145,72.4,2
C Class,2019,25980,SEMI-AUTO,11581,DIESEL,145,58.9,2
C Class,2019,27980,SEMI-AUTO,3846,DIESEL,145,60.1,1.6
C Class,2018,27980,AUTOMATIC,2075,PETROL,145,44.1,1.5
GLC Class,2019,28980,SEMI-AUTO,2015,DIESEL,145,41.5,2.1
S Class,2019,49980,SEMI-AUTO,3236,DIESEL,145,52.3,3
E Class,2019,27980,SEMI-AUTO,14338,DIESEL,145,65.7,2
C Class,2017,19480,SEMI-AUTO,16419,DIESEL,30,64.2,2.1
A Class,2018,18480,SEMI-AUTO,14843,DIESEL,145,68.9,2.1
C Class,2017,19680,SEMI-AUTO,16852,DIESEL,30,64.2,2.1
C Class,2017,19280,SEMI-AUTO,43855,DIESEL,145,61.4,2.1
E Class,2019,27980,SEMI-AUTO,14159,DIESEL,145,65.7,2
C Class,2017,22480,SEMI-AUTO,19560,DIESEL,30,64.2,2.1
A Class,2018,21780,SEMI-AUTO,7606,DIESEL,150,67.3,1.5
GLC Class,2017,28980,SEMI-AUTO,31018,DIESEL,145,56.5,2.1
GLA Class,2019,22980,SEMI-AUTO,11738,DIESEL,145,67.3,2.1
GLC Class,2019,29980,SEMI-AUTO,9336,PETROL,145,31.7,2
C Class,2017,19980,AUTOMATIC,46295,DIESEL,30,64.2,2.1
SLK,2016,17980,SEMI-AUTO,16107,DIESEL,30,70.6,2
C Class,2016,29780,SEMI-AUTO,26057,PETROL,260,35.8,3
E Class,2017,26480,SEMI-AUTO,11776,DIESEL,145,51.4,3
C Class,2017,22980,SEMI-AUTO,29909,DIESEL,125,60.1,2.1
GLA Class,2018,23980,SEMI-AUTO,18281,DIESEL,145,56.5,2.1
C Class,2016,18780,SEMI-AUTO,40197,HYBRID,0,134.5,2
C Class,2018,19980,SEMI-AUTO,3891,PETROL,145,44.1,1.5
C Class,2019,22980,SEMI-AUTO,16302,PETROL,145,45.6,1.5
C Class,2019,23480,SEMI-AUTO,10934,PETROL,145,45.6,1.5
C Class,2019,19980,SEMI-AUTO,14379,PETROL,145,46.3,1.5
E Class,2019,28480,SEMI-AUTO,11152,DIESEL,145,58.9,2
C Class,2020,42980,SEMI-AUTO,3999,PETROL,145,28.8,3
GLE Class,2020,48980,SEMI-AUTO,3999,DIESEL,145,36.7,2
GLC Class,2020,45980,SEMI-AUTO,3999,PETROL,145,27.7,3
GLC Class,2020,30980,SEMI-AUTO,3999,PETROL,145,34,2
C Class,2017,14680,MANUAL,32910,DIESEL,20,70.6,2.1
C Class,2017,22980,SEMI-AUTO,22894,PETROL,145,47.1,2
C Class,2017,19980,SEMI-AUTO,22422,DIESEL,145,61.4,2.1
GLE Class,2019,45480,SEMI-AUTO,18764,DIESEL,145,36.7,2
CLS Class,2016,22480,AUTOMATIC,32232,DIESEL,160,51.4,3
A Class,2018,21980,SEMI-AUTO,5162,DIESEL,145,67.3,1.5
A Class,2018,21980,SEMI-AUTO,5975,DIESEL,145,67.3,1.5
C Class,2017,18980,SEMI-AUTO,23589,DIESEL,30,64.2,2.1
C Class,2017,19980,SEMI-AUTO,29198,DIESEL,30,64.2,2.1
C Class,2017,24480,AUTOMATIC,19402,PETROL,145,44.1,2
GLC Class,2017,29980,SEMI-AUTO,44916,DIESEL,145,56.5,2.1
GLC Class,2019,33980,SEMI-AUTO,3346,DIESEL,145,44.8,2
GLC Class,2019,47980,SEMI-AUTO,3958,PETROL,145,27.4,3
E Class,2019,26480,SEMI-AUTO,12677,DIESEL,145,72.4,2
E Class,2019,32980,SEMI-AUTO,9108,DIESEL,145,57.7,2
GLC Class,2019,37980,SEMI-AUTO,4145,DIESEL,145,40.9,2
V Class,2019,24750,AUTOMATIC,18349,DIESEL,145,48.7,2.1
E Class,2017,20980,SEMI-AUTO,15843,DIESEL,145,56.5,2.1
GLE Class,2017,38980,SEMI-AUTO,24240,DIESEL,145,39.2,3
GLE Class,2016,25000,SEMI-AUTO,49958,DIESEL,260,42.8,3
V Class,2018,19750,AUTOMATIC,15232,DIESEL,145,48.7,2.1
C Class,2019,37500,SEMI-AUTO,10261,PETROL,145,29.4,3
E Class,2019,29780,AUTOMATIC,7765,DIESEL,145,65.7,2
E Class,2017,21500,SEMI-AUTO,26508,DIESEL,145,61.4,2
E Class,2017,21480,SEMI-AUTO,39975,DIESEL,145,61.4,2
E Class,2018,34980,SEMI-AUTO,6897,DIESEL,145,41.5,3
A Class,2019,19980,SEMI-AUTO,15388,DIESEL,145,68.9,1.5
A Class,2019,20980,AUTOMATIC,9298,DIESEL,145,68.9,1.5
C Class,2019,27500,SEMI-AUTO,4396,DIESEL,145,61.4,2
C Class,2019,29000,SEMI-AUTO,4998,PETROL,145,44.1,2
C Class,2019,36980,SEMI-AUTO,8610,PETROL,145,29.4,3
A Class,2019,26980,SEMI-AUTO,1987,PETROL,145,47.9,1.3
GLE Class,2019,41174,SEMI-AUTO,5387,DIESEL,145,36.7,3
E Class,2019,35480,SEMI-AUTO,723,DIESEL,145,57.7,2
GLE Class,2016,48480,SEMI-AUTO,19466,PETROL,570,23.9,5.5
V Class,2019,24750,AUTOMATIC,19735,DIESEL,145,48.7,2.1
C Class,2019,24980,AUTOMATIC,7811,PETROL,145,45.6,1.5
B Class,2019,26480,AUTOMATIC,11645,DIESEL,145,54.3,2
C Class,2016,18480,AUTOMATIC,25845,DIESEL,30,64.2,2.1
E Class,2017,20500,AUTOMATIC,30148,DIESEL,145,72.4,2
C Class,2016,17280,SEMI-AUTO,44335,DIESEL,30,64.2,2.1
E Class,2016,20680,SEMI-AUTO,25962,DIESEL,160,52.3,3
C Class,2016,16980,SEMI-AUTO,17259,DIESEL,20,65.7,2.1
B Class,2017,13980,MANUAL,20034,DIESEL,145,68.9,1.5
E Class,2019,25780,SEMI-AUTO,14620,DIESEL,145,72.4,2
C Class,2019,28980,SEMI-AUTO,9477,DIESEL,145,56.5,2
E Class,2019,27980,SEMI-AUTO,13975,DIESEL,145,65.7,2
E Class,2019,27980,SEMI-AUTO,13924,DIESEL,145,65.7,2
C Class,2019,22280,SEMI-AUTO,19358,DIESEL,145,61.4,2
GLA Class,2019,23980,SEMI-AUTO,11241,DIESEL,145,67.3,2.1
B Class,2019,22480,SEMI-AUTO,7531,PETROL,145,45.6,1.3
C Class,2019,26480,SEMI-AUTO,13708,DIESEL,145,61.4,2
C Class,2019,26480,SEMI-AUTO,14636,DIESEL,145,61.4,2
C Class,2019,25980,SEMI-AUTO,14284,DIESEL,145,61.4,2
C Class,2019,19980,SEMI-AUTO,14285,PETROL,145,46.3,1.5
C Class,2019,19980,SEMI-AUTO,14203,PETROL,145,46.3,1.5
CL Class,2019,24000,SEMI-AUTO,6152,PETROL,145,38.2,2
C Class,2019,29480,SEMI-AUTO,34,PETROL,145,47.1,1.5
V Class,2019,46980,SEMI-AUTO,1096,DIESEL,145,36.2,2
GLE Class,2016,26000,SEMI-AUTO,29628,DIESEL,200,47.9,2.1
GLE Class,2016,32480,SEMI-AUTO,18171,DIESEL,260,42.8,3
GLE Class,2017,27980,SEMI-AUTO,35354,DIESEL,145,42.8,3
E Class,2018,35980,SEMI-AUTO,1306,DIESEL,145,41.5,3
GLA Class,2019,23480,SEMI-AUTO,14410,DIESEL,145,67.3,2.1
E Class,2019,24480,SEMI-AUTO,13370,DIESEL,145,72.4,2
E Class,2019,45980,SEMI-AUTO,10491,PETROL,145,32.5,3
C Class,2019,29480,SEMI-AUTO,2998,PETROL,145,47.1,1.5
B Class,2019,23480,SEMI-AUTO,2010,DIESEL,145,55.4,2
GLA Class,2019,22980,MANUAL,2717,PETROL,145,37.7,1.6
C Class,2019,39500,SEMI-AUTO,3466,PETROL,145,30.4,3
GLB Class,2020,36980,SEMI-AUTO,19,DIESEL,145,46.3,2
A Class,2014,20000,SEMI-AUTO,58677,PETROL,200,40.9,2
E Class,2019,41480,SEMI-AUTO,1989,DIESEL,145,42.8,3
CLS Class,2016,24980,SEMI-AUTO,22878,DIESEL,160,49.6,3
C Class,2019,26680,SEMI-AUTO,16548,PETROL,145,46.3,1.5
E Class,2019,34980,SEMI-AUTO,2003,DIESEL,145,57.7,2
C Class,2018,22980,SEMI-AUTO,18285,DIESEL,145,61.4,2.1
GLC Class,2020,49980,SEMI-AUTO,3999,PETROL,145,26.4,3
C Class,2019,44480,SEMI-AUTO,1752,PETROL,145,29.7,3
GLE Class,2020,48980,SEMI-AUTO,3999,DIESEL,145,36.7,2
C Class,2017,15980,MANUAL,34691,DIESEL,20,68.9,2.1
C Class,2019,45980,SEMI-AUTO,3999,PETROL,145,29.7,3
GLC Class,2020,39980,SEMI-AUTO,3999,DIESEL,145,40.9,2
GLC Class,2019,47980,SEMI-AUTO,3999,PETROL,145,27.4,3
GLS Class,2020,67480,SEMI-AUTO,3999,DIESEL,145,30.4,3
GLC Class,2020,39980,SEMI-AUTO,3999,PETROL,145,32.1,2
A Class,2017,15680,MANUAL,12239,DIESEL,145,65.7,2.1
GLC Class,2019,43680,SEMI-AUTO,4522,PETROL,145,34,3
E Class,2019,37980,SEMI-AUTO,1040,DIESEL,145,48.7,3
SL CLASS,2019,49980,SEMI-AUTO,6054,PETROL,145,36.7,3
E Class,2017,22480,SEMI-AUTO,17897,DIESEL,145,61.4,2
E Class,2019,34980,SEMI-AUTO,7068,DIESEL,145,57.7,2
S Class,2019,44980,SEMI-AUTO,8333,DIESEL,145,52.3,3
C Class,2019,29500,SEMI-AUTO,6643,PETROL,145,44.1,2
C Class,2019,27480,SEMI-AUTO,5090,DIESEL,145,61.4,2
CL Class,2019,26480,SEMI-AUTO,14789,DIESEL,145,51.4,2.2
CLS Class,2017,22490,SEMI-AUTO,31479,DIESEL,145,57.7,2.1
SL CLASS,2016,19390,SEMI-AUTO,15964,DIESEL,30,70.6,2.1
C Class,2015,14500,SEMI-AUTO,54000,DIESEL,20,64.2,2.1
A Class,2016,17990,SEMI-AUTO,29999,PETROL,125,49.6,1.6
SL CLASS,2016,18890,SEMI-AUTO,27001,DIESEL,30,70.6,2.1
C Class,2019,27890,SEMI-AUTO,8317,DIESEL,145,61.4,2
E Class,2019,24490,SEMI-AUTO,6762,DIESEL,145,67.3,2
GLE Class,2019,55690,AUTOMATIC,7599,DIESEL,145,32.5,3
C Class,2019,28990,AUTOMATIC,5450,DIESEL,145,57.7,2
CL Class,2017,16990,MANUAL,20415,DIESEL,145,65.7,2.1
GLA Class,2017,20490,SEMI-AUTO,33301,DIESEL,145,56.5,2.1
A Class,2016,16990,SEMI-AUTO,32029,DIESEL,20,68.9,2.1
E Class,2019,24490,SEMI-AUTO,7542,DIESEL,145,67.3,2
B Class,2018,16990,AUTOMATIC,11714,DIESEL,145,68.9,1.5
C Class,2019,19690,AUTOMATIC,13337,DIESEL,145,61.4,2
E Class,2019,23990,SEMI-AUTO,13589,DIESEL,145,72.4,2
GLC Class,2017,28490,SEMI-AUTO,33485,DIESEL,145,56.5,2.1
E Class,2018,31480,SEMI-AUTO,6283,DIESEL,145,57.7,2
E Class,2018,31480,SEMI-AUTO,6310,DIESEL,145,57.7,2
E Class,2018,30680,SEMI-AUTO,9848,DIESEL,145,57.7,2
E Class,2019,24780,SEMI-AUTO,11784,DIESEL,145,72.4,2
E Class,2019,29980,SEMI-AUTO,13708,DIESEL,145,58.9,2
C Class,2018,19480,SEMI-AUTO,15096,DIESEL,145,61.4,2
C Class,2019,24980,SEMI-AUTO,4737,PETROL,145,45.6,1.5
C Class,2019,24980,SEMI-AUTO,6894,PETROL,145,45.6,1.5
GLC Class,2018,31480,SEMI-AUTO,5761,DIESEL,145,56.5,2.1
SL CLASS,2016,18990,SEMI-AUTO,24609,DIESEL,30,70.6,2.1
E Class,2015,15490,SEMI-AUTO,54089,DIESEL,125,56.5,2.1
C Class,2019,27990,SEMI-AUTO,5550,DIESEL,145,64.2,2
GLA Class,2019,25990,AUTOMATIC,2125,PETROL,145,35.8,1.6
A Class,2019,25490,AUTOMATIC,6108,DIESEL,145,56.5,2
B Class,2019,22990,AUTOMATIC,1649,DIESEL,145,55.4,2
GLE Class,2019,48890,AUTOMATIC,6170,DIESEL,145,32.8,3
C Class,2017,16690,SEMI-AUTO,30199,DIESEL,30,64.2,2.1
C Class,2019,22890,AUTOMATIC,6037,PETROL,145,46.3,1.5
B Class,2019,22990,AUTOMATIC,1125,DIESEL,145,55.4,2
A Class,2016,12750,MANUAL,27539,PETROL,125,51.4,1.6
C Class,2014,13290,SEMI-AUTO,46078,PETROL,125,52.3,2
SLK,2015,14990,SEMI-AUTO,40625,DIESEL,150,56.5,2
E Class,2015,23000,SEMI-AUTO,21780,PETROL,240,37.7,3.5
CL Class,2017,19990,SEMI-AUTO,22299,DIESEL,150,67.3,2.1
A Class,2016,12000,MANUAL,41496,PETROL,150,50.4,1.6
A Class,2018,18890,SEMI-AUTO,13900,DIESEL,150,68.9,2.1
C Class,2019,29950,SEMI-AUTO,9613,DIESEL,150,61.4,2
C Class,2014,11750,SEMI-AUTO,77043,DIESEL,20,64.2,2.1
SL CLASS,2016,18490,SEMI-AUTO,33650,DIESEL,30,70.6,2.1
E Class,2019,24966,AUTOMATIC,12982,DIESEL,145,72.4,2
B Class,2019,21856,AUTOMATIC,12617,PETROL,145,45.6,1.3
E Class,2019,28866,AUTOMATIC,13089,DIESEL,145,58.9,2
A Class,2019,22926,SEMI-AUTO,7159,DIESEL,145,62.8,1.5
A Class,2019,17096,AUTOMATIC,13393,DIESEL,145,65.7,1.5
A Class,2019,18844,AUTOMATIC,15446,DIESEL,145,68.9,1.5
C Class,2018,19056,AUTOMATIC,25833,PETROL,145,50.4,2
E Class,2019,37286,AUTOMATIC,7924,DIESEL,145,48.7,3
E Class,2019,26026,AUTOMATIC,14140,DIESEL,145,72.4,2
C Class,2017,20672,SEMI-AUTO,22842,DIESEL,30,62.8,2.1
B Class,2017,13952,MANUAL,14005,DIESEL,145,65.7,2.1
A Class,2019,23632,AUTOMATIC,9599,PETROL,145,53.3,1.3
A Class,2019,24682,SEMI-AUTO,3899,PETROL,145,53.3,1.3
E Class,2017,18886,AUTOMATIC,26636,DIESEL,145,72.4,2
B Class,2019,27146,SEMI-AUTO,9814,DIESEL,145,54.3,2
S Class,2018,58332,AUTOMATIC,2136,PETROL,145,40.9,3
GLA Class,2017,21085,AUTOMATIC,18607,DIESEL,145,56.5,2.1
GLC Class,2016,22792,SEMI-AUTO,36087,DIESEL,125,56.5,2.1
C Class,2017,33612,AUTOMATIC,20134,PETROL,145,34,3
A Class,2017,31112,SEMI-AUTO,14687,PETROL,145,40.9,2
A Class,2019,18780,SEMI-AUTO,16757,DIESEL,145,65.7,1.5
A Class,2019,18780,SEMI-AUTO,17615,DIESEL,145,65.7,1.5
E Class,2019,27980,SEMI-AUTO,13975,DIESEL,145,65.7,2
E Class,2019,28500,SEMI-AUTO,12972,DIESEL,145,58.9,2
A Class,2019,18780,SEMI-AUTO,17417,DIESEL,145,65.7,1.5
A Class,2019,18780,SEMI-AUTO,19885,DIESEL,145,65.7,1.5
E Class,2018,23480,SEMI-AUTO,16291,DIESEL,145,61.4,2
C Class,2017,24980,AUTOMATIC,18941,DIESEL,145,58.9,2.1
E Class,2018,30480,SEMI-AUTO,9096,DIESEL,145,57.7,2
C Class,2017,23980,AUTOMATIC,13973,DIESEL,145,54.3,2.1
GLA Class,2020,29987,SEMI-AUTO,3195,PETROL,145,35.8,1.6
B Class,2020,25487,SEMI-AUTO,3857,DIESEL,145,55.4,2
A Class,2020,26987,SEMI-AUTO,2577,PETROL,145,53.3,1.3
A Class,2020,27987,MANUAL,2369,PETROL,145,44.1,1.3
E Class,2019,36310,AUTOMATIC,5412,DIESEL,145,70.6,2
A Class,2019,25520,AUTOMATIC,3269,PETROL,145,47.9,1.3
GLC Class,2019,41630,AUTOMATIC,4169,PETROL,145,31.7,2
GLC Class,2019,41430,AUTOMATIC,4478,PETROL,145,31.7,2
GLC Class,2019,45106,SEMI-AUTO,427,DIESEL,145,40.4,2
A Class,2019,22056,SEMI-AUTO,4711,PETROL,145,47.9,1.3
SLK,2015,16280,MANUAL,29001,PETROL,205,41.5,2
E Class,2015,17280,SEMI-AUTO,44866,DIESEL,145,54.3,3
C Class,2019,29980,SEMI-AUTO,8202,PETROL,145,44.1,1.5
C Class,2019,29480,SEMI-AUTO,13757,PETROL,145,44.1,1.5
C Class,2019,33780,SEMI-AUTO,1980,PETROL,145,44.1,1.5
C Class,2019,29980,SEMI-AUTO,2986,DIESEL,145,53.3,2
C Class,2019,31480,SEMI-AUTO,2090,PETROL,145,46.3,1.5
B Class,2019,23480,SEMI-AUTO,1992,DIESEL,145,55.4,2
C Class,2019,31980,SEMI-AUTO,3162,PETROL,145,46.3,1.5
C Class,2019,30500,SEMI-AUTO,4010,DIESEL,145,61.4,2
A Class,2016,14038,MANUAL,27511,DIESEL,20,72.4,1.5
C Class,2017,16991,SEMI-AUTO,41603,DIESEL,30,64.2,2.1
E Class,2016,18872,SEMI-AUTO,15758,DIESEL,125,58.9,2.1
A Class,2019,23314,SEMI-AUTO,14634,PETROL,145,53.3,1.3
GLA Class,2017,19642,SEMI-AUTO,30545,DIESEL,125,56.6,2.1
GLC Class,2016,27500,SEMI-AUTO,18283,DIESEL,125,56.5,2.1
C Class,2015,19990,SEMI-AUTO,37000,HYBRID,0,74.3,2.1
E Class,2014,12995,SEMI-AUTO,62056,HYBRID,10,67.3,2.1
GLC Class,2017,26995,SEMI-AUTO,24205,DIESEL,145,56.5,2.1
E Class,2016,18500,SEMI-AUTO,23129,DIESEL,150,56.5,2.1
C Class,2014,11750,SEMI-AUTO,77043,DIESEL,20,64.2,2.1
M Class,2013,14250,SEMI-AUTO,84413,DIESEL,205,44.8,2.1
A Class,2016,12000,MANUAL,41497,PETROL,150,50.4,1.6
A Class,2019,24987,MANUAL,2841,PETROL,145,47.1,1.3
GLA Class,2019,28987,AUTOMATIC,1566,PETROL,145,35.8,1.6
GLC Class,2019,42987,AUTOMATIC,2799,DIESEL,145,40.9,2
GLC Class,2019,42987,AUTOMATIC,3590,DIESEL,145,40.9,2
GLC Class,2019,38987,AUTOMATIC,3911,DIESEL,145,43.5,2
V Class,2019,41730,AUTOMATIC,2582,DIESEL,145,45.6,2.2
E Class,2017,24912,SEMI-AUTO,9661,DIESEL,30,65.7,2
GLC Class,2017,35822,SEMI-AUTO,14177,PETROL,300,34,3
GLC Class,2020,34987,SEMI-AUTO,2729,PETROL,145,34,2
A Class,2020,24987,MANUAL,3525,PETROL,145,47.1,1.3
CL Class,2016,14472,SEMI-AUTO,57112,DIESEL,20,68.9,2.1
A Class,2019,24124,SEMI-AUTO,1637,PETROL,145,47.9,1.3
GLA Class,2019,23950,SEMI-AUTO,6000,PETROL,145,37.2,1.6
GLA Class,2019,28987,SEMI-AUTO,3225,PETROL,145,35.8,1.6
A Class,2019,24094,SEMI-AUTO,5889,PETROL,145,53.3,1.3
CL Class,2017,17245,AUTOMATIC,17448,DIESEL,145,68.9,2.1
GLS Class,2017,41962,SEMI-AUTO,22219,DIESEL,145,37.2,3
C Class,2017,21500,SEMI-AUTO,9238,PETROL,150,48.7,2
E Class,2017,19500,SEMI-AUTO,37509,DIESEL,30,61.4,2
E Class,2019,28452,SEMI-AUTO,33,DIESEL,145,65.7,2
E Class,2017,18791,SEMI-AUTO,52232,DIESEL,20,67.3,2
B Class,2019,27300,SEMI-AUTO,5860,PETROL,145,37.7,2
A Class,2019,24172,SEMI-AUTO,9999,PETROL,145,53.3,1.3
A Class,2016,14552,SEMI-AUTO,25653,DIESEL,0,76.4,1.5
V Class,2018,39900,SEMI-AUTO,5988,DIESEL,145,44.8,2.2
A Class,2016,15012,SEMI-AUTO,20339,DIESEL,20,74.3,1.5
C Class,2019,33842,SEMI-AUTO,3950,PETROL,145,42.2,2
CLS Class,2019,46710,AUTOMATIC,4133,DIESEL,145,47.9,2.9
GLC Class,2019,54282,AUTOMATIC,2556,PETROL,145,27.4,4
E Class,2019,32670,SEMI-AUTO,5820,DIESEL,145,70.6,2
B Class,2019,21980,SEMI-AUTO,9318,PETROL,145,45.6,1.3
GLC Class,2019,31980,SEMI-AUTO,5604,PETROL,145,34,2
A Class,2019,19410,MANUAL,129,PETROL,145,47.1,1.3
GLC Class,2017,37982,SEMI-AUTO,11386,PETROL,145,34,3
C Class,2019,34987,AUTOMATIC,2791,DIESEL,145,64.2,2
GLC Class,2019,43987,AUTOMATIC,1766,PETROL,145,31.7,2
C Class,2019,44987,AUTOMATIC,1843,PETROL,145,30.4,3
A Class,2019,23987,AUTOMATIC,3855,PETROL,145,28.5,1.3
E Class,2019,38487,AUTOMATIC,3155,DIESEL,145,45.6,2
B Class,2019,21980,SEMI-AUTO,7744,PETROL,145,45.6,1.3
GLC Class,2018,29480,SEMI-AUTO,21275,DIESEL,145,56.5,2.1
C Class,2019,25780,SEMI-AUTO,14843,DIESEL,145,61.4,2
E Class,2019,34980,SEMI-AUTO,3613,DIESEL,145,57.7,2
S Class,2019,44980,SEMI-AUTO,11735,DIESEL,145,52.3,3
A Class,2019,20480,SEMI-AUTO,10371,DIESEL,145,65.7,1.5
C Class,2019,29500,SEMI-AUTO,6922,PETROL,145,44.1,2
CL Class,2019,25980,SEMI-AUTO,14477,DIESEL,145,51.4,2.2
C Class,2019,23980,SEMI-AUTO,13864,DIESEL,145,61.4,2
E Class,2018,31480,SEMI-AUTO,6137,DIESEL,145,57.7,2
E Class,2016,20480,SEMI-AUTO,29131,DIESEL,160,50.4,3
GLE Class,2016,35980,SEMI-AUTO,39056,DIESEL,300,39.2,3
C Class,2016,34380,SEMI-AUTO,15554,PETROL,260,35.3,3
GLE Class,2016,25000,SEMI-AUTO,38759,DIESEL,200,47.9,2.1
V Class,2019,36980,SEMI-AUTO,2924,DIESEL,145,44.8,2.2
E Class,2017,36980,SEMI-AUTO,13095,PETROL,145,33.6,3
C Class,2018,25280,AUTOMATIC,4944,DIESEL,145,58.9,2.1
C Class,2019,30000,SEMI-AUTO,9062,DIESEL,145,57.7,2
E Class,2019,32980,SEMI-AUTO,4998,DIESEL,145,57.7,2
C Class,2019,29980,SEMI-AUTO,3049,DIESEL,145,61.4,2
C Class,2019,29980,SEMI-AUTO,1568,DIESEL,145,60.1,1.6
C Class,2019,34480,SEMI-AUTO,3446,PETROL,145,46.3,1.5
V Class,2019,45480,SEMI-AUTO,236,DIESEL,145,36.2,2
V Class,2019,39897,SEMI-AUTO,5927,DIESEL,145,44.8,2.2
GLC Class,2016,24480,SEMI-AUTO,41490,DIESEL,125,56.5,2.1
SL CLASS,2019,29500,SEMI-AUTO,2986,PETROL,150,47.1,2
GLE Class,2018,35002,SEMI-AUTO,22306,DIESEL,150,37.7,3
C Class,2019,30480,SEMI-AUTO,4688,DIESEL,145,61.4,2
E Class,2019,33480,AUTOMATIC,7800,DIESEL,145,45.6,2
C Class,2019,33480,SEMI-AUTO,2330,DIESEL,145,57.7,2
B Class,2019,23980,SEMI-AUTO,2154,DIESEL,145,55.4,2
C Class,2019,29980,SEMI-AUTO,2190,DIESEL,145,53.3,2
C Class,2019,29980,SEMI-AUTO,2143,DIESEL,145,54.3,1.6
C Class,2019,21480,MANUAL,2332,PETROL,145,47.1,1.6
C Class,2019,31980,SEMI-AUTO,1854,PETROL,145,46.3,1.5
GLB Class,2020,40480,SEMI-AUTO,29,DIESEL,145,44.8,2
GLC Class,2019,37980,SEMI-AUTO,2138,DIESEL,145,40.9,2
C Class,2019,30980,SEMI-AUTO,1995,DIESEL,145,64.2,2
GLC Class,2019,37480,SEMI-AUTO,4967,DIESEL,145,40.9,2
C Class,2017,25000,AUTOMATIC,9507,PETROL,145,47.1,2
CL Class,2016,19000,SEMI-AUTO,29296,DIESEL,20,67.3,2.1
C Class,2016,21500,SEMI-AUTO,37188,DIESEL,20,67.3,2.1
CL Class,2017,17490,MANUAL,19190,PETROL,145,51.4,1.6
GLC Class,2020,49980,SEMI-AUTO,3999,PETROL,145,26.4,3
GLC Class,2020,35980,SEMI-AUTO,3999,DIESEL,145,44.8,2
GLC Class,2020,35980,SEMI-AUTO,3999,DIESEL,145,43.5,2
GLA Class,2017,20980,SEMI-AUTO,20484,DIESEL,125,56.5,2.1
CLS Class,2017,20480,SEMI-AUTO,45870,DIESEL,125,57.7,2.1
GLC Class,2020,40980,SEMI-AUTO,19,DIESEL,145,40.9,2
C Class,2019,24980,SEMI-AUTO,7043,PETROL,145,45.6,1.5
GLA Class,2019,22800,SEMI-AUTO,13734,DIESEL,145,67.3,2.1
C Class,2019,28180,AUTOMATIC,5477,DIESEL,145,58.9,2.1
C Class,2019,23680,SEMI-AUTO,3436,PETROL,145,44.1,1.5
E Class,2018,23500,SEMI-AUTO,11108,DIESEL,145,61.4,2
C Class,2019,44480,SEMI-AUTO,9103,PETROL,145,29.1,3
E Class,2019,25780,SEMI-AUTO,11205,DIESEL,145,72.4,2
GLA Class,2019,23480,SEMI-AUTO,12989,DIESEL,145,67.3,2.1
GLA Class,2019,23780,SEMI-AUTO,12580,DIESEL,145,67.3,2.1
E Class,2018,27980,SEMI-AUTO,7514,DIESEL,145,65.7,2
E Class,2019,24780,SEMI-AUTO,10250,DIESEL,145,72.4,2
A Class,2015,11680,SEMI-AUTO,55067,DIESEL,20,68.9,1.5
GLC Class,2016,25980,SEMI-AUTO,30404,DIESEL,125,56.5,2.1
B Class,2019,21980,SEMI-AUTO,7332,PETROL,145,45.6,1.3
GLC Class,2019,49980,SEMI-AUTO,4608,PETROL,145,27.4,3
E Class,2016,21980,SEMI-AUTO,49477,DIESEL,145,54.3,3
GLA Class,2019,26980,SEMI-AUTO,1998,PETROL,145,35.8,1.6
A Class,2019,20380,SEMI-AUTO,12326,DIESEL,145,65.7,1.5
GLC Class,2020,43995,SEMI-AUTO,859,PETROL,145,32.1,2
A Class,2014,12995,SEMI-AUTO,35000,DIESEL,30,65.7,1.8
A Class,2019,22940,AUTOMATIC,4040,DIESEL,145,62.8,1.5
E Class,2019,32640,AUTOMATIC,5615,DIESEL,145,45.6,2
E Class,2017,20940,SEMI-AUTO,17227,DIESEL,20,72.4,2
S Class,2016,31041,SEMI-AUTO,21739,DIESEL,205,47.9,3
A Class,2016,14600,MANUAL,27450,DIESEL,20,72.4,1.5
GLA Class,2017,16500,MANUAL,31679,DIESEL,145,67.3,2.1
GLA Class,2017,15200,MANUAL,66691,DIESEL,20,67.3,2.1
CLS Class,2016,20449,SEMI-AUTO,31684,DIESEL,160,51.4,3
A Class,2019,21656,AUTOMATIC,2980,DIESEL,145,65.7,1.5
GLA Class,2019,25950,AUTOMATIC,4999,PETROL,145,35.8,1.6
GLA Class,2019,21497,AUTOMATIC,4999,PETROL,145,44.8,1.6
C Class,2019,31740,AUTOMATIC,4999,DIESEL,145,51.4,2
C Class,2019,30450,AUTOMATIC,4999,DIESEL,145,64.2,2
V Class,2019,47950,AUTOMATIC,2550,DIESEL,145,36.7,2
E Class,2019,32240,AUTOMATIC,6240,DIESEL,145,42.8,2
C Class,2019,32540,AUTOMATIC,2960,DIESEL,145,55.4,2
E Class,2019,30640,SEMI-AUTO,11264,DIESEL,145,70.6,2
C Class,2019,26140,SEMI-AUTO,11674,DIESEL,145,64.2,2
A Class,2019,26480,SEMI-AUTO,1129,DIESEL,145,56.5,2
GLC Class,2019,74980,SEMI-AUTO,1998,PETROL,145,21.6,4
C Class,2019,30980,SEMI-AUTO,1250,DIESEL,145,61.4,2
C Class,2018,28480,SEMI-AUTO,3748,PETROL,145,44.1,1.5
E Class,2019,38480,SEMI-AUTO,723,DIESEL,145,57.7,2
GLA Class,2016,18980,SEMI-AUTO,28231,DIESEL,125,56.5,2.1
C Class,2019,20480,SEMI-AUTO,14568,PETROL,145,46.3,1.5
E Class,2018,24040,AUTOMATIC,10310,DIESEL,145,72.4,2
V Class,2017,37000,SEMI-AUTO,15612,DIESEL,235,44.8,2.2
C Class,2016,17440,AUTOMATIC,25374,DIESEL,30,64.2,2.1
E Class,2019,34740,AUTOMATIC,4999,DIESEL,145,42.8,2
CL Class,2019,28450,AUTOMATIC,4999,PETROL,145,44.1,1.3
C Class,2019,30240,AUTOMATIC,4999,DIESEL,145,61.4,2
C Class,2019,28150,AUTOMATIC,1999,PETROL,145,46.3,1.5
E Class,2019,34740,AUTOMATIC,4999,DIESEL,145,45.6,2
GLC Class,2019,40531,AUTOMATIC,4999,DIESEL,145,40.9,2
C Class,2019,32940,AUTOMATIC,4999,PETROL,145,44.1,1.5
C Class,2019,27280,SEMI-AUTO,7268,PETROL,145,46.3,1.5
E Class,2019,27980,SEMI-AUTO,13924,DIESEL,145,65.7,2
C Class,2019,27980,SEMI-AUTO,10982,PETROL,145,44.1,1.5
C Class,2019,26980,SEMI-AUTO,15275,PETROL,145,44.1,2
B Class,2019,27480,SEMI-AUTO,5308,DIESEL,145,54.3,2
C Class,2016,16680,SEMI-AUTO,45588,DIESEL,20,64.2,2.1
SLK,2016,18980,SEMI-AUTO,8417,DIESEL,30,70.6,2
C Class,2019,26995,SEMI-AUTO,11980,DIESEL,145,56.5,2
C Class,2018,27950,SEMI-AUTO,10179,DIESEL,145,54.3,2
C Class,2019,27250,SEMI-AUTO,10871,DIESEL,145,56.5,2
C Class,2018,23500,SEMI-AUTO,10240,DIESEL,145,61.4,2.1
CLS Class,2019,36000,SEMI-AUTO,2352,DIESEL,145,48.7,2.9
A Class,2018,77500,SEMI-AUTO,3600,PETROL,145,30.1,4
GLC Class,2019,39750,SEMI-AUTO,5313,PETROL,145,34,3
E Class,2017,24750,SEMI-AUTO,15713,DIESEL,145,65.7,2
E Class,2019,42995,SEMI-AUTO,4350,DIESEL,145,47.1,3
GLE Class,2016,33750,SEMI-AUTO,44870,DIESEL,300,39.2,3
A Class,2019,24995,AUTOMATIC,7750,DIESEL,145,56.5,2
C Class,2019,24640,AUTOMATIC,11900,PETROL,145,47.1,1.5
C Class,2019,30840,SEMI-AUTO,7532,PETROL,145,42.2,2
C Class,2019,21340,AUTOMATIC,12836,PETROL,145,44.1,1.5
C Class,2019,24940,SEMI-AUTO,15275,PETROL,145,45.6,1.5
C Class,2019,21940,AUTOMATIC,5149,PETROL,145,44.1,1.5
C Class,2019,28940,AUTOMATIC,37,PETROL,145,44.1,2
C Class,2019,26940,AUTOMATIC,4600,DIESEL,145,61.4,2
GLC Class,2019,31640,SEMI-AUTO,9624,DIESEL,145,41.5,2.1
C Class,2019,26440,SEMI-AUTO,16684,DIESEL,145,60.1,1.6
A Class,2015,12233,SEMI-AUTO,40246,DIESEL,20,68.9,1.5
E Class,2017,19940,SEMI-AUTO,28471,DIESEL,20,67.3,2
E Class,2017,20240,SEMI-AUTO,17793,DIESEL,20,72.4,2
C Class,2017,19240,SEMI-AUTO,33022,DIESEL,30,64.2,2.1
C Class,2019,30740,SEMI-AUTO,7926,DIESEL,145,57.7,2
C Class,2019,24640,SEMI-AUTO,14751,DIESEL,145,61.4,2
A Class,2018,21995,SEMI-AUTO,12236,PETROL,150,53.3,1.3
C Class,2018,19995,SEMI-AUTO,19870,PETROL,150,41.5,2
S Class,2016,28980,SEMI-AUTO,46000,DIESEL,160,50.4,3
GLE Class,2019,48480,SEMI-AUTO,4050,DIESEL,145,36.7,2
C Class,2018,22980,SEMI-AUTO,11827,DIESEL,145,60.1,2.1
C Class,2019,39000,SEMI-AUTO,2857,PETROL,145,30.4,3
A Class,2020,24780,MANUAL,9,PETROL,145,28.5,1.3
GLA Class,2020,22980,SEMI-AUTO,1989,PETROL,145,44.8,1.6
C Class,2019,25440,SEMI-AUTO,8763,DIESEL,145,61.4,2
C Class,2019,23740,SEMI-AUTO,13046,DIESEL,145,61.4,2
CLS Class,2019,46995,SEMI-AUTO,2619,PETROL,145,31.4,2
E Class,2020,46402,SEMI-AUTO,197,PETROL,145,32.9,2
C Class,2020,54000,SEMI-AUTO,250,PETROL,145,29.1,3
B Class,2016,14500,SEMI-AUTO,30202,DIESEL,20,68.9,2.1
C Class,2019,25080,SEMI-AUTO,3131,PETROL,145,42.2,1.5
E Class,2017,22380,SEMI-AUTO,16012,DIESEL,145,61.4,2
CL Class,2014,13991,AUTOMATIC,48646,DIESEL,30,62.8,2.1
C Class,2014,12600,AUTOMATIC,52379,PETROL,125,52.3,2
A Class,2017,17295,AUTOMATIC,16813,DIESEL,145,68.9,2.1
A Class,2013,10999,MANUAL,55312,DIESEL,125,61.4,1.8
GLA Class,2014,15600,SEMI-AUTO,41952,DIESEL,145,55.4,2.1
C Class,2018,25500,SEMI-AUTO,10592,DIESEL,145,67.3,2.1
GLA Class,2019,25495,SEMI-AUTO,6801,PETROL,150,48.7,1.6
C Class,2017,18495,SEMI-AUTO,18758,PETROL,150,50.4,2
A Class,2019,105000,SEMI-AUTO,6807,PETROL,150,22.6,4
B Class,2019,24987,AUTOMATIC,7676,DIESEL,145,55.4,2
A Class,2019,36987,AUTOMATIC,4399,PETROL,145,36.7,2
E Class,2019,43987,AUTOMATIC,3117,DIESEL,145,57.7,2
GLA Class,2017,20662,AUTOMATIC,32722,DIESEL,145,56.5,2.1
B Class,2019,22490,MANUAL,169,PETROL,145,44.8,1.3
B Class,2019,22990,MANUAL,169,PETROL,145,44.8,1.3
B Class,2019,22990,MANUAL,169,PETROL,145,44.8,1.3
B Class,2019,22990,MANUAL,169,PETROL,145,44.8,1.3
C Class,2014,14732,SEMI-AUTO,38824,DIESEL,20,64.2,2.1
A Class,2015,15500,MANUAL,23542,DIESEL,20,70.6,1.5
GLC Class,2019,29000,SEMI-AUTO,12495,PETROL,145,43.5,2
B Class,2016,14500,MANUAL,26728,PETROL,145,49.6,1.6
C Class,2018,25750,SEMI-AUTO,6983,DIESEL,145,60.1,2.1
SL CLASS,2019,30000,SEMI-AUTO,9266,PETROL,145,47.1,2
C Class,2019,19750,SEMI-AUTO,13695,DIESEL,145,61.4,2
GLE Class,2019,48980,SEMI-AUTO,4056,DIESEL,145,36.7,2
A Class,2019,24780,SEMI-AUTO,2343,DIESEL,145,56.5,2
B Class,2017,14500,MANUAL,11840,DIESEL,145,68.9,1.5
E Class,2018,30380,SEMI-AUTO,13947,PETROL,145,40.4,2
E Class,2018,30680,SEMI-AUTO,6108,DIESEL,145,57.7,2
E Class,2019,32980,SEMI-AUTO,5164,DIESEL,145,57.7,2
E Class,2016,20380,SEMI-AUTO,27836,DIESEL,20,67.3,2
A Class,2020,33980,SEMI-AUTO,3999,PETROL,145,36.7,2
A Class,2019,26487,AUTOMATIC,3256,PETROL,145,53.3,1.3
A Class,2020,25344,SEMI-AUTO,51,PETROL,150,28.5,1.3
A Class,2017,15950,MANUAL,20013,PETROL,145,51.4,1.6
GLC Class,2019,27995,SEMI-AUTO,6563,DIESEL,145,41.5,2.1
A Class,2014,10932,MANUAL,38510,DIESEL,0,78.5,1.5
C Class,2017,24502,SEMI-AUTO,22079,DIESEL,145,67.3,2.1
CLS Class,2016,22490,SEMI-AUTO,24086,DIESEL,160,51.4,3
C Class,2015,14490,SEMI-AUTO,58502,DIESEL,20,64.2,2.1
C Class,2017,18490,SEMI-AUTO,25584,PETROL,145,50.4,2
E Class,2019,39700,AUTOMATIC,11286,DIESEL,145,44.8,2
A Class,2015,11772,MANUAL,47320,DIESEL,20,70.6,1.5
GLE Class,2019,45390,AUTOMATIC,3654,DIESEL,145,36.7,2
A Class,2020,28991,SEMI-AUTO,1585,PETROL,145,28.5,2
GLA Class,2020,29991,SEMI-AUTO,2011,PETROL,145,35.8,1.6
GLA Class,2020,30991,SEMI-AUTO,306,PETROL,145,35.8,1.6
GLA Class,2020,29991,SEMI-AUTO,1786,PETROL,145,35.8,1.6
A Class,2020,24991,MANUAL,161,PETROL,145,44.8,1.3
GLC Class,2020,41991,SEMI-AUTO,3885,PETROL,145,31.7,2
C Class,2020,35491,SEMI-AUTO,2669,DIESEL,145,48.7,2
C Class,2018,18700,SEMI-AUTO,25340,DIESEL,145,60.1,2.1
C Class,2017,14307,MANUAL,25820,PETROL,125,53.3,2
E Class,2016,19740,AUTOMATIC,21430,DIESEL,160,52.3,3
C Class,2018,18900,AUTOMATIC,23570,DIESEL,145,61.4,2.1
C Class,2016,16800,SEMI-AUTO,35800,DIESEL,30,64.2,2.1
GLC Class,2016,20510,SEMI-AUTO,29340,DIESEL,125,56.5,2.1
E Class,2015,12340,SEMI-AUTO,54040,DIESEL,125,60.1,2.1
CL Class,2018,19660,SEMI-AUTO,7960,PETROL,150,52.3,1.6
CL Class,2016,16900,SEMI-AUTO,51320,DIESEL,125,58.9,2.1
C Class,2019,39995,SEMI-AUTO,3560,PETROL,145,29.4,3
GLB Class,2020,39950,SEMI-AUTO,637,DIESEL,145,44.8,2
C Class,2020,29750,AUTOMATIC,3000,DIESEL,145,57.7,2
GLC Class,2020,38995,SEMI-AUTO,4200,DIESEL,145,40.9,2
GLC Class,2020,38995,SEMI-AUTO,2400,DIESEL,145,40.9,2
E Class,2016,24995,SEMI-AUTO,12710,DIESEL,145,54.3,3
S Class,2016,56995,SEMI-AUTO,19953,PETROL,555,28,5.5
C Class,2019,24495,SEMI-AUTO,15674,DIESEL,145,60.1,1.6
CL Class,2019,22000,SEMI-AUTO,20358,DIESEL,145,51.4,2.2
A Class,2014,11750,MANUAL,40183,DIESEL,20,70.6,1.5
E Class,2020,39995,SEMI-AUTO,2103,DIESEL,145,38.2,3
C Class,2019,26450,SEMI-AUTO,8439,DIESEL,145,60.1,1.6
GLA Class,2017,21995,SEMI-AUTO,22129,DIESEL,145,56.5,2.1
E Class,2019,36995,SEMI-AUTO,9325,DIESEL,145,46.3,3
E Class,2019,26000,SEMI-AUTO,6248,DIESEL,145,67.3,2
A Class,2018,22995,SEMI-AUTO,7009,PETROL,145,53.3,1.3
C Class,2019,32500,SEMI-AUTO,6877,PETROL,145,42.2,2
C Class,2017,20491,SEMI-AUTO,27993,DIESEL,30,61.4,2.1
C Class,2015,16341,SEMI-AUTO,61691,DIESEL,20,64.2,2.1
A Class,2018,22031,SEMI-AUTO,13842,PETROL,145,53.3,1.3
CL Class,2019,25984,SEMI-AUTO,12993,DIESEL,145,51.4,2.2
A Class,2018,16571,MANUAL,20289,DIESEL,150,72.4,1.5
GLC Class,2016,29221,SEMI-AUTO,20296,DIESEL,150,56.5,2.1
CL Class,2017,16690,MANUAL,34510,PETROL,125,51.4,1.6
E Class,2016,18280,SEMI-AUTO,40184,DIESEL,30,65.7,2
C Class,2016,13600,MANUAL,46384,PETROL,125,53.3,2
GLA Class,2014,15500,SEMI-AUTO,21729,DIESEL,30,62.8,2.1
A Class,2017,17200,SEMI-AUTO,48709,DIESEL,20,74.3,1.5
GLA Class,2016,16500,MANUAL,36053,DIESEL,30,64.2,2.1
E Class,2018,21500,AUTOMATIC,27459,DIESEL,145,72.4,2
GLC Class,2018,28000,SEMI-AUTO,20188,DIESEL,150,56.5,2.1
E Class,2019,24480,SEMI-AUTO,11996,DIESEL,145,72.4,2
C Class,2015,10090,SEMI-AUTO,57843,DIESEL,150,53.3,2.1
E Class,2017,21182,SEMI-AUTO,29200,DIESEL,145,65.7,2
C Class,2019,30976,AUTOMATIC,5552,PETROL,145,44.1,2
CLS Class,2019,45636,AUTOMATIC,2817,DIESEL,145,47.9,2.9
E Class,2019,25196,AUTOMATIC,14764,DIESEL,145,72.4,2
E Class,2019,26385,SEMI-AUTO,4298,DIESEL,145,67.3,2
E Class,2019,26335,SEMI-AUTO,5690,DIESEL,145,67.3,2
A Class,2018,17906,AUTOMATIC,8396,PETROL,145,53.3,1.3
E Class,2019,28706,SEMI-AUTO,15012,DIESEL,145,58.9,2
E Class,2016,20052,AUTOMATIC,25072,DIESEL,20,67.3,2
CLS Class,2019,45386,AUTOMATIC,2987,DIESEL,145,47.9,2.9
GLA Class,2019,23842,SEMI-AUTO,10295,DIESEL,145,67.3,2.1
C Class,2019,30672,AUTOMATIC,3946,DIESEL,145,57.7,2
C Class,2017,23111,SEMI-AUTO,24698,PETROL,145,47.1,2
E Class,2018,29992,AUTOMATIC,5310,DIESEL,145,51.4,3
C Class,2019,26176,SEMI-AUTO,9463,PETROL,145,46.3,1.5
A Class,2019,19284,SEMI-AUTO,12198,DIESEL,145,65.7,1.5
C Class,2017,25092,AUTOMATIC,22700,DIESEL,145,54.3,2.1
C Class,2017,23401,SEMI-AUTO,11457,PETROL,145,47.1,2
E Class,2017,21156,AUTOMATIC,15815,DIESEL,145,67.3,2
C Class,2019,26176,SEMI-AUTO,14232,PETROL,145,47.1,1.5
GLE Class,2019,49792,SEMI-AUTO,8569,DIESEL,150,35.8,2
C Class,2017,16911,SEMI-AUTO,32390,DIESEL,150,65.7,1.6
C Class,2015,15142,SEMI-AUTO,48000,DIESEL,20,64.2,2.1
C Class,2017,23942,AUTOMATIC,30124,PETROL,160,43.5,2
B Class,2019,25810,SEMI-AUTO,8290,DIESEL,145,55.4,2
C Class,2019,27780,SEMI-AUTO,7109,DIESEL,145,60.1,1.6
B Class,2019,19090,MANUAL,5830,DIESEL,145,65.7,2.1
GLA Class,2017,18812,SEMI-AUTO,39000,DIESEL,145,64.2,2.1
E Class,2019,36450,AUTOMATIC,5786,DIESEL,145,42.8,2
CL Class,2019,25920,AUTOMATIC,4312,PETROL,145,44.8,1.3
A Class,2019,22524,SEMI-AUTO,10772,DIESEL,145,67.3,1.5
A Class,2019,18964,SEMI-AUTO,15303,DIESEL,145,65.7,1.5
C Class,2015,16892,SEMI-AUTO,35464,DIESEL,30,64.2,2.1
E Class,2019,34526,AUTOMATIC,2320,DIESEL,145,57.7,2
E Class,2016,16306,AUTOMATIC,25922,DIESEL,125,58.9,2.1
CL Class,2017,15362,MANUAL,50743,DIESEL,145,65.7,2.1
CL Class,2017,22452,AUTOMATIC,24543,DIESEL,145,67.3,2.1
A Class,2018,17572,SEMI-AUTO,15899,DIESEL,145,68.9,2.1
A Class,2017,15042,MANUAL,18033,DIESEL,20,72.4,1.5
C Class,2019,22706,AUTOMATIC,6602,PETROL,145,44.1,1.6
C Class,2017,15872,MANUAL,30000,PETROL,125,53.3,2
CLS Class,2016,19383,AUTOMATIC,42651,DIESEL,145,56.5,2.1
C Class,2019,27696,AUTOMATIC,11890,DIESEL,145,60.1,1.6
CL Class,2019,20952,MANUAL,7077,PETROL,145,51.4,1.6
GLA Class,2018,22162,AUTOMATIC,13249,DIESEL,145,56.5,2.1
C Class,2017,39336,AUTOMATIC,12157,PETROL,300,32.8,4
E Class,2017,18836,AUTOMATIC,26722,DIESEL,145,72.4,2
C Class,2017,31664,AUTOMATIC,19067,PETROL,145,35.8,3
E Class,2019,42450,AUTOMATIC,150,PETROL,145,31.7,3
C Class,2017,16092,SEMI-AUTO,48000,DIESEL,20,65.7,2.1
V Class,2018,38782,SEMI-AUTO,15640,DIESEL,145,45.6,2.2
GLS Class,2017,46002,AUTOMATIC,28416,DIESEL,145,37.2,3
GLS Class,2019,57526,AUTOMATIC,8353,DIESEL,145,34,3
A Class,2019,20340,MANUAL,5902,PETROL,145,28.5,1.3
A Class,2019,23700,SEMI-AUTO,8829,DIESEL,145,62.8,1.5
V Class,2019,45800,AUTOMATIC,18,DIESEL,145,36.2,2
GLC Class,2019,37680,AUTOMATIC,4895,DIESEL,145,40.9,2
E Class,2019,39680,AUTOMATIC,8720,DIESEL,145,70.6,2
C Class,2019,36350,AUTOMATIC,17009,DIESEL,145,61.4,2
CL Class,2019,29066,AUTOMATIC,3220,PETROL,145,39.8,2
E Class,2014,12995,SEMI-AUTO,48422,DIESEL,125,57.7,2.1
GLA Class,2015,16495,SEMI-AUTO,19000,DIESEL,20,62.8,2.1
E Class,2015,16691,SEMI-AUTO,48584,DIESEL,125,61.4,2.1
A Class,2016,16512,SEMI-AUTO,31011,PETROL,125,52.3,1.6
SL CLASS,2017,20191,SEMI-AUTO,24584,PETROL,145,47.9,2
A Class,2016,15071,SEMI-AUTO,27663,DIESEL,20,74.3,1.5
A Class,2016,25342,SEMI-AUTO,55195,PETROL,200,40.9,2
GLE Class,2019,51912,SEMI-AUTO,3713,DIESEL,150,32.8,2.9
GL Class,2016,38362,SEMI-AUTO,17000,DIESEL,305,36.2,3
C Class,2017,21011,SEMI-AUTO,18955,DIESEL,30,61.4,2.1
GLA Class,2018,20822,AUTOMATIC,10002,PETROL,145,44.8,1.6
C Class,2019,39991,AUTOMATIC,1987,PETROL,145,44.1,2
C Class,2019,48491,AUTOMATIC,11347,PETROL,145,30.4,3
C Class,2019,38991,AUTOMATIC,4811,DIESEL,145,61.4,2
B Class,2019,26991,AUTOMATIC,275,DIESEL,145,55.4,2
E Class,2019,37991,AUTOMATIC,3790,DIESEL,145,45.6,2
C Class,2019,41491,AUTOMATIC,2430,DIESEL,145,55.4,2
C Class,2017,18258,SEMI-AUTO,51304,DIESEL,150,60.1,2.1
GLC Class,2019,30941,SEMI-AUTO,8841,DIESEL,150,41.5,2.1
S Class,2018,40796,SEMI-AUTO,10577,DIESEL,150,52.3,3
A Class,2019,21995,SEMI-AUTO,8122,DIESEL,145,56.5,2
C Class,2017,40980,SEMI-AUTO,22547,PETROL,300,34.5,4
E Class,2016,19802,SEMI-AUTO,9582,PETROL,160,46.3,2
GLC Class,2020,36851,SEMI-AUTO,281,DIESEL,145,44.8,2
GLC Class,2019,41620,AUTOMATIC,9125,DIESEL,145,40.4,2
GLC Class,2019,39200,SEMI-AUTO,5401,DIESEL,145,43.5,2
A Class,2019,23340,AUTOMATIC,10355,PETROL,145,53.3,1.3
A Class,2019,18990,SEMI-AUTO,14576,DIESEL,145,68.9,1.5
A Class,2019,19560,SEMI-AUTO,16578,DIESEL,145,65.7,1.5
E Class,2017,22151,SEMI-AUTO,24335,DIESEL,145,61.4,2
GLC Class,2017,28962,SEMI-AUTO,10132,DIESEL,200,47.9,3
E Class,2017,21972,SEMI-AUTO,44000,DIESEL,30,65.7,2
A Class,2020,25991,SEMI-AUTO,5797,DIESEL,145,62.8,1.5
E Class,2019,43750,AUTOMATIC,150,DIESEL,145,47.1,3
B Class,2019,23480,AUTOMATIC,150,DIESEL,145,55.4,2
B Class,2019,21450,AUTOMATIC,5683,DIESEL,145,55.4,2
C Class,2019,36420,AUTOMATIC,6650,DIESEL,145,64.2,1.6
E Class,2019,49010,AUTOMATIC,150,PETROL,145,32.5,3
CL Class,2018,20932,SEMI-AUTO,25276,PETROL,145,53.3,1.6
C Class,2019,36090,AUTOMATIC,6374,PETROL,145,30.4,3
C Class,2016,22890,SEMI-AUTO,20077,DIESEL,20,67.3,2.1
CLS Class,2016,20990,SEMI-AUTO,44444,DIESEL,160,51.4,3
C Class,2019,27490,SEMI-AUTO,11000,DIESEL,145,57.7,2
E Class,2017,30890,SEMI-AUTO,26011,PETROL,145,33.6,3
GLE Class,2017,31990,SEMI-AUTO,17599,DIESEL,150,42.8,3
GLE Class,2015,30990,SEMI-AUTO,66000,DIESEL,305,39.2,3
GLC Class,2017,27890,SEMI-AUTO,14891,DIESEL,150,56.5,2.1
C Class,2016,15890,SEMI-AUTO,34499,DIESEL,20,65.7,2.1
GLC Class,2017,33890,SEMI-AUTO,22499,PETROL,150,34,3
C Class,2018,33890,SEMI-AUTO,9290,PETROL,145,36.2,3
A Class,2017,17107,AUTOMATIC,21050,DIESEL,145,67.3,2.1
C Class,2017,14420,MANUAL,33273,DIESEL,20,65.7,2.1
C Class,2015,12995,AUTOMATIC,45024,DIESEL,20,64.2,2.1
B Class,2018,15812,MANUAL,2681,DIESEL,145,68.9,1.5
GLC Class,2019,32526,SEMI-AUTO,10574,DIESEL,145,42.2,2.1
A Class,2019,19182,SEMI-AUTO,7807,DIESEL,145,65.7,1.5
E Class,2019,25676,SEMI-AUTO,9155,DIESEL,145,72.4,2
C Class,2019,24202,AUTOMATIC,8252,PETROL,145,45.6,1.5
E Class,2018,23963,AUTOMATIC,9074,DIESEL,145,61.4,2
C Class,2019,30436,AUTOMATIC,10335,DIESEL,145,57.7,2
C Class,2019,31216,AUTOMATIC,4463,DIESEL,145,57.7,2
E Class,2019,29966,AUTOMATIC,7278,DIESEL,145,58.9,2
A Class,2016,14581,SEMI-AUTO,51284,PETROL,125,53.3,1.6
E Class,2015,15395,SEMI-AUTO,50900,DIESEL,125,56.5,2.1
A Class,2017,20795,SEMI-AUTO,19400,PETROL,160,45.6,2
C Class,2015,12999,MANUAL,47709,DIESEL,20,65.7,2.1
CL Class,2015,15995,SEMI-AUTO,65000,DIESEL,20,70.6,2.1
C Class,2015,12995,MANUAL,22852,PETROL,125,53.3,2
A Class,2014,13999,SEMI-AUTO,35000,DIESEL,20,64.2,2.1
C Class,2018,22900,SEMI-AUTO,4500,PETROL,145,44.1,1.5
A Class,2019,24711,SEMI-AUTO,3653,PETROL,150,53.3,1.3
GLE Class,2016,31982,SEMI-AUTO,25263,DIESEL,240,42.8,3
CLS Class,2013,14972,SEMI-AUTO,64777,DIESEL,205,47.1,3
B Class,2019,16846,MANUAL,2780,PETROL,150,49.6,1.6
CLS Class,2016,22450,SEMI-AUTO,39652,DIESEL,160,49.6,3
E Class,2016,19990,SEMI-AUTO,47805,DIESEL,145,54.3,3
C Class,2018,22990,SEMI-AUTO,32373,DIESEL,145,61.4,2.1
C Class,2017,18890,SEMI-AUTO,25066,DIESEL,145,64.2,2.1
GLA Class,2017,19890,SEMI-AUTO,9989,DIESEL,145,56.5,2.1
GLE Class,2018,36990,SEMI-AUTO,16000,DIESEL,145,39.2,3
A Class,2020,27990,SEMI-AUTO,159,PETROL,145,53.3,1.3
A Class,2020,24990,MANUAL,208,PETROL,145,47.1,1.3
A Class,2019,32690,SEMI-AUTO,4104,PETROL,150,35.3,2
E Class,2016,17450,SEMI-AUTO,48643,DIESEL,125,58.9,2.1
SL CLASS,2016,19812,SEMI-AUTO,21455,PETROL,145,47.9,2
CL Class,2020,28891,SEMI-AUTO,2512,PETROL,145,44.8,1.3
V Class,2019,38200,AUTOMATIC,3974,DIESEL,145,45.6,2.2
C Class,2019,35891,AUTOMATIC,4721,DIESEL,145,64.2,2
GLC Class,2019,33190,AUTOMATIC,7163,DIESEL,145,44.8,2
E Class,2017,20662,SEMI-AUTO,44965,DIESEL,20,67.3,2
CL Class,2018,22072,SEMI-AUTO,10600,PETROL,145,53.3,1.6
E Class,2017,23462,SEMI-AUTO,17360,DIESEL,145,51.4,3
C Class,2016,21991,SEMI-AUTO,32924,DIESEL,20,67.3,2.1
C Class,2018,33690,SEMI-AUTO,12055,PETROL,145,40.9,4
GLC Class,2016,31990,SEMI-AUTO,29360,PETROL,300,34,3
A Class,2020,25490,SEMI-AUTO,1301,PETROL,145,53.3,1.3
C Class,2019,37790,SEMI-AUTO,2200,PETROL,145,29.4,3
A Class,2017,29090,SEMI-AUTO,25965,PETROL,200,40.9,2
E Class,2018,26490,SEMI-AUTO,17993,DIESEL,145,58.9,2
C Class,2015,14290,SEMI-AUTO,53227,PETROL,125,52.3,2
A Class,2019,23890,SEMI-AUTO,6367,PETROL,145,53.3,1.3
C Class,2019,20990,SEMI-AUTO,3239,DIESEL,145,65.7,1.6
E Class,2016,22372,SEMI-AUTO,40950,DIESEL,30,61.4,2
C Class,2017,21111,SEMI-AUTO,24900,DIESEL,30,61.4,2.1
GLC Class,2019,30582,SEMI-AUTO,12972,DIESEL,145,56.5,2.1
GLA Class,2017,19981,SEMI-AUTO,30523,DIESEL,125,56.5,2.1
C Class,2018,18171,SEMI-AUTO,35517,PETROL,145,49.6,2
E Class,2014,15491,SEMI-AUTO,36217,DIESEL,125,57.7,2.1
GLA Class,2018,20490,SEMI-AUTO,10266,PETROL,145,44.8,1.6
C Class,2019,35891,AUTOMATIC,4167,DIESEL,145,61.4,2
GLA Class,2016,20391,SEMI-AUTO,14407,DIESEL,125,56.5,2.1
A Class,2018,18972,SEMI-AUTO,24340,PETROL,145,52.3,1.6
GLC Class,2018,28982,SEMI-AUTO,25426,DIESEL,145,56.5,2.1
C Class,2015,15135,SEMI-AUTO,40312,PETROL,125,52.3,2
SL CLASS,2019,34120,AUTOMATIC,1623,PETROL,145,47.1,2
A Class,2020,35981,SEMI-AUTO,2185,PETROL,145,35.8,2
A Class,2019,22760,SEMI-AUTO,6543,DIESEL,145,67.3,1.5
GLC Class,2019,31480,SEMI-AUTO,15101,DIESEL,145,41.5,2.1
C Class,2019,23490,SEMI-AUTO,10530,PETROL,145,46.3,1.5
CL Class,2019,22380,MANUAL,10000,PETROL,145,44.1,1.6
E Class,2014,11650,SEMI-AUTO,51770,DIESEL,125,58.9,2.1
B Class,2016,13990,SEMI-AUTO,45782,DIESEL,20,68.9,2.1
B Class,2014,9701,SEMI-AUTO,27430,DIESEL,20,68.9,1.5
CL Class,2017,18956,SEMI-AUTO,23592,DIESEL,20,67.3,2.1
A Class,2017,17150,SEMI-AUTO,18750,DIESEL,145,68.9,2.1
GLA Class,2015,15250,MANUAL,23247,DIESEL,20,64.2,2.1
E Class,2019,42981,AUTOMATIC,3520,DIESEL,145,57.7,2
GLC Class,2019,35981,AUTOMATIC,3656,DIESEL,145,44.8,2
GLA Class,2014,13995,SEMI-AUTO,40423,DIESEL,30,62.8,2.1
E Class,2017,21990,SEMI-AUTO,24000,DIESEL,145,65.7,2
C Class,2017,17490,AUTOMATIC,20000,DIESEL,145,64.2,2.1
C Class,2018,34990,AUTOMATIC,19500,PETROL,145,35.3,3
C Class,2016,19750,SEMI-AUTO,31467,DIESEL,30,64.2,2.1
A Class,2013,11000,MANUAL,55312,DIESEL,125,61.4,1.8
C Class,2017,19000,SEMI-AUTO,17329,DIESEL,20,68.9,2.1
GLA Class,2017,17880,SEMI-AUTO,20019,DIESEL,125,56.6,2.1
C Class,2018,20690,SEMI-AUTO,15750,PETROL,145,48.7,2
GLA Class,2016,18590,SEMI-AUTO,21634,DIESEL,125,56.5,2.1
A Class,2019,23490,AUTOMATIC,5999,DIESEL,145,67.3,1.5
A Class,2019,25490,AUTOMATIC,8812,DIESEL,145,62.8,1.5
A Class,2019,20690,MANUAL,4212,PETROL,145,47.1,1.3
A Class,2019,20990,AUTOMATIC,3234,DIESEL,145,68.9,1.5
A Class,2019,23490,AUTOMATIC,2245,PETROL,145,28.5,1.3
GLA Class,2019,23790,AUTOMATIC,3467,PETROL,145,37.2,1.6
E Class,2019,34990,AUTOMATIC,3190,DIESEL,145,57.7,2
A Class,2019,25490,AUTOMATIC,1895,DIESEL,145,56.5,2
A Class,2019,21490,AUTOMATIC,3206,DIESEL,145,65.7,1.5
CLS Class,2013,13495,AUTOMATIC,48500,DIESEL,145,54.3,2.1
A Class,2018,16289,MANUAL,14229,PETROL,145,51.4,1.6
A Class,2014,10489,MANUAL,70360,DIESEL,125,61.4,1.8
C Class,2015,15789,SEMI-AUTO,42164,DIESEL,30,64.2,2.1
A Class,2017,15989,MANUAL,10973,PETROL,150,51.4,1.6
A Class,2016,14789,MANUAL,37006,DIESEL,20,68.9,1.5
A Class,2018,17490,MANUAL,13297,PETROL,145,51.4,1.6
A Class,2016,14495,MANUAL,25605,DIESEL,20,72.4,1.5
A Class,2017,14371,MANUAL,18383,DIESEL,20,72.4,1.5
S Class,2016,79950,SEMI-AUTO,25317,PETROL,570,24.1,6
A Class,2020,24490,SEMI-AUTO,5560,DIESEL,145,62.8,1.5
C Class,2019,28466,AUTOMATIC,4938,DIESEL,145,61.4,2
C Class,2019,26396,SEMI-AUTO,14107,DIESEL,145,61.4,2
C Class,2019,32026,AUTOMATIC,11471,DIESEL,145,57.7,2
C Class,2016,20503,AUTOMATIC,80612,PETROL,200,42.8,2
E Class,2017,20342,SEMI-AUTO,41547,DIESEL,20,72.4,2
SL CLASS,2017,40321,SEMI-AUTO,18513,PETROL,145,36.7,3
GLE Class,2015,44176,AUTOMATIC,13340,PETROL,570,23.9,5.5
GLA Class,2016,18532,SEMI-AUTO,23111,DIESEL,20,67.3,2.1
GLC Class,2017,29062,AUTOMATIC,23995,DIESEL,145,47.9,3
SL CLASS,2017,18812,MANUAL,13264,PETROL,145,48.7,1.6
E Class,2019,31490,SEMI-AUTO,3948,DIESEL,145,45.6,2
C Class,2019,26990,SEMI-AUTO,1237,PETROL,145,46.3,1.5
B Class,2019,22990,SEMI-AUTO,1606,DIESEL,145,55.4,2
E Class,2014,13590,SEMI-AUTO,34840,DIESEL,125,58.9,2.1
CL Class,2017,18289,SEMI-AUTO,26900,DIESEL,125,58.9,2.1
GLA Class,2017,16810,MANUAL,27248,DIESEL,20,67.3,2.1
GLA Class,2017,16300,MANUAL,25150,DIESEL,20,67.3,2.1
C Class,2015,18500,AUTOMATIC,8940,DIESEL,30,64.2,2.1
GLA Class,2017,21680,SEMI-AUTO,8650,DIESEL,125,56.5,2.1
A Class,2013,9595,MANUAL,57000,DIESEL,20,72.4,1.5
C Class,2015,15495,SEMI-AUTO,21064,PETROL,125,52.3,2
GLC Class,2018,26995,SEMI-AUTO,20696,DIESEL,150,56.5,2.1
X-CLASS,2019,22995,AUTOMATIC,500,DIESEL,260,35.8,2.3
E Class,2019,32490,SEMI-AUTO,3375,DIESEL,145,42.8,2
B Class,2019,22990,AUTOMATIC,2486,DIESEL,145,55.4,2
E Class,2020,38990,SEMI-AUTO,648,DIESEL,145,43.5,3
A Class,2020,28490,SEMI-AUTO,768,DIESEL,145,56.5,2
B Class,2019,24490,AUTOMATIC,1677,DIESEL,145,55.4,2
GLC Class,2019,36490,AUTOMATIC,2450,DIESEL,145,40.9,2
A Class,2020,28490,SEMI-AUTO,497,DIESEL,145,56.5,2
A Class,2019,22990,AUTOMATIC,3055,DIESEL,145,56.5,2
A Class,2020,27990,SEMI-AUTO,697,PETROL,145,53.3,1.3
GLC Class,2017,24490,SEMI-AUTO,34937,DIESEL,145,56.5,2.1
A Class,2019,20990,SEMI-AUTO,1677,DIESEL,145,56.5,2
GLC Class,2016,18990,SEMI-AUTO,76452,DIESEL,125,56.5,2.1
C Class,2016,18490,SEMI-AUTO,36688,DIESEL,30,64.2,1.6
E Class,2019,23890,SEMI-AUTO,14098,DIESEL,145,72.4,2
CL Class,2016,18490,AUTOMATIC,50964,PETROL,200,42.8,2
GLA Class,2017,17990,SEMI-AUTO,29057,DIESEL,145,67.3,2.1
CL Class,2016,28490,SEMI-AUTO,25000,PETROL,200,40.9,2
GLC Class,2018,31975,AUTOMATIC,10516,DIESEL,145,56.5,2.1
C Class,2017,22995,SEMI-AUTO,21590,PETROL,145,47.1,2
GLC Class,2019,40850,SEMI-AUTO,10771,PETROL,145,34,3
A Class,2019,21950,SEMI-AUTO,2151,DIESEL,145,56.5,2
B Class,2018,17495,SEMI-AUTO,6500,PETROL,150,51.4,1.6
C Class,2017,21950,SEMI-AUTO,25270,HYBRID,135,74.3,2.1
A Class,2017,26950,SEMI-AUTO,21940,PETROL,150,40.9,2
A Class,2018,77850,AUTOMATIC,7880,PETROL,145,30.1,4
G Class,2015,99850,SEMI-AUTO,10000,PETROL,570,20.5,5.5
CL Class,2014,24490,SEMI-AUTO,26886,PETROL,200,39.8,2
GLC Class,2017,24990,SEMI-AUTO,38200,DIESEL,125,56.5,2.1
C Class,2018,49990,SEMI-AUTO,19870,PETROL,145,32.8,4
CL Class,2018,19990,SEMI-AUTO,42635,DIESEL,150,67.3,2.1
GLA Class,2016,18495,SEMI-AUTO,27292,DIESEL,125,56.5,2.1
A Class,2018,17495,MANUAL,8717,PETROL,150,49.6,1.6
A Class,2017,17595,AUTOMATIC,13081,PETROL,145,52.3,1.6
C Class,2017,23400,SEMI-AUTO,35270,DIESEL,30,65.7,2.1
C Class,2017,21958,SEMI-AUTO,14105,DIESEL,145,61.4,2.1
B Class,2019,24790,SEMI-AUTO,7463,DIESEL,145,55.4,2
C Class,2019,24490,SEMI-AUTO,6877,DIESEL,145,61.4,2.1
C Class,2018,23390,SEMI-AUTO,16045,DIESEL,145,58.9,2
SL CLASS,2016,18490,SEMI-AUTO,35452,DIESEL,30,70.6,2.1
B Class,2014,8490,MANUAL,75894,DIESEL,0,74.3,1.5
CLS Class,2016,21490,SEMI-AUTO,28415,DIESEL,160,51.4,3
A Class,2019,25490,SEMI-AUTO,5499,PETROL,150,45.6,2
GLC Class,2015,22990,SEMI-AUTO,31289,DIESEL,125,56.5,2.1
GLC Class,2017,23490,SEMI-AUTO,40023,DIESEL,150,56.5,2.1
X-CLASS,2019,22495,AUTOMATIC,500,DIESEL,260,35.8,2.3
X-CLASS,2018,37495,AUTOMATIC,7820,DIESEL,260,31.4,3
X-CLASS,2019,27995,AUTOMATIC,2750,DIESEL,260,35.8,2.3
X-CLASS,2019,32995,AUTOMATIC,600,DIESEL,260,31.4,3
GLA Class,2020,23490,SEMI-AUTO,1734,PETROL,150,44.8,1.6
GLC Class,2017,24990,SEMI-AUTO,56263,DIESEL,125,56.5,2.1
GLE Class,2017,30490,SEMI-AUTO,28975,DIESEL,265,42.8,3
GLC Class,2016,23490,SEMI-AUTO,29300,DIESEL,125,56.5,2.1
C Class,2015,15890,SEMI-AUTO,54000,DIESEL,30,64.2,2.1
GLA Class,2018,21990,SEMI-AUTO,10400,PETROL,145,48.7,1.6
A Class,2019,23995,AUTOMATIC,3500,DIESEL,145,65.7,1.5
GLC Class,2020,49995,SEMI-AUTO,5000,PETROL,145,26.4,3
C Class,2020,39994,SEMI-AUTO,2499,DIESEL,145,55.4,2
B Class,2020,25995,SEMI-AUTO,648,DIESEL,145,55.4,2
C Class,2020,39994,SEMI-AUTO,2499,DIESEL,145,55.4,2
GLA Class,2020,24995,SEMI-AUTO,2499,PETROL,145,37.2,1.6
GLC Class,2020,39995,SEMI-AUTO,1250,DIESEL,145,40.9,2
V Class,2019,45394,AUTOMATIC,1350,DIESEL,145,36.2,2
A Class,2020,25995,AUTOMATIC,5000,DIESEL,145,62.8,1.5
A Class,2016,14990,SEMI-AUTO,22350,DIESEL,20,70.6,2.1
SLK,2015,14365,SEMI-AUTO,34465,PETROL,200,43.5,2
B Class,2017,11990,MANUAL,43069,DIESEL,145,68.9,1.5
C Class,2019,28395,SEMI-AUTO,3610,PETROL,145,44.1,2
GLC Class,2018,27994,SEMI-AUTO,12567,DIESEL,145,56.5,2.1
C Class,2019,25494,AUTOMATIC,4158,PETROL,145,46.3,1.5
GLC Class,2019,28985,AUTOMATIC,14123,DIESEL,145,56.5,2.1
GLE Class,2016,26295,SEMI-AUTO,27595,DIESEL,260,42.8,3
B Class,2019,19295,SEMI-AUTO,11641,PETROL,145,45.6,1.3
CLS Class,2018,41495,AUTOMATIC,8376,PETROL,145,36.2,3
C Class,2018,24994,SEMI-AUTO,9009,PETROL,145,55.4,2
V Class,2019,45394,AUTOMATIC,147,DIESEL,145,36.2,2
C Class,2018,23995,SEMI-AUTO,12137,DIESEL,145,67.3,2.1
E Class,2018,26490,SEMI-AUTO,20316,DIESEL,145,70.6,2
GLC Class,2017,28490,AUTOMATIC,30199,DIESEL,145,56.5,2.1
C Class,2017,20990,SEMI-AUTO,15088,DIESEL,30,61.4,2.1
E Class,2016,18990,SEMI-AUTO,33499,DIESEL,30,65.7,2
CLS Class,2017,21890,SEMI-AUTO,12190,DIESEL,150,57.7,2.1
GLA Class,2017,17880,SEMI-AUTO,20019,DIESEL,125,56.6,2.1
CL Class,2018,17090,MANUAL,17094,PETROL,145,51.4,1.6
C Class,2017,14307,MANUAL,25820,PETROL,125,53.3,2
C Class,2018,18450,SEMI-AUTO,34650,DIESEL,145,61.4,2.1
A Class,2019,24990,AUTOMATIC,20000,DIESEL,145,62.8,1.5
GLC Class,2019,31490,SEMI-AUTO,9569,DIESEL,145,42.2,2.1
B Class,2019,19490,SEMI-AUTO,7698,PETROL,145,51.4,1.6
A Class,2019,19990,SEMI-AUTO,14502,DIESEL,145,65.7,1.5
B Class,2019,19790,SEMI-AUTO,14554,PETROL,145,45.6,1.3
C Class,2018,26890,SEMI-AUTO,14085,DIESEL,145,56.5,2
GLC Class,2018,50990,AUTOMATIC,8550,PETROL,145,27.4,4
A Class,2017,16790,MANUAL,23899,DIESEL,145,68.9,1.5
CLS Class,2014,16990,SEMI-AUTO,42980,DIESEL,145,54.3,2.1
SL CLASS,2017,19990,SEMI-AUTO,22530,DIESEL,150,70.6,2.1
C Class,2019,24995,AUTOMATIC,3485,PETROL,145,46.3,1.5
C Class,2017,14995,AUTOMATIC,48054,DIESEL,145,64.2,2.1
V Class,2019,45394,AUTOMATIC,2020,DIESEL,145,36.2,2
GLE Class,2019,47995,AUTOMATIC,11000,DIESEL,145,36.7,2
A Class,2019,20995,SEMI-AUTO,5000,DIESEL,145,65.7,1.5
C Class,2018,22766,AUTOMATIC,4200,PETROL,145,47.1,2
A Class,2018,20682,SEMI-AUTO,3568,PETROL,145,28.5,1.3
SL CLASS,2016,19490,SEMI-AUTO,11335,DIESEL,30,70.6,2.1
GLA Class,2015,16990,SEMI-AUTO,26912,DIESEL,125,56.5,2.1
GLC Class,2018,29990,SEMI-AUTO,22420,DIESEL,145,56.5,2.1
C Class,2019,21290,SEMI-AUTO,14640,DIESEL,145,61.4,2
E Class,2019,25490,SEMI-AUTO,6529,PETROL,145,42.2,2
C Class,2018,24990,SEMI-AUTO,10010,PETROL,145,46.3,1.5
CL Class,2014,17990,SEMI-AUTO,18024,DIESEL,30,62.8,2.1
SL CLASS,2014,43990,SEMI-AUTO,25939,PETROL,565,28.5,5.5
C Class,2019,23990,SEMI-AUTO,9160,PETROL,150,45.6,1.5
C Class,2015,16990,SEMI-AUTO,36798,DIESEL,30,64.2,2.1
A Class,2018,18490,SEMI-AUTO,5034,PETROL,150,52.3,1.6
SL CLASS,2016,18990,SEMI-AUTO,29799,DIESEL,30,70.6,2.1
E Class,2019,23690,SEMI-AUTO,14295,DIESEL,145,72.4,2
C Class,2018,24890,SEMI-AUTO,7859,PETROL,145,40.4,2
A Class,2019,22490,SEMI-AUTO,12564,DIESEL,145,67.3,1.5
E Class,2016,18990,AUTOMATIC,33599,DIESEL,160,52.3,3
C Class,2015,14150,SEMI-AUTO,60597,DIESEL,20,64.2,2.1
C Class,2016,15000,MANUAL,32254,DIESEL,30,65.7,1.6
B Class,2018,16990,SEMI-AUTO,14717,DIESEL,150,68.9,2.1
C Class,2016,22495,SEMI-AUTO,25399,DIESEL,20,68.9,2.1
A Class,2017,14995,SEMI-AUTO,38907,DIESEL,150,74.3,1.5
E Class,2019,39890,AUTOMATIC,3024,HYBRID,135,188.3,2
C Class,2019,28990,AUTOMATIC,1544,DIESEL,145,64.2,2
C Class,2019,53990,AUTOMATIC,2225,PETROL,145,28.5,4
E Class,2019,35995,AUTOMATIC,2499,DIESEL,145,57.7,2
GLE Class,2019,45995,AUTOMATIC,6500,DIESEL,145,36.7,2
C Class,2016,18995,MANUAL,9098,DIESEL,30,64.2,2.1
C Class,2019,28995,AUTOMATIC,4499,DIESEL,145,64.2,2
C Class,2019,28995,AUTOMATIC,3500,DIESEL,145,64.2,2
C Class,2019,31495,AUTOMATIC,3500,DIESEL,145,48.7,2
CL Class,2016,17172,MANUAL,34960,PETROL,125,51.4,1.6
E Class,2016,16982,SEMI-AUTO,43446,DIESEL,20,72.4,2
E Class,2020,37950,SEMI-AUTO,298,DIESEL,150,42.8,2
GLC Class,2017,33000,SEMI-AUTO,28263,PETROL,305,34,3
GLE Class,2017,30300,SEMI-AUTO,11309,DIESEL,265,42.8,3
GLE Class,2017,29800,SEMI-AUTO,7076,DIESEL,150,47.9,2.1
X-CLASS,2018,28950,AUTOMATIC,13500,DIESEL,260,35.8,2.3
GLC Class,2017,28490,SEMI-AUTO,49953,DIESEL,145,56.5,2.1
GLC Class,2020,47890,AUTOMATIC,4025,PETROL,145,27.4,3
E Class,2020,35990,SEMI-AUTO,1499,DIESEL,145,70.6,2
C Class,2020,65990,SEMI-AUTO,999,PETROL,145,28,4
CL Class,2020,30990,SEMI-AUTO,1783,PETROL,145,44.1,1.3
A Class,2020,24990,SEMI-AUTO,2044,DIESEL,145,62.8,1.5
CL Class,2020,27990,SEMI-AUTO,999,PETROL,145,44.8,1.3
E Class,2020,35990,SEMI-AUTO,4025,DIESEL,145,53.3,2
A Class,2019,22890,MANUAL,999,PETROL,145,47.1,1.3
A Class,2019,25490,SEMI-AUTO,1949,PETROL,145,53.3,1.3
A Class,2019,25490,SEMI-AUTO,999,PETROL,145,53.3,1.3
A Class,2019,25490,SEMI-AUTO,2425,PETROL,145,53.3,1.3
C Class,2019,32890,SEMI-AUTO,4025,PETROL,145,42.2,2
GLC Class,2019,35490,SEMI-AUTO,6840,DIESEL,145,40.9,2
S Class,2019,55890,SEMI-AUTO,3380,DIESEL,145,52.3,3
E Class,2016,16295,SEMI-AUTO,48807,DIESEL,125,56.5,2.1
C Class,2014,15999,SEMI-AUTO,31273,PETROL,125,52.3,2
C Class,2016,18150,SEMI-AUTO,41356,DIESEL,30,61.4,2.1
C Class,2016,18150,SEMI-AUTO,41356,DIESEL,30,61.4,2.1
C Class,2015,13750,SEMI-AUTO,61985,DIESEL,20,64.2,2.1
CL Class,2020,30990,SEMI-AUTO,200,PETROL,150,44.8,1.3
E Class,2019,24490,SEMI-AUTO,8499,DIESEL,150,67.3,2
GLS Class,2017,38990,SEMI-AUTO,23510,DIESEL,150,37.2,3
B Class,2015,13490,MANUAL,19499,DIESEL,30,62.8,2.1
C Class,2019,27990,AUTOMATIC,5225,PETROL,145,47.1,1.5
GLA Class,2015,18395,SEMI-AUTO,15296,DIESEL,125,56.5,2.1
A Class,2017,16294,AUTOMATIC,12086,DIESEL,20,74.3,1.5
GLA Class,2016,17995,AUTOMATIC,29593,DIESEL,125,55.4,2.1
B Class,2017,14994,SEMI-AUTO,29162,PETROL,125,51.4,1.6
C Class,2017,19495,SEMI-AUTO,23136,DIESEL,30,64.2,2.1
C Class,2017,22395,SEMI-AUTO,26853,DIESEL,20,67.3,2.1
A Class,2018,17495,MANUAL,31953,PETROL,145,51.4,1.6
GLC Class,2019,46495,SEMI-AUTO,7683,PETROL,145,34,3
C Class,2017,19495,SEMI-AUTO,17257,PETROL,145,50.4,2
GLC Class,2017,23994,SEMI-AUTO,31225,DIESEL,145,56.5,2.1
A Class,2020,25990,SEMI-AUTO,1399,DIESEL,145,65.7,1.5
C Class,2015,17690,AUTOMATIC,32019,DIESEL,125,60.1,2.1
A Class,2017,18790,SEMI-AUTO,19079,PETROL,145,52.3,1.6
A Class,2013,11690,SEMI-AUTO,52029,PETROL,145,50.4,1.6
GLA Class,2017,19890,SEMI-AUTO,20969,DIESEL,145,56.5,2.1
C Class,2019,24990,SEMI-AUTO,7419,DIESEL,145,64.2,2
C Class,2019,25490,SEMI-AUTO,10079,PETROL,145,45.6,1.5
SL CLASS,2019,29990,SEMI-AUTO,8899,PETROL,145,47.1,2
A Class,2018,18990,AUTOMATIC,14645,DIESEL,145,68.9,2.1
C Class,2019,30490,AUTOMATIC,4759,DIESEL,145,61.4,2
C Class,2019,30490,AUTOMATIC,5144,DIESEL,145,61.4,2
A Class,2019,22990,AUTOMATIC,5679,DIESEL,145,65.7,1.5
GLE Class,2019,54890,AUTOMATIC,6740,DIESEL,145,32.5,3
GLC Class,2019,36490,AUTOMATIC,3449,DIESEL,145,40.9,2
E Class,2019,33990,AUTOMATIC,4025,DIESEL,145,42.8,2
E Class,2019,41890,AUTOMATIC,3244,HYBRID,135,176.6,2
V Class,2019,50640,AUTOMATIC,10,DIESEL,145,45.6,2.2
GLE Class,2019,57633,AUTOMATIC,10340,DIESEL,145,32.5,3
E Class,2019,35660,AUTOMATIC,7322,PETROL,145,33.7,2
E Class,2019,36360,SEMI-AUTO,8584,DIESEL,145,57.7,2
GLC Class,2019,36920,AUTOMATIC,8901,DIESEL,145,40.9,2
A Class,2019,23800,SEMI-AUTO,7000,DIESEL,145,67.3,1.5
GLC Class,2017,27782,SEMI-AUTO,37000,DIESEL,200,47.9,3
A Class,2017,15072,MANUAL,37699,PETROL,145,49.6,1.6
A Class,2018,19012,SEMI-AUTO,14314,PETROL,145,53.3,1.6
A Class,2018,17132,SEMI-AUTO,29686,PETROL,145,53.3,1.6
C Class,2020,30990,SEMI-AUTO,2780,DIESEL,145,61.4,2
C Class,2019,27990,AUTOMATIC,5824,DIESEL,145,54.3,1.6
A Class,2019,25490,AUTOMATIC,1304,DIESEL,145,56.5,2
A Class,2019,25490,AUTOMATIC,6224,DIESEL,145,56.5,2
B Class,2019,22990,AUTOMATIC,1539,DIESEL,145,55.4,2
C Class,2019,28990,AUTOMATIC,4824,DIESEL,145,64.2,2
E Class,2020,37890,SEMI-AUTO,2499,DIESEL,145,57.7,2
A Class,2016,12690,MANUAL,48924,DIESEL,20,72.4,1.5
C Class,2017,17490,AUTOMATIC,37484,DIESEL,145,64.2,2.1
GLE Class,2019,47890,SEMI-AUTO,6224,DIESEL,145,36.7,2
E Class,2019,31990,AUTOMATIC,7905,DIESEL,145,42.8,2
C Class,2019,29890,SEMI-AUTO,5960,DIESEL,145,64.2,2
C Class,2019,28390,SEMI-AUTO,7050,PETROL,145,43.5,2
B Class,2019,24490,AUTOMATIC,1695,DIESEL,145,55.4,2
C Class,2019,25890,AUTOMATIC,4074,PETROL,145,44.1,1.5
A Class,2020,33120,SEMI-AUTO,437,PETROL,145,53.3,1.3
E Class,2020,46200,SEMI-AUTO,4814,PETROL,145,33.7,2
A Class,2020,31001,SEMI-AUTO,60,PETROL,145,53.3,1.3
C Class,2014,15499,SEMI-AUTO,34527,DIESEL,30,61.4,2.1
C Class,2015,17030,AUTOMATIC,32673,DIESEL,30,64.2,2.1
CL Class,2014,15830,MANUAL,30110,DIESEL,30,64.2,1.8
GLA Class,2016,19790,SEMI-AUTO,22145,PETROL,200,43.5,2
A Class,2013,9608,MANUAL,41966,DIESEL,0,74.3,1.5
A Class,2016,15921,SEMI-AUTO,27472,PETROL,125,53.3,1.6
CL Class,2019,23250,AUTOMATIC,4474,DIESEL,145,50.4,1.3
C Class,2018,26060,AUTOMATIC,8299,PETROL,145,46.3,1.5
E Class,2013,13150,SEMI-AUTO,59806,DIESEL,160,51.4,2.1
C Class,2019,27490,AUTOMATIC,3098,PETROL,145,42.2,2
GLA Class,2020,26880,SEMI-AUTO,10,PETROL,145,44.8,1.6
GLA Class,2020,26880,SEMI-AUTO,319,PETROL,145,44.8,1.6
GLA Class,2020,26880,SEMI-AUTO,250,PETROL,145,44.8,1.6
A Class,2020,28200,MANUAL,1932,PETROL,145,28.5,1.3
A Class,2020,27720,MANUAL,10,PETROL,145,28.5,1.3
A Class,2020,37080,SEMI-AUTO,2410,PETROL,145,35.8,2
E Class,2016,18902,SEMI-AUTO,44987,DIESEL,20,67.3,2
C Class,2017,18801,SEMI-AUTO,14812,DIESEL,145,64.2,1.6
C Class,2018,24222,SEMI-AUTO,9305,DIESEL,145,67.3,2.1
C Class,2017,21362,SEMI-AUTO,16093,DIESEL,145,64.2,2.1
E Class,2017,20792,SEMI-AUTO,17000,DIESEL,145,72.4,2
C Class,2019,31346,AUTOMATIC,3001,PETROL,145,44.1,2
A Class,2019,18946,SEMI-AUTO,15443,DIESEL,145,65.7,1.5
E Class,2018,51416,AUTOMATIC,9330,PETROL,145,32.1,4
B Class,2018,19462,AUTOMATIC,6775,DIESEL,145,68.9,2.1
A Class,2016,18942,SEMI-AUTO,27905,DIESEL,20,67.3,2.1
E Class,2019,53010,AUTOMATIC,3639,PETROL,145,31.7,3
C Class,2015,28561,SEMI-AUTO,23050,PETROL,305,34.5,4
A Class,2017,17901,MANUAL,30000,DIESEL,150,62.8,2.1
C Class,2018,38123,AUTOMATIC,8233,PETROL,145,29.4,3
C Class,2013,8795,MANUAL,75067,DIESEL,125,60.1,2.1
GLA Class,2019,23122,AUTOMATIC,11656,DIESEL,145,67.3,2.1
SL CLASS,2019,29755,SEMI-AUTO,8009,PETROL,145,47.1,2
GLA Class,2019,24172,SEMI-AUTO,9554,DIESEL,145,67.3,2.1
A Class,2019,18672,AUTOMATIC,15471,DIESEL,145,65.7,1.5
C Class,2018,21492,SEMI-AUTO,10267,DIESEL,145,60.1,2.1
C Class,2019,29386,AUTOMATIC,8013,PETROL,145,44.1,1.5
C Class,2018,23522,SEMI-AUTO,15488,PETROL,145,46.3,1.5
S Class,2018,41632,SEMI-AUTO,12955,DIESEL,145,52.3,3
CL Class,2020,33120,SEMI-AUTO,11327,PETROL,145,44.8,1.3
A Class,2017,18192,SEMI-AUTO,23600,PETROL,125,52.3,1.6
GLA Class,2018,19450,MANUAL,28448,DIESEL,145,64.2,2.1
GLC Class,2018,28452,SEMI-AUTO,26993,DIESEL,145,56.5,2.1
GLC Class,2018,28082,SEMI-AUTO,35754,DIESEL,145,56.5,2.1
GLA Class,2019,25675,SEMI-AUTO,1480,PETROL,145,48.7,1.6
GLA Class,2016,20592,SEMI-AUTO,44087,PETROL,200,43.5,2
C Class,2017,18896,SEMI-AUTO,16323,DIESEL,145,61.4,2.1
G Class,2018,135771,SEMI-AUTO,19000,PETROL,145,21.4,4
V Class,2019,46220,AUTOMATIC,2145,DIESEL,145,36.2,2
GLE Class,2018,41501,SEMI-AUTO,16003,PETROL,145,31.7,3
GLC Class,2019,40260,SEMI-AUTO,12385,PETROL,145,40.9,2
C Class,2019,35068,SEMI-AUTO,11226,PETROL,145,45.6,1.5
CLS Class,2019,51540,SEMI-AUTO,11886,DIESEL,145,48.7,2.9
E Class,2019,29316,SEMI-AUTO,34404,DIESEL,145,70.6,2
A Class,2017,16501,MANUAL,11849,PETROL,145,50.4,1.6
A Class,2017,32222,SEMI-AUTO,23975,PETROL,145,40.9,2
GLA Class,2018,20792,SEMI-AUTO,13775,PETROL,145,50.4,1.6
A Class,2019,36000,SEMI-AUTO,117,PETROL,145,35.3,2
A Class,2017,18401,SEMI-AUTO,26891,DIESEL,150,74.3,1.5
GLA Class,2017,18101,MANUAL,43239,DIESEL,30,64.2,2.1
GLC Class,2018,26951,SEMI-AUTO,28598,DIESEL,150,56.5,2.1
GLA Class,2016,18501,SEMI-AUTO,20654,DIESEL,125,56.6,2.1
A Class,2017,14981,SEMI-AUTO,39000,PETROL,150,53.3,1.6
GLC Class,2016,24486,SEMI-AUTO,22955,DIESEL,125,56.5,2.1
E Class,2015,15499,SEMI-AUTO,74500,DIESEL,145,54.3,3
C Class,2018,28842,SEMI-AUTO,10879,DIESEL,145,54.3,2
C Class,2019,23016,AUTOMATIC,7264,PETROL,145,45.6,1.5
C Class,2019,26876,AUTOMATIC,901,PETROL,145,45.6,1.5
A Class,2017,17462,SEMI-AUTO,22164,DIESEL,145,70.6,2.1
GLA Class,2015,20262,AUTOMATIC,10839,DIESEL,125,55.4,2.1
E Class,2017,21752,SEMI-AUTO,33090,DIESEL,145,61.4,2
E Class,2015,16502,SEMI-AUTO,41641,DIESEL,145,55.4,2.1
B Class,2017,14542,MANUAL,16274,DIESEL,145,68.9,1.5
E Class,2016,19552,SEMI-AUTO,14815,DIESEL,125,61.4,2.1
B Class,2019,21326,AUTOMATIC,18520,PETROL,145,45.6,1.3
GLC Class,2019,32375,SEMI-AUTO,12225,DIESEL,145,42.2,2.1
S Class,2014,29772,SEMI-AUTO,13460,DIESEL,205,48.7,3
CLS Class,2018,31796,SEMI-AUTO,14130,DIESEL,150,48.7,2.9
CL Class,2017,20651,SEMI-AUTO,32895,DIESEL,20,67.3,2.1
A Class,2020,16862,MANUAL,29515,PETROL,150,47.1,1.3
GLC Class,2017,26551,SEMI-AUTO,13644,DIESEL,150,56.5,2.1
A Class,2014,11850,MANUAL,54004,DIESEL,30,62.8,2.1
GLC Class,2016,25432,SEMI-AUTO,45490,DIESEL,125,56.5,2.1
GLC Class,2017,21042,SEMI-AUTO,15230,DIESEL,125,56.5,2.1
A Class,2019,24660,SEMI-AUTO,5406,PETROL,150,53.3,1.3
C Class,2017,24202,AUTOMATIC,20698,DIESEL,145,67.3,2.1
A Class,2019,39960,AUTOMATIC,5990,PETROL,145,35.3,2
A Class,2019,24202,SEMI-AUTO,5856,PETROL,145,53.3,1.3
E Class,2017,19922,SEMI-AUTO,33019,DIESEL,30,65.7,2
E Class,2019,28692,SEMI-AUTO,14950,DIESEL,145,58.9,2
A Class,2019,24562,SEMI-AUTO,3836,PETROL,145,53.3,1.3
CLS Class,2017,26512,SEMI-AUTO,14698,DIESEL,160,51.4,3
GLC Class,2018,29449,SEMI-AUTO,16985,DIESEL,145,56.5,2.1
GLA Class,2016,17050,SEMI-AUTO,54953,DIESEL,125,56.6,2.1
CL Class,2019,28929,SEMI-AUTO,101,PETROL,145,44.8,1.3
A Class,2019,19302,SEMI-AUTO,14123,DIESEL,145,65.7,1.5
B Class,2019,23980,SEMI-AUTO,169,DIESEL,145,55.4,2
A Class,2019,33932,SEMI-AUTO,69,PETROL,145,35.3,2
A Class,2019,36412,SEMI-AUTO,100,PETROL,145,35.3,2
A Class,2019,36412,SEMI-AUTO,100,PETROL,145,35.3,2
A Class,2019,33932,SEMI-AUTO,100,PETROL,145,35.3,2
E Class,2019,44670,AUTOMATIC,169,DIESEL,145,46.3,3
GLC Class,2019,39190,SEMI-AUTO,4335,DIESEL,145,43.5,2
A Class,2019,25440,MANUAL,7000,PETROL,145,47.1,1.3
C Class,2019,37321,AUTOMATIC,50,DIESEL,145,54.3,1.6
C Class,2019,38521,AUTOMATIC,50,DIESEL,145,61.4,2
C Class,2019,40924,AUTOMATIC,5325,PETROL,145,44.1,2
C Class,2019,44160,AUTOMATIC,1414,DIESEL,145,55.4,2
E Class,2019,58921,AUTOMATIC,12,DIESEL,145,47.1,3
GLC Class,2019,44280,AUTOMATIC,5800,DIESEL,145,40.9,2
E Class,2019,61990,AUTOMATIC,169,PETROL,145,30.1,4
E Class,2019,32734,SEMI-AUTO,11458,DIESEL,145,57.7,2
GLA Class,2018,25301,SEMI-AUTO,6361,DIESEL,145,56.5,2.1
A Class,2018,23202,SEMI-AUTO,8261,PETROL,145,53.3,1.3
C Class,2019,26925,SEMI-AUTO,9938,PETROL,145,46.3,1.5
CL Class,2018,19682,MANUAL,28828,PETROL,145,44.1,1.6
GLA Class,2018,21326,AUTOMATIC,13550,DIESEL,145,56.5,2.1
E Class,2018,29401,SEMI-AUTO,18147,DIESEL,145,57.7,2
C Class,2016,18232,SEMI-AUTO,33085,HYBRID,0,134.5,2
B Class,2014,9792,MANUAL,37789,DIESEL,30,61.4,1.5
GLC Class,2018,29932,SEMI-AUTO,14196,DIESEL,145,56.5,2.1
E Class,2016,19232,SEMI-AUTO,56056,DIESEL,145,65.7,2
C Class,2013,11552,AUTOMATIC,43500,PETROL,160,44.8,1.6
CLS Class,2018,41112,SEMI-AUTO,8673,PETROL,145,36.2,3
SL CLASS,2017,16292,MANUAL,30025,PETROL,160,43.5,2
A Class,2016,16592,MANUAL,18922,DIESEL,20,68.9,1.5
C Class,2017,29302,SEMI-AUTO,23988,PETROL,145,36.2,3
A Class,2017,15001,MANUAL,27289,DIESEL,145,68.9,2.1
A Class,2017,17272,AUTOMATIC,32000,DIESEL,20,74.3,1.5
E Class,2016,19250,SEMI-AUTO,54126,DIESEL,160,50.4,3
CL Class,2016,17899,SEMI-AUTO,48182,DIESEL,20,67.3,2.1
GLC Class,2019,39496,SEMI-AUTO,66,PETROL,145,34,3
A Class,2017,13782,MANUAL,20218,DIESEL,0,80.7,1.5
E Class,2016,16072,SEMI-AUTO,61202,DIESEL,145,56.5,2.1
GL Class,2016,33037,SEMI-AUTO,29810,DIESEL,325,36.2,3
A Class,2019,19114,SEMI-AUTO,12069,DIESEL,145,65.7,1.5
E Class,2018,25882,SEMI-AUTO,2861,DIESEL,145,61.4,2
CL Class,2016,17136,AUTOMATIC,11269,PETROL,125,53.3,1.6
A Class,2018,18192,SEMI-AUTO,48501,PETROL,145,52.3,1.6
E Class,2018,27326,SEMI-AUTO,12443,DIESEL,145,70.6,2
E Class,2017,22706,SEMI-AUTO,29556,DIESEL,30,65.7,2
C Class,2019,30666,AUTOMATIC,10062,DIESEL,145,54.3,2
C Class,2019,31876,SEMI-AUTO,9339,DIESEL,145,54.3,2
C Class,2019,26866,AUTOMATIC,5019,PETROL,145,46.3,1.5
C Class,2019,28825,SEMI-AUTO,8351,DIESEL,145,56.5,2
E Class,2019,26185,SEMI-AUTO,3816,DIESEL,145,72.4,2
GLA Class,2015,15695,AUTOMATIC,32000,DIESEL,125,55.4,2.1
GLC Class,2017,32745,SEMI-AUTO,31000,PETROL,145,34,3
A Class,2017,17495,SEMI-AUTO,24500,DIESEL,145,68.9,2.1
C Class,2016,17399,SEMI-AUTO,53000,DIESEL,125,60.1,2.1
E Class,2015,15999,SEMI-AUTO,44704,DIESEL,150,56.5,2.1
B Class,2014,12999,SEMI-AUTO,22261,PETROL,200,42.2,2
GLA Class,2017,18792,MANUAL,14864,DIESEL,145,67.3,2.1
GLC Class,2019,39838,AUTOMATIC,101,DIESEL,145,44.8,2
GLC Class,2019,37970,AUTOMATIC,169,DIESEL,145,40.9,2
E Class,2019,47550,AUTOMATIC,101,PETROL,145,32.5,3
E Class,2019,39480,AUTOMATIC,3341,DIESEL,145,48.7,3
SL CLASS,2019,79210,AUTOMATIC,10,PETROL,145,28,5.5
GLC Class,2019,46076,AUTOMATIC,9460,PETROL,145,27.4,4
GLA Class,2019,23820,SEMI-AUTO,3012,PETROL,145,37.2,1.6
C Class,2017,23332,SEMI-AUTO,13944,DIESEL,125,60.1,2.1
C Class,2017,19895,SEMI-AUTO,8142,DIESEL,30,60.1,2.1
C Class,2015,16946,AUTOMATIC,29517,PETROL,125,51.4,2
E Class,2017,20992,SEMI-AUTO,16534,DIESEL,20,72.4,2
A Class,2016,14401,MANUAL,49776,PETROL,125,51.4,1.6
A Class,2019,21210,MANUAL,16753,PETROL,145,28.5,1.3
A Class,2019,23200,MANUAL,5258,PETROL,145,47.1,1.3
E Class,2019,52713,AUTOMATIC,7502,PETROL,145,32.1,3
E Class,2019,36890,AUTOMATIC,8100,DIESEL,145,57.7,2
A Class,2016,28652,SEMI-AUTO,21848,PETROL,200,40.9,2
A Class,2017,16601,MANUAL,14145,PETROL,145,51.4,1.6
GLE Class,2019,56693,AUTOMATIC,9632,PETROL,145,29.5,3
GLE Class,2019,59812,SEMI-AUTO,3393,PETROL,145,29.5,3
GLC Class,2019,38520,AUTOMATIC,2600,DIESEL,145,44.8,2
GLC Class,2017,30122,SEMI-AUTO,24046,DIESEL,145,56.5,2.1
GLC Class,2017,29676,AUTOMATIC,33169,PETROL,300,34,3
E Class,2019,43995,SEMI-AUTO,2202,PETROL,145,32.1,3
C Class,2019,63495,AUTOMATIC,500,PETROL,145,28,4
C Class,2019,30995,SEMI-AUTO,5999,DIESEL,145,57.7,2
C Class,2019,32495,AUTOMATIC,7499,PETROL,145,44.1,1.5
E Class,2019,31995,AUTOMATIC,8000,DIESEL,145,45.6,2
GLE Class,2019,46995,AUTOMATIC,6999,DIESEL,145,36.7,2
V Class,2019,46895,AUTOMATIC,500,DIESEL,145,36.7,2
V Class,2019,45395,AUTOMATIC,500,DIESEL,145,36.2,2
B Class,2020,23495,MANUAL,2000,PETROL,145,45.6,1.3
C Class,2019,34995,AUTOMATIC,5999,DIESEL,145,54.3,2
C Class,2018,27950,AUTOMATIC,9512,PETROL,150,44.1,2
GLA Class,2014,15950,SEMI-AUTO,25678,DIESEL,30,62.8,2.1
C Class,2016,16950,AUTOMATIC,24080,PETROL,125,50.4,2
CL Class,2015,16000,SEMI-AUTO,57695,DIESEL,20,62.8,2.1
A Class,2017,20000,MANUAL,13685,PETROL,145,41.5,2
CL Class,2017,19995,SEMI-AUTO,20576,DIESEL,145,68.9,2.1
E Class,2018,22995,SEMI-AUTO,24950,DIESEL,145,72.4,2
CL Class,2019,25750,SEMI-AUTO,5498,PETROL,150,40.9,2
A Class,2017,19019,MANUAL,35048,DIESEL,150,68.9,1.5
E Class,2018,30995,SEMI-AUTO,9037,DIESEL,150,51.4,3
C Class,2016,23950,AUTOMATIC,25925,DIESEL,145,54.3,2.1
GLC Class,2018,27989,SEMI-AUTO,6910,DIESEL,145,56.5,2.1
E Class,2018,24975,SEMI-AUTO,2334,DIESEL,145,61.4,2
GLE Class,2017,26925,SEMI-AUTO,30546,DIESEL,145,42.8,3
GLA Class,2015,19599,SEMI-AUTO,16633,PETROL,200,42.8,2
C Class,2019,27950,SEMI-AUTO,6004,DIESEL,145,54.3,2
E Class,2019,26999,SEMI-AUTO,4673,PETROL,145,39.8,2
S Class,2018,34999,SEMI-AUTO,39203,DIESEL,145,52.3,3
SLK,2015,13795,SEMI-AUTO,29945,DIESEL,145,56.5,2
CL Class,2014,12450,MANUAL,56077,PETROL,125,50.4,1.6
C Class,2019,27995,AUTOMATIC,7396,DIESEL,145,57.7,2
C Class,2019,29995,SEMI-AUTO,9,PETROL,145,42.8,2
C Class,2019,32995,SEMI-AUTO,24,PETROL,145,42.2,2
E Class,2019,25495,SEMI-AUTO,7499,DIESEL,145,67.3,2
C Class,2018,26595,SEMI-AUTO,11522,DIESEL,145,57.7,2
C Class,2018,21695,AUTOMATIC,8090,PETROL,145,46.3,1.5
E Class,2019,31628,SEMI-AUTO,1499,DIESEL,145,41.5,3
C Class,2018,36495,AUTOMATIC,5983,PETROL,145,36.2,3
C Class,2017,14645,AUTOMATIC,42104,DIESEL,20,65.7,2.1
GLC Class,2018,26995,SEMI-AUTO,20226,DIESEL,145,56.5,2.1
GLE Class,2018,42895,SEMI-AUTO,8578,DIESEL,145,36.7,3
GLC Class,2019,31295,SEMI-AUTO,4181,DIESEL,145,44.8,2
GLA Class,2019,23945,SEMI-AUTO,11767,PETROL,145,50.4,1.6
GLE Class,2016,32995,SEMI-AUTO,18072,DIESEL,265,42.8,3
C Class,2019,25495,SEMI-AUTO,12067,PETROL,150,47.1,1.5
A Class,2019,24795,SEMI-AUTO,12166,PETROL,150,53.3,1.3
C Class,2019,32994,SEMI-AUTO,18388,DIESEL,150,64.2,2
B Class,2018,17499,SEMI-AUTO,14890,DIESEL,145,68.9,2.1
C Class,2016,18750,SEMI-AUTO,22557,DIESEL,30,62.8,2.1
E Class,2017,21450,SEMI-AUTO,19577,DIESEL,145,61.4,2
C Class,2019,30840,SEMI-AUTO,6200,DIESEL,145,55.4,2
C Class,2019,27295,SEMI-AUTO,4200,DIESEL,145,60.1,1.6
SL CLASS,2019,29595,SEMI-AUTO,3199,PETROL,145,47.1,2
GLA Class,2014,16995,SEMI-AUTO,35344,DIESEL,150,55.4,2.1
C Class,2016,22995,SEMI-AUTO,30012,DIESEL,20,67.3,2.1
GLA Class,2019,21795,SEMI-AUTO,7326,PETROL,150,44.8,1.6
GLA Class,2019,21995,SEMI-AUTO,6499,PETROL,150,44.8,1.6
GLC Class,2019,35995,SEMI-AUTO,7132,DIESEL,145,40.9,2
GLC Class,2019,35995,SEMI-AUTO,11984,DIESEL,145,40.9,2
A Class,2019,23495,SEMI-AUTO,5931,PETROL,145,28.5,1.3
A Class,2019,23995,SEMI-AUTO,6429,PETROL,150,53.3,1.3
B Class,2019,21295,SEMI-AUTO,13389,PETROL,150,45.6,1.3
A Class,2019,24495,SEMI-AUTO,8411,DIESEL,150,67.3,1.5
GLC Class,2019,31295,SEMI-AUTO,12580,DIESEL,145,41.5,2.1
GLC Class,2019,31795,SEMI-AUTO,7780,DIESEL,145,41.5,2.1
E Class,2019,34695,SEMI-AUTO,2676,HYBRID,135,188.3,2
C Class,2018,26395,SEMI-AUTO,8793,DIESEL,145,57.7,2
C Class,2019,28795,SEMI-AUTO,11054,DIESEL,145,54.3,2
C Class,2019,24595,SEMI-AUTO,15274,DIESEL,145,61.4,2
CL Class,2019,25495,SEMI-AUTO,13780,DIESEL,145,51.4,2.2
A Class,2019,24000,SEMI-AUTO,4772,PETROL,145,28.5,2
E Class,2013,15000,SEMI-AUTO,37054,DIESEL,165,49.6,3
A Class,2017,14500,SEMI-AUTO,26657,PETROL,125,53.3,1.6
GLC Class,2016,22000,AUTOMATIC,47358,DIESEL,125,56.5,2.1
GLA Class,2018,20500,SEMI-AUTO,12576,PETROL,145,50.4,1.6
C Class,2016,18000,SEMI-AUTO,24857,DIESEL,30,62.8,2.1
A Class,2017,16795,MANUAL,25112,PETROL,150,49.6,1.6
C Class,2019,25495,SEMI-AUTO,12382,PETROL,150,47.1,1.5
A Class,2019,20295,SEMI-AUTO,9469,PETROL,150,28.5,1.3
A Class,2019,23495,SEMI-AUTO,12056,PETROL,150,53.3,1.3
B Class,2019,18195,SEMI-AUTO,11877,DIESEL,145,68.9,2.1
C Class,2018,26295,SEMI-AUTO,10069,DIESEL,145,57.7,2
B Class,2020,26495,SEMI-AUTO,100,DIESEL,145,55.4,2
A Class,2020,27995,SEMI-AUTO,16,DIESEL,145,67.3,1.5
GLA Class,2019,24003,SEMI-AUTO,6584,PETROL,145,36.2,1.6
GLE Class,2019,47995,SEMI-AUTO,5343,DIESEL,145,36.7,2
GLC Class,2019,32495,SEMI-AUTO,3628,DIESEL,145,44.8,2
A Class,2020,27995,SEMI-AUTO,100,DIESEL,145,62.8,1.5
GLE Class,2020,50495,SEMI-AUTO,2200,DIESEL,145,36.7,2
GLA Class,2017,20995,SEMI-AUTO,20960,DIESEL,125,58.9,2.1
C Class,2019,26995,SEMI-AUTO,9,DIESEL,145,60.1,1.6
C Class,2019,42895,AUTOMATIC,4829,PETROL,145,29.1,3
C Class,2019,32495,SEMI-AUTO,7499,PETROL,145,44.1,1.5
C Class,2017,16995,AUTOMATIC,33219,DIESEL,145,64.2,2.1
C Class,2019,28995,AUTOMATIC,5650,DIESEL,145,58.9,2.1
C Class,2019,29995,SEMI-AUTO,1,DIESEL,145,57.7,2
C Class,2019,30995,SEMI-AUTO,1,DIESEL,145,46.3,2
C Class,2019,26995,SEMI-AUTO,1,DIESEL,145,54.3,1.6
E Class,2019,37995,SEMI-AUTO,1,DIESEL,145,48.7,3
B Class,2019,21480,SEMI-AUTO,14815,PETROL,145,45.6,1.3
E Class,2017,20981,SEMI-AUTO,24800,DIESEL,145,65.7,2
E Class,2018,29981,AUTOMATIC,870,DIESEL,145,57.7,2
V Class,2019,38949,AUTOMATIC,14227,DIESEL,145,45.6,2.2
E Class,2019,24981,AUTOMATIC,11911,DIESEL,145,72.4,2
GLC Class,2018,27890,AUTOMATIC,10007,DIESEL,145,56.5,2.1
C Class,2019,29990,AUTOMATIC,5376,PETROL,145,44.1,2
C Class,2019,25989,AUTOMATIC,2997,PETROL,145,44.1,1.5
C Class,2019,26990,AUTOMATIC,4042,PETROL,145,42.2,2
C Class,2019,26990,AUTOMATIC,2368,PETROL,145,42.2,2
A Class,2019,35990,AUTOMATIC,3331,PETROL,145,35.3,2
E Class,2019,43989,AUTOMATIC,6214,HYBRID,135,188.3,2
V Class,2019,44990,AUTOMATIC,1099,DIESEL,145,45.6,2.2
GLE Class,2018,43980,SEMI-AUTO,7719,DIESEL,145,36.7,3
E Class,2018,30980,AUTOMATIC,2247,DIESEL,145,57.7,2
E Class,2019,24981,AUTOMATIC,14857,DIESEL,145,72.4,2
C Class,2019,26981,AUTOMATIC,7931,DIESEL,145,61.4,2
GLE Class,2019,44981,AUTOMATIC,7496,DIESEL,145,36.7,3
C Class,2019,29990,AUTOMATIC,6542,DIESEL,145,61.4,2
B Class,2019,21480,SEMI-AUTO,13871,PETROL,145,45.6,1.3
C Class,2019,28989,AUTOMATIC,1409,DIESEL,145,57.7,2
C Class,2017,26949,AUTOMATIC,28058,PETROL,145,40.9,2
C Class,2018,24750,AUTOMATIC,22000,DIESEL,145,58.9,2.1
GLA Class,2018,21891,AUTOMATIC,11246,DIESEL,145,56.5,2.1
E Class,2017,19989,AUTOMATIC,24425,DIESEL,145,72.4,2
CLS Class,2018,32950,AUTOMATIC,3942,DIESEL,145,48.7,2.9
GLE Class,2016,35990,AUTOMATIC,17569,DIESEL,300,39.2,3
E Class,2019,27750,SEMI-AUTO,14943,DIESEL,145,58.9,2
GLS Class,2017,41990,SEMI-AUTO,32875,DIESEL,305,37.2,3
V Class,2015,23000,SEMI-AUTO,69172,DIESEL,200,45.6,2.2
A Class,2016,16490,SEMI-AUTO,34856,DIESEL,20,74.3,1.5
V Class,2019,49989,SEMI-AUTO,1611,DIESEL,145,36.7,2
GLC Class,2017,23481,SEMI-AUTO,29025,DIESEL,125,56.5,2.1
GLC Class,2020,46990,SEMI-AUTO,5133,DIESEL,145,40.4,2
C Class,2019,34989,AUTOMATIC,4131,DIESEL,145,55.4,2
E Class,2019,24990,AUTOMATIC,12341,DIESEL,145,67.3,2
E Class,2019,25989,AUTOMATIC,3443,DIESEL,145,67.3,2
C Class,2017,18981,SEMI-AUTO,25688,DIESEL,145,64.2,2.1
C Class,2017,23990,SEMI-AUTO,29000,PETROL,145,43.5,2
C Class,2019,29990,AUTOMATIC,5500,PETROL,145,42.8,2
CL Class,2017,32990,SEMI-AUTO,22000,PETROL,205,40.9,2
GLC Class,2017,26480,SEMI-AUTO,34596,DIESEL,125,56.5,2.1
C Class,2016,22480,SEMI-AUTO,18724,DIESEL,20,67.3,2.1
C Class,2017,21490,SEMI-AUTO,54000,DIESEL,150,67.3,2.1
C Class,2016,36981,SEMI-AUTO,20500,PETROL,305,34.5,4
GLA Class,2019,22989,SEMI-AUTO,12884,DIESEL,150,67.3,2.1
SL CLASS,2017,34990,SEMI-AUTO,25036,PETROL,150,36.7,3
GLS Class,2019,65990,SEMI-AUTO,5076,DIESEL,150,30.4,3
CL Class,2017,19990,SEMI-AUTO,28600,DIESEL,150,67.3,2.1
S Class,2019,59949,AUTOMATIC,6468,DIESEL,145,48.7,3
GLC Class,2019,76989,AUTOMATIC,3012,PETROL,145,22.1,4
C Class,2017,17981,SEMI-AUTO,13881,DIESEL,145,64.2,2.1
E Class,2019,52990,AUTOMATIC,6332,DIESEL,145,47.1,3
E Class,2019,34139,AUTOMATIC,6425,DIESEL,145,57.7,2
GLE Class,2019,49950,AUTOMATIC,16668,DIESEL,145,32.5,3
CLS Class,2019,49950,AUTOMATIC,3335,DIESEL,145,48.7,2.9
C Class,2019,69950,AUTOMATIC,1079,PETROL,145,27.2,4
GLC Class,2019,39990,AUTOMATIC,7095,DIESEL,145,40.9,2
GLC Class,2019,37989,AUTOMATIC,4824,DIESEL,145,40.9,2
GLE Class,2020,54990,SEMI-AUTO,3016,DIESEL,150,32.8,3
E Class,2017,19950,AUTOMATIC,15474,DIESEL,145,72.4,2
GLA Class,2015,15349,SEMI-AUTO,42759,DIESEL,20,67.3,2.1
E Class,2015,17490,SEMI-AUTO,19556,DIESEL,125,61.4,2.1
SL CLASS,2019,32889,SEMI-AUTO,522,PETROL,145,47.1,2
V Class,2019,48890,SEMI-AUTO,650,DIESEL,145,36.7,2
A Class,2019,26499,SEMI-AUTO,3825,DIESEL,145,56.5,2
C Class,2019,66890,SEMI-AUTO,1200,PETROL,145,28.5,4
A Class,2019,26979,SEMI-AUTO,2850,PETROL,145,28.5,2
C Class,2019,37995,SEMI-AUTO,1800,DIESEL,145,54.3,2
G Class,2020,159999,SEMI-AUTO,1350,PETROL,145,21.4,4
B Class,2019,22890,SEMI-AUTO,12250,DIESEL,145,55.4,2
CL Class,2014,15990,SEMI-AUTO,63824,DIESEL,30,62.8,2.1
GLC Class,2017,26780,SEMI-AUTO,24557,DIESEL,150,56.5,2.1
E Class,2017,21950,SEMI-AUTO,19156,DIESEL,160,52.3,3
B Class,2019,27949,SEMI-AUTO,1732,PETROL,145,37.7,2
C Class,2019,34890,SEMI-AUTO,1139,HYBRID,135,217.3,2
A Class,2020,28989,MANUAL,3150,PETROL,145,45.6,1.3
E Class,2019,39450,SEMI-AUTO,11476,DIESEL,145,48.7,3
C Class,2016,24890,SEMI-AUTO,25002,DIESEL,30,65.7,2.1
E Class,2019,31500,AUTOMATIC,5130,DIESEL,145,72.4,2
A Class,2019,129990,AUTOMATIC,1000,PETROL,145,24.8,4
S Class,2017,29990,SEMI-AUTO,17814,DIESEL,160,50.4,3
A Class,2020,24500,MANUAL,850,PETROL,145,47.1,1.3
A Class,2020,24500,MANUAL,1950,PETROL,145,44.8,1.3
A Class,2020,25890,SEMI-AUTO,3200,PETROL,145,53.3,1.3
CL Class,2019,39101,AUTOMATIC,8435,PETROL,145,32.8,2
A Class,2017,16250,SEMI-AUTO,43865,DIESEL,145,68.9,2.1
GLE Class,2019,53990,AUTOMATIC,5000,DIESEL,145,36.7,3
S Class,2019,63999,AUTOMATIC,618,DIESEL,145,52.3,3
A Class,2019,26750,SEMI-AUTO,4481,DIESEL,145,62.8,1.5
B Class,2017,13980,MANUAL,24610,DIESEL,145,65.7,2.1
GLC Class,2019,41890,AUTOMATIC,2500,DIESEL,145,40.9,2
GLC Class,2017,28450,AUTOMATIC,22608,DIESEL,145,56.5,2.1
S Class,2019,124999,AUTOMATIC,1500,PETROL,145,31.7,4
GLC Class,2020,39990,SEMI-AUTO,3125,DIESEL,145,40.9,2
E Class,2019,43490,SEMI-AUTO,6500,DIESEL,145,47.1,3
C Class,2019,31980,SEMI-AUTO,5133,PETROL,145,46.3,1.5
C Class,2019,29890,SEMI-AUTO,1587,DIESEL,145,60.1,1.6
E Class,2019,49989,SEMI-AUTO,716,PETROL,145,32.1,3
C Class,2019,31890,SEMI-AUTO,89,DIESEL,145,54.3,1.6
SL CLASS,2017,20490,SEMI-AUTO,8347,DIESEL,145,70.6,2.1
B Class,2019,21890,SEMI-AUTO,13080,PETROL,145,45.6,1.3
E Class,2016,19980,SEMI-AUTO,16383,DIESEL,145,53.3,3
V Class,2019,39500,AUTOMATIC,1250,DIESEL,145,44.8,2.2
CL Class,2015,13890,MANUAL,32636,PETROL,125,50.4,1.6
B Class,2019,24890,AUTOMATIC,4271,DIESEL,145,55.4,2
C Class,2019,29889,AUTOMATIC,4721,DIESEL,145,55.4,2
A Class,2015,12490,SEMI-AUTO,35104,DIESEL,20,68.9,1.5
GLC Class,2017,27980,SEMI-AUTO,16617,DIESEL,145,56.5,2.1
S Class,2018,79989,AUTOMATIC,2499,PETROL,145,34,4
GLE Class,2019,48890,SEMI-AUTO,4500,DIESEL,150,35.8,2
GLC Class,2017,26990,SEMI-AUTO,28001,DIESEL,150,56.5,2.1
A Class,2015,11480,MANUAL,47552,DIESEL,0,80.7,1.5
GLC Class,2016,22500,SEMI-AUTO,26789,DIESEL,125,56.5,2.1
C Class,2015,16490,SEMI-AUTO,53126,DIESEL,30,64.2,2.1
S Class,2018,49980,AUTOMATIC,17587,PETROL,145,40.9,3
A Class,2017,14490,SEMI-AUTO,42670,DIESEL,0,74.3,2.1
GLA Class,2018,22250,AUTOMATIC,13546,DIESEL,145,56.5,2.1
C Class,2017,18979,SEMI-AUTO,27384,DIESEL,30,64.2,2.1
E Class,2017,19500,SEMI-AUTO,23682,DIESEL,20,72.4,2
B Class,2016,14490,SEMI-AUTO,24178,DIESEL,20,68.9,1.5
E Class,2019,30890,AUTOMATIC,890,PETROL,145,39.8,2
C Class,2019,31890,AUTOMATIC,2850,DIESEL,145,46.3,2
C Class,2019,29889,AUTOMATIC,980,DIESEL,145,57.7,2
C Class,2019,27890,AUTOMATIC,4985,DIESEL,145,60.1,1.6
C Class,2019,30890,AUTOMATIC,4390,PETROL,145,42.8,2
GLS Class,2018,41994,AUTOMATIC,7256,DIESEL,145,37.2,3
GLC Class,2019,30500,SEMI-AUTO,8696,DIESEL,145,56.5,2.1
GLC Class,2019,29490,SEMI-AUTO,12315,DIESEL,145,56.5,2.1
A Class,2019,20890,AUTOMATIC,13119,PETROL,145,53.3,1.3
GLE Class,2018,45890,AUTOMATIC,9343,DIESEL,145,36.7,3
E Class,2019,25980,AUTOMATIC,3850,DIESEL,145,67.3,2
E Class,2019,25489,AUTOMATIC,7781,DIESEL,145,72.4,2
GLE Class,2017,30890,SEMI-AUTO,4300,DIESEL,200,47.9,2.1
V Class,2017,32980,AUTOMATIC,8141,DIESEL,145,45.6,2.2
E Class,2019,25890,AUTOMATIC,9755,DIESEL,145,72.4,2
B Class,2019,21890,AUTOMATIC,13338,PETROL,145,45.6,1.3
C Class,2018,26950,SEMI-AUTO,10798,DIESEL,145,57.7,2
SL CLASS,2017,20490,SEMI-AUTO,6271,DIESEL,145,70.6,2.1
SL CLASS,2017,20490,SEMI-AUTO,8728,DIESEL,145,70.6,2.1
SL CLASS,2016,47995,AUTOMATIC,19425,PETROL,555,28,5.5
C Class,2017,18495,SEMI-AUTO,29979,PETROL,145,50.4,2
C Class,2017,18795,SEMI-AUTO,37756,DIESEL,30,60.1,2.1
C Class,2019,23495,AUTOMATIC,12449,PETROL,145,45.6,1.5
SL CLASS,2019,50995,AUTOMATIC,9393,PETROL,145,31.4,4.7
C Class,2019,33995,SEMI-AUTO,18,PETROL,145,42.8,2
C Class,2019,30995,SEMI-AUTO,16,PETROL,145,44.1,2
E Class,2019,25995,SEMI-AUTO,7499,DIESEL,145,67.3,2
C Class,2018,26595,AUTOMATIC,9055,DIESEL,145,57.7,2
E Class,2019,25890,AUTOMATIC,6500,DIESEL,145,72.4,2
C Class,2019,31890,AUTOMATIC,3150,PETROL,145,44.1,2
A Class,2019,18450,AUTOMATIC,15371,DIESEL,145,68.9,1.5
GLE Class,2019,46890,SEMI-AUTO,5820,DIESEL,145,36.7,3
C Class,2019,23490,AUTOMATIC,16926,PETROL,145,45.6,1.5
C Class,2018,21189,AUTOMATIC,10264,DIESEL,145,60.1,2.1
C Class,2019,31980,AUTOMATIC,1873,DIESEL,145,54.3,2
E Class,2019,28500,SEMI-AUTO,14188,DIESEL,145,58.9,2
C Class,2019,32499,AUTOMATIC,1950,PETROL,145,44.1,2
C Class,2019,30889,AUTOMATIC,8500,DIESEL,145,61.4,2
A Class,2019,22795,AUTOMATIC,1499,DIESEL,145,62.8,1.5
GLA Class,2020,22495,AUTOMATIC,4499,PETROL,145,44.8,1.6
A Class,2020,24495,AUTOMATIC,3999,DIESEL,145,67.3,1.5
C Class,2019,29995,SEMI-AUTO,9,DIESEL,145,55.4,2
S Class,2017,49890,AUTOMATIC,8090,PETROL,145,32.1,4.7
E Class,2018,29750,AUTOMATIC,11309,DIESEL,145,57.7,2
C Class,2019,33000,AUTOMATIC,2850,PETROL,145,44.1,2
C Class,2019,28980,AUTOMATIC,2950,PETROL,145,41.5,2
A Class,2020,44995,SEMI-AUTO,500,PETROL,145,32.8,2
C Class,2020,54995,SEMI-AUTO,1499,PETROL,145,29.7,3
GLC Class,2020,49995,SEMI-AUTO,2000,PETROL,145,26.4,3
A Class,2020,24495,MANUAL,2999,PETROL,145,28.5,1.3
GLC Class,2020,39995,SEMI-AUTO,3999,PETROL,145,32.1,2
GLC Class,2020,72995,SEMI-AUTO,500,PETROL,145,22.4,4
GLC Class,2020,75995,SEMI-AUTO,500,PETROL,145,22.1,4
V Class,2016,32134,SEMI-AUTO,24754,DIESEL,235,44.8,2.2
E Class,2018,39495,SEMI-AUTO,11999,PETROL,145,32.8,3
V Class,2016,32895,AUTOMATIC,20751,DIESEL,235,44.8,2.2
SL CLASS,2017,33995,AUTOMATIC,49439,PETROL,145,36.7,3
A Class,2015,13995,SEMI-AUTO,31103,DIESEL,20,74.3,1.5
C Class,2019,42995,SEMI-AUTO,101,PETROL,145,29.7,3
C Class,2017,36895,SEMI-AUTO,20699,PETROL,145,33.6,4
C Class,2019,27995,AUTOMATIC,6206,DIESEL,145,56.5,2
A Class,2018,17990,SEMI-AUTO,30807,DIESEL,150,74.3,1.5
C Class,2019,30890,AUTOMATIC,5250,DIESEL,145,61.4,2
C Class,2016,17979,SEMI-AUTO,31574,DIESEL,30,64.2,2.1
A Class,2017,16489,MANUAL,10192,DIESEL,145,68.9,1.5
GLC Class,2019,34970,AUTOMATIC,7298,PETROL,145,38.7,2
CLS Class,2017,23980,SEMI-AUTO,26747,DIESEL,145,51.4,3
GLE Class,2019,51890,SEMI-AUTO,12268,PETROL,145,30.1,3
GLE Class,2019,47979,SEMI-AUTO,8642,DIESEL,145,36.7,2
C Class,2019,27889,AUTOMATIC,6250,PETROL,145,43.5,2
C Class,2019,27889,SEMI-AUTO,10111,DIESEL,145,61.4,2
C Class,2019,35000,AUTOMATIC,1250,PETROL,145,42.2,2
C Class,2019,32499,AUTOMATIC,3250,PETROL,145,44.1,2
C Class,2019,32499,AUTOMATIC,1800,PETROL,145,44.1,2
E Class,2018,34749,AUTOMATIC,12458,DIESEL,145,41.5,3
GLC Class,2018,25890,AUTOMATIC,9848,DIESEL,145,56.5,2.1
B Class,2019,21890,SEMI-AUTO,12247,PETROL,145,45.6,1.3
GLC Class,2019,32890,SEMI-AUTO,9948,DIESEL,145,42.2,2.1
B Class,2019,19950,SEMI-AUTO,14300,PETROL,145,45.6,1.3
C Class,2019,30890,AUTOMATIC,7265,DIESEL,145,61.4,2
C Class,2019,29990,AUTOMATIC,4850,DIESEL,145,61.4,2
C Class,2019,26499,MANUAL,890,DIESEL,145,64.2,1.6
E Class,2019,26499,AUTOMATIC,3350,DIESEL,145,67.3,2
C Class,2016,31945,AUTOMATIC,34765,PETROL,260,35.3,3
GLA Class,2018,20995,SEMI-AUTO,13133,DIESEL,145,56.5,2.1
CL Class,2017,19995,MANUAL,10161,PETROL,125,51.4,1.6
E Class,2019,47995,AUTOMATIC,1001,PETROL,145,31.7,3
SL CLASS,2019,49995,AUTOMATIC,8996,PETROL,145,31.4,4.7
C Class,2019,27195,AUTOMATIC,4114,DIESEL,145,57.7,2
GLE Class,2016,26295,SEMI-AUTO,27595,DIESEL,260,42.8,3
E Class,2019,39995,SEMI-AUTO,5000,PETROL,145,32.9,2
GLE Class,2019,45995,AUTOMATIC,3999,DIESEL,145,36.7,2
C Class,2019,61995,AUTOMATIC,100,PETROL,145,27.2,4
GLA Class,2015,15895,SEMI-AUTO,44874,DIESEL,145,55.4,2.1
A Class,2015,12245,MANUAL,25620,DIESEL,20,72.4,1.5
C Class,2018,30995,SEMI-AUTO,5514,PETROL,145,42.2,2
C Class,2016,21895,SEMI-AUTO,20651,DIESEL,20,67.3,2.1
GLC Class,2019,31995,AUTOMATIC,5999,DIESEL,145,44.8,2
C Class,2019,61495,AUTOMATIC,1499,PETROL,145,34.5,4
GLE Class,2019,39495,SEMI-AUTO,1795,DIESEL,145,42.8,3
C Class,2019,29995,AUTOMATIC,2343,DIESEL,145,61.4,2
C Class,2019,31995,AUTOMATIC,2568,PETROL,145,44.1,2
C Class,2019,31995,AUTOMATIC,1687,PETROL,145,44.1,2
C Class,2019,29995,AUTOMATIC,3457,DIESEL,145,55.4,2
A Class,2017,17795,SEMI-AUTO,24175,DIESEL,20,70.6,2.1
C Class,2019,25995,AUTOMATIC,4235,DIESEL,145,60.1,1.6
C Class,2019,28995,SEMI-AUTO,100,DIESEL,145,64.2,2
GLC Class,2019,31995,AUTOMATIC,100,DIESEL,145,44.8,2
GLC Class,2020,49995,SEMI-AUTO,5000,PETROL,145,27.4,3
GLA Class,2020,22495,SEMI-AUTO,101,PETROL,145,44.8,1.6
E Class,2016,22990,SEMI-AUTO,32000,DIESEL,30,61.4,2
SLK,2014,14890,SEMI-AUTO,35000,DIESEL,150,56.5,2
A Class,2016,15890,SEMI-AUTO,18853,DIESEL,20,74.3,1.5
A Class,2019,18690,SEMI-AUTO,14055,DIESEL,145,65.7,1.5
A Class,2018,16980,SEMI-AUTO,14909,DIESEL,145,65.7,1.5
E Class,2017,34980,SEMI-AUTO,26129,PETROL,300,32.8,3
C Class,2017,30745,AUTOMATIC,16274,PETROL,145,36.2,3
E Class,2017,21495,AUTOMATIC,32080,DIESEL,145,54.3,3
CL Class,2017,16985,MANUAL,32938,DIESEL,145,67.3,2.1
GLS Class,2018,43289,AUTOMATIC,18500,DIESEL,145,37.2,3
GLE Class,2017,53989,SEMI-AUTO,6000,PETROL,145,23.9,5.5
GLS Class,2017,42489,AUTOMATIC,21200,DIESEL,145,37.2,3
GLC Class,2019,43489,AUTOMATIC,100,PETROL,145,34,3
C Class,2019,32995,AUTOMATIC,6638,PETROL,145,42.2,2
E Class,2019,25995,AUTOMATIC,6620,DIESEL,145,67.3,2
CL Class,2017,18990,SEMI-AUTO,20799,DIESEL,145,67.3,2.1
C Class,2016,20895,SEMI-AUTO,35999,DIESEL,125,60.1,2.1
C Class,2016,31495,AUTOMATIC,28968,PETROL,300,34,3
B Class,2019,26395,SEMI-AUTO,8612,DIESEL,145,54.3,2
M Class,2014,32995,SEMI-AUTO,33271,PETROL,580,23.9,5.5
GLC Class,2017,32995,SEMI-AUTO,6500,DIESEL,150,56.5,2.1
CLS Class,2017,23995,SEMI-AUTO,15833,DIESEL,160,49.6,3
C Class,2018,26595,SEMI-AUTO,10040,DIESEL,145,57.7,2
C Class,2019,33995,AUTOMATIC,4788,PETROL,145,42.8,2
E Class,2019,41795,AUTOMATIC,101,DIESEL,145,47.1,3
G Class,2018,139995,SEMI-AUTO,13046,PETROL,145,21.4,4
A Class,2014,15323,AUTOMATIC,63998,PETROL,200,42.8,2
A Class,2016,15495,SEMI-AUTO,24078,DIESEL,20,70.6,2.1
GLA Class,2017,18495,SEMI-AUTO,34940,DIESEL,30,64.2,2.1
C Class,2019,23995,AUTOMATIC,6099,PETROL,145,47.1,1.5
C Class,2014,13295,SEMI-AUTO,38644,PETROL,160,44.8,1.6
A Class,2017,15495,AUTOMATIC,30434,PETROL,125,52.3,1.6
GLC Class,2017,26995,SEMI-AUTO,21500,DIESEL,145,56.5,2.1
C Class,2019,27495,SEMI-AUTO,20400,DIESEL,145,55.4,2
E Class,2016,18995,SEMI-AUTO,18723,DIESEL,125,60.1,2.1
GLC Class,2019,31995,AUTOMATIC,1852,PETROL,145,37.2,2
V Class,2019,46895,AUTOMATIC,100,DIESEL,145,36.7,2
CL Class,2019,25495,SEMI-AUTO,5999,PETROL,145,44.8,1.3
GLC Class,2019,69995,AUTOMATIC,1829,PETROL,145,22.1,4
C Class,2016,35995,AUTOMATIC,31719,PETROL,300,34.5,4
C Class,2019,30995,AUTOMATIC,4829,PETROL,145,44.1,2
E Class,2019,26995,AUTOMATIC,7475,PETROL,145,42.2,2
E Class,2019,24995,AUTOMATIC,6584,DIESEL,145,72.4,2
C Class,2019,30995,AUTOMATIC,5862,PETROL,145,44.1,2
V Class,2018,42134,AUTOMATIC,3067,DIESEL,145,44.8,2.2
CL Class,2020,29995,SEMI-AUTO,618,PETROL,145,44.8,1.3
E Class,2020,39895,SEMI-AUTO,101,PETROL,145,33.7,2
E Class,2020,42990,SEMI-AUTO,3541,PETROL,145,32.9,2
A Class,2016,69995,SEMI-AUTO,10104,PETROL,325,30.1,4
S Class,2019,55995,AUTOMATIC,1933,DIESEL,145,40.4,3
A Class,2019,21895,MANUAL,408,PETROL,145,47.1,1.3
GLC Class,2019,42495,AUTOMATIC,8999,PETROL,145,34,3
C Class,2019,38995,AUTOMATIC,500,PETROL,145,29.7,3
GLC Class,2019,38885,SEMI-AUTO,19440,DIESEL,145,40.9,2
CL Class,2016,17995,SEMI-AUTO,33893,DIESEL,20,67.3,2.1
E Class,2017,29995,SEMI-AUTO,24531,PETROL,145,40.4,2
E Class,2016,19250,AUTOMATIC,27083,DIESEL,30,65.7,2
GLE Class,2016,28950,SEMI-AUTO,33129,DIESEL,260,42.8,3
GLS Class,2017,41750,AUTOMATIC,8823,DIESEL,145,37.2,3
E Class,2018,26250,AUTOMATIC,15228,DIESEL,145,70.6,2
GLC Class,2016,23750,AUTOMATIC,28197,DIESEL,125,56.5,2.1
E Class,2016,17990,SEMI-AUTO,28123,DIESEL,30,65.7,2
E Class,2017,21890,SEMI-AUTO,26932,DIESEL,160,52.3,3
S Class,2017,37500,AUTOMATIC,12653,DIESEL,145,52.3,3
C Class,2019,31950,AUTOMATIC,2947,DIESEL,145,54.3,1.6
GLC Class,2019,34950,AUTOMATIC,5700,DIESEL,145,44.8,2
C Class,2019,34995,AUTOMATIC,5000,PETROL,145,44.1,2
GLC Class,2019,30890,SEMI-AUTO,12076,DIESEL,145,56.5,2.1
C Class,2019,41750,SEMI-AUTO,10004,PETROL,145,34.5,4
E Class,2019,24950,AUTOMATIC,6399,DIESEL,145,67.3,2
V Class,2019,38949,AUTOMATIC,11588,DIESEL,145,45.6,2.2
C Class,2019,26949,AUTOMATIC,6296,DIESEL,145,60.1,1.6
C Class,2019,28950,AUTOMATIC,4320,PETROL,145,42.8,2
E Class,2019,24950,AUTOMATIC,5664,DIESEL,145,67.3,2
C Class,2019,40890,SEMI-AUTO,5367,PETROL,145,29.1,3
E Class,2019,26889,AUTOMATIC,9116,DIESEL,145,72.4,2
C Class,2019,26949,AUTOMATIC,608,PETROL,145,42.2,2
C Class,2019,26949,AUTOMATIC,4971,PETROL,145,42.2,2
GLC Class,2019,31950,AUTOMATIC,9460,DIESEL,145,42.2,2.1
C Class,2019,28749,AUTOMATIC,5099,DIESEL,145,58.9,2.1
C Class,2019,27950,AUTOMATIC,1498,PETROL,145,44.1,1.5
C Class,2019,31950,AUTOMATIC,2323,DIESEL,145,46.3,2
C Class,2019,30950,AUTOMATIC,1218,DIESEL,145,56.5,2
E Class,2019,34890,SEMI-AUTO,13883,DIESEL,145,48.7,3
E Class,2019,27750,AUTOMATIC,15262,DIESEL,145,58.9,2
B Class,2019,20890,SEMI-AUTO,3166,DIESEL,145,68.9,2.1
SL CLASS,2016,18950,MANUAL,17358,PETROL,160,43.5,2
C Class,2016,18950,AUTOMATIC,32720,DIESEL,30,64.2,2.1
E Class,2019,28950,SEMI-AUTO,14321,DIESEL,145,58.9,2
B Class,2019,26890,SEMI-AUTO,7822,DIESEL,145,54.3,2
C Class,2018,20889,SEMI-AUTO,8493,PETROL,145,44.1,1.5
SL CLASS,2017,19989,SEMI-AUTO,9705,DIESEL,145,70.6,2.1
S Class,2019,48750,AUTOMATIC,2772,DIESEL,145,52.3,3
E Class,2019,42650,AUTOMATIC,7730,DIESEL,145,45.6,3
C Class,2018,43750,SEMI-AUTO,11938,PETROL,145,32.8,4
GLC Class,2019,30950,SEMI-AUTO,10697,DIESEL,145,44.8,2
GLC Class,2017,27450,SEMI-AUTO,19299,DIESEL,145,56.5,2.1
C Class,2014,13950,SEMI-AUTO,39204,DIESEL,20,64.2,2.1
CL Class,2017,19950,MANUAL,16912,DIESEL,145,67.3,2.1
A Class,2017,14990,MANUAL,20184,DIESEL,20,72.4,1.5
GLE Class,2017,30950,SEMI-AUTO,20266,DIESEL,145,47.9,2.1
E Class,2016,24890,AUTOMATIC,36178,DIESEL,160,51.4,3
GLE Class,2016,35889,SEMI-AUTO,28419,DIESEL,300,39.2,3
GLA Class,2018,21890,AUTOMATIC,11653,DIESEL,145,56.5,2.1
C Class,2019,24950,AUTOMATIC,6224,PETROL,145,44.1,1.5
C Class,2017,20889,AUTOMATIC,25599,DIESEL,30,61.4,2.1
E Class,2018,29649,AUTOMATIC,1070,DIESEL,145,57.7,2
GLA Class,2017,18950,AUTOMATIC,25741,DIESEL,145,56.5,2.1
GLE Class,2019,46650,AUTOMATIC,2515,DIESEL,145,36.7,3
C Class,2019,23949,AUTOMATIC,12076,PETROL,145,45.6,1.5
E Class,2019,25449,AUTOMATIC,12428,DIESEL,145,72.4,2
GLA Class,2019,23250,SEMI-AUTO,11005,DIESEL,145,67.3,2.1
C Class,2019,29949,AUTOMATIC,2323,PETROL,145,44.1,2
C Class,2019,28950,AUTOMATIC,2950,DIESEL,145,56.5,2
C Class,2019,28950,SEMI-AUTO,10021,DIESEL,145,54.3,2
V Class,2017,32499,AUTOMATIC,2552,DIESEL,145,45.6,2.2
C Class,2019,25950,AUTOMATIC,1090,PETROL,145,44.1,1.5
S Class,2019,52950,AUTOMATIC,4320,DIESEL,145,52.3,3
C Class,2019,46950,AUTOMATIC,1436,PETROL,145,29.7,3
C Class,2019,31950,AUTOMATIC,3000,PETROL,145,46.3,1.5
A Class,2019,22950,AUTOMATIC,3212,DIESEL,145,62.8,1.5
SL CLASS,2019,29250,AUTOMATIC,1526,PETROL,145,47.9,2
GLC Class,2019,40950,AUTOMATIC,7160,DIESEL,145,40.4,2
A Class,2019,25950,AUTOMATIC,3737,PETROL,145,28.5,2
E Class,2019,29950,AUTOMATIC,5822,DIESEL,145,45.6,2
A Class,2017,16850,MANUAL,17606,DIESEL,145,62.8,2.1
CLS Class,2017,21950,SEMI-AUTO,34567,DIESEL,145,51.4,3
C Class,2019,39950,SEMI-AUTO,6641,PETROL,145,29.7,3
GLA Class,2017,20949,SEMI-AUTO,23814,DIESEL,125,56.5,2.1
GLA Class,2018,20250,SEMI-AUTO,20062,PETROL,145,50.4,1.6
A Class,2019,17810,MANUAL,907,PETROL,145,28.5,1.3
CL Class,2018,22997,SEMI-AUTO,12829,DIESEL,145,52.3,2.2
A Class,2017,14495,SEMI-AUTO,20675,PETROL,30,55.4,1.6
GLA Class,2016,16990,SEMI-AUTO,39575,DIESEL,30,64.2,2.1
A Class,2017,16450,SEMI-AUTO,27888,PETROL,30,55.4,1.6
GLA Class,2019,20000,MANUAL,7553,PETROL,145,40.9,1.6
C Class,2017,15250,SEMI-AUTO,45431,DIESEL,145,64.2,2.1
CLS Class,2017,21500,SEMI-AUTO,27772,DIESEL,145,57.7,2.1
B Class,2017,16495,SEMI-AUTO,26847,DIESEL,20,68.9,2.1
GLE Class,2019,49950,AUTOMATIC,9333,DIESEL,145,32.8,3
C Class,2017,22489,AUTOMATIC,33412,PETROL,145,47.1,2
C Class,2019,37950,AUTOMATIC,1820,DIESEL,145,54.3,2
GLA Class,2016,17450,SEMI-AUTO,47700,DIESEL,125,56.6,2.1
V Class,2019,39950,AUTOMATIC,2738,DIESEL,145,44.8,2.2
E Class,2018,35890,AUTOMATIC,7200,DIESEL,145,42.8,3
E Class,2018,35950,AUTOMATIC,5776,DIESEL,145,42.8,3
CLS Class,2019,35950,AUTOMATIC,15263,DIESEL,145,45.6,2
E Class,2019,32750,AUTOMATIC,9500,DIESEL,145,42.8,2
C Class,2019,59950,AUTOMATIC,152,PETROL,145,27.2,4
E Class,2018,22980,SEMI-AUTO,20772,DIESEL,145,65.7,2
A Class,2019,18890,SEMI-AUTO,7379,DIESEL,145,68.9,1.5
CL Class,2018,18750,MANUAL,19275,DIESEL,145,67.3,2.1
B Class,2019,21890,SEMI-AUTO,13519,PETROL,145,45.6,1.3
A Class,2018,19250,SEMI-AUTO,3214,DIESEL,145,74.3,1.5
CL Class,2014,14750,SEMI-AUTO,42349,DIESEL,30,62.8,2.1
GLA Class,2017,17889,SEMI-AUTO,42941,DIESEL,125,56.6,2.1
GLC Class,2017,26495,SEMI-AUTO,27534,DIESEL,125,56.5,2.1
E Class,2015,18495,AUTOMATIC,29940,DIESEL,160,50.4,3
V Class,2019,46895,AUTOMATIC,101,DIESEL,145,36.7,2
C Class,2016,19099,SEMI-AUTO,5690,DIESEL,30,64.2,2.1
E Class,2017,18799,SEMI-AUTO,43201,DIESEL,20,72.4,2
C Class,2019,24199,SEMI-AUTO,9361,PETROL,145,44.1,1.5
GLA Class,2019,26099,SEMI-AUTO,6643,DIESEL,145,56.5,2.1
B Class,2019,26299,SEMI-AUTO,3127,DIESEL,145,55.4,2
B Class,2019,26399,SEMI-AUTO,2489,DIESEL,145,55.4,2
A Class,2017,15889,MANUAL,21891,DIESEL,145,62.8,2.1
CL Class,2019,26299,AUTOMATIC,8638,PETROL,145,38.2,2
B Class,2013,8080,MANUAL,62702,DIESEL,125,61.4,1.8
E Class,2016,14120,SEMI-AUTO,48853,DIESEL,30,64.2,2.1
A Class,2017,18599,SEMI-AUTO,15197,DIESEL,145,68.9,2.1
E Class,2014,14199,SEMI-AUTO,41560,DIESEL,125,57.7,2.1
C Class,2015,15849,SEMI-AUTO,28500,DIESEL,30,62.8,2.1
A Class,2015,11249,MANUAL,45659,DIESEL,20,72.4,1.5
E Class,2017,19849,SEMI-AUTO,31508,DIESEL,145,72.4,2
GLA Class,2016,19399,SEMI-AUTO,32040,DIESEL,125,56.5,2.1
CLS Class,2016,20499,SEMI-AUTO,22525,DIESEL,125,57.7,2.1
C Class,2019,35049,SEMI-AUTO,1000,PETROL,145,44.1,1.5
C Class,2019,32499,SEMI-AUTO,1300,PETROL,145,46.3,1.5
C Class,2019,30989,SEMI-AUTO,1000,DIESEL,145,54.3,1.6
GLC Class,2017,42249,SEMI-AUTO,15164,PETROL,145,34,3
GLC Class,2019,27949,SEMI-AUTO,8595,DIESEL,145,56.5,2.1
E Class,2017,24989,AUTOMATIC,10776,DIESEL,145,58.9,2
B Class,2018,17499,SEMI-AUTO,14890,DIESEL,145,68.9,2.1
C Class,2016,23950,AUTOMATIC,25925,DIESEL,145,54.3,2.1
A Class,2016,14190,MANUAL,35500,DIESEL,20,68.9,1.5
A Class,2016,15190,MANUAL,13359,DIESEL,20,68.9,1.5
A Class,2020,26495,SEMI-AUTO,1700,DIESEL,145,56.5,2
B Class,2020,24495,SEMI-AUTO,100,DIESEL,145,55.4,2
C Class,2018,45895,SEMI-AUTO,41083,PETROL,145,32.8,4
A Class,2019,22899,SEMI-AUTO,1381,PETROL,145,53.3,1.3
A Class,2019,23699,SEMI-AUTO,3405,PETROL,145,28.5,2
A Class,2019,22299,SEMI-AUTO,6571,DIESEL,145,65.7,1.5
A Class,2019,22699,SEMI-AUTO,3561,DIESEL,145,65.7,1.5
GLA Class,2015,18449,SEMI-AUTO,22367,DIESEL,125,55.4,2.1
E Class,2016,22399,SEMI-AUTO,33087,DIESEL,30,65.7,2
E Class,2017,21849,SEMI-AUTO,17285,DIESEL,145,61.4,2
A Class,2018,29399,SEMI-AUTO,33125,PETROL,145,40.9,2
B Class,2019,24589,SEMI-AUTO,1000,DIESEL,145,55.4,2
B Class,2019,26099,SEMI-AUTO,4277,DIESEL,145,55.4,2
C Class,2019,23589,SEMI-AUTO,13142,DIESEL,145,61.4,2
A Class,2018,20599,SEMI-AUTO,5394,DIESEL,145,68.9,2.1
C Class,2019,23389,SEMI-AUTO,14339,DIESEL,145,61.4,2
C Class,2019,25899,SEMI-AUTO,3780,PETROL,145,42.2,2
C Class,2019,23489,SEMI-AUTO,14100,DIESEL,145,61.4,2
C Class,2017,35149,SEMI-AUTO,9422,PETROL,145,35.3,3
CL Class,2017,28649,SEMI-AUTO,30510,PETROL,145,40.9,2
C Class,2016,40999,SEMI-AUTO,19500,PETROL,300,32.8,4
E Class,2017,20599,SEMI-AUTO,21494,DIESEL,145,72.4,2
GLA Class,2015,18599,SEMI-AUTO,24927,DIESEL,125,56.5,2.1
A Class,2019,21795,SEMI-AUTO,11758,PETROL,145,47.9,1.3
CL Class,2019,25495,SEMI-AUTO,4255,PETROL,145,44.8,1.3
B Class,2019,20995,MANUAL,584,PETROL,145,44.8,1.3
GLE Class,2019,56495,SEMI-AUTO,917,PETROL,145,29.5,3
GLE Class,2019,45995,AUTOMATIC,5000,DIESEL,145,36.7,2
CL Class,2019,25745,AUTOMATIC,1706,PETROL,145,44.8,1.3
G Class,2017,71995,AUTOMATIC,38247,PETROL,145,20.5,5.5
GLA Class,2019,24999,SEMI-AUTO,1000,DIESEL,145,64.2,2.1
S Class,2019,67109,SEMI-AUTO,1000,DIESEL,145,52.3,3
E Class,2019,45799,SEMI-AUTO,1000,DIESEL,145,48.7,3
GLA Class,2019,25099,SEMI-AUTO,4891,DIESEL,145,64.2,2.1
C Class,2019,35099,SEMI-AUTO,2512,PETROL,145,44.1,1.5
C Class,2019,33699,SEMI-AUTO,6225,DIESEL,145,55.4,2
C Class,2019,31599,SEMI-AUTO,5800,PETROL,145,46.3,1.5
E Class,2017,21899,SEMI-AUTO,24195,DIESEL,145,65.7,2
C Class,2019,30599,SEMI-AUTO,2259,DIESEL,145,54.3,1.6
C Class,2019,31299,SEMI-AUTO,4831,DIESEL,145,61.4,2
C Class,2019,41949,SEMI-AUTO,8315,PETROL,145,29.7,3
C Class,2019,40649,SEMI-AUTO,11130,PETROL,145,30.4,3
E Class,2019,43999,SEMI-AUTO,9687,PETROL,145,32.5,3
C Class,2016,21999,SEMI-AUTO,20801,DIESEL,30,64.2,2.1
C Class,2017,17099,SEMI-AUTO,15465,DIESEL,145,65.7,2.1
E Class,2017,22199,SEMI-AUTO,13402,DIESEL,145,61.4,2
A Class,2018,20599,SEMI-AUTO,6285,PETROL,145,53.3,1.3
GLC Class,2018,30499,SEMI-AUTO,8995,DIESEL,145,56.5,2.1
A Class,2019,20799,SEMI-AUTO,11452,PETROL,145,53.3,1.3
C Class,2018,29099,SEMI-AUTO,4898,DIESEL,145,54.3,2
CL Class,2018,18049,MANUAL,11822,PETROL,145,51.4,1.6
A Class,2017,15249,MANUAL,30761,DIESEL,145,68.9,1.5
C Class,2019,30949,SEMI-AUTO,2983,DIESEL,145,57.7,2
C Class,2019,20699,SEMI-AUTO,13628,DIESEL,145,61.4,2
GLC Class,2018,32399,SEMI-AUTO,8900,DIESEL,145,56.5,2.1
E Class,2019,38509,SEMI-AUTO,1000,DIESEL,145,57.7,2
GLC Class,2019,36249,SEMI-AUTO,2580,DIESEL,145,44.8,2
C Class,2019,29799,SEMI-AUTO,9959,DIESEL,145,57.7,2
E Class,2017,21499,SEMI-AUTO,24938,DIESEL,145,67.3,2
A Class,2017,14699,MANUAL,17996,DIESEL,145,72.4,1.5
C Class,2019,25199,SEMI-AUTO,15238,DIESEL,145,61.4,2
GLA Class,2016,17999,MANUAL,19885,DIESEL,20,67.3,2.1
E Class,2019,38699,SEMI-AUTO,3878,DIESEL,145,48.7,3
C Class,2019,29749,SEMI-AUTO,10,DIESEL,145,61.4,2
B Class,2019,22499,SEMI-AUTO,13021,PETROL,145,45.6,1.3
E Class,2019,32849,SEMI-AUTO,7669,DIESEL,145,57.7,2
GLC Class,2019,43499,SEMI-AUTO,13075,DIESEL,145,40.4,2
C Class,2019,43049,SEMI-AUTO,7351,PETROL,145,30.4,3
E Class,2019,41799,SEMI-AUTO,7041,DIESEL,145,45.6,3
E Class,2017,20299,SEMI-AUTO,25479,DIESEL,20,72.4,2
GLA Class,2018,26299,SEMI-AUTO,7293,DIESEL,145,56.5,2.1
CL Class,2019,27149,SEMI-AUTO,2000,PETROL,145,38.2,2
C Class,2017,17599,SEMI-AUTO,21516,DIESEL,20,64.2,2.1
C Class,2019,19799,SEMI-AUTO,14272,PETROL,145,46.3,1.5
C Class,2019,30049,SEMI-AUTO,2011,PETROL,145,44.1,2
E Class,2019,26949,SEMI-AUTO,10862,DIESEL,145,67.3,2
E Class,2018,23399,SEMI-AUTO,9729,DIESEL,145,65.7,2
M Class,2015,23249,SEMI-AUTO,30198,DIESEL,300,39.2,3
C Class,2019,25399,SEMI-AUTO,13636,PETROL,145,47.1,1.5
C Class,2019,26249,SEMI-AUTO,8588,PETROL,145,47.1,1.5
C Class,2019,20249,SEMI-AUTO,10918,PETROL,145,46.3,1.5
C Class,2019,19849,SEMI-AUTO,14085,PETROL,145,46.3,1.5
C Class,2019,25599,SEMI-AUTO,12187,PETROL,145,47.1,1.5
C Class,2019,24799,SEMI-AUTO,13012,PETROL,145,46.3,1.5
C Class,2019,24799,SEMI-AUTO,12999,PETROL,145,46.3,1.5
E Class,2019,25699,SEMI-AUTO,12050,DIESEL,145,72.4,2
C Class,2019,25699,SEMI-AUTO,6184,PETROL,145,45.6,1.5
C Class,2019,30399,SEMI-AUTO,9829,DIESEL,145,54.3,2
C Class,2019,20599,SEMI-AUTO,12091,PETROL,145,46.3,1.5
A Class,2019,19649,SEMI-AUTO,9153,DIESEL,145,68.9,1.5
E Class,2019,36099,SEMI-AUTO,8652,DIESEL,145,48.7,3
C Class,2019,25799,SEMI-AUTO,13571,DIESEL,145,61.4,2
C Class,2019,23849,SEMI-AUTO,15499,PETROL,145,46.3,1.5
GLA Class,2019,23299,SEMI-AUTO,7727,DIESEL,145,67.3,2.1
GLA Class,2019,24049,SEMI-AUTO,14723,PETROL,145,50.4,1.6
C Class,2019,20549,SEMI-AUTO,13243,DIESEL,145,61.4,2
GLC Class,2017,27799,SEMI-AUTO,22414,DIESEL,125,56.5,2.1
E Class,2019,33499,SEMI-AUTO,8493,DIESEL,145,57.7,2
E Class,2018,30399,SEMI-AUTO,5789,DIESEL,145,57.7,2
A Class,2018,23399,SEMI-AUTO,2332,PETROL,145,53.3,1.3
E Class,2016,17299,SEMI-AUTO,39765,DIESEL,125,56.5,2.1
C Class,2016,18349,SEMI-AUTO,33456,DIESEL,30,64.2,2.1
E Class,2019,27999,SEMI-AUTO,6374,DIESEL,145,67.3,2
GLC Class,2019,38399,SEMI-AUTO,3772,DIESEL,145,40.9,2
C Class,2019,34499,SEMI-AUTO,2838,PETROL,145,42.2,2
C Class,2019,27699,SEMI-AUTO,5012,DIESEL,145,60.1,1.6
CL Class,2016,17299,SEMI-AUTO,37993,DIESEL,20,67.3,2.1
GLC Class,2019,35099,SEMI-AUTO,5486,DIESEL,145,56.5,2.1
B Class,2018,16299,MANUAL,2300,DIESEL,145,68.9,1.5
C Class,2019,26249,SEMI-AUTO,10785,DIESEL,145,61.4,2
E Class,2017,22789,SEMI-AUTO,7700,DIESEL,145,65.7,2
C Class,2013,12699,AUTOMATIC,23790,DIESEL,145,53.3,2.1
X-CLASS,2018,38995,AUTOMATIC,7820,DIESEL,260,31.4,3
X-CLASS,2019,24945,AUTOMATIC,500,DIESEL,260,35.8,2.3
X-CLASS,2019,24945,AUTOMATIC,500,DIESEL,260,35.8,2.3
X-CLASS,2019,24945,AUTOMATIC,500,DIESEL,260,35.8,2.3
X-CLASS,2019,28945,AUTOMATIC,500,DIESEL,260,35.8,2.3
X-CLASS,2019,28945,AUTOMATIC,500,DIESEL,260,35.8,2.3
X-CLASS,2019,26995,AUTOMATIC,500,DIESEL,260,35.8,2.3
X-CLASS,2019,28945,AUTOMATIC,500,DIESEL,260,35.8,2.3
X-CLASS,2019,26995,AUTOMATIC,500,DIESEL,260,35.8,2.3
X-CLASS,2019,28945,AUTOMATIC,500,DIESEL,260,35.8,2.3
X-CLASS,2019,24945,AUTOMATIC,500,DIESEL,260,35.8,2.3
B Class,2019,27299,SEMI-AUTO,8768,DIESEL,145,54.3,2
GLA Class,2018,22299,SEMI-AUTO,6500,DIESEL,145,67.3,2.1
C Class,2019,23799,SEMI-AUTO,14507,PETROL,145,46.3,1.5
A Class,2019,23299,MANUAL,2078,PETROL,145,47.1,1.3
A Class,2019,23509,SEMI-AUTO,5260,DIESEL,145,67.3,1.5
C Class,2019,31299,SEMI-AUTO,1000,DIESEL,145,51.4,2
A Class,2019,24519,SEMI-AUTO,1000,DIESEL,145,56.5,2
A Class,2019,24519,SEMI-AUTO,1000,DIESEL,145,56.5,2
C Class,2019,36539,SEMI-AUTO,1000,DIESEL,145,55.4,2
A Class,2019,24919,SEMI-AUTO,5000,PETROL,145,53.3,1.3
C Class,2015,16699,SEMI-AUTO,48000,DIESEL,30,64.2,2.1
GLA Class,2016,19849,SEMI-AUTO,10812,DIESEL,30,64.2,2.1
B Class,2019,25699,SEMI-AUTO,12090,DIESEL,150,54.3,2
CLS Class,2015,18099,SEMI-AUTO,38792,DIESEL,125,57.7,2.1
C Class,2016,18349,SEMI-AUTO,22000,DIESEL,30,64.2,2.1
GLA Class,2015,17749,SEMI-AUTO,34012,DIESEL,125,56.5,2.1
B Class,2019,22399,SEMI-AUTO,13969,PETROL,145,45.6,1.3
E Class,2017,22149,SEMI-AUTO,13797,DIESEL,145,61.4,2
A Class,2019,21199,SEMI-AUTO,9869,PETROL,145,53.3,1.3
C Class,2019,27199,SEMI-AUTO,5926,DIESEL,145,56.5,2
C Class,2019,29249,SEMI-AUTO,1768,DIESEL,145,57.7,2
C Class,2018,17999,SEMI-AUTO,15998,DIESEL,145,64.2,2.1
E Class,2017,20999,SEMI-AUTO,43232,DIESEL,145,65.7,2
A Class,2020,24889,SEMI-AUTO,1000,DIESEL,145,62.8,1.5
A Class,2020,24889,SEMI-AUTO,1000,DIESEL,145,62.8,1.5
A Class,2020,24889,SEMI-AUTO,1000,DIESEL,145,62.8,1.5
A Class,2020,24889,SEMI-AUTO,1000,DIESEL,145,62.8,1.5
C Class,2016,19999,SEMI-AUTO,17807,PETROL,125,51.4,2
E Class,2018,33688,SEMI-AUTO,1500,DIESEL,145,42.8,3
A Class,2020,24889,SEMI-AUTO,1000,DIESEL,145,62.8,1.5
GLA Class,2014,16249,SEMI-AUTO,18086,DIESEL,30,62.8,2.1
GLC Class,2019,43299,SEMI-AUTO,9235,DIESEL,150,40.4,2
C Class,2017,24499,SEMI-AUTO,19169,DIESEL,150,67.3,2.1
GLC Class,2019,32500,SEMI-AUTO,3500,DIESEL,150,44.8,2
A Class,2019,20699,SEMI-AUTO,8936,PETROL,150,28.5,1.3
GLC Class,2017,22699,SEMI-AUTO,31995,DIESEL,125,56.5,2.1
E Class,2016,20349,SEMI-AUTO,14391,DIESEL,30,65.7,2
A Class,2017,31989,SEMI-AUTO,29852,PETROL,150,40.9,2
GLC Class,2019,41399,SEMI-AUTO,3183,DIESEL,150,40.4,2
C Class,2019,33799,SEMI-AUTO,5669,DIESEL,150,55.4,2
E Class,2019,24749,SEMI-AUTO,15333,DIESEL,145,72.4,2
C Class,2019,25899,SEMI-AUTO,11151,PETROL,145,44.1,1.5
GLA Class,2019,23099,SEMI-AUTO,15375,DIESEL,145,67.3,2.1
A Class,2019,18849,MANUAL,2000,DIESEL,145,68.9,1.5
C Class,2019,24599,SEMI-AUTO,9888,PETROL,145,46.3,1.5
SL CLASS,2019,29649,SEMI-AUTO,7950,PETROL,145,47.1,2
E Class,2019,37699,SEMI-AUTO,11588,DIESEL,145,48.7,3
C Class,2015,16999,SEMI-AUTO,32119,DIESEL,30,64.2,2.1
C Class,2019,24039,MANUAL,1066,PETROL,145,47.1,1.6
C Class,2016,17799,SEMI-AUTO,47309,DIESEL,30,64.2,2.1
C Class,2017,22999,SEMI-AUTO,26935,DIESEL,20,67.3,2.1
E Class,2016,19799,SEMI-AUTO,5548,DIESEL,125,58.9,2.1
A Class,2019,22299,SEMI-AUTO,2750,DIESEL,145,65.7,1.5
CL Class,2019,20599,MANUAL,4526,PETROL,145,51.4,1.6
A Class,2016,16799,SEMI-AUTO,16145,PETROL,125,52.3,1.6
C Class,2016,21099,SEMI-AUTO,9272,DIESEL,20,67.3,2.1
GLA Class,2018,21399,SEMI-AUTO,17999,DIESEL,150,56.5,2.1
A Class,2016,19999,SEMI-AUTO,14066,DIESEL,125,58.9,2.1
C Class,2019,28749,SEMI-AUTO,13741,DIESEL,145,64.2,2
GLC Class,2019,30649,SEMI-AUTO,5909,DIESEL,145,56.5,2.1
A Class,2016,17749,SEMI-AUTO,42958,DIESEL,20,67.3,2.1
A Class,2017,16099,MANUAL,17930,DIESEL,145,68.9,1.5
C Class,2017,20099,SEMI-AUTO,28408,DIESEL,30,60.1,2.1
A Class,2014,12499,MANUAL,46274,DIESEL,20,70.6,1.5
C Class,2016,15199,SEMI-AUTO,39721,DIESEL,20,64.2,2.1
A Class,2016,13799,MANUAL,23000,DIESEL,20,72.4,1.5
C Class,2016,20299,SEMI-AUTO,35207,DIESEL,20,67.3,2.1
E Class,2017,22499,SEMI-AUTO,19228,DIESEL,145,65.7,2
A Class,2018,17699,MANUAL,6580,PETROL,145,51.4,1.6
GLC Class,2019,37189,SEMI-AUTO,1000,DIESEL,145,40.9,2
A Class,2019,24669,SEMI-AUTO,1000,DIESEL,145,65.7,1.5
GLC Class,2020,39579,SEMI-AUTO,1000,PETROL,145,31.7,2
A Class,2020,25879,SEMI-AUTO,1227,PETROL,145,53.3,1.3
C Class,2016,16499,SEMI-AUTO,35459,DIESEL,20,64.2,2.1
GLC Class,2020,42359,SEMI-AUTO,1000,DIESEL,145,40.4,2
C Class,2020,33469,SEMI-AUTO,1000,DIESEL,145,54.3,1.6
A Class,2020,25729,SEMI-AUTO,1000,PETROL,145,53.3,1.3
A Class,2019,24199,SEMI-AUTO,2885,DIESEL,145,67.3,1.5
B Class,2019,24999,SEMI-AUTO,2900,DIESEL,145,55.4,2
C Class,2019,29399,SEMI-AUTO,283,PETROL,145,42.2,1.6
CL Class,2019,26299,SEMI-AUTO,5716,PETROL,145,38.2,2
CLS Class,2019,40099,SEMI-AUTO,1173,DIESEL,145,48.7,2.9
CL Class,2019,26799,SEMI-AUTO,3569,PETROL,145,38.2,2
A Class,2019,22899,SEMI-AUTO,4264,DIESEL,145,56.5,2
C Class,2017,42299,SEMI-AUTO,18804,PETROL,145,32.8,4
GLA Class,2019,25799,SEMI-AUTO,11910,DIESEL,145,56.5,2.1
A Class,2017,16599,MANUAL,13848,PETROL,125,51.4,1.6
E Class,2019,32949,SEMI-AUTO,9051,DIESEL,145,57.7,2
A Class,2016,16099,SEMI-AUTO,30703,DIESEL,20,68.9,2.1
C Class,2019,29649,SEMI-AUTO,9809,DIESEL,145,57.7,2
A Class,2019,20399,SEMI-AUTO,7370,PETROL,145,28.5,1.3
A Class,2016,16549,SEMI-AUTO,31035,PETROL,125,52.3,1.6
C Class,2017,21449,SEMI-AUTO,35782,DIESEL,125,60.1,2.1
B Class,2019,23899,SEMI-AUTO,2856,DIESEL,145,60.1,1.5
A Class,2019,20599,SEMI-AUTO,10088,PETROL,145,53.3,1.3
E Class,2019,24749,SEMI-AUTO,14207,DIESEL,145,72.4,2
E Class,2019,24749,SEMI-AUTO,14186,DIESEL,145,72.4,2
CL Class,2019,26449,SEMI-AUTO,9859,DIESEL,145,51.4,2.2
E Class,2019,24799,SEMI-AUTO,14143,DIESEL,145,72.4,2
E Class,2019,34999,SEMI-AUTO,14461,DIESEL,145,48.7,3
A Class,2019,19899,MANUAL,11527,PETROL,145,28.5,1.3
GLA Class,2017,21299,SEMI-AUTO,2731,DIESEL,125,56.5,2.1
A Class,2019,24299,SEMI-AUTO,2106,DIESEL,145,67.3,1.5
GLC Class,2019,62499,SEMI-AUTO,7689,PETROL,145,26.4,4
CL Class,2019,26099,SEMI-AUTO,5176,DIESEL,145,51.4,2.2
A Class,2019,24399,SEMI-AUTO,2113,DIESEL,145,56.5,2
E Class,2017,21999,SEMI-AUTO,18406,DIESEL,145,65.7,2
C Class,2019,25389,SEMI-AUTO,1839,PETROL,145,45.6,1.5
SL CLASS,2019,47789,SEMI-AUTO,2000,PETROL,145,36.7,3
A Class,2018,20199,SEMI-AUTO,11331,DIESEL,145,68.9,2.1
C Class,2016,19499,SEMI-AUTO,26000,DIESEL,30,64.2,2.1
A Class,2019,20199,SEMI-AUTO,3653,DIESEL,150,68.9,1.5
GLE Class,2017,28149,SEMI-AUTO,40897,DIESEL,145,42.8,3
C Class,2019,29749,SEMI-AUTO,8559,DIESEL,145,64.2,2
A Class,2019,19649,SEMI-AUTO,9218,DIESEL,145,68.9,1.5
E Class,2019,28449,SEMI-AUTO,12778,DIESEL,145,58.9,2
CL Class,2019,26049,SEMI-AUTO,14067,DIESEL,145,51.4,2.2
C Class,2019,25749,SEMI-AUTO,13807,DIESEL,145,61.4,2
B Class,2017,13449,MANUAL,18683,DIESEL,145,68.9,1.5
C Class,2019,38699,SEMI-AUTO,3668,PETROL,145,30.4,3
E Class,2019,41989,SEMI-AUTO,7604,PETROL,145,32.5,3
E Class,2018,31299,SEMI-AUTO,6500,DIESEL,145,57.7,2
E Class,2017,22549,SEMI-AUTO,11900,DIESEL,145,65.7,2
C Class,2019,29299,SEMI-AUTO,2758,PETROL,145,44.1,2
C Class,2019,40649,SEMI-AUTO,11300,PETROL,145,30.4,3
CL Class,2016,17349,SEMI-AUTO,31808,DIESEL,20,67.3,2.1
C Class,2015,16199,SEMI-AUTO,21539,DIESEL,20,64.2,2.1
C Class,2019,40749,SEMI-AUTO,7749,PETROL,145,30.4,3
GLC Class,2019,45399,SEMI-AUTO,1788,DIESEL,145,40.4,2
A Class,2019,21099,SEMI-AUTO,5475,PETROL,150,53.3,1.3
E Class,2017,19499,SEMI-AUTO,28180,DIESEL,150,72.4,2
B Class,2019,22299,SEMI-AUTO,12410,PETROL,150,45.6,1.3
GLA Class,2016,17799,SEMI-AUTO,23500,DIESEL,20,67.3,2.1
B Class,2016,13999,SEMI-AUTO,40500,DIESEL,20,68.9,2.1
C Class,2019,24299,SEMI-AUTO,9063,DIESEL,145,61.4,2
E Class,2018,23649,SEMI-AUTO,14676,DIESEL,145,72.4,2
C Class,2019,23499,SEMI-AUTO,15242,DIESEL,145,61.4,2
S Class,2019,47749,SEMI-AUTO,11168,DIESEL,145,52.3,3
C Class,2019,29649,SEMI-AUTO,2874,DIESEL,145,57.7,2
B Class,2019,27999,SEMI-AUTO,2475,DIESEL,145,54.3,2
C Class,2019,20999,SEMI-AUTO,13731,DIESEL,145,61.4,2
B Class,2019,22699,SEMI-AUTO,8746,PETROL,145,45.6,1.3
C Class,2019,24049,SEMI-AUTO,12880,DIESEL,145,61.4,2
C Class,2019,25799,SEMI-AUTO,7144,PETROL,145,46.3,1.5
C Class,2019,25299,SEMI-AUTO,10061,PETROL,145,46.3,1.5
A Class,2019,21199,SEMI-AUTO,4784,PETROL,145,53.3,1.3
C Class,2019,19849,SEMI-AUTO,14009,PETROL,145,46.3,1.5
C Class,2019,19849,SEMI-AUTO,13938,PETROL,145,46.3,1.5
E Class,2019,25149,SEMI-AUTO,10807,DIESEL,145,72.4,2
GLA Class,2018,24099,SEMI-AUTO,2900,DIESEL,145,56.5,2.1
C Class,2019,33599,SEMI-AUTO,1000,PETROL,145,44.1,2
S Class,2019,54899,SEMI-AUTO,695,DIESEL,145,52.3,3
C Class,2019,34039,SEMI-AUTO,1000,PETROL,145,44.1,1.5
C Class,2019,33789,SEMI-AUTO,1000,DIESEL,145,61.4,2
C Class,2016,19599,SEMI-AUTO,68770,HYBRID,0,74.3,2.1
A Class,2017,17049,SEMI-AUTO,15001,DIESEL,145,68.9,2.1
SL CLASS,2019,31999,SEMI-AUTO,192,PETROL,145,47.1,2
C Class,2019,25699,SEMI-AUTO,14936,DIESEL,145,61.4,2
C Class,2019,25699,SEMI-AUTO,15067,DIESEL,145,61.4,2
E Class,2018,22499,SEMI-AUTO,15961,DIESEL,145,72.4,2
GLC Class,2019,44499,SEMI-AUTO,10000,PETROL,145,34,3
C Class,2017,14999,SEMI-AUTO,35600,PETROL,145,50.4,2
C Class,2019,29999,SEMI-AUTO,6266,DIESEL,145,57.7,2
C Class,2016,14499,SEMI-AUTO,42500,DIESEL,20,65.7,2.1
GLA Class,2019,22199,SEMI-AUTO,12117,DIESEL,150,67.3,2.1
SLK,2014,11699,AUTOMATIC,30769,DIESEL,145,56.5,2
GLA Class,2015,16199,MANUAL,15546,DIESEL,20,64.2,2.1
GLA Class,2016,14799,MANUAL,47965,DIESEL,20,67.3,2.1
GLC Class,2018,26399,SEMI-AUTO,13900,PETROL,145,37.2,2
E Class,2017,23899,SEMI-AUTO,25479,DIESEL,145,65.7,2
E Class,2017,21099,SEMI-AUTO,38488,DIESEL,145,65.7,2
C Class,2017,34849,SEMI-AUTO,5376,PETROL,145,35.3,3
E Class,2017,21399,SEMI-AUTO,18941,DIESEL,145,72.4,2
C Class,2017,15699,MANUAL,15252,PETROL,145,53.3,2
A Class,2016,15499,MANUAL,7772,DIESEL,20,72.4,1.5
GLA Class,2019,23199,SEMI-AUTO,14858,DIESEL,145,67.3,2.1
E Class,2019,24449,SEMI-AUTO,14313,DIESEL,145,72.4,2
E Class,2019,24349,SEMI-AUTO,15189,DIESEL,145,72.4,2
E Class,2019,28899,SEMI-AUTO,13828,DIESEL,145,58.9,2
C Class,2019,24249,SEMI-AUTO,15764,PETROL,145,44.1,1.5
B Class,2019,22299,SEMI-AUTO,12451,PETROL,145,45.6,1.3
E Class,2019,25899,AUTOMATIC,11959,DIESEL,145,72.4,2
E Class,2019,26099,SEMI-AUTO,9401,DIESEL,145,72.4,2
E Class,2018,29499,SEMI-AUTO,6841,DIESEL,150,57.7,2
C Class,2019,34499,SEMI-AUTO,3822,PETROL,145,44.1,2
C Class,2019,30249,SEMI-AUTO,10525,DIESEL,145,54.3,2
CL Class,2019,30299,SEMI-AUTO,7772,PETROL,145,40.4,2
GLE Class,2019,46549,SEMI-AUTO,8207,DIESEL,145,36.7,2
GLA Class,2019,23099,SEMI-AUTO,13723,DIESEL,145,67.3,2.1
GLC Class,2019,32049,SEMI-AUTO,10698,DIESEL,145,42.2,2.1
C Class,2019,21449,SEMI-AUTO,20480,PETROL,145,46.3,1.5
C Class,2019,19899,SEMI-AUTO,13516,PETROL,145,46.3,1.5
C Class,2019,19599,SEMI-AUTO,15669,PETROL,145,46.3,1.5
E Class,2019,24449,SEMI-AUTO,13679,DIESEL,145,72.4,2
CLS Class,2019,38899,SEMI-AUTO,7937,DIESEL,145,48.7,2.9
A Class,2019,22199,SEMI-AUTO,2889,DIESEL,145,65.7,1.5
E Class,2019,36749,SEMI-AUTO,2422,DIESEL,145,48.7,3
SL CLASS,2016,30389,SEMI-AUTO,46000,PETROL,235,36.7,3
B Class,2019,22299,SEMI-AUTO,12406,PETROL,145,45.6,1.3
B Class,2019,22499,SEMI-AUTO,12706,PETROL,145,45.6,1.3
E Class,2017,20899,SEMI-AUTO,28878,DIESEL,145,72.4,2
C Class,2019,23199,MANUAL,2000,DIESEL,145,65.7,1.6
SL CLASS,2019,29799,SEMI-AUTO,2000,PETROL,145,47.1,2
E Class,2018,34199,SEMI-AUTO,18331,DIESEL,145,41.5,3
C Class,2019,25499,SEMI-AUTO,16121,DIESEL,145,61.4,2
C Class,2019,20999,SEMI-AUTO,12394,DIESEL,145,61.4,2
C Class,2018,18449,SEMI-AUTO,6501,DIESEL,145,65.7,1.6
A Class,2018,17299,SEMI-AUTO,12450,PETROL,145,52.3,1.6
C Class,2015,14899,SEMI-AUTO,46000,DIESEL,20,64.2,2.1
E Class,2017,22499,SEMI-AUTO,21301,DIESEL,145,65.7,2
GLC Class,2019,32199,SEMI-AUTO,9418,DIESEL,145,41.5,2.1
E Class,2019,38899,SEMI-AUTO,2247,DIESEL,145,48.7,3
C Class,2019,29699,SEMI-AUTO,5766,DIESEL,145,61.4,2
C Class,2019,25599,SEMI-AUTO,15391,DIESEL,145,61.4,2
E Class,2017,19999,SEMI-AUTO,41620,DIESEL,145,72.4,2
C Class,2018,23899,SEMI-AUTO,11896,PETROL,145,46.3,1.5
C Class,2019,28999,SEMI-AUTO,5789,DIESEL,145,61.4,2
C Class,2019,28999,SEMI-AUTO,4606,DIESEL,145,61.4,2
C Class,2019,28799,SEMI-AUTO,2000,DIESEL,145,61.4,2
E Class,2019,26199,SEMI-AUTO,2000,DIESEL,145,72.4,2
CL Class,2020,28319,SEMI-AUTO,1000,PETROL,145,44.1,1.3
C Class,2017,27699,SEMI-AUTO,33475,PETROL,260,36.2,3
GLC Class,2015,23549,SEMI-AUTO,38254,DIESEL,125,56.5,2.1
CLS Class,2016,20699,SEMI-AUTO,23629,DIESEL,145,56.5,2.1
C Class,2019,25749,SEMI-AUTO,13894,DIESEL,145,61.4,2
C Class,2019,26299,SEMI-AUTO,8214,PETROL,145,47.1,1.5
C Class,2019,25949,SEMI-AUTO,10272,PETROL,145,47.1,1.5
C Class,2019,26449,SEMI-AUTO,7382,PETROL,145,47.1,1.5
E Class,2019,24349,SEMI-AUTO,14522,DIESEL,145,72.4,2
GLC Class,2019,31649,SEMI-AUTO,4086,PETROL,145,43.5,2
C Class,2016,20199,SEMI-AUTO,34400,DIESEL,20,67.3,2.1
E Class,2016,20049,SEMI-AUTO,24242,DIESEL,20,72.4,2
GLA Class,2016,17999,SEMI-AUTO,36249,DIESEL,125,56.6,2.1
C Class,2019,25249,SEMI-AUTO,10597,PETROL,145,46.3,1.5
C Class,2019,31999,SEMI-AUTO,2570,DIESEL,145,57.7,2
A Class,2019,21399,SEMI-AUTO,9085,PETROL,145,53.3,1.3
GLA Class,2019,23799,SEMI-AUTO,7836,DIESEL,145,67.3,2.1
CLS Class,2019,44999,SEMI-AUTO,6465,DIESEL,145,47.9,2.9
CLS Class,2019,44599,SEMI-AUTO,6056,DIESEL,145,47.9,2.9
E Class,2019,24999,SEMI-AUTO,7773,DIESEL,145,67.3,2
E Class,2015,16999,SEMI-AUTO,16688,DIESEL,125,61.4,2.1
GLC Class,2019,30199,SEMI-AUTO,4102,DIESEL,145,56.5,2.1
A Class,2019,23699,SEMI-AUTO,7645,DIESEL,145,62.8,1.5
C Class,2017,22399,SEMI-AUTO,19906,PETROL,160,43.5,2
GLA Class,2017,20699,SEMI-AUTO,15169,DIESEL,145,56.5,2.1
C Class,2017,23999,SEMI-AUTO,21212,DIESEL,150,67.3,2.1
GLE Class,2019,49199,SEMI-AUTO,6785,DIESEL,150,36.7,3
GLA Class,2019,26599,SEMI-AUTO,2000,PETROL,150,36.2,1.6
A Class,2019,25399,SEMI-AUTO,4059,PETROL,150,28.5,2
C Class,2019,31199,SEMI-AUTO,2000,PETROL,150,44.1,1.5
GLE Class,2019,53199,SEMI-AUTO,2504,DIESEL,150,32.8,2.9
A Class,2019,34799,SEMI-AUTO,3778,PETROL,150,35.3,2
CL Class,2019,26049,SEMI-AUTO,14042,DIESEL,150,51.4,2.2
CL Class,2019,26349,SEMI-AUTO,10893,DIESEL,150,51.4,2.2
E Class,2019,37299,SEMI-AUTO,14031,DIESEL,145,48.7,3
E Class,2019,28799,SEMI-AUTO,12236,DIESEL,145,58.9,2
E Class,2017,21599,SEMI-AUTO,28234,DIESEL,145,65.7,2
E Class,2017,18999,SEMI-AUTO,50000,DIESEL,145,72.4,2
E Class,2017,20699,SEMI-AUTO,26442,DIESEL,145,72.4,2
E Class,2017,22499,SEMI-AUTO,19493,DIESEL,145,65.7,2
C Class,2019,26499,SEMI-AUTO,11700,PETROL,145,47.1,1.5
C Class,2019,24399,SEMI-AUTO,15028,PETROL,145,46.3,1.5
C Class,2019,28299,SEMI-AUTO,5005,DIESEL,145,56.5,2
C Class,2019,20299,SEMI-AUTO,14496,PETROL,145,46.3,1.5
B Class,2019,22899,SEMI-AUTO,9288,PETROL,145,45.6,1.3
C Class,2019,29999,SEMI-AUTO,5979,PETROL,145,44.1,2
E Class,2020,44500,SEMI-AUTO,100,DIESEL,145,42.8,3
C Class,2020,34500,SEMI-AUTO,100,DIESEL,145,48.7,2
C Class,2020,34500,SEMI-AUTO,100,DIESEL,145,48.7,2
E Class,2020,44500,SEMI-AUTO,100,DIESEL,145,42.8,3
C Class,2020,31000,SEMI-AUTO,100,DIESEL,145,64.2,2
C Class,2020,30500,SEMI-AUTO,700,DIESEL,145,64.2,2
C Class,2020,30500,SEMI-AUTO,100,DIESEL,145,64.2,2
GLA Class,2020,27300,SEMI-AUTO,100,PETROL,145,35.8,1.6
E Class,2019,24000,SEMI-AUTO,13945,DIESEL,145,72.4,2
S Class,2019,46250,SEMI-AUTO,9252,DIESEL,145,52.3,3
CL Class,2017,18099,SEMI-AUTO,42300,DIESEL,125,58.9,2.1
GLE Class,2017,30199,SEMI-AUTO,23632,DIESEL,145,47.9,2.1
E Class,2017,22299,SEMI-AUTO,21702,DIESEL,145,65.7,2
A Class,2019,21999,MANUAL,1738,PETROL,145,47.1,1.3
B Class,2019,26599,SEMI-AUTO,2988,DIESEL,145,55.4,2
C Class,2019,26799,SEMI-AUTO,2277,PETROL,145,45.6,1.5
C Class,2019,31499,SEMI-AUTO,9486,DIESEL,145,54.3,2
GLC Class,2019,38099,SEMI-AUTO,5052,DIESEL,145,56.5,2.1
E Class,2019,35349,SEMI-AUTO,11598,DIESEL,145,48.7,3
GLA Class,2018,22299,SEMI-AUTO,11597,DIESEL,145,67.3,2.1
E Class,2019,25999,SEMI-AUTO,12274,DIESEL,145,72.4,2
B Class,2019,22199,SEMI-AUTO,15798,PETROL,145,45.6,1.3
E Class,2019,25499,SEMI-AUTO,10423,DIESEL,145,72.4,2
E Class,2019,24799,SEMI-AUTO,14027,DIESEL,145,72.4,2
C Class,2019,20849,SEMI-AUTO,10776,DIESEL,145,61.4,2
GLA Class,2018,18749,MANUAL,20646,DIESEL,145,64.2,2.1
E Class,2017,20849,SEMI-AUTO,23472,DIESEL,145,72.4,2
C Class,2018,28389,SEMI-AUTO,5454,DIESEL,145,57.7,2
C Class,2018,22849,SEMI-AUTO,8641,PETROL,145,45.6,1.5
C Class,2019,20249,SEMI-AUTO,14426,PETROL,145,46.3,1.5
A Class,2020,26500,SEMI-AUTO,3500,DIESEL,150,56.5,2
GLC Class,2018,35000,SEMI-AUTO,23500,PETROL,150,34,3
CLS Class,2017,20000,SEMI-AUTO,26941,DIESEL,145,57.7,2.1
CLS Class,2016,19113,SEMI-AUTO,39972,DIESEL,125,57.7,2.1
A Class,2020,31500,SEMI-AUTO,1000,HYBRID,135,1.1,1.3
C Class,2020,34500,SEMI-AUTO,100,DIESEL,145,48.7,2
C Class,2020,34500,SEMI-AUTO,100,DIESEL,145,48.7,2
C Class,2020,30500,SEMI-AUTO,100,DIESEL,145,64.2,2
E Class,2020,44500,SEMI-AUTO,2000,DIESEL,145,42.8,3
A Class,2020,26000,SEMI-AUTO,4250,PETROL,145,53.3,1.3
A Class,2020,25500,SEMI-AUTO,2902,PETROL,145,53.3,1.3
E Class,2019,39700,SEMI-AUTO,2077,HYBRID,135,188.3,2
GLC Class,2019,36000,SEMI-AUTO,7800,DIESEL,145,40.9,2
GLC Class,2016,27000,SEMI-AUTO,8153,DIESEL,125,56.5,2.1
E Class,2019,62500,AUTOMATIC,3200,PETROL,145,30.1,4
A Class,2020,26000,SEMI-AUTO,4500,PETROL,145,53.3,1.3
GLC Class,2019,32148,SEMI-AUTO,4000,DIESEL,145,44.8,2
E Class,2019,27770,SEMI-AUTO,10825,DIESEL,145,58.9,2
GLC Class,2019,34800,SEMI-AUTO,10747,DIESEL,145,40.9,2
GLC Class,2019,51500,SEMI-AUTO,23500,PETROL,150,27.4,4
GLC Class,2019,35159,AUTOMATIC,100,DIESEL,145,47.9,2
GLA Class,2015,17499,SEMI-AUTO,47000,DIESEL,125,56.5,2.1
C Class,2016,17399,SEMI-AUTO,36074,DIESEL,30,64.2,1.6
C Class,2017,22000,SEMI-AUTO,46512,DIESEL,145,65.7,2.1
E Class,2019,33680,SEMI-AUTO,9854,PETROL,145,40.4,2
A Class,2019,24500,SEMI-AUTO,8092,DIESEL,145,62.8,1.5
C Class,2017,20600,SEMI-AUTO,29543,DIESEL,145,60.1,2.1
GLC Class,2019,32000,SEMI-AUTO,9023,DIESEL,150,44.8,2
B Class,2013,9500,SEMI-AUTO,40340,PETROL,150,47.9,1.6
GLE Class,2018,45200,SEMI-AUTO,9139,DIESEL,145,36.7,3
E Class,2019,30879,SEMI-AUTO,7686,DIESEL,145,65.7,2
C Class,2018,23800,SEMI-AUTO,12745,DIESEL,145,61.4,2
E Class,2019,34950,SEMI-AUTO,13997,DIESEL,145,48.7,3
GLA Class,2015,20999,SEMI-AUTO,13510,DIESEL,125,56.5,2.1
C Class,2017,43949,SEMI-AUTO,14263,PETROL,300,32.8,4
A Class,2016,12149,MANUAL,36001,DIESEL,0,80.7,1.5
A Class,2019,23199,SEMI-AUTO,2301,PETROL,145,53.3,1.3
E Class,2017,20789,SEMI-AUTO,22960,DIESEL,150,72.4,2
A Class,2016,16799,SEMI-AUTO,16145,PETROL,125,52.3,1.6
B Class,2018,13449,SEMI-AUTO,40908,DIESEL,145,70.6,1.5
CLS Class,2019,38500,SEMI-AUTO,3354,DIESEL,145,48.7,2.9
A Class,2016,27500,SEMI-AUTO,37132,PETROL,200,40.9,2
C Class,2017,20500,SEMI-AUTO,40782,DIESEL,145,58.9,2.1
C Class,2019,28500,AUTOMATIC,8820,DIESEL,145,57.7,2
GLA Class,2019,23500,SEMI-AUTO,12246,DIESEL,145,67.3,2.1
CL Class,2019,25400,SEMI-AUTO,14090,DIESEL,145,51.4,2.2
C Class,2019,28150,SEMI-AUTO,10936,DIESEL,145,57.7,2
C Class,2019,26895,SEMI-AUTO,5678,DIESEL,145,61.4,2
C Class,2019,24500,SEMI-AUTO,15004,DIESEL,145,61.4,2
GLA Class,2019,24649,SEMI-AUTO,8108,PETROL,145,50.4,1.6
C Class,2019,25549,SEMI-AUTO,8597,PETROL,145,46.3,1.5
A Class,2019,23849,SEMI-AUTO,5036,PETROL,145,53.3,1.3
C Class,2019,19749,SEMI-AUTO,14536,PETROL,145,46.3,1.5
A Class,2019,19849,MANUAL,12187,PETROL,145,28.5,1.3
CL Class,2019,26249,SEMI-AUTO,11830,DIESEL,145,51.4,2.2
C Class,2019,26249,SEMI-AUTO,3696,PETROL,145,43.5,2
C Class,2019,29199,SEMI-AUTO,11242,DIESEL,145,64.2,2
CL Class,2019,25199,SEMI-AUTO,6354,PETROL,145,44.1,1.6
B Class,2019,20200,SEMI-AUTO,9221,PETROL,145,45.6,1.3
CL Class,2018,19000,SEMI-AUTO,3116,DIESEL,145,67.3,2.1
C Class,2018,25000,AUTOMATIC,11048,DIESEL,145,65.7,2.1
C Class,2019,44000,SEMI-AUTO,8023,PETROL,145,29.7,3
S Class,2019,57000,SEMI-AUTO,7283,DIESEL,145,48.7,3
GLE Class,2017,43500,SEMI-AUTO,6001,PETROL,145,31.7,3
C Class,2019,25000,SEMI-AUTO,10000,DIESEL,145,60.1,1.6
C Class,2019,24500,SEMI-AUTO,9200,PETROL,145,45.6,1.5
CLS Class,2019,42000,SEMI-AUTO,12000,DIESEL,145,47.9,2.9
C Class,2019,26500,SEMI-AUTO,3000,DIESEL,145,60.1,1.6
C Class,2019,22800,SEMI-AUTO,19526,PETROL,145,45.6,1.5
E Class,2019,25000,SEMI-AUTO,14521,DIESEL,145,72.4,2
GLA Class,2019,22400,SEMI-AUTO,13302,DIESEL,145,67.3,2.1
C Class,2017,19000,SEMI-AUTO,21657,DIESEL,145,64.2,2.1
B Class,2019,20000,SEMI-AUTO,11676,PETROL,145,45.6,1.3
C Class,2019,28000,SEMI-AUTO,9231,DIESEL,145,57.7,2
C Class,2018,25000,SEMI-AUTO,11150,DIESEL,145,67.3,2.1
E Class,2019,28200,SEMI-AUTO,13615,DIESEL,145,58.9,2
E Class,2016,18850,SEMI-AUTO,24053,DIESEL,125,56.5,2.1
A Class,2020,25729,SEMI-AUTO,1000,PETROL,145,53.3,1.3
C Class,2019,24648,SEMI-AUTO,10651,DIESEL,145,60.1,2.1
E Class,2019,35699,SEMI-AUTO,8911,DIESEL,145,48.7,3
GLC Class,2019,36349,SEMI-AUTO,2095,DIESEL,145,44.8,2
GLE Class,2019,55500,SEMI-AUTO,12000,DIESEL,145,32.5,3
E Class,2019,24799,SEMI-AUTO,13901,DIESEL,145,72.4,2
B Class,2019,20000,SEMI-AUTO,11312,PETROL,145,45.6,1.3
GLE Class,2019,47499,SEMI-AUTO,5509,DIESEL,145,36.7,3
SL CLASS,2019,47789,SEMI-AUTO,2000,PETROL,150,36.7,3
C Class,2017,27799,SEMI-AUTO,9880,PETROL,150,43.5,2
B Class,2019,22999,SEMI-AUTO,4355,DIESEL,145,55.4,2
S Class,2015,32249,AUTOMATIC,8052,PETROL,325,31.7,4.7
E Class,2015,18399,SEMI-AUTO,32397,DIESEL,125,56.5,2.1
C Class,2019,26099,SEMI-AUTO,9445,PETROL,145,47.1,1.5
C Class,2019,19799,SEMI-AUTO,14380,PETROL,145,46.3,1.5
C Class,2019,19799,SEMI-AUTO,14160,PETROL,145,46.3,1.5
C Class,2019,25549,SEMI-AUTO,15012,DIESEL,145,61.4,2
C Class,2019,25699,SEMI-AUTO,11805,PETROL,145,47.1,1.5
C Class,2019,26399,SEMI-AUTO,9961,DIESEL,145,61.4,2
GLC Class,2019,31399,SEMI-AUTO,10254,DIESEL,145,41.5,2.1
C Class,2019,23549,SEMI-AUTO,17549,PETROL,145,46.3,1.5
E Class,2019,35699,SEMI-AUTO,8813,DIESEL,145,48.7,3
GLE Class,2019,47300,SEMI-AUTO,9840,DIESEL,145,36.7,3
C Class,2019,25500,SEMI-AUTO,7000,DIESEL,145,64.2,2
C Class,2016,30500,AUTOMATIC,18648,PETROL,300,34,3
E Class,2019,37000,SEMI-AUTO,2837,DIESEL,145,57.7,2
GLC Class,2019,32000,SEMI-AUTO,6000,DIESEL,145,44.8,2
GLC Class,2019,32500,SEMI-AUTO,2000,DIESEL,145,44.8,2
GLC Class,2019,31400,SEMI-AUTO,7670,DIESEL,145,44.8,2
GLC Class,2019,32500,SEMI-AUTO,2677,DIESEL,145,44.8,2
CL Class,2020,27500,SEMI-AUTO,100,PETROL,145,45.6,1.3
GLC Class,2019,35000,SEMI-AUTO,3806,DIESEL,145,56.5,2.1
C Class,2019,31400,SEMI-AUTO,100,DIESEL,145,64.2,2
GLE Class,2020,59000,SEMI-AUTO,2000,DIESEL,145,32.5,3
A Class,2020,22200,SEMI-AUTO,4020,DIESEL,145,65.7,1.5
C Class,2017,18510,SEMI-AUTO,27573,DIESEL,30,64.2,2.1
SL CLASS,2019,31200,SEMI-AUTO,50,PETROL,145,47.1,2
E Class,2019,37000,AUTOMATIC,1600,PETROL,145,33.7,2
GLC Class,2019,35495,SEMI-AUTO,382,DIESEL,145,44.8,2
GLC Class,2019,31500,AUTOMATIC,9000,DIESEL,145,44.8,2
C Class,2019,25299,SEMI-AUTO,10211,PETROL,145,46.3,1.5
C Class,2019,25399,SEMI-AUTO,13654,PETROL,145,47.1,1.5
C Class,2019,20849,SEMI-AUTO,10925,DIESEL,145,61.4,2
GLA Class,2019,23149,SEMI-AUTO,13136,DIESEL,145,67.3,2.1
E Class,2019,36699,AUTOMATIC,5745,HYBRID,135,188.3,2
C Class,2019,25699,SEMI-AUTO,7521,PETROL,145,45.6,1.5
GLA Class,2017,21599,SEMI-AUTO,14065,DIESEL,145,56.5,2.1
C Class,2019,28499,SEMI-AUTO,1867,PETROL,145,41.5,2
GLC Class,2016,27899,SEMI-AUTO,11562,DIESEL,125,56.5,2.1
E Class,2017,22099,SEMI-AUTO,22645,DIESEL,145,65.7,2
GLA Class,2017,20799,SEMI-AUTO,15368,DIESEL,145,56.5,2.1
SL CLASS,2018,48799,AUTOMATIC,313,PETROL,145,36.7,3
GLA Class,2017,21099,SEMI-AUTO,20000,DIESEL,145,56.6,2.1
C Class,2019,30149,SEMI-AUTO,10837,DIESEL,145,54.3,2
C Class,2019,33199,AUTOMATIC,3268,PETROL,145,42.2,2
C Class,2019,26799,SEMI-AUTO,4793,DIESEL,145,58.9,1.6
C Class,2019,25199,SEMI-AUTO,4292,PETROL,145,44.1,1.5
E Class,2019,32499,AUTOMATIC,5683,DIESEL,145,70.6,2
GLC Class,2019,35199,AUTOMATIC,4048,DIESEL,145,56.5,2.1
GLE Class,2019,49399,AUTOMATIC,5432,DIESEL,145,36.7,3
C Class,2019,25199,SEMI-AUTO,5910,PETROL,145,42.2,1.6
A Class,2019,22899,AUTOMATIC,442,DIESEL,145,62.8,1.5
C Class,2019,27699,AUTOMATIC,5307,DIESEL,145,60.1,1.6
C Class,2019,30999,SEMI-AUTO,5831,PETROL,145,41.5,2
E Class,2019,34500,SEMI-AUTO,3000,DIESEL,145,70.6,2
GLC Class,2019,44000,SEMI-AUTO,2900,PETROL,145,31.7,2
E Class,2019,33350,SEMI-AUTO,3692,DIESEL,145,45.6,2
A Class,2019,24000,SEMI-AUTO,3000,PETROL,145,53.3,1.3
A Class,2019,25000,SEMI-AUTO,7800,PETROL,145,53.3,1.3
E Class,2019,36000,SEMI-AUTO,1667,DIESEL,145,57.7,2
C Class,2019,67000,AUTOMATIC,2800,PETROL,145,28,4
B Class,2019,25500,SEMI-AUTO,1000,DIESEL,145,55.4,2
E Class,2017,20310,SEMI-AUTO,42150,DIESEL,20,72.4,2
A Class,2020,26000,SEMI-AUTO,1000,PETROL,145,53.3,1.3
GLC Class,2019,32500,SEMI-AUTO,2000,DIESEL,145,44.8,2
C Class,2019,20449,SEMI-AUTO,13810,DIESEL,145,61.4,2
GLC Class,2019,30299,SEMI-AUTO,11875,DIESEL,145,56.5,2.1
C Class,2019,29799,SEMI-AUTO,9168,DIESEL,145,57.7,2
C Class,2019,20299,SEMI-AUTO,14029,PETROL,145,46.3,1.5
C Class,2019,20249,SEMI-AUTO,14481,PETROL,145,46.3,1.5
CLS Class,2017,19799,SEMI-AUTO,46943,DIESEL,145,57.7,2.1
C Class,2019,31899,SEMI-AUTO,4388,PETROL,145,46.3,1.5
C Class,2019,31499,SEMI-AUTO,3624,DIESEL,145,64.2,2
C Class,2019,35199,SEMI-AUTO,2086,PETROL,145,44.1,1.5
S Class,2019,55499,AUTOMATIC,2983,DIESEL,145,52.3,3
S Class,2019,95099,SEMI-AUTO,1022,PETROL,145,34,4
C Class,2019,27699,SEMI-AUTO,1714,PETROL,145,45.6,1.5
CLS Class,2019,39999,SEMI-AUTO,3194,DIESEL,145,45.6,2
A Class,2019,26799,SEMI-AUTO,3895,DIESEL,145,56.5,2
GLA Class,2019,24999,SEMI-AUTO,1000,DIESEL,145,64.2,2.1
C Class,2019,32549,AUTOMATIC,1000,DIESEL,145,64.2,2
A Class,2019,115359,SEMI-AUTO,1000,PETROL,145,30.1,4
S Class,2019,86699,AUTOMATIC,1314,PETROL,145,34,4
E Class,2019,39129,SEMI-AUTO,1000,HYBRID,135,188.3,2
GLC Class,2019,74319,SEMI-AUTO,1000,PETROL,145,21.6,4
GLC Class,2019,32749,SEMI-AUTO,1000,DIESEL,145,44.8,2
A Class,2019,24669,SEMI-AUTO,1000,PETROL,145,28.5,2
A Class,2019,25399,AUTOMATIC,5976,DIESEL,145,56.5,2
A Class,2019,22799,SEMI-AUTO,2015,PETROL,145,53.3,1.3
B Class,2019,26899,SEMI-AUTO,2369,DIESEL,145,55.4,2
SL CLASS,2019,30799,SEMI-AUTO,314,PETROL,145,47.9,2
GLA Class,2019,23599,SEMI-AUTO,10288,DIESEL,145,67.3,2.1
E Class,2019,25599,SEMI-AUTO,9396,DIESEL,145,72.4,2
SL CLASS,2019,47789,AUTOMATIC,2000,PETROL,145,36.7,3
C Class,2019,29849,SEMI-AUTO,2303,PETROL,145,44.1,2
C Class,2019,29099,SEMI-AUTO,7027,PETROL,145,44.1,2
GLA Class,2019,23899,SEMI-AUTO,12131,DIESEL,145,67.3,2.1
C Class,2018,23249,AUTOMATIC,8724,PETROL,145,46.3,1.5
C Class,2018,22899,AUTOMATIC,11124,PETROL,145,46.3,1.5
B Class,2019,22299,SEMI-AUTO,12429,PETROL,145,45.6,1.3
C Class,2016,18699,SEMI-AUTO,38265,DIESEL,30,64.2,2.1
A Class,2020,25879,SEMI-AUTO,1000,PETROL,145,53.3,1.3
A Class,2020,25879,SEMI-AUTO,1000,PETROL,145,53.3,1.3
C Class,2016,17999,SEMI-AUTO,28984,DIESEL,30,64.2,2.1
C Class,2019,20999,SEMI-AUTO,13070,DIESEL,145,61.4,2
C Class,2019,26999,SEMI-AUTO,8714,DIESEL,145,61.4,2
C Class,2019,29799,SEMI-AUTO,11576,DIESEL,145,57.7,2
C Class,2019,25349,SEMI-AUTO,9172,PETROL,145,46.3,1.5
C Class,2019,20699,SEMI-AUTO,14593,DIESEL,145,61.4,2
C Class,2016,16499,SEMI-AUTO,35459,DIESEL,20,64.2,2.1
C Class,2020,48879,SEMI-AUTO,1000,PETROL,145,29.7,3
C Class,2018,18799,SEMI-AUTO,14731,PETROL,145,46.3,1.5
GLA Class,2019,26049,SEMI-AUTO,9556,DIESEL,145,56.5,2.1
C Class,2016,18449,SEMI-AUTO,23077,DIESEL,30,64.2,2.1
A Class,2017,14149,MANUAL,22850,DIESEL,145,72.4,1.5
A Class,2016,15549,SEMI-AUTO,45809,DIESEL,20,68.9,2.1
CLS Class,2018,34499,SEMI-AUTO,5611,DIESEL,145,48.7,2.9
E Class,2017,21299,SEMI-AUTO,32335,DIESEL,20,67.3,2
C Class,2019,24999,SEMI-AUTO,6330,PETROL,145,45.6,1.5
C Class,2019,31199,SEMI-AUTO,4979,PETROL,145,41.5,2
C Class,2019,20149,SEMI-AUTO,11761,PETROL,145,46.3,1.5
S Class,2019,48499,SEMI-AUTO,8365,DIESEL,145,52.3,3
B Class,2019,21599,SEMI-AUTO,14088,PETROL,145,45.6,1.3
E Class,2019,24799,SEMI-AUTO,14145,DIESEL,145,72.4,2
CL Class,2019,26199,SEMI-AUTO,12285,DIESEL,145,51.4,2.2
GLE Class,2017,29249,SEMI-AUTO,29261,DIESEL,145,42.8,3
C Class,2019,20449,SEMI-AUTO,13865,DIESEL,145,61.4,2
E Class,2019,28249,SEMI-AUTO,14833,DIESEL,145,58.9,2
A Class,2020,25879,SEMI-AUTO,1000,PETROL,145,53.3,1.3
C Class,2019,30499,SEMI-AUTO,9426,DIESEL,145,54.3,2
E Class,2017,19699,SEMI-AUTO,48420,DIESEL,145,65.7,2
C Class,2019,31699,SEMI-AUTO,3723,DIESEL,145,57.7,2
E Class,2019,24699,SEMI-AUTO,14735,DIESEL,145,72.4,2
C Class,2019,25549,SEMI-AUTO,14874,DIESEL,145,61.4,2
C Class,2019,24799,SEMI-AUTO,19484,DIESEL,145,61.4,2
C Class,2019,25199,SEMI-AUTO,5856,DIESEL,145,61.4,2
C Class,2019,25949,SEMI-AUTO,10201,PETROL,145,47.1,1.5
A Class,2019,22799,SEMI-AUTO,13727,PETROL,145,53.3,1.3
C Class,2019,19899,SEMI-AUTO,13359,PETROL,145,46.3,1.5
C Class,2018,22549,SEMI-AUTO,5437,PETROL,145,46.3,1.5
GLA Class,2019,23299,SEMI-AUTO,11339,DIESEL,145,67.3,2.1
C Class,2019,19849,SEMI-AUTO,14085,PETROL,145,46.3,1.5
C Class,2019,24999,SEMI-AUTO,11842,PETROL,145,46.3,1.5
C Class,2019,25649,SEMI-AUTO,8108,PETROL,145,46.3,1.5
C Class,2019,25149,SEMI-AUTO,15184,PETROL,145,47.1,1.5
C Class,2019,26049,SEMI-AUTO,9785,PETROL,145,47.1,1.5
C Class,2019,29249,SEMI-AUTO,12972,DIESEL,145,57.7,2
GLC Class,2019,32949,SEMI-AUTO,2424,DIESEL,145,42.2,2.1
E Class,2019,35349,SEMI-AUTO,11798,DIESEL,145,48.7,3
GLA Class,2018,19399,MANUAL,12471,DIESEL,145,64.2,2.1
A Class,2019,23338,SEMI-AUTO,2009,PETROL,150,28.5,1.3
C Class,2014,11999,SEMI-AUTO,28000,PETROL,150,47.9,1.6
A Class,2019,19499,SEMI-AUTO,12755,DIESEL,150,68.9,1.5
E Class,2018,24399,SEMI-AUTO,14413,DIESEL,150,72.4,2
A Class,2017,16599,SEMI-AUTO,21000,PETROL,125,53.3,1.6
GLA Class,2016,20999,SEMI-AUTO,40000,PETROL,205,43.5,2
C Class,2019,25399,SEMI-AUTO,3585,PETROL,145,44.1,1.5
C Class,2019,20799,SEMI-AUTO,13356,DIESEL,145,61.4,2
C Class,2019,20299,SEMI-AUTO,14375,DIESEL,145,61.4,2
A Class,2019,20699,SEMI-AUTO,12082,PETROL,145,28.5,1.3
E Class,2019,25199,SEMI-AUTO,10315,DIESEL,145,72.4,2
CLS Class,2019,41999,SEMI-AUTO,11763,DIESEL,145,47.9,2.9
B Class,2019,22299,SEMI-AUTO,13700,PETROL,145,45.6,1.3
GLC Class,2019,43999,SEMI-AUTO,8370,DIESEL,145,40.4,2
A Class,2019,34099,SEMI-AUTO,2700,PETROL,145,35.3,2
B Class,2017,13599,MANUAL,21000,DIESEL,145,68.9,1.5
A Class,2019,22699,SEMI-AUTO,3252,DIESEL,145,65.7,1.5
C Class,2014,14999,SEMI-AUTO,39501,DIESEL,20,64.2,2.1
A Class,2017,18749,SEMI-AUTO,7100,PETROL,145,52.3,1.6
E Class,2019,75099,SEMI-AUTO,1000,PETROL,150,31,4
E Class,2016,19349,SEMI-AUTO,13177,DIESEL,20,72.4,2
A Class,2018,16699,SEMI-AUTO,25000,DIESEL,145,65.7,1.5
E Class,2017,19999,SEMI-AUTO,29392,DIESEL,145,72.4,2
C Class,2017,37199,SEMI-AUTO,5376,PETROL,145,35.3,3
C Class,2019,26299,SEMI-AUTO,9163,PETROL,145,46.3,1.5
A Class,2017,14999,MANUAL,20454,DIESEL,145,72.4,1.5
C Class,2019,19999,SEMI-AUTO,13591,PETROL,145,46.3,1.5
A Class,2019,25899,SEMI-AUTO,1892,DIESEL,145,56.5,2
A Class,2017,13999,MANUAL,24556,DIESEL,145,72.4,1.5
C Class,2019,29399,SEMI-AUTO,4208,DIESEL,145,57.7,2
A Class,2019,22799,MANUAL,66,PETROL,145,28.5,1.3
A Class,2019,22799,MANUAL,326,PETROL,145,28.5,1.3
A Class,2019,22799,MANUAL,116,PETROL,145,28.5,1.3
A Class,2019,25299,MANUAL,1010,PETROL,145,47.1,1.3
GLA Class,2019,24799,SEMI-AUTO,8045,DIESEL,145,64.2,2.1
C Class,2019,36599,SEMI-AUTO,124,PETROL,145,41.5,2
C Class,2019,33699,SEMI-AUTO,2200,DIESEL,145,57.7,2
E Class,2019,46899,SEMI-AUTO,1171,DIESEL,145,47.1,3
C Class,2019,49499,SEMI-AUTO,358,PETROL,145,29.1,3
CL Class,2019,30599,SEMI-AUTO,166,PETROL,145,39.8,2
A Class,2020,25479,SEMI-AUTO,1000,PETROL,145,53.3,1.3
A Class,2020,25879,SEMI-AUTO,1000,PETROL,145,53.3,1.3
A Class,2020,25879,SEMI-AUTO,1000,PETROL,145,53.3,1.3
A Class,2020,25879,SEMI-AUTO,1000,PETROL,145,53.3,1.3
A Class,2020,25879,SEMI-AUTO,1000,PETROL,145,53.3,1.3
A Class,2020,25879,SEMI-AUTO,1000,PETROL,145,53.3,1.3
B Class,2019,22199,SEMI-AUTO,13637,PETROL,145,45.6,1.3
A Class,2020,25879,SEMI-AUTO,1000,PETROL,145,53.3,1.3
S Class,2019,53999,SEMI-AUTO,3835,DIESEL,145,52.3,3
A Class,2020,25729,SEMI-AUTO,1000,PETROL,145,53.3,1.3
B Class,2019,24699,SEMI-AUTO,1583,PETROL,145,44.8,1.3
GLC Class,2018,60799,SEMI-AUTO,1563,PETROL,145,26.4,4
C Class,2019,35499,SEMI-AUTO,1023,PETROL,145,44.1,1.5
E Class,2019,35099,SEMI-AUTO,2339,DIESEL,145,45.6,2
GLE Class,2019,55599,SEMI-AUTO,1594,DIESEL,145,32.8,2.9
GLE Class,2019,57799,SEMI-AUTO,1706,DIESEL,145,32.5,2.9
C Class,2019,31899,SEMI-AUTO,1733,DIESEL,145,64.2,2
C Class,2019,35299,SEMI-AUTO,100,DIESEL,145,55.4,2
C Class,2019,32399,SEMI-AUTO,2008,PETROL,145,46.3,1.5
C Class,2019,29699,SEMI-AUTO,1906,PETROL,145,47.1,1.5
E Class,2019,34899,SEMI-AUTO,4772,DIESEL,145,70.6,2
E Class,2019,33399,SEMI-AUTO,2582,DIESEL,145,45.6,2
E Class,2019,42399,SEMI-AUTO,2293,PETROL,145,32.9,2
C Class,2019,66699,SEMI-AUTO,630,PETROL,145,28.5,4
E Class,2019,56499,SEMI-AUTO,74,PETROL,145,31.7,3
E Class,2019,50299,SEMI-AUTO,1000,PETROL,145,32.5,3
SL CLASS,2019,32599,SEMI-AUTO,33,PETROL,145,47.1,2
GLC Class,2019,34299,SEMI-AUTO,1224,DIESEL,145,42.2,2.1
C Class,2019,31609,SEMI-AUTO,1000,DIESEL,145,64.2,2
CL Class,2019,22699,SEMI-AUTO,7337,PETROL,145,44.1,1.6
CLS Class,2019,45799,SEMI-AUTO,164,PETROL,145,31.4,2
E Class,2018,59899,SEMI-AUTO,89,PETROL,145,30.1,4
GLC Class,2019,32919,SEMI-AUTO,1000,DIESEL,145,44.8,2
A Class,2019,24669,SEMI-AUTO,1000,DIESEL,145,65.7,1.5
C Class,2019,31779,SEMI-AUTO,1000,DIESEL,145,54.3,1.6
E Class,2017,20749,SEMI-AUTO,30123,DIESEL,145,61.4,2
A Class,2018,24499,SEMI-AUTO,5500,DIESEL,145,67.3,1.5
A Class,2019,22899,SEMI-AUTO,405,DIESEL,145,56.5,2
S Class,2019,54999,SEMI-AUTO,369,DIESEL,145,52.3,3
A Class,2019,24099,SEMI-AUTO,4297,PETROL,145,53.3,1.3
C Class,2019,25799,SEMI-AUTO,1000,PETROL,145,45.6,1.5
C Class,2019,23399,SEMI-AUTO,3342,PETROL,145,44.1,1.5
A Class,2019,25099,SEMI-AUTO,4215,PETROL,145,28.5,2
CL Class,2019,26099,SEMI-AUTO,5280,DIESEL,145,51.4,2.2
C Class,2019,32199,SEMI-AUTO,2985,PETROL,145,44.1,1.5
C Class,2019,30599,SEMI-AUTO,4272,PETROL,145,44.1,2
S Class,2019,54999,AUTOMATIC,2255,DIESEL,145,52.3,3
C Class,2019,25899,SEMI-AUTO,6765,PETROL,145,45.6,1.5
GLA Class,2019,26099,SEMI-AUTO,6155,DIESEL,145,56.5,2.1
E Class,2019,42599,SEMI-AUTO,1000,DIESEL,145,42.8,3
A Class,2019,24999,SEMI-AUTO,5738,PETROL,145,53.3,1.3
C Class,2019,29699,SEMI-AUTO,5230,DIESEL,145,61.4,2
C Class,2019,29899,SEMI-AUTO,8447,DIESEL,145,57.7,2
C Class,2019,25699,SEMI-AUTO,13044,DIESEL,145,61.4,2
E Class,2017,19199,SEMI-AUTO,49364,DIESEL,145,72.4,2
A Class,2018,23199,SEMI-AUTO,8762,PETROL,145,53.3,1.3
C Class,2018,28499,SEMI-AUTO,7661,DIESEL,145,54.3,2
A Class,2019,24399,SEMI-AUTO,5310,PETROL,145,53.3,1.3
GLA Class,2018,21999,SEMI-AUTO,17231,DIESEL,145,67.3,2.1
B Class,2019,22199,SEMI-AUTO,24279,PETROL,145,45.6,1.3
E Class,2019,34499,SEMI-AUTO,1825,DIESEL,145,70.6,2
SL CLASS,2018,34799,AUTOMATIC,212,PETROL,145,36.2,3
E Class,2019,42599,AUTOMATIC,1000,DIESEL,145,42.8,3
E Class,2019,43519,AUTOMATIC,1000,PETROL,145,29.7,3
C Class,2019,32069,AUTOMATIC,1000,DIESEL,145,64.2,2
C Class,2019,30759,AUTOMATIC,1000,DIESEL,145,53.3,2
E Class,2019,38899,AUTOMATIC,6828,HYBRID,135,188.3,2
B Class,2019,25899,AUTOMATIC,6664,DIESEL,145,55.4,2
A Class,2019,25299,AUTOMATIC,7775,DIESEL,145,56.5,2
S Class,2019,90759,SEMI-AUTO,1000,PETROL,145,34,4
B Class,2019,22399,SEMI-AUTO,12124,PETROL,145,45.6,1.3
C Class,2019,22899,SEMI-AUTO,14959,DIESEL,145,61.4,2
CLS Class,2019,38899,SEMI-AUTO,6785,DIESEL,145,48.7,2.9
A Class,2018,20899,SEMI-AUTO,3200,PETROL,145,53.3,1.3
E Class,2019,31249,SEMI-AUTO,9379,DIESEL,145,70.6,2
GLC Class,2018,30699,SEMI-AUTO,6704,DIESEL,145,56.5,2.1
C Class,2019,29299,SEMI-AUTO,5979,PETROL,145,44.1,2
CL Class,2019,24399,SEMI-AUTO,1831,DIESEL,145,58.9,2.1
GLC Class,2019,44099,SEMI-AUTO,7500,DIESEL,145,40.4,2
C Class,2019,30899,SEMI-AUTO,7942,DIESEL,145,57.7,2
C Class,2016,20299,SEMI-AUTO,6605,PETROL,125,51.4,2
B Class,2019,23999,SEMI-AUTO,2645,DIESEL,145,55.4,2
E Class,2019,71199,SEMI-AUTO,958,PETROL,145,30.1,4
SL CLASS,2019,58799,AUTOMATIC,183,PETROL,145,29.7,3
C Class,2019,62199,SEMI-AUTO,95,PETROL,145,28.5,4
A Class,2019,22599,SEMI-AUTO,2314,DIESEL,145,62.8,1.5
B Class,2019,26199,SEMI-AUTO,5690,DIESEL,145,55.4,2
E Class,2019,34099,SEMI-AUTO,4811,DIESEL,145,57.7,2
C Class,2019,33699,SEMI-AUTO,1604,PETROL,145,42.2,2
E Class,2019,36999,SEMI-AUTO,6105,HYBRID,135,134.5,2
SL CLASS,2019,30799,AUTOMATIC,4210,PETROL,145,47.1,2
C Class,2019,27299,AUTOMATIC,2584,DIESEL,145,58.9,1.6
C Class,2019,31199,AUTOMATIC,4842,PETROL,145,46.3,1.5
SL CLASS,2019,49899,AUTOMATIC,1279,PETROL,145,36.7,3
C Class,2019,32399,AUTOMATIC,5415,PETROL,145,42.2,2
CL Class,2019,26099,AUTOMATIC,5802,DIESEL,145,51.4,2.2
C Class,2019,38289,SEMI-AUTO,1000,DIESEL,145,54.3,2
C Class,2019,33719,AUTOMATIC,1000,DIESEL,145,61.4,2
E Class,2019,40999,AUTOMATIC,1000,HYBRID,135,188.3,2
C Class,2019,24699,SEMI-AUTO,6783,PETROL,145,44.1,1.5
A Class,2020,29490,AUTOMATIC,3329,DIESEL,145,67.3,1.5
A Class,2020,29490,SEMI-AUTO,4850,DIESEL,145,67.3,1.5
CL Class,2019,27499,SEMI-AUTO,1499,PETROL,145,38.2,2
C Class,2018,22549,SEMI-AUTO,19656,DIESEL,145,61.4,2
E Class,2019,26399,SEMI-AUTO,15333,DIESEL,145,72.4,2
C Class,2019,24299,SEMI-AUTO,12321,DIESEL,145,58.9,2
GLA Class,2019,23299,SEMI-AUTO,15375,DIESEL,145,67.3,2.1
A Class,2019,21599,SEMI-AUTO,9085,PETROL,145,53.3,1.3
E Class,2019,29099,SEMI-AUTO,10560,DIESEL,145,58.9,2
E Class,2019,35149,SEMI-AUTO,7630,DIESEL,145,48.7,3
GLA Class,2019,23799,SEMI-AUTO,12836,DIESEL,145,67.3,2.1
C Class,2018,27449,AUTOMATIC,7322,DIESEL,145,57.7,2
A Class,2018,22599,SEMI-AUTO,8297,PETROL,145,53.3,1.3
A Class,2019,20899,AUTOMATIC,11587,PETROL,145,53.3,1.3
GLC Class,2019,31899,SEMI-AUTO,9853,DIESEL,145,41.5,2.1
E Class,2019,43999,AUTOMATIC,6632,PETROL,145,32.8,3
C Class,2019,24299,AUTOMATIC,5098,PETROL,145,44.1,1.5
GLA Class,2019,25899,AUTOMATIC,5647,DIESEL,145,56.5,2.1
A Class,2019,21299,AUTOMATIC,1759,DIESEL,145,65.7,1.5
A Class,2019,23199,AUTOMATIC,3380,DIESEL,145,56.5,2
GLE Class,2019,49990,SEMI-AUTO,5401,DIESEL,145,32.8,3
GLC Class,2019,38990,SEMI-AUTO,6769,DIESEL,145,40.9,2
GLC Class,2019,39790,SEMI-AUTO,5218,DIESEL,145,40.9,2
B Class,2019,25799,AUTOMATIC,7562,DIESEL,145,55.4,2
SL CLASS,2019,29790,SEMI-AUTO,2425,PETROL,145,47.9,2
A Class,2019,26014,SEMI-AUTO,2891,PETROL,145,53.3,1.3
A Class,2019,25777,SEMI-AUTO,7200,DIESEL,145,56.5,2
GLE Class,2019,52700,SEMI-AUTO,2343,DIESEL,145,32.8,3
V Class,2019,44490,SEMI-AUTO,6295,DIESEL,145,36.7,2
A Class,2019,25185,SEMI-AUTO,8294,PETROL,145,53.3,1.3
A Class,2017,14990,MANUAL,12500,PETROL,150,51.4,1.6
A Class,2018,18500,SEMI-AUTO,35121,DIESEL,150,68.9,2.1
GLA Class,2019,27588,SEMI-AUTO,6190,PETROL,150,44.8,1.6
C Class,2017,24000,SEMI-AUTO,24035,PETROL,165,43.5,2
C Class,2019,30000,SEMI-AUTO,8750,DIESEL,145,57.7,2
B Class,2017,17490,SEMI-AUTO,8645,PETROL,125,51.4,1.6
E Class,2019,54000,SEMI-AUTO,5648,PETROL,145,31.7,3
C Class,2019,52000,AUTOMATIC,5072,PETROL,145,34.5,4
A Class,2019,24890,SEMI-AUTO,7301,DIESEL,145,56.5,2
A Class,2020,25729,SEMI-AUTO,1000,PETROL,145,53.3,1.3
A Class,2020,25729,SEMI-AUTO,1000,PETROL,145,53.3,1.3
A Class,2016,15999,MANUAL,19022,DIESEL,20,68.9,1.5
GLC Class,2017,28999,SEMI-AUTO,28478,DIESEL,150,56.5,2.1
CL Class,2019,38799,AUTOMATIC,1666,PETROL,145,32.8,2
C Class,2019,36199,SEMI-AUTO,9800,PETROL,145,30.4,3
E Class,2019,24749,AUTOMATIC,15210,DIESEL,145,72.4,2
A Class,2019,19499,SEMI-AUTO,10440,DIESEL,145,68.9,1.5
GLA Class,2019,23199,AUTOMATIC,5100,DIESEL,145,67.3,2.1
E Class,2019,26099,SEMI-AUTO,6305,DIESEL,145,72.4,2
E Class,2019,28470,SEMI-AUTO,2000,DIESEL,145,65.7,2
C Class,2019,23000,SEMI-AUTO,14627,PETROL,145,46.3,1.5
CLS Class,2019,37500,SEMI-AUTO,2609,DIESEL,145,48.7,2.9
SL CLASS,2019,48745,SEMI-AUTO,9742,PETROL,145,31.4,4.7
GLC Class,2019,34290,SEMI-AUTO,5595,DIESEL,145,44.8,2
C Class,2018,26000,SEMI-AUTO,19800,PETROL,145,42.2,2
B Class,2019,21250,SEMI-AUTO,13545,PETROL,150,45.6,1.3
C Class,2017,25490,SEMI-AUTO,9714,DIESEL,30,65.7,2.1
A Class,2019,26490,SEMI-AUTO,12984,PETROL,150,53.3,1.3
A Class,2019,22000,SEMI-AUTO,6686,DIESEL,145,67.3,1.5
CL Class,2019,25290,SEMI-AUTO,14265,DIESEL,145,51.4,2.2
C Class,2017,17890,SEMI-AUTO,26514,DIESEL,145,61.4,2.1
GLE Class,2019,48000,SEMI-AUTO,3746,DIESEL,145,36.7,2
GLC Class,2019,38000,SEMI-AUTO,99,PETROL,145,32.1,2
C Class,2019,29427,SEMI-AUTO,3085,PETROL,145,44.1,2
E Class,2019,48599,SEMI-AUTO,1000,DIESEL,145,45.6,3
A Class,2019,26699,SEMI-AUTO,998,PETROL,145,53.3,1.3
C Class,2019,33799,SEMI-AUTO,2014,DIESEL,145,57.7,2
CL Class,2019,29499,SEMI-AUTO,1710,PETROL,145,39.8,2
GLE Class,2016,24862,SEMI-AUTO,49499,DIESEL,200,47.9,2.1
E Class,2019,38399,AUTOMATIC,5493,DIESEL,145,48.7,3
C Class,2019,30499,SEMI-AUTO,1488,DIESEL,145,61.4,2
E Class,2019,33099,SEMI-AUTO,5260,DIESEL,145,70.6,2
C Class,2019,28589,AUTOMATIC,7621,DIESEL,145,57.7,2
SLK,2014,10950,AUTOMATIC,55404,DIESEL,145,56.5,2
E Class,2019,29900,SEMI-AUTO,14605,DIESEL,150,58.9,2
A Class,2019,23500,SEMI-AUTO,10617,PETROL,150,53.3,1.3
C Class,2019,25900,SEMI-AUTO,9625,PETROL,150,47.1,1.5
CL Class,2017,31000,SEMI-AUTO,24325,PETROL,150,40.9,2
A Class,2017,16000,MANUAL,14255,PETROL,145,50.4,1.6
GLE Class,2019,51290,AUTOMATIC,6235,DIESEL,145,32.8,3
E Class,2017,19290,SEMI-AUTO,25500,DIESEL,150,67.3,2
A Class,2019,21290,SEMI-AUTO,8783,PETROL,150,53.3,1.3
A Class,2019,24000,SEMI-AUTO,4899,PETROL,150,53.3,1.3
GLA Class,2019,22000,SEMI-AUTO,15174,DIESEL,145,67.3,2.1
SL CLASS,2019,29350,SEMI-AUTO,4452,PETROL,145,47.1,2
GLE Class,2019,49990,SEMI-AUTO,5794,DIESEL,145,32.8,3
C Class,2019,29000,SEMI-AUTO,9809,DIESEL,145,57.7,2
C Class,2019,30200,SEMI-AUTO,4589,DIESEL,145,64.2,2
C Class,2019,30132,SEMI-AUTO,7165,DIESEL,145,57.7,2
GLC Class,2019,36390,SEMI-AUTO,10955,DIESEL,145,40.9,2
GLC Class,2019,36490,SEMI-AUTO,6668,DIESEL,145,40.9,2
GLC Class,2019,36490,SEMI-AUTO,7011,DIESEL,145,40.9,2
E Class,2018,28790,SEMI-AUTO,13534,DIESEL,145,57.7,2
C Class,2019,27690,SEMI-AUTO,8070,PETROL,145,44.1,2
C Class,2020,33800,SEMI-AUTO,2406,PETROL,145,47.1,1.5
GLA Class,2020,27790,SEMI-AUTO,2460,PETROL,145,35.8,1.6
C Class,2020,29990,SEMI-AUTO,99,DIESEL,145,64.2,2
E Class,2018,24790,SEMI-AUTO,16151,DIESEL,145,58.9,2
C Class,2020,33990,SEMI-AUTO,99,DIESEL,145,48.7,2
A Class,2020,26500,SEMI-AUTO,3143,PETROL,145,53.3,1.3
A Class,2020,26400,SEMI-AUTO,2249,PETROL,145,53.3,1.3
GLC Class,2019,36490,SEMI-AUTO,5223,DIESEL,145,40.9,2
C Class,2015,15991,SEMI-AUTO,35000,DIESEL,125,60.1,2.1
A Class,2017,20392,SEMI-AUTO,4597,PETROL,125,52.3,1.6
E Class,2014,16872,SEMI-AUTO,23435,DIESEL,160,47.9,3
C Class,2017,14990,SEMI-AUTO,76982,HYBRID,0,134.5,2
GLA Class,2019,20500,MANUAL,3242,PETROL,145,40.9,1.6
C Class,2019,31499,SEMI-AUTO,6618,DIESEL,145,54.3,2
C Class,2019,29799,AUTOMATIC,6012,PETROL,145,46.3,1.5
C Class,2019,29399,SEMI-AUTO,8545,DIESEL,145,61.4,2
C Class,2018,22949,AUTOMATIC,10577,PETROL,145,46.3,1.5
GLC Class,2019,43199,AUTOMATIC,12704,DIESEL,145,40.4,2
GLC Class,2018,31199,SEMI-AUTO,11673,DIESEL,145,56.5,2.1
C Class,2016,20890,SEMI-AUTO,25726,DIESEL,20,68.9,2.1
GLC Class,2019,31490,SEMI-AUTO,3270,DIESEL,145,44.8,2
GLC Class,2019,31490,SEMI-AUTO,6294,DIESEL,145,44.8,2
CL Class,2019,26799,SEMI-AUTO,4422,PETROL,145,38.2,2
CL Class,2019,26799,SEMI-AUTO,4276,PETROL,145,38.2,2
GLA Class,2014,16799,SEMI-AUTO,21000,DIESEL,145,55.4,2.1
E Class,2019,42729,SEMI-AUTO,1709,HYBRID,135,188.3,2
C Class,2019,32069,SEMI-AUTO,1000,DIESEL,145,64.2,2
E Class,2017,22299,SEMI-AUTO,19725,DIESEL,145,65.7,2
B Class,2019,22889,SEMI-AUTO,1552,DIESEL,145,55.4,2
C Class,2019,30599,SEMI-AUTO,4504,PETROL,145,44.1,2
C Class,2019,28799,SEMI-AUTO,5136,DIESEL,145,60.1,1.6
E Class,2019,39499,SEMI-AUTO,1000,DIESEL,145,57.7,2
SL CLASS,2019,32299,SEMI-AUTO,1000,PETROL,145,47.1,2
S Class,2015,32249,AUTOMATIC,7864,PETROL,325,31.7,4.7
GLE Class,2019,52779,SEMI-AUTO,1000,DIESEL,145,32.8,3
SL CLASS,2019,57399,SEMI-AUTO,894,PETROL,145,31.4,4.7
A Class,2019,22699,SEMI-AUTO,2046,DIESEL,145,56.5,2
A Class,2019,25899,SEMI-AUTO,1413,DIESEL,145,65.7,1.5
A Class,2019,22499,SEMI-AUTO,3273,DIESEL,145,56.5,2
SL CLASS,2019,30599,SEMI-AUTO,1905,PETROL,145,47.9,2
CL Class,2014,16349,SEMI-AUTO,27266,PETROL,125,51.4,1.6
E Class,2018,50799,SEMI-AUTO,1462,PETROL,145,31.7,3
C Class,2019,27349,SEMI-AUTO,5917,DIESEL,145,64.2,2
GLA Class,2019,22999,SEMI-AUTO,13452,DIESEL,145,67.3,2.1
E Class,2019,37199,SEMI-AUTO,5359,DIESEL,145,48.7,3
C Class,2019,29549,SEMI-AUTO,5071,DIESEL,145,55.4,2
SL CLASS,2019,47789,SEMI-AUTO,2702,PETROL,145,36.7,3
C Class,2019,29999,SEMI-AUTO,7193,PETROL,145,44.1,2
C Class,2019,29399,SEMI-AUTO,8123,DIESEL,145,57.7,2
C Class,2018,25999,AUTOMATIC,7317,PETROL,145,46.3,1.5
C Class,2018,25949,SEMI-AUTO,11961,DIESEL,145,65.7,2.1
E Class,2019,35949,SEMI-AUTO,6995,DIESEL,145,48.7,3
C Class,2019,26899,SEMI-AUTO,2000,PETROL,145,45.6,1.5
C Class,2019,30399,SEMI-AUTO,7163,DIESEL,145,54.3,2
C Class,2019,26399,SEMI-AUTO,3553,PETROL,145,47.9,2
E Class,2016,22799,SEMI-AUTO,21330,DIESEL,30,65.7,2
GLE Class,2019,48099,SEMI-AUTO,3312,DIESEL,145,36.7,2
CL Class,2019,26099,SEMI-AUTO,3550,DIESEL,145,51.4,2.2
CL Class,2019,24799,SEMI-AUTO,200,PETROL,145,44.1,1.6
A Class,2019,21999,SEMI-AUTO,4025,DIESEL,145,65.7,1.5
B Class,2019,26599,SEMI-AUTO,935,DIESEL,145,55.4,2
C Class,2019,24699,SEMI-AUTO,4040,PETROL,145,46.3,1.5
S Class,2017,67699,SEMI-AUTO,15400,PETROL,145,28,5.5
A Class,2017,16899,SEMI-AUTO,11750,PETROL,145,53.3,1.6
C Class,2017,15999,SEMI-AUTO,34301,DIESEL,20,65.7,2.1
C Class,2019,30099,SEMI-AUTO,2924,DIESEL,145,56.5,2
GLE Class,2019,49699,SEMI-AUTO,3151,DIESEL,145,36.7,3
B Class,2019,23999,SEMI-AUTO,2067,DIESEL,145,55.4,2
C Class,2019,30299,SEMI-AUTO,4284,DIESEL,145,55.4,2
C Class,2019,25299,SEMI-AUTO,4004,PETROL,145,44.1,1.5
GLE Class,2019,49499,SEMI-AUTO,4180,DIESEL,145,36.7,3
C Class,2019,30099,SEMI-AUTO,4701,DIESEL,145,54.3,1.6
C Class,2019,32429,SEMI-AUTO,1000,DIESEL,145,57.7,2
CL Class,2019,29299,SEMI-AUTO,3004,PETROL,145,40.9,2
E Class,2019,34999,SEMI-AUTO,3174,DIESEL,145,45.6,2
S Class,2019,54599,SEMI-AUTO,5961,DIESEL,145,52.3,3
GLE Class,2019,55199,SEMI-AUTO,3029,DIESEL,145,32.8,3
C Class,2019,33599,SEMI-AUTO,2679,DIESEL,145,57.7,2
GLC Class,2019,74199,SEMI-AUTO,1000,PETROL,145,26.4,4
C Class,2019,33599,SEMI-AUTO,1000,PETROL,145,44.1,2
C Class,2019,31999,SEMI-AUTO,1000,DIESEL,145,61.4,2
A Class,2017,75089,SEMI-AUTO,5226,PETROL,145,30.4,4
C Class,2019,25599,SEMI-AUTO,2648,PETROL,145,44.1,1.5
CL Class,2019,27299,SEMI-AUTO,3174,PETROL,145,38.2,2
CL Class,2019,27299,SEMI-AUTO,3225,PETROL,145,38.2,2
C Class,2019,26599,SEMI-AUTO,12961,PETROL,145,47.1,1.5
E Class,2019,24999,SEMI-AUTO,13302,DIESEL,145,72.4,2
C Class,2019,28099,SEMI-AUTO,20001,DIESEL,145,61.4,2
C Class,2019,24599,SEMI-AUTO,9905,DIESEL,145,58.9,2
GLA Class,2019,22899,SEMI-AUTO,15618,DIESEL,145,67.3,2.1
GLE Class,2019,48399,SEMI-AUTO,8921,DIESEL,145,35.8,2
E Class,2019,24899,SEMI-AUTO,13474,DIESEL,145,72.4,2
C Class,2014,14299,SEMI-AUTO,47399,DIESEL,20,64.2,2.1
E Class,2019,28699,SEMI-AUTO,13217,DIESEL,145,58.9,2
C Class,2019,25389,SEMI-AUTO,2000,PETROL,145,45.6,1.5
C Class,2019,25389,SEMI-AUTO,2000,PETROL,145,45.6,1.5
GLA Class,2018,26399,SEMI-AUTO,4507,DIESEL,145,56.5,2.1
A Class,2018,20899,SEMI-AUTO,3166,PETROL,145,53.3,1.3
C Class,2019,24389,SEMI-AUTO,2000,PETROL,145,44.1,1.5
E Class,2019,37999,SEMI-AUTO,4366,DIESEL,145,48.7,3
C Class,2019,26899,SEMI-AUTO,2000,PETROL,145,45.6,1.5
SL CLASS,2019,49299,SEMI-AUTO,670,PETROL,145,36.7,3
A Class,2019,25639,SEMI-AUTO,1892,DIESEL,145,56.5,2
A Class,2019,24519,SEMI-AUTO,2486,DIESEL,145,56.5,2
GLA Class,2019,24999,SEMI-AUTO,1160,DIESEL,145,64.2,2.1
E Class,2019,43649,SEMI-AUTO,2396,HYBRID,135,176.6,2
E Class,2016,15599,AUTOMATIC,36210,DIESEL,125,58.9,2.1
C Class,2015,17399,SEMI-AUTO,21019,DIESEL,20,64.2,2.1
GLE Class,2017,40899,SEMI-AUTO,16000,DIESEL,145,39.2,3
C Class,2017,24999,SEMI-AUTO,21210,DIESEL,145,65.7,2.1
B Class,2019,22699,SEMI-AUTO,13021,PETROL,145,45.6,1.3
E Class,2019,28299,SEMI-AUTO,2000,PETROL,145,39.8,2
C Class,2019,29399,SEMI-AUTO,7224,DIESEL,145,61.4,2
E Class,2017,20199,SEMI-AUTO,19075,DIESEL,145,72.4,2
C Class,2019,32049,SEMI-AUTO,2365,DIESEL,145,57.7,2
C Class,2018,23149,SEMI-AUTO,17000,DIESEL,145,61.4,2.1
A Class,2019,21299,SEMI-AUTO,6604,PETROL,145,53.3,1.3
B Class,2019,22199,SEMI-AUTO,12980,PETROL,145,45.6,1.3
C Class,2019,28999,SEMI-AUTO,4938,DIESEL,145,61.4,2
E Class,2019,24749,SEMI-AUTO,15181,DIESEL,145,72.4,2
C Class,2019,20999,SEMI-AUTO,9883,DIESEL,145,61.4,2
C Class,2018,18899,SEMI-AUTO,13924,PETROL,145,46.3,1.5
E Class,2017,18699,SEMI-AUTO,40703,DIESEL,20,72.4,2
E Class,2016,20049,SEMI-AUTO,27868,DIESEL,145,54.3,3
B Class,2019,23979,SEMI-AUTO,5425,DIESEL,145,55.4,2
A Class,2019,26999,SEMI-AUTO,2315,DIESEL,145,56.5,2
E Class,2019,56499,SEMI-AUTO,484,PETROL,145,31.7,3
C Class,2019,34579,SEMI-AUTO,1000,PETROL,145,44.1,1.5
A Class,2019,25149,SEMI-AUTO,3890,DIESEL,145,56.5,2
A Class,2019,24519,SEMI-AUTO,2882,DIESEL,145,56.5,2
GLA Class,2016,18799,SEMI-AUTO,18950,DIESEL,125,56.5,2.1
GLA Class,2015,17199,SEMI-AUTO,42700,DIESEL,125,55.4,2.1
E Class,2017,24299,SEMI-AUTO,18701,DIESEL,145,54.3,3
B Class,2018,16299,MANUAL,6364,PETROL,145,49.6,1.6
GLE Class,2017,30599,SEMI-AUTO,23732,DIESEL,145,47.9,2.1
GLC Class,2020,47459,SEMI-AUTO,1000,PETROL,145,26.4,3
C Class,2016,13000,AUTOMATIC,53065,DIESEL,20,65.7,2.1
GLE Class,2015,22986,SEMI-AUTO,43434,DIESEL,260,42.8,3
A Class,2019,20888,SEMI-AUTO,14725,PETROL,145,45.6,2
E Class,2017,21149,SEMI-AUTO,29146,DIESEL,145,65.7,2
GLA Class,2019,24449,SEMI-AUTO,10420,PETROL,145,50.4,1.6
A Class,2017,16249,SEMI-AUTO,3951,DIESEL,145,74.3,1.5
C Class,2019,25349,SEMI-AUTO,9687,PETROL,145,46.3,1.5
GLC Class,2019,30149,SEMI-AUTO,10903,DIESEL,145,56.5,2.1
E Class,2018,25749,SEMI-AUTO,1624,DIESEL,145,61.4,2
C Class,2019,41099,SEMI-AUTO,8370,PETROL,145,29.4,3
C Class,2019,30749,SEMI-AUTO,2000,PETROL,145,44.1,2
CL Class,2019,26299,SEMI-AUTO,11347,DIESEL,145,51.4,2.2
CL Class,2019,26149,SEMI-AUTO,12757,DIESEL,145,51.4,2.2
A Class,2016,12699,MANUAL,45252,DIESEL,30,65.7,2.1
A Class,2019,22969,SEMI-AUTO,3486,DIESEL,145,56.5,2
C Class,2019,26099,SEMI-AUTO,5433,PETROL,145,45.6,1.5
SL CLASS,2017,57999,SEMI-AUTO,8420,PETROL,145,28,5.5
GLA Class,2014,15999,SEMI-AUTO,33487,DIESEL,145,55.4,2.1
A Class,2018,23599,SEMI-AUTO,1850,PETROL,145,53.3,1.3
E Class,2019,36500,SEMI-AUTO,5000,HYBRID,135,188.3,2
GLC Class,2019,34500,SEMI-AUTO,4000,DIESEL,145,44.8,2
A Class,2019,26100,SEMI-AUTO,4000,PETROL,145,28.5,2
GLE Class,2019,46500,SEMI-AUTO,8148,DIESEL,145,36.7,2
C Class,2019,41000,SEMI-AUTO,5339,PETROL,145,28.8,3
C Class,2019,31450,SEMI-AUTO,5104,DIESEL,145,57.7,2
B Class,2019,25300,SEMI-AUTO,2662,PETROL,145,44.8,1.3
GLC Class,2019,36800,SEMI-AUTO,6112,DIESEL,145,40.9,2
GLC Class,2019,40000,SEMI-AUTO,3860,DIESEL,145,40.9,2
A Class,2020,25879,SEMI-AUTO,1000,PETROL,145,53.3,1.3
C Class,2018,25299,SEMI-AUTO,13440,DIESEL,145,64.2,2
GLC Class,2018,31994,SEMI-AUTO,19339,DIESEL,145,45.6,3
C Class,2018,39000,SEMI-AUTO,7011,PETROL,150,29.1,3
C Class,2016,17500,SEMI-AUTO,41758,HYBRID,0,134.5,2
E Class,2016,19999,SEMI-AUTO,27663,DIESEL,30,65.7,2
A Class,2020,22559,MANUAL,1000,PETROL,145,28.5,1.3
GLC Class,2019,37189,SEMI-AUTO,4500,DIESEL,145,40.9,2
B Class,2019,23979,SEMI-AUTO,1000,DIESEL,145,55.4,2
A Class,2017,13849,MANUAL,33770,DIESEL,20,72.4,1.5
CLS Class,2019,43499,SEMI-AUTO,12346,DIESEL,145,47.9,2.9
C Class,2019,19899,SEMI-AUTO,13633,PETROL,145,46.3,1.5
C Class,2019,19849,SEMI-AUTO,14017,PETROL,145,46.3,1.5
C Class,2019,21099,SEMI-AUTO,4535,PETROL,145,46.3,1.5
C Class,2019,25399,SEMI-AUTO,10260,PETROL,145,44.1,1.5
C Class,2019,26599,SEMI-AUTO,8912,DIESEL,145,61.4,2
C Class,2019,25449,SEMI-AUTO,13280,PETROL,145,47.1,1.5
B Class,2020,25600,SEMI-AUTO,4000,PETROL,145,44.8,1.3
A Class,2020,26000,SEMI-AUTO,4000,PETROL,145,53.3,1.3
C Class,2019,25000,SEMI-AUTO,481,PETROL,145,45.6,1.5
GLC Class,2019,36000,SEMI-AUTO,6462,DIESEL,145,40.9,2
GLC Class,2019,37000,SEMI-AUTO,5529,DIESEL,145,40.9,2
C Class,2019,29000,SEMI-AUTO,2198,PETROL,145,47.1,1.5
C Class,2019,25699,SEMI-AUTO,11793,PETROL,145,47.1,1.5
GLA Class,2019,22699,SEMI-AUTO,14342,DIESEL,145,67.3,2.1
B Class,2019,21549,SEMI-AUTO,14387,PETROL,145,45.6,1.3
E Class,2019,24749,SEMI-AUTO,14242,DIESEL,145,72.4,2
A Class,2019,20149,MANUAL,9203,PETROL,145,28.5,1.3
C Class,2019,20299,SEMI-AUTO,14271,PETROL,145,46.3,1.5
C Class,2019,29949,SEMI-AUTO,8208,DIESEL,145,57.7,2
C Class,2019,20449,SEMI-AUTO,13181,PETROL,145,46.3,1.5
C Class,2019,25549,SEMI-AUTO,14995,DIESEL,145,61.4,2
GLC Class,2019,35000,SEMI-AUTO,5383,DIESEL,145,44.8,2
GLC Class,2019,36000,SEMI-AUTO,8000,DIESEL,145,40.9,2
C Class,2019,31500,SEMI-AUTO,7000,DIESEL,145,57.7,2
B Class,2019,27500,SEMI-AUTO,4000,PETROL,145,37.7,2
GLC Class,2019,40000,SEMI-AUTO,4000,DIESEL,145,40.9,2
GLE Class,2019,47390,SEMI-AUTO,9500,DIESEL,145,36.7,2
E Class,2019,49000,SEMI-AUTO,9722,PETROL,145,32.1,3
C Class,2016,17400,SEMI-AUTO,39979,DIESEL,20,65.7,2.1
C Class,2019,26000,SEMI-AUTO,6878,PETROL,150,47.1,1.5
GLE Class,2019,50700,SEMI-AUTO,6000,DIESEL,145,32.8,3
C Class,2017,24000,AUTOMATIC,17030,DIESEL,125,58.9,2.1
C Class,2014,16450,SEMI-AUTO,27032,DIESEL,30,64.2,2.1
C Class,2017,19750,SEMI-AUTO,27959,PETROL,150,41.5,2
CLS Class,2019,68000,SEMI-AUTO,8697,PETROL,145,31.7,3
A Class,2020,24729,SEMI-AUTO,1000,DIESEL,145,67.3,1.5
C Class,2018,15999,SEMI-AUTO,41650,DIESEL,145,65.7,2.1
C Class,2019,25599,SEMI-AUTO,13624,PETROL,145,46.3,1.5
C Class,2019,24600,SEMI-AUTO,9174,PETROL,145,45.6,1.5
CL Class,2019,25500,SEMI-AUTO,13663,DIESEL,145,51.4,2.2
C Class,2019,24700,SEMI-AUTO,12944,DIESEL,145,61.4,2
GLC Class,2018,32750,SEMI-AUTO,12431,DIESEL,145,56.5,2.1
A Class,2019,18949,SEMI-AUTO,16222,DIESEL,145,68.9,1.5
A Class,2019,23500,SEMI-AUTO,7261,PETROL,150,53.3,1.3
E Class,2019,33700,SEMI-AUTO,12542,PETROL,145,40.4,2
C Class,2019,28300,SEMI-AUTO,6519,PETROL,145,44.1,2
C Class,2019,28000,SEMI-AUTO,11549,PETROL,145,44.1,2
C Class,2019,28800,SEMI-AUTO,3116,PETROL,145,44.1,2
C Class,2019,29000,SEMI-AUTO,4650,PETROL,145,44.1,2
A Class,2020,25000,SEMI-AUTO,4000,DIESEL,145,62.8,1.5
A Class,2020,26000,MANUAL,4000,PETROL,145,44.1,1.3
A Class,2020,25000,SEMI-AUTO,4000,PETROL,145,53.3,1.3
B Class,2020,26000,SEMI-AUTO,4000,DIESEL,145,55.4,2
A Class,2018,20000,SEMI-AUTO,7575,DIESEL,145,65.7,1.5
C Class,2016,21600,SEMI-AUTO,33028,DIESEL,30,65.7,2.1
A Class,2019,23500,SEMI-AUTO,2500,DIESEL,145,56.5,2
E Class,2019,42000,SEMI-AUTO,1502,DIESEL,145,47.1,3
C Class,2019,27750,SEMI-AUTO,2192,PETROL,145,46.3,1.5
C Class,2019,29999,SEMI-AUTO,13109,DIESEL,145,57.7,2
CLS Class,2019,45699,SEMI-AUTO,3418,DIESEL,145,47.9,2.9
C Class,2019,30299,SEMI-AUTO,2230,DIESEL,145,61.4,2
E Class,2017,23499,SEMI-AUTO,40659,DIESEL,145,65.7,2
A Class,2020,25879,SEMI-AUTO,1000,PETROL,145,53.3,1.3
A Class,2020,25879,SEMI-AUTO,1000,PETROL,145,53.3,1.3
A Class,2020,25879,SEMI-AUTO,1000,PETROL,145,53.3,1.3
C Class,2018,22000,SEMI-AUTO,11439,PETROL,145,46.3,1.5
B Class,2019,20000,SEMI-AUTO,13330,PETROL,145,45.6,1.3
C Class,2019,24500,SEMI-AUTO,2827,PETROL,145,45.6,1.5
GLA Class,2016,22000,SEMI-AUTO,17223,PETROL,200,43.5,2
GLE Class,2018,41000,SEMI-AUTO,4267,DIESEL,145,36.7,3
C Class,2019,30300,SEMI-AUTO,4000,DIESEL,145,54.3,1.6
GLA Class,2019,26400,SEMI-AUTO,4000,PETROL,145,35.8,1.6
C Class,2019,20349,SEMI-AUTO,13910,PETROL,145,46.3,1.5
C Class,2019,25949,SEMI-AUTO,12722,DIESEL,145,61.4,2
C Class,2019,25499,SEMI-AUTO,15414,DIESEL,145,61.4,2
C Class,2019,25799,SEMI-AUTO,10996,PETROL,145,47.1,1.5
A Class,2019,20999,SEMI-AUTO,6234,PETROL,145,53.3,1.3
GLC Class,2019,32249,SEMI-AUTO,5943,DIESEL,145,42.2,2.1
CL Class,2019,26499,SEMI-AUTO,9613,DIESEL,145,51.4,2.2
C Class,2019,28499,SEMI-AUTO,15096,DIESEL,145,64.2,2
A Class,2019,19099,SEMI-AUTO,14708,DIESEL,145,68.9,1.5
A Class,2019,23700,SEMI-AUTO,3114,PETROL,145,53.3,1.3
B Class,2018,15000,MANUAL,18600,PETROL,145,49.6,1.6
GLC Class,2019,31500,SEMI-AUTO,9327,DIESEL,145,44.8,2
GLE Class,2019,56000,SEMI-AUTO,7704,PETROL,145,29.5,3
C Class,2017,19350,SEMI-AUTO,35707,DIESEL,30,61.4,2.1
E Class,2019,30000,SEMI-AUTO,16478,DIESEL,150,58.9,2
E Class,2019,28000,SEMI-AUTO,14665,DIESEL,150,65.7,2
A Class,2016,17000,SEMI-AUTO,24369,DIESEL,20,68.9,2.1
A Class,2019,23000,SEMI-AUTO,5563,DIESEL,150,67.3,1.5
A Class,2019,24000,SEMI-AUTO,7366,PETROL,150,53.3,1.3
A Class,2019,24059,SEMI-AUTO,1000,DIESEL,145,65.7,1.5
C Class,2019,23879,MANUAL,1000,PETROL,145,47.1,1.6
C Class,2019,23879,MANUAL,1000,PETROL,145,47.1,1.6
C Class,2019,23499,MANUAL,712,PETROL,145,47.1,1.6
S Class,2018,58099,SEMI-AUTO,2984,DIESEL,145,48.7,3
C Class,2019,29199,SEMI-AUTO,4456,PETROL,145,47.1,1.5
C Class,2019,22899,MANUAL,4387,PETROL,145,47.1,1.6
C Class,2019,23299,MANUAL,1617,PETROL,145,47.1,1.6
C Class,2019,29199,SEMI-AUTO,1357,PETROL,145,46.3,1.5
C Class,2019,34299,SEMI-AUTO,3938,DIESEL,145,55.4,2
A Class,2019,25399,MANUAL,486,PETROL,145,47.1,1.3
GLC Class,2019,66599,SEMI-AUTO,2104,PETROL,145,22.4,4
C Class,2019,31899,SEMI-AUTO,4300,PETROL,145,46.3,1.5
C Class,2019,45199,SEMI-AUTO,7635,PETROL,145,30.4,3
E Class,2019,46199,SEMI-AUTO,6288,PETROL,145,32.1,3
CL Class,2019,26699,SEMI-AUTO,3034,PETROL,145,44.8,1.3
E Class,2019,43099,SEMI-AUTO,1000,DIESEL,145,46.3,3
A Class,2019,24599,SEMI-AUTO,2162,DIESEL,145,67.3,1.5
CL Class,2019,29399,SEMI-AUTO,2492,PETROL,145,39.8,2
C Class,2019,33599,SEMI-AUTO,1000,PETROL,145,44.1,2
A Class,2016,15899,SEMI-AUTO,34995,DIESEL,20,68.9,2.1
A Class,2019,19599,SEMI-AUTO,12067,DIESEL,145,68.9,1.5
E Class,2019,35899,SEMI-AUTO,5393,DIESEL,145,42.8,2
GLE Class,2019,49549,SEMI-AUTO,11452,DIESEL,145,35.8,2
E Class,2019,25199,SEMI-AUTO,9900,DIESEL,145,72.4,2
CLS Class,2019,47899,SEMI-AUTO,4977,DIESEL,145,47.9,2.9
C Class,2016,29189,SEMI-AUTO,20000,PETROL,260,36.2,3
A Class,2019,31399,SEMI-AUTO,2351,PETROL,145,35.3,2
C Class,2019,60859,SEMI-AUTO,1000,PETROL,145,28.5,4
A Class,2019,25469,SEMI-AUTO,1000,PETROL,145,28.5,2
C Class,2019,69399,SEMI-AUTO,1615,PETROL,145,28,4
GLC Class,2019,33499,SEMI-AUTO,6165,DIESEL,145,44.8,2
E Class,2019,37399,SEMI-AUTO,3682,DIESEL,145,57.7,2
GLC Class,2019,66099,SEMI-AUTO,2918,PETROL,145,27.4,4
A Class,2019,24999,SEMI-AUTO,1000,DIESEL,145,56.5,2
A Class,2019,25699,SEMI-AUTO,3089,DIESEL,145,65.7,1.5
SL CLASS,2019,31599,SEMI-AUTO,1250,PETROL,145,47.9,2
S Class,2018,43899,SEMI-AUTO,12811,DIESEL,145,52.3,3
C Class,2019,29899,SEMI-AUTO,8601,DIESEL,145,57.7,2
A Class,2019,33199,SEMI-AUTO,600,PETROL,145,35.8,2
E Class,2017,21599,SEMI-AUTO,28823,DIESEL,20,67.3,2
E Class,2017,19699,SEMI-AUTO,31817,DIESEL,30,65.7,2
A Class,2017,14299,MANUAL,21125,DIESEL,145,72.4,1.5
GLC Class,2019,33449,SEMI-AUTO,4623,DIESEL,145,44.8,2
GLE Class,2016,30399,SEMI-AUTO,16815,DIESEL,235,42.8,3
GLA Class,2016,19849,SEMI-AUTO,24463,DIESEL,125,56.5,2.1
E Class,2019,25799,SEMI-AUTO,10551,DIESEL,145,72.4,2
C Class,2018,23199,SEMI-AUTO,8942,PETROL,145,46.3,1.5
B Class,2019,22099,SEMI-AUTO,13747,PETROL,145,45.6,1.3
B Class,2019,22499,SEMI-AUTO,13743,PETROL,145,45.6,1.3
E Class,2017,20299,SEMI-AUTO,35958,DIESEL,145,61.4,2
C Class,2019,30799,SEMI-AUTO,8947,DIESEL,145,57.7,2
E Class,2019,27949,SEMI-AUTO,6149,DIESEL,145,67.3,2
C Class,2019,24299,SEMI-AUTO,12546,DIESEL,145,61.4,2
A Class,2019,21599,SEMI-AUTO,5000,PETROL,145,53.3,1.3
C Class,2019,30699,SEMI-AUTO,9914,DIESEL,145,57.7,2
V Class,2019,46949,SEMI-AUTO,3000,DIESEL,145,44.8,2.2
GLA Class,2019,25899,SEMI-AUTO,2845,DIESEL,145,56.5,2.1
B Class,2019,25999,SEMI-AUTO,5265,DIESEL,145,55.4,2
GLA Class,2019,26399,SEMI-AUTO,3406,DIESEL,145,56.5,2.1
C Class,2019,27499,SEMI-AUTO,3325,DIESEL,145,60.1,1.6
E Class,2019,50299,SEMI-AUTO,1078,PETROL,145,32.5,3
C Class,2019,34579,SEMI-AUTO,1000,PETROL,145,44.1,1.5
C Class,2019,35539,SEMI-AUTO,1000,DIESEL,145,57.7,2
GLC Class,2019,34499,SEMI-AUTO,138,DIESEL,145,44.8,2
CL Class,2019,29289,SEMI-AUTO,6000,DIESEL,145,55.4,2
C Class,2016,36399,SEMI-AUTO,27416,PETROL,300,34.5,4
GLA Class,2017,29449,SEMI-AUTO,18277,PETROL,235,38.2,2
C Class,2019,32899,SEMI-AUTO,4378,DIESEL,145,55.4,2
C Class,2019,33299,SEMI-AUTO,2838,PETROL,145,42.2,2
C Class,2019,34099,SEMI-AUTO,6033,PETROL,145,44.1,2
C Class,2019,30499,SEMI-AUTO,1126,DIESEL,145,56.5,2
SL CLASS,2019,50899,SEMI-AUTO,24,PETROL,145,36.7,3
E Class,2019,45499,SEMI-AUTO,8024,PETROL,145,32.5,3
C Class,2019,26599,SEMI-AUTO,4000,PETROL,145,46.3,1.5
C Class,2017,25999,SEMI-AUTO,6600,PETROL,145,47.1,2
GLA Class,2019,22099,SEMI-AUTO,21131,DIESEL,145,67.3,2.1
C Class,2019,28589,SEMI-AUTO,7075,DIESEL,145,57.7,2
GLA Class,2019,23399,SEMI-AUTO,13400,DIESEL,145,67.3,2.1
C Class,2019,26589,SEMI-AUTO,3762,DIESEL,145,60.1,1.6
E Class,2019,37699,SEMI-AUTO,7779,DIESEL,145,48.7,3
E Class,2019,41799,SEMI-AUTO,5559,PETROL,145,32.8,3
C Class,2019,37899,SEMI-AUTO,7411,PETROL,145,29.4,3
C Class,2019,28949,SEMI-AUTO,6565,DIESEL,145,57.7,2
E Class,2019,25699,SEMI-AUTO,13509,DIESEL,145,72.4,2
C Class,2019,20149,SEMI-AUTO,11784,PETROL,145,46.3,1.5
C Class,2019,19899,SEMI-AUTO,13347,PETROL,145,46.3,1.5
C Class,2019,25799,SEMI-AUTO,11056,PETROL,145,47.1,1.5
C Class,2019,24549,SEMI-AUTO,14642,PETROL,145,46.3,1.5
E Class,2019,24399,SEMI-AUTO,13940,DIESEL,145,72.4,2
A Class,2019,17499,MANUAL,14243,PETROL,145,28.5,1.3
C Class,2019,24399,SEMI-AUTO,13469,DIESEL,145,58.9,2
CL Class,2019,27399,SEMI-AUTO,1938,PETROL,145,38.2,2
A Class,2020,24889,SEMI-AUTO,1000,DIESEL,145,62.8,1.5
C Class,2020,39309,SEMI-AUTO,1000,DIESEL,145,46.3,2
CL Class,2017,20124,SEMI-AUTO,16271,DIESEL,150,67.3,2.1
B Class,2017,16924,SEMI-AUTO,10133,DIESEL,150,68.9,1.5
A Class,2017,14124,MANUAL,19573,PETROL,125,52.3,1.6
GLA Class,2016,19124,SEMI-AUTO,29774,DIESEL,125,55.4,2.1
C Class,2017,28624,SEMI-AUTO,41045,PETROL,265,36.2,3
GLA Class,2020,24995,SEMI-AUTO,1066,PETROL,145,37.2,1.6
A Class,2017,15824,SEMI-AUTO,12050,DIESEL,20,74.3,1.5
GLS Class,2018,48899,SEMI-AUTO,4278,DIESEL,145,37.2,3
SL CLASS,2017,20349,SEMI-AUTO,15244,DIESEL,145,70.6,2.1
C Class,2019,41949,SEMI-AUTO,11470,PETROL,145,29.7,3
C Class,2017,23899,SEMI-AUTO,20604,DIESEL,145,65.7,2.1
A Class,2016,13799,MANUAL,25776,DIESEL,20,72.4,1.5
C Class,2019,32099,SEMI-AUTO,724,DIESEL,145,64.2,2
GLC Class,2019,41429,SEMI-AUTO,1000,DIESEL,145,40.4,2
E Class,2019,24749,SEMI-AUTO,14360,DIESEL,145,72.4,2
GLA Class,2019,23249,SEMI-AUTO,12137,DIESEL,145,67.3,2.1
CL Class,2019,29199,SEMI-AUTO,2370,PETROL,145,39.8,2
C Class,2019,34449,SEMI-AUTO,4070,DIESEL,145,54.3,2
C Class,2019,20449,SEMI-AUTO,13755,DIESEL,145,61.4,2
A Class,2020,25879,SEMI-AUTO,1000,PETROL,145,53.3,1.3
E Class,2020,51379,SEMI-AUTO,1000,PETROL,145,31.7,3
GLC Class,2020,39989,SEMI-AUTO,1000,DIESEL,145,40.9,2
B Class,2020,26029,SEMI-AUTO,1000,DIESEL,145,55.4,2
GLE Class,2020,55489,SEMI-AUTO,1000,DIESEL,145,32.8,2.9
GLA Class,2015,16299,SEMI-AUTO,44588,DIESEL,125,56.6,2.1
C Class,2019,25449,SEMI-AUTO,13193,PETROL,145,47.1,1.5
C Class,2019,23949,SEMI-AUTO,14658,PETROL,145,46.3,1.5
C Class,2019,22699,SEMI-AUTO,23185,PETROL,145,46.3,1.5
C Class,2019,19849,SEMI-AUTO,13977,PETROL,145,46.3,1.5
E Class,2019,29549,SEMI-AUTO,5133,DIESEL,145,58.9,2
A Class,2019,109445,AUTOMATIC,195,PETROL,145,22.6,4
C Class,2019,30995,AUTOMATIC,6959,DIESEL,145,57.7,2
GLE Class,2019,46995,AUTOMATIC,4302,DIESEL,145,36.7,2
V Class,2019,47995,AUTOMATIC,1824,DIESEL,145,36.7,2
V Class,2019,49995,AUTOMATIC,8251,DIESEL,145,36.2,2
CLS Class,2019,44995,AUTOMATIC,4263,DIESEL,145,48.7,2.9
GLE Class,2019,57995,AUTOMATIC,5862,PETROL,145,29.5,3
GLE Class,2019,54885,AUTOMATIC,10516,DIESEL,145,32.5,3
GLC Class,2019,46624,AUTOMATIC,10064,PETROL,145,34,3
GLC Class,2019,54524,AUTOMATIC,7764,PETROL,145,27.4,4
C Class,2019,29995,AUTOMATIC,14,PETROL,145,42.8,2
C Class,2018,28374,AUTOMATIC,8962,DIESEL,145,54.3,2
CL Class,2017,19124,MANUAL,13122,PETROL,145,51.4,1.6
GLC Class,2016,31695,AUTOMATIC,13778,DIESEL,145,56.5,2.1
C Class,2016,31995,AUTOMATIC,11891,PETROL,260,36.2,3
C Class,2016,22624,SEMI-AUTO,10271,PETROL,145,49.6,2
A Class,2018,80124,AUTOMATIC,6741,PETROL,145,30.4,4
GLC Class,2016,23924,AUTOMATIC,42381,DIESEL,125,56.5,2.1
GLC Class,2018,27974,SEMI-AUTO,24199,DIESEL,145,56.5,2.1
GLC Class,2018,59124,SEMI-AUTO,6982,PETROL,145,26.4,4
C Class,2019,24724,SEMI-AUTO,10545,PETROL,145,47.1,1.5
E Class,2018,28124,SEMI-AUTO,15329,DIESEL,145,51.4,3
GLS Class,2019,60124,SEMI-AUTO,29,DIESEL,145,34,3
C Class,2019,31995,SEMI-AUTO,37,PETROL,145,44.1,2
C Class,2019,30995,SEMI-AUTO,14,PETROL,145,42.8,2
C Class,2019,29995,SEMI-AUTO,21,DIESEL,145,61.4,2
C Class,2019,29995,SEMI-AUTO,22,DIESEL,145,61.4,2
C Class,2019,29995,SEMI-AUTO,13,DIESEL,145,55.4,2
C Class,2019,28995,AUTOMATIC,3000,PETROL,145,45.6,1.5
C Class,2019,28491,AUTOMATIC,3000,PETROL,145,47.1,1.5
C Class,2014,14491,MANUAL,23000,PETROL,125,52.3,2
C Class,2017,42991,AUTOMATIC,7100,PETROL,300,34.5,4
C Class,2016,35991,AUTOMATIC,18900,PETROL,300,34.5,4
B Class,2019,20495,SEMI-AUTO,11000,DIESEL,150,58.9,1.5
C Class,2016,16695,SEMI-AUTO,41000,DIESEL,30,64.2,2.1
C Class,2015,14490,SEMI-AUTO,42495,PETROL,125,52.3,2
G Class,2018,135124,SEMI-AUTO,18234,PETROL,150,21.4,4
B Class,2019,19424,SEMI-AUTO,14118,PETROL,150,45.6,1.3
GLC Class,2020,49995,SEMI-AUTO,2607,PETROL,145,27.4,3
A Class,2020,24495,SEMI-AUTO,525,DIESEL,145,67.3,1.5
GLC Class,2020,37995,SEMI-AUTO,2034,PETROL,145,33.2,2
C Class,2020,39995,SEMI-AUTO,328,PETROL,145,44.1,1.5
E Class,2020,44995,SEMI-AUTO,794,DIESEL,145,57.7,2
A Class,2020,25495,SEMI-AUTO,1913,DIESEL,145,62.8,1.5
GLA Class,2020,22495,AUTOMATIC,702,PETROL,145,44.8,1.6
GLE Class,2017,28124,SEMI-AUTO,33053,DIESEL,200,47.9,2.1
GLC Class,2019,34995,AUTOMATIC,9794,DIESEL,145,40.9,2
V Class,2019,47995,AUTOMATIC,677,DIESEL,145,36.7,2
C Class,2016,23991,AUTOMATIC,27500,PETROL,200,42.8,2
C Class,2018,39991,AUTOMATIC,9000,PETROL,145,29.4,3
A Class,2019,27495,AUTOMATIC,10000,DIESEL,145,65.7,1.5
GLA Class,2019,25599,SEMI-AUTO,37,DIESEL,145,64.2,2.1
GLA Class,2019,24999,SEMI-AUTO,1000,DIESEL,145,64.2,2.1
GLA Class,2019,24999,SEMI-AUTO,1000,DIESEL,145,64.2,2.1
GLA Class,2019,24999,AUTOMATIC,1000,DIESEL,145,64.2,2.1
GLA Class,2019,24999,SEMI-AUTO,1000,DIESEL,145,64.2,2.1
GLA Class,2019,24999,SEMI-AUTO,1000,DIESEL,145,64.2,2.1
SL CLASS,2019,59899,AUTOMATIC,767,PETROL,145,29.4,3
A Class,2019,24799,MANUAL,5292,PETROL,145,47.1,1.3
C Class,2016,20449,SEMI-AUTO,11017,DIESEL,30,64.2,2.1
C Class,2018,22991,AUTOMATIC,12000,PETROL,145,44.1,1.5
GLE Class,2018,49995,SEMI-AUTO,8900,PETROL,145,31.7,3
CL Class,2018,24991,AUTOMATIC,7500,PETROL,145,44.1,1.6
B Class,2019,26995,SEMI-AUTO,3000,DIESEL,145,55.4,2
C Class,2016,17491,AUTOMATIC,18500,DIESEL,20,65.7,2.1
SL CLASS,2018,25495,AUTOMATIC,14200,PETROL,145,47.1,2
E Class,2019,41995,AUTOMATIC,1800,PETROL,145,39.2,2
V Class,2019,20950,MANUAL,35,DIESEL,145,46.3,2.1
V Class,2019,20950,MANUAL,10,DIESEL,145,46.3,2.1
C Class,2015,18000,SEMI-AUTO,28807,DIESEL,125,60.1,2.1
GLA Class,2016,17650,SEMI-AUTO,35000,DIESEL,125,56.5,2.1
A Class,2014,12900,SEMI-AUTO,45844,DIESEL,20,68.9,2.1
C Class,2015,15250,SEMI-AUTO,43348,DIESEL,30,62.8,2.1
A Class,2018,15495,MANUAL,26848,DIESEL,145,68.9,1.5
C Class,2014,10995,SEMI-AUTO,39802,DIESEL,145,53.3,2.1
X-CLASS,2019,32500,AUTOMATIC,40,DIESEL,260,31.4,3
C Class,2016,18449,SEMI-AUTO,23077,DIESEL,30,64.2,2.1
GLC Class,2019,32749,SEMI-AUTO,5000,DIESEL,145,44.8,2
E Class,2018,27579,SEMI-AUTO,13000,DIESEL,150,57.7,2
GLE Class,2018,44738,SEMI-AUTO,21276,DIESEL,150,36.7,3
A Class,2019,25300,SEMI-AUTO,4200,PETROL,150,53.3,1.3
GLC Class,2019,31000,SEMI-AUTO,16313,DIESEL,150,44.8,2
C Class,2017,20700,SEMI-AUTO,18346,DIESEL,150,61.4,2.1
GLC Class,2019,31500,SEMI-AUTO,7399,DIESEL,145,44.8,2
GLC Class,2019,31500,SEMI-AUTO,8534,DIESEL,145,44.8,2
A Class,2018,19995,SEMI-AUTO,9000,PETROL,145,52.3,1.6
SL CLASS,2018,22495,SEMI-AUTO,4000,PETROL,145,48.7,1.6
GLA Class,2020,29495,MANUAL,500,PETROL,145,37.2,1.6
GLC Class,2019,35500,SEMI-AUTO,5181,DIESEL,145,40.9,2
GLC Class,2019,39500,SEMI-AUTO,3649,DIESEL,145,40.9,2
GLE Class,2019,56000,SEMI-AUTO,8795,DIESEL,145,32.5,3
GLE Class,2019,56000,SEMI-AUTO,4957,DIESEL,145,32.5,3
GLC Class,2019,31750,SEMI-AUTO,5973,DIESEL,145,44.8,2
E Class,2015,19495,AUTOMATIC,24000,PETROL,160,46.3,2
E Class,2015,17495,AUTOMATIC,29500,DIESEL,145,54.3,3
GLC Class,2016,24995,AUTOMATIC,21600,DIESEL,125,56.5,2.1
A Class,2017,15995,SEMI-AUTO,42500,PETROL,125,52.3,1.6
GLE Class,2017,39991,AUTOMATIC,17800,DIESEL,300,39.2,3
A Class,2019,31991,AUTOMATIC,2934,PETROL,145,35.3,2
C Class,2019,29950,SEMI-AUTO,6605,DIESEL,145,57.7,2
C Class,2019,29500,SEMI-AUTO,7610,DIESEL,145,57.7,2
E Class,2019,38500,SEMI-AUTO,12422,HYBRID,135,188.3,2
GLC Class,2019,35000,SEMI-AUTO,10810,DIESEL,145,40.9,2
GLC Class,2019,35800,SEMI-AUTO,3251,DIESEL,145,40.9,2
GLA Class,2017,21400,SEMI-AUTO,10519,DIESEL,145,56.5,2.1
A Class,2018,17000,SEMI-AUTO,8688,PETROL,150,49.6,1.6
E Class,2019,30000,SEMI-AUTO,12638,DIESEL,150,58.9,2
C Class,2019,28000,SEMI-AUTO,15026,DIESEL,150,64.2,2
A Class,2019,22700,SEMI-AUTO,11411,PETROL,150,53.3,1.3
GLE Class,2017,30000,SEMI-AUTO,19190,DIESEL,265,42.8,3
A Class,2017,16000,SEMI-AUTO,32000,DIESEL,20,74.3,1.5
CLS Class,2017,23000,SEMI-AUTO,30000,DIESEL,165,51.4,3
A Class,2019,23500,SEMI-AUTO,8678,PETROL,150,53.3,1.3
C Class,2019,28500,SEMI-AUTO,5107,PETROL,150,47.1,1.5
GLA Class,2019,21750,SEMI-AUTO,6586,PETROL,150,44.8,1.6
C Class,2016,19999,SEMI-AUTO,24137,PETROL,125,51.4,2
A Class,2017,18999,SEMI-AUTO,18032,DIESEL,145,68.9,2.1
C Class,2019,19749,SEMI-AUTO,14730,PETROL,150,46.3,1.5
GLC Class,2017,36000,SEMI-AUTO,15250,PETROL,145,34,3
GLE Class,2020,48000,SEMI-AUTO,5000,DIESEL,145,36.7,2
C Class,2019,30500,SEMI-AUTO,7098,DIESEL,145,57.7,2
C Class,2019,30500,SEMI-AUTO,3180,DIESEL,145,57.7,2
GLE Class,2019,47750,SEMI-AUTO,3853,DIESEL,145,36.7,2
C Class,2019,26299,SEMI-AUTO,13237,PETROL,145,47.1,1.5
C Class,2018,24199,SEMI-AUTO,6812,DIESEL,145,58.9,2
A Class,2018,17649,SEMI-AUTO,14983,DIESEL,145,68.9,2.1
C Class,2019,25449,SEMI-AUTO,13197,PETROL,145,47.1,1.5
A Class,2019,25799,SEMI-AUTO,2644,DIESEL,150,56.5,2
GLC Class,2019,34099,SEMI-AUTO,2632,DIESEL,150,42.2,2.1
SL CLASS,2019,32499,SEMI-AUTO,873,PETROL,150,47.1,2
GLE Class,2017,29338,SEMI-AUTO,18001,DIESEL,145,47.9,2.1
A Class,2019,23499,MANUAL,6919,PETROL,145,28.5,1.3
GLA Class,2017,19699,AUTOMATIC,24192,DIESEL,145,56.5,2.1
C Class,2019,33599,AUTOMATIC,1734,DIESEL,145,55.4,2
C Class,2019,31099,AUTOMATIC,1935,PETROL,145,44.1,2
C Class,2019,27299,AUTOMATIC,138,PETROL,145,45.6,1.5
C Class,2019,30799,AUTOMATIC,7264,DIESEL,145,55.4,2
A Class,2019,22699,AUTOMATIC,1770,DIESEL,145,62.8,1.5
A Class,2019,22599,AUTOMATIC,2823,DIESEL,145,62.8,1.5
A Class,2019,22699,AUTOMATIC,1683,DIESEL,145,62.8,1.5
A Class,2019,24599,AUTOMATIC,1907,DIESEL,145,62.8,1.5
GLE Class,2019,52799,AUTOMATIC,3925,DIESEL,145,32.8,3
C Class,2019,29699,AUTOMATIC,4542,DIESEL,145,56.5,2
C Class,2019,28499,AUTOMATIC,1864,PETROL,145,45.6,1.5
S Class,2019,62799,AUTOMATIC,2528,DIESEL,145,48.7,3
A Class,2019,22299,AUTOMATIC,4554,DIESEL,145,62.8,1.5
B Class,2019,26699,AUTOMATIC,1915,DIESEL,145,55.4,2
CL Class,2019,25700,SEMI-AUTO,11344,DIESEL,145,51.4,2.2
C Class,2019,28400,SEMI-AUTO,16884,DIESEL,145,57.7,2
C Class,2018,22000,SEMI-AUTO,10998,PETROL,145,46.3,1.5
CLS Class,2018,36500,SEMI-AUTO,1841,DIESEL,145,48.7,2.9
C Class,2019,28359,SEMI-AUTO,6040,PETROL,145,44.1,2
C Class,2019,41400,SEMI-AUTO,3615,PETROL,145,28.8,3
GLC Class,2019,39900,SEMI-AUTO,4696,DIESEL,145,40.9,2
GLC Class,2019,39000,SEMI-AUTO,4606,DIESEL,145,40.9,2
V Class,2019,51000,SEMI-AUTO,3238,DIESEL,145,36.7,2
V Class,2019,46500,AUTOMATIC,2000,DIESEL,145,36.7,2
GLE Class,2019,53750,SEMI-AUTO,6925,DIESEL,145,32.5,3
GLA Class,2016,17500,SEMI-AUTO,25639,DIESEL,20,67.3,2.1
C Class,2019,19849,SEMI-AUTO,14074,PETROL,145,46.3,1.5
C Class,2019,19799,SEMI-AUTO,14401,PETROL,145,46.3,1.5
E Class,2019,31299,SEMI-AUTO,15055,DIESEL,145,58.9,2
C Class,2019,25349,SEMI-AUTO,10544,PETROL,145,44.1,1.5
A Class,2016,26789,SEMI-AUTO,39044,PETROL,200,40.9,2
GLC Class,2017,29499,SEMI-AUTO,30500,DIESEL,145,56.5,2.1
GLC Class,2019,37250,SEMI-AUTO,1360,DIESEL,145,40.9,2
C Class,2019,28700,SEMI-AUTO,4000,PETROL,145,47.1,1.5
C Class,2019,28000,SEMI-AUTO,10648,PETROL,145,44.1,2
C Class,2020,30500,SEMI-AUTO,100,DIESEL,145,64.2,2
B Class,2020,26500,SEMI-AUTO,2000,DIESEL,145,55.4,2
E Class,2020,44000,SEMI-AUTO,199,DIESEL,145,42.8,3
C Class,2020,30500,SEMI-AUTO,999,DIESEL,145,64.2,2
C Class,2020,30500,SEMI-AUTO,199,DIESEL,145,64.2,2
GLC Class,2020,39999,SEMI-AUTO,2000,DIESEL,145,40.9,2
GLC Class,2020,41500,SEMI-AUTO,2000,DIESEL,145,40.9,2
E Class,2019,49499,SEMI-AUTO,2134,PETROL,145,31.7,3
A Class,2019,25799,AUTOMATIC,3136,DIESEL,145,56.5,2
A Class,2019,25899,SEMI-AUTO,2099,DIESEL,145,56.5,2
A Class,2019,23399,MANUAL,1198,PETROL,145,47.1,1.3
C Class,2015,17999,SEMI-AUTO,15566,PETROL,125,50.4,2
C Class,2019,35499,SEMI-AUTO,2616,PETROL,145,36.2,3
CL Class,2019,37699,SEMI-AUTO,2575,PETROL,145,40.9,2
E Class,2019,43799,SEMI-AUTO,3949,DIESEL,145,45.6,3
SL CLASS,2019,30899,SEMI-AUTO,3362,PETROL,145,47.1,2
C Class,2019,30199,SEMI-AUTO,2456,DIESEL,145,56.5,2
S Class,2019,61899,AUTOMATIC,5260,DIESEL,145,48.7,3
CL Class,2019,26299,SEMI-AUTO,7259,PETROL,145,38.2,2
C Class,2019,31609,SEMI-AUTO,1000,DIESEL,145,64.2,2
GLE Class,2019,55299,SEMI-AUTO,2768,DIESEL,145,32.8,3
GLA Class,2019,25599,SEMI-AUTO,116,DIESEL,145,64.2,2.1
CL Class,2019,29299,SEMI-AUTO,2914,PETROL,145,39.8,2
A Class,2019,23399,MANUAL,965,PETROL,145,47.1,1.3
A Class,2019,26699,SEMI-AUTO,4352,DIESEL,145,56.5,2
A Class,2019,26999,AUTOMATIC,3496,DIESEL,145,56.5,2
C Class,2019,30299,AUTOMATIC,7478,DIESEL,145,55.4,2
B Class,2019,26299,AUTOMATIC,3607,DIESEL,145,55.4,2
SL CLASS,2019,79799,AUTOMATIC,540,PETROL,145,28,5.5
C Class,2019,67699,AUTOMATIC,544,PETROL,145,28,4
A Class,2019,22899,SEMI-AUTO,1835,DIESEL,145,65.7,1.5
A Class,2019,26099,SEMI-AUTO,350,DIESEL,145,56.5,2
B Class,2019,28799,AUTOMATIC,226,PETROL,145,37.7,2
C Class,2019,35399,SEMI-AUTO,1273,PETROL,145,44.1,1.5
C Class,2019,33599,SEMI-AUTO,2983,DIESEL,145,57.7,2
E Class,2019,46299,SEMI-AUTO,4339,DIESEL,145,47.1,3
C Class,2018,26199,AUTOMATIC,9366,DIESEL,145,65.7,2.1
C Class,2018,19599,SEMI-AUTO,13053,DIESEL,145,61.4,2
C Class,2019,23289,SEMI-AUTO,15458,DIESEL,145,61.4,2
C Class,2019,25399,AUTOMATIC,6612,PETROL,145,45.6,1.5
C Class,2019,24849,AUTOMATIC,1446,PETROL,145,45.6,1.5
C Class,2019,24789,AUTOMATIC,428,PETROL,145,44.1,1.5
E Class,2019,39999,AUTOMATIC,7679,DIESEL,145,45.6,3
C Class,2019,39299,AUTOMATIC,8628,PETROL,145,29.4,3
E Class,2019,25199,SEMI-AUTO,13835,DIESEL,145,72.4,2
CL Class,2018,17699,SEMI-AUTO,23869,DIESEL,145,68.9,2.1
GLA Class,2018,26899,SEMI-AUTO,4253,DIESEL,145,56.5,2.1
A Class,2018,23399,SEMI-AUTO,7216,PETROL,145,53.3,1.3
C Class,2018,28749,SEMI-AUTO,6449,DIESEL,145,54.3,2
A Class,2019,21099,SEMI-AUTO,11706,PETROL,145,53.3,1.3
E Class,2017,21399,SEMI-AUTO,16753,DIESEL,145,72.4,2
C Class,2019,24849,SEMI-AUTO,5000,PETROL,145,44.1,1.5
C Class,2019,33299,SEMI-AUTO,2000,DIESEL,145,54.3,2
C Class,2018,27299,SEMI-AUTO,3150,DIESEL,145,61.4,2
GLC Class,2017,28999,SEMI-AUTO,26200,DIESEL,145,56.5,2.1
C Class,2019,25099,AUTOMATIC,3400,PETROL,145,42.2,1.6
C Class,2019,27199,AUTOMATIC,754,PETROL,145,46.3,1.5
A Class,2019,23499,AUTOMATIC,4149,DIESEL,145,56.5,2
C Class,2019,23399,AUTOMATIC,3816,PETROL,145,44.1,1.5
B Class,2019,23799,AUTOMATIC,3604,DIESEL,145,60.1,1.5
CL Class,2019,26799,AUTOMATIC,5051,PETROL,145,38.2,2
GLA Class,2019,26399,AUTOMATIC,3334,DIESEL,145,56.5,2.1
C Class,2019,31199,AUTOMATIC,3435,DIESEL,145,57.7,2
E Class,2019,38899,AUTOMATIC,5342,HYBRID,135,188.3,2
A Class,2019,23969,AUTOMATIC,1000,DIESEL,145,62.8,1.5
B Class,2019,23589,AUTOMATIC,1000,DIESEL,145,55.4,2
C Class,2019,27799,SEMI-AUTO,3251,DIESEL,145,61.4,2
E Class,2019,26099,SEMI-AUTO,3310,DIESEL,145,72.4,2
E Class,2019,35599,AUTOMATIC,14954,DIESEL,145,48.7,3
C Class,2019,26589,AUTOMATIC,3070,DIESEL,145,60.1,1.6
GLA Class,2019,22999,SEMI-AUTO,13594,DIESEL,145,67.3,2.1
E Class,2019,25399,AUTOMATIC,11290,DIESEL,145,72.4,2
CLS Class,2019,39599,AUTOMATIC,3572,DIESEL,145,48.7,2.9
B Class,2019,20749,MANUAL,2472,PETROL,145,45.6,1.3
B Class,2019,22399,AUTOMATIC,12094,PETROL,145,45.6,1.3
C Class,2018,23199,AUTOMATIC,9136,PETROL,145,46.3,1.5
C Class,2019,31529,AUTOMATIC,1000,DIESEL,145,51.4,2
S Class,2019,67109,AUTOMATIC,1000,DIESEL,145,52.3,3
A Class,2019,26089,AUTOMATIC,1000,DIESEL,145,56.5,2
C Class,2019,35049,AUTOMATIC,1000,PETROL,145,44.1,1.5
GLE Class,2019,49229,AUTOMATIC,1000,DIESEL,145,36.7,2
C Class,2019,38289,AUTOMATIC,1000,DIESEL,145,54.3,2
C Class,2019,32289,AUTOMATIC,1000,PETROL,145,46.3,1.5
C Class,2019,32069,AUTOMATIC,1000,DIESEL,145,64.2,2
C Class,2019,32069,AUTOMATIC,1000,DIESEL,145,64.2,2
CL Class,2019,26299,AUTOMATIC,1476,PETROL,145,38.2,2
GLA Class,2019,24999,AUTOMATIC,1500,DIESEL,145,64.2,2.1
GLS Class,2018,64999,SEMI-AUTO,41102,PETROL,145,23,5.5
GLA Class,2017,23599,SEMI-AUTO,6009,DIESEL,145,56.5,2.1
E Class,2018,29499,SEMI-AUTO,4992,DIESEL,145,57.7,2
S Class,2018,57899,AUTOMATIC,3728,DIESEL,145,48.7,3
C Class,2018,47099,AUTOMATIC,11501,PETROL,145,31.7,4
C Class,2019,26289,AUTOMATIC,650,PETROL,145,46.3,1.5
C Class,2017,25599,SEMI-AUTO,13000,PETROL,145,42.2,2
A Class,2016,22299,SEMI-AUTO,15550,PETROL,200,42.8,2
SL CLASS,2016,33889,AUTOMATIC,23736,PETROL,235,36.7,3
C Class,2017,22449,SEMI-AUTO,44998,DIESEL,30,65.7,2.1
A Class,2016,14499,SEMI-AUTO,36063,DIESEL,20,70.6,2.1
C Class,2016,17299,SEMI-AUTO,66500,DIESEL,125,60.1,2.1
C Class,2016,17999,SEMI-AUTO,21040,DIESEL,30,64.2,1.6
CL Class,2017,19999,SEMI-AUTO,12000,PETROL,125,53.3,1.6
E Class,2019,39999,SEMI-AUTO,5649,PETROL,145,32.1,3
E Class,2016,19699,SEMI-AUTO,30148,DIESEL,30,61.4,2
E Class,2017,21199,SEMI-AUTO,29128,DIESEL,145,67.3,2
C Class,2019,25999,SEMI-AUTO,15195,DIESEL,145,61.4,2
A Class,2019,26599,SEMI-AUTO,5244,DIESEL,145,56.5,2
C Class,2019,29349,SEMI-AUTO,11561,DIESEL,145,57.7,2
C Class,2019,26349,SEMI-AUTO,10299,DIESEL,145,61.4,2
C Class,2019,42099,SEMI-AUTO,3076,PETROL,145,28,3
C Class,2019,25849,SEMI-AUTO,10977,PETROL,145,47.1,1.5
E Class,2019,35699,SEMI-AUTO,8919,DIESEL,145,48.7,3
GLA Class,2019,24149,SEMI-AUTO,13570,PETROL,145,50.4,1.6
C Class,2019,25349,SEMI-AUTO,9728,PETROL,145,46.3,1.5
A Class,2019,23999,SEMI-AUTO,3948,PETROL,145,53.3,1.3
GLC Class,2019,29849,SEMI-AUTO,13427,DIESEL,145,56.5,2.1
A Class,2019,21349,SEMI-AUTO,3345,PETROL,145,53.3,1.3
C Class,2019,31609,SEMI-AUTO,1825,DIESEL,145,64.2,2
C Class,2016,15999,SEMI-AUTO,9000,DIESEL,20,65.7,2.1
GLA Class,2019,25399,SEMI-AUTO,1690,DIESEL,145,64.2,2.1
E Class,2019,28879,SEMI-AUTO,7668,DIESEL,145,61.4,2
A Class,2019,25699,SEMI-AUTO,3328,DIESEL,145,56.5,2
C Class,2019,34919,SEMI-AUTO,2292,PETROL,145,44.1,1.5
GLA Class,2018,18749,MANUAL,20646,DIESEL,145,64.2,2.1
A Class,2017,17999,SEMI-AUTO,30000,PETROL,145,52.3,1.6
A Class,2019,20449,SEMI-AUTO,11056,PETROL,150,28.5,1.3
C Class,2019,28999,SEMI-AUTO,2392,PETROL,150,46.3,1.5
E Class,2018,25699,SEMI-AUTO,2183,DIESEL,145,61.4,2
C Class,2019,19799,SEMI-AUTO,14422,PETROL,145,46.3,1.5
C Class,2019,25499,SEMI-AUTO,15175,DIESEL,145,61.4,2
CL Class,2019,26049,SEMI-AUTO,13958,DIESEL,145,51.4,2.2
B Class,2017,14999,MANUAL,8000,DIESEL,145,65.7,2.1
B Class,2019,22099,SEMI-AUTO,14140,PETROL,145,45.6,1.3
E Class,2018,23299,AUTOMATIC,20000,DIESEL,145,65.7,2
A Class,2019,24519,SEMI-AUTO,4897,DIESEL,145,56.5,2
A Class,2019,24999,SEMI-AUTO,2691,DIESEL,145,56.5,2
C Class,2018,28199,SEMI-AUTO,9252,DIESEL,145,54.3,2
C Class,2019,30349,SEMI-AUTO,438,PETROL,145,44.1,2
GLA Class,2019,23099,SEMI-AUTO,13654,DIESEL,145,67.3,2.1
B Class,2019,21549,SEMI-AUTO,14443,PETROL,145,45.6,1.3
C Class,2016,17849,SEMI-AUTO,45557,DIESEL,30,61.4,2.1
E Class,2017,19299,SEMI-AUTO,39469,DIESEL,20,67.3,2
A Class,2019,24999,SEMI-AUTO,5582,PETROL,145,53.3,1.3
E Class,2017,22399,AUTOMATIC,19000,DIESEL,145,65.7,2
E Class,2017,22299,AUTOMATIC,18557,DIESEL,145,65.7,2
A Class,2019,21899,SEMI-AUTO,5282,PETROL,145,53.3,1.3
SL CLASS,2019,60099,AUTOMATIC,38,PETROL,145,29.4,3
C Class,2019,36999,SEMI-AUTO,1000,DIESEL,145,55.4,2
C Class,2019,33789,SEMI-AUTO,1000,DIESEL,145,61.4,2
E Class,2019,44159,SEMI-AUTO,1000,DIESEL,145,40.9,3
GLA Class,2019,24999,SEMI-AUTO,1000,DIESEL,145,64.2,2.1
GLA Class,2019,24999,SEMI-AUTO,2001,DIESEL,145,64.2,2.1
C Class,2015,17749,SEMI-AUTO,19039,DIESEL,30,64.2,2.1
C Class,2017,18999,SEMI-AUTO,31727,DIESEL,145,64.2,2.1
E Class,2019,33299,SEMI-AUTO,7550,DIESEL,145,57.7,2
E Class,2019,40349,SEMI-AUTO,12712,DIESEL,145,39.2,3
S Class,2015,36499,AUTOMATIC,8051,PETROL,325,31.7,4.7
GLA Class,2019,24999,SEMI-AUTO,1523,DIESEL,145,64.2,2.1
V Class,2018,35299,AUTOMATIC,22,DIESEL,145,44.8,2.2
E Class,2017,21699,SEMI-AUTO,19457,DIESEL,145,72.4,2
E Class,2019,42649,SEMI-AUTO,7743,DIESEL,145,38.2,3
C Class,2019,25149,SEMI-AUTO,13157,PETROL,145,45.6,1.5
GLC Class,2019,32199,SEMI-AUTO,10316,DIESEL,145,41.5,2.1
GLA Class,2019,24999,SEMI-AUTO,2665,DIESEL,145,64.2,2.1
SL CLASS,2019,32499,SEMI-AUTO,545,PETROL,145,47.1,2
E Class,2019,24849,AUTOMATIC,14222,DIESEL,145,72.4,2
E Class,2019,24849,SEMI-AUTO,13910,DIESEL,145,72.4,2
A Class,2018,20389,AUTOMATIC,10427,DIESEL,145,68.9,2.1
GLA Class,2019,23049,SEMI-AUTO,10598,DIESEL,145,67.3,2.1
A Class,2019,22339,SEMI-AUTO,2815,DIESEL,145,65.7,1.5
A Class,2019,23399,MANUAL,1043,PETROL,145,47.1,1.3
A Class,2019,25399,MANUAL,415,PETROL,145,47.1,1.3
A Class,2019,23499,MANUAL,277,PETROL,145,47.1,1.3
A Class,2019,25299,MANUAL,1077,PETROL,145,47.1,1.3
A Class,2019,23499,MANUAL,504,PETROL,145,47.1,1.3
C Class,2019,31299,SEMI-AUTO,4631,DIESEL,145,61.4,2
E Class,2019,36589,SEMI-AUTO,10500,DIESEL,145,70.6,2
CL Class,2019,27249,SEMI-AUTO,1000,PETROL,145,39.8,2
A Class,2019,26899,SEMI-AUTO,2662,DIESEL,145,56.5,2
E Class,2019,46199,SEMI-AUTO,1000,PETROL,145,32.1,3
C Class,2019,23879,MANUAL,551,PETROL,145,47.1,1.6
B Class,2019,23979,SEMI-AUTO,2982,DIESEL,145,55.4,2
B Class,2019,23979,SEMI-AUTO,5000,DIESEL,145,55.4,2
C Class,2019,29099,SEMI-AUTO,5088,PETROL,145,47.1,1.5
A Class,2019,26089,SEMI-AUTO,1000,DIESEL,145,56.5,2
C Class,2019,34579,SEMI-AUTO,1000,PETROL,145,44.1,1.5
GLC Class,2019,66899,SEMI-AUTO,391,PETROL,145,22.4,4
A Class,2019,24999,SEMI-AUTO,3897,DIESEL,145,56.5,2
C Class,2018,23799,SEMI-AUTO,3640,PETROL,145,47.9,2
C Class,2019,31699,SEMI-AUTO,3358,DIESEL,145,57.7,2
C Class,2019,30799,SEMI-AUTO,7031,DIESEL,145,61.4,2
C Class,2019,31199,SEMI-AUTO,4885,DIESEL,145,64.2,2
C Class,2019,34799,SEMI-AUTO,3435,PETROL,145,44.1,1.5
C Class,2019,68399,SEMI-AUTO,1282,PETROL,145,28,4
E Class,2019,54599,SEMI-AUTO,1145,PETROL,145,32.1,3
SL CLASS,2019,60099,AUTOMATIC,91,PETROL,145,29.4,3
A Class,2019,22339,SEMI-AUTO,2560,DIESEL,145,65.7,1.5
E Class,2019,24399,SEMI-AUTO,14391,DIESEL,145,72.4,2
E Class,2019,24399,SEMI-AUTO,14061,DIESEL,145,72.4,2
A Class,2019,20799,MANUAL,3099,PETROL,145,28.5,1.3
SL CLASS,2019,30499,SEMI-AUTO,5494,PETROL,145,47.1,2
C Class,2019,20399,SEMI-AUTO,13334,PETROL,145,46.3,1.5
C Class,2019,20449,SEMI-AUTO,14005,DIESEL,145,61.4,2
E Class,2019,28499,SEMI-AUTO,8097,DIESEL,145,61.4,2
C Class,2019,20299,SEMI-AUTO,14184,PETROL,145,46.3,1.5
C Class,2019,20349,SEMI-AUTO,14012,PETROL,145,46.3,1.5
CL Class,2019,25999,SEMI-AUTO,14521,DIESEL,145,51.4,2.2
A Class,2019,23509,SEMI-AUTO,1000,DIESEL,145,67.3,1.5
A Class,2019,22569,SEMI-AUTO,1000,PETROL,145,53.3,1.3
GLA Class,2019,24999,SEMI-AUTO,3208,DIESEL,145,64.2,2.1
GLA Class,2019,24999,SEMI-AUTO,2666,DIESEL,145,64.2,2.1
GLA Class,2019,24999,SEMI-AUTO,2368,DIESEL,145,64.2,2.1
B Class,2019,24649,SEMI-AUTO,1000,DIESEL,145,55.4,2
A Class,2019,24059,SEMI-AUTO,4664,DIESEL,145,56.5,2
A Class,2019,20859,MANUAL,1000,PETROL,145,47.1,1.3
GLC Class,2019,38509,SEMI-AUTO,3000,DIESEL,145,40.9,2
C Class,2019,31519,SEMI-AUTO,1000,PETROL,145,45.6,1.5
CL Class,2016,14399,MANUAL,45693,DIESEL,20,65.7,2.1
A Class,2017,14649,MANUAL,14980,DIESEL,145,72.4,1.5
C Class,2018,18399,SEMI-AUTO,31122,DIESEL,145,64.2,2.1
A Class,2016,13049,MANUAL,26523,PETROL,125,51.4,1.6
E Class,2017,19449,SEMI-AUTO,29935,DIESEL,20,72.4,2
C Class,2017,20349,SEMI-AUTO,10745,DIESEL,30,64.2,2.1
CLS Class,2018,32849,SEMI-AUTO,16019,DIESEL,145,48.7,2.9
CL Class,2017,21599,SEMI-AUTO,13100,DIESEL,145,67.3,2.1
E Class,2017,22199,SEMI-AUTO,16350,DIESEL,145,67.3,2
B Class,2019,23979,SEMI-AUTO,1000,DIESEL,145,55.4,2
C Class,2019,30849,SEMI-AUTO,8473,DIESEL,145,54.3,2
GLC Class,2019,43099,SEMI-AUTO,9558,DIESEL,145,40.4,2
C Class,2019,46999,SEMI-AUTO,9962,PETROL,145,29.7,3
CL Class,2019,26799,SEMI-AUTO,3532,PETROL,145,38.2,2
E Class,2019,59999,SEMI-AUTO,90,PETROL,145,30.1,4
SL CLASS,2019,78399,SEMI-AUTO,3728,PETROL,145,28,5.5
C Class,2019,28199,SEMI-AUTO,10452,DIESEL,145,57.7,2
C Class,2019,27499,SEMI-AUTO,1211,DIESEL,145,58.9,1.6
CL Class,2019,25399,SEMI-AUTO,16122,PETROL,145,38.2,2
C Class,2019,27299,SEMI-AUTO,1000,PETROL,145,46.3,1.5
C Class,2018,26799,SEMI-AUTO,7466,PETROL,145,47.1,2
C Class,2020,36209,SEMI-AUTO,1000,PETROL,145,42.8,2
C Class,2017,14549,SEMI-AUTO,38085,DIESEL,20,65.7,2.1
CL Class,2020,30389,SEMI-AUTO,1000,DIESEL,145,55.4,2
A Class,2020,26519,SEMI-AUTO,1000,PETROL,145,53.3,1.3
GLC Class,2020,41239,SEMI-AUTO,1000,PETROL,145,31.7,2
GLE Class,2020,61489,SEMI-AUTO,1000,PETROL,145,29.5,3
A Class,2020,26049,SEMI-AUTO,1000,DIESEL,145,62.8,1.5
CL Class,2020,27779,SEMI-AUTO,1000,PETROL,145,44.8,1.3
E Class,2019,25999,SEMI-AUTO,8396,DIESEL,145,72.4,2
C Class,2019,29549,SEMI-AUTO,9053,PETROL,145,44.1,2
C Class,2019,26699,SEMI-AUTO,5500,PETROL,145,43.5,2
C Class,2020,40179,SEMI-AUTO,1000,DIESEL,145,54.3,2
E Class,2019,41519,SEMI-AUTO,1000,DIESEL,145,42.8,3
C Class,2019,31609,SEMI-AUTO,1000,DIESEL,145,64.2,2
C Class,2019,32069,SEMI-AUTO,1000,DIESEL,145,64.2,2
C Class,2019,30919,SEMI-AUTO,1000,DIESEL,145,53.3,2
C Class,2019,25799,SEMI-AUTO,1000,PETROL,145,45.6,1.5
C Class,2016,38349,SEMI-AUTO,22000,PETROL,300,34.5,4
E Class,2017,21699,SEMI-AUTO,31459,DIESEL,145,65.7,2
C Class,2019,49499,SEMI-AUTO,1000,PETROL,145,29.1,3
C Class,2019,49669,SEMI-AUTO,1000,PETROL,145,29.1,3
B Class,2019,24799,SEMI-AUTO,3906,DIESEL,145,55.4,2
E Class,2019,25899,SEMI-AUTO,4997,DIESEL,145,72.4,2
GLA Class,2019,22999,SEMI-AUTO,17471,DIESEL,145,67.3,2.1
E Class,2019,37599,SEMI-AUTO,14031,DIESEL,145,48.7,3
E Class,2019,37999,SEMI-AUTO,11588,DIESEL,145,48.7,3
E Class,2019,26399,SEMI-AUTO,15189,DIESEL,145,72.4,2
E Class,2019,41499,SEMI-AUTO,3695,PETROL,145,33.6,3
E Class,2019,25599,SEMI-AUTO,12277,DIESEL,145,72.4,2
C Class,2019,20399,SEMI-AUTO,13793,DIESEL,145,61.4,2
B Class,2019,22699,SEMI-AUTO,12706,PETROL,145,45.6,1.3
C Class,2019,20799,SEMI-AUTO,15536,DIESEL,145,61.4,2
C Class,2016,24799,AUTOMATIC,30385,DIESEL,30,65.7,2.1
C Class,2019,27199,SEMI-AUTO,3780,PETROL,145,42.2,2
E Class,2017,21299,SEMI-AUTO,20852,DIESEL,145,72.4,2
C Class,2019,20699,SEMI-AUTO,10037,DIESEL,145,64.2,2.1
A Class,2018,21399,SEMI-AUTO,3278,PETROL,145,53.3,1.3
C Class,2017,23699,SEMI-AUTO,7978,DIESEL,20,67.3,2.1
C Class,2018,21449,SEMI-AUTO,2684,PETROL,145,44.1,1.5
E Class,2017,23599,SEMI-AUTO,9012,DIESEL,145,65.7,2
E Class,2017,21399,SEMI-AUTO,19995,DIESEL,145,72.4,2
GLC Class,2019,32499,SEMI-AUTO,9418,DIESEL,145,41.5,2.1
C Class,2019,24299,SEMI-AUTO,14333,DIESEL,145,61.4,2
C Class,2019,25999,SEMI-AUTO,14344,DIESEL,145,61.4,2
C Class,2018,26189,SEMI-AUTO,8069,DIESEL,145,65.7,2.1
C Class,2019,29799,AUTOMATIC,7621,DIESEL,145,57.7,2
C Class,2019,29099,SEMI-AUTO,8205,DIESEL,145,57.7,2
B Class,2019,22499,SEMI-AUTO,8666,PETROL,145,45.6,1.3
B Class,2019,22899,SEMI-AUTO,9288,PETROL,145,45.6,1.3
A Class,2019,21999,MANUAL,1448,PETROL,145,47.1,1.3
C Class,2019,32599,SEMI-AUTO,3723,DIESEL,145,54.3,2
B Class,2019,26899,SEMI-AUTO,807,DIESEL,145,55.4,2
S Class,2019,63099,SEMI-AUTO,1766,DIESEL,145,48.7,3
B Class,2019,27299,SEMI-AUTO,8768,DIESEL,145,54.3,2
C Class,2019,25999,SEMI-AUTO,13701,PETROL,145,47.1,1.5
E Class,2019,31499,SEMI-AUTO,11415,DIESEL,145,58.9,2
C Class,2019,26699,SEMI-AUTO,10597,PETROL,145,46.3,1.5
C Class,2019,26699,SEMI-AUTO,6718,PETROL,145,46.3,1.5
E Class,2019,26299,SEMI-AUTO,3665,DIESEL,145,72.4,2
GLC Class,2017,27199,SEMI-AUTO,21452,DIESEL,145,56.5,2.1
A Class,2019,23899,MANUAL,6917,PETROL,145,28.5,1.3
E Class,2016,21749,SEMI-AUTO,27178,DIESEL,160,51.4,3
CL Class,2018,22999,SEMI-AUTO,8897,PETROL,145,44.1,1.6
E Class,2017,20099,SEMI-AUTO,38566,DIESEL,145,61.4,2
C Class,2019,28599,SEMI-AUTO,970,DIESEL,145,60.1,1.6
E Class,2019,39599,SEMI-AUTO,2872,HYBRID,135,188.3,2
E Class,2019,40899,SEMI-AUTO,3728,DIESEL,145,46.3,3
SL CLASS,2019,50899,SEMI-AUTO,13,PETROL,145,36.7,3
S Class,2019,47599,SEMI-AUTO,11876,DIESEL,145,52.3,3
GLE Class,2017,39699,SEMI-AUTO,10689,DIESEL,145,39.2,3
GLC Class,2016,28999,SEMI-AUTO,21355,DIESEL,145,56.5,2.1
A Class,2019,22599,SEMI-AUTO,2672,DIESEL,145,62.8,1.5
A Class,2019,20499,SEMI-AUTO,10488,PETROL,145,28.5,1.3
GLA Class,2016,18149,SEMI-AUTO,18810,DIESEL,30,64.2,2.1
C Class,2020,36809,SEMI-AUTO,1000,PETROL,145,46.3,1.5
CL Class,2020,30389,SEMI-AUTO,1000,DIESEL,145,55.4,2
C Class,2016,25499,SEMI-AUTO,9458,PETROL,160,43.5,2
C Class,2017,18299,SEMI-AUTO,35431,DIESEL,30,61.4,2.1
GLA Class,2017,21199,SEMI-AUTO,13137,DIESEL,145,56.5,2.1
CL Class,2018,19589,SEMI-AUTO,2628,DIESEL,145,67.3,2.1
C Class,2019,30149,SEMI-AUTO,6362,DIESEL,145,64.2,2
C Class,2018,29199,SEMI-AUTO,4699,DIESEL,145,54.3,2
C Class,2019,19699,SEMI-AUTO,15020,PETROL,145,46.3,1.5
CL Class,2019,26099,SEMI-AUTO,13187,DIESEL,145,51.4,2.2
E Class,2019,37999,SEMI-AUTO,10470,DIESEL,145,44.8,2
A Class,2019,21799,MANUAL,3253,PETROL,145,28.5,1.3
C Class,2019,25899,SEMI-AUTO,10662,PETROL,145,47.1,1.5
GLA Class,2019,25999,SEMI-AUTO,9817,DIESEL,145,56.5,2.1
E Class,2019,34899,SEMI-AUTO,15284,DIESEL,145,48.7,3
S Class,2017,34999,SEMI-AUTO,22906,DIESEL,145,52.3,3
E Class,2018,27099,SEMI-AUTO,17762,DIESEL,145,58.9,2
A Class,2017,15789,SEMI-AUTO,19572,PETROL,125,53.3,1.6
C Class,2017,25999,SEMI-AUTO,2883,PETROL,145,42.2,2
C Class,2016,18999,SEMI-AUTO,28500,DIESEL,20,64.2,2.1
A Class,2017,15999,SEMI-AUTO,7000,PETROL,145,55.4,1.6
A Class,2016,14499,SEMI-AUTO,26544,PETROL,125,53.3,1.6
A Class,2016,14999,SEMI-AUTO,12891,PETROL,125,53.3,1.6
C Class,2016,19799,SEMI-AUTO,21086,DIESEL,30,64.2,2.1
A Class,2019,19999,SEMI-AUTO,8760,PETROL,150,28.5,1.3
C Class,2019,26399,SEMI-AUTO,7645,PETROL,145,47.1,1.5
C Class,2019,28999,SEMI-AUTO,14366,DIESEL,145,57.7,2
C Class,2019,21899,SEMI-AUTO,2000,DIESEL,145,64.2,1.6
E Class,2019,33149,SEMI-AUTO,5237,DIESEL,145,70.6,2
E Class,2019,25299,SEMI-AUTO,8470,DIESEL,145,72.4,2
E Class,2019,24749,SEMI-AUTO,14218,DIESEL,145,72.4,2
C Class,2019,20299,SEMI-AUTO,14316,PETROL,145,46.3,1.5
C Class,2019,25499,SEMI-AUTO,8960,PETROL,145,46.3,1.5
C Class,2019,20399,SEMI-AUTO,14111,DIESEL,145,61.4,2
B Class,2019,22199,SEMI-AUTO,8640,PETROL,145,45.6,1.3
C Class,2019,29349,SEMI-AUTO,4133,DIESEL,145,57.7,2
GLC Class,2019,31999,SEMI-AUTO,10971,DIESEL,145,42.2,2.1
C Class,2019,20299,SEMI-AUTO,14144,PETROL,145,46.3,1.5
B Class,2019,26949,SEMI-AUTO,9148,DIESEL,145,54.3,2
GLA Class,2019,24999,SEMI-AUTO,2611,DIESEL,145,64.2,2.1
E Class,2019,33719,SEMI-AUTO,1000,DIESEL,145,70.6,2
C Class,2016,19799,SEMI-AUTO,38500,PETROL,125,52.3,2
E Class,2016,21999,SEMI-AUTO,41090,PETROL,235,37.7,3.5
A Class,2020,41729,SEMI-AUTO,1000,PETROL,145,32.8,2
A Class,2020,25879,SEMI-AUTO,1000,PETROL,145,53.3,1.3
A Class,2020,25879,SEMI-AUTO,1000,PETROL,145,53.3,1.3
C Class,2019,25749,SEMI-AUTO,13873,DIESEL,145,61.4,2
C Class,2019,25749,SEMI-AUTO,13789,DIESEL,145,61.4,2
A Class,2019,19549,SEMI-AUTO,10180,DIESEL,145,68.9,1.5
C Class,2016,17149,SEMI-AUTO,38395,DIESEL,30,64.2,2.1
E Class,2018,28849,SEMI-AUTO,1746,DIESEL,145,57.7,2
C Class,2019,42049,SEMI-AUTO,6071,PETROL,145,30.4,3
A Class,2019,23509,SEMI-AUTO,1000,DIESEL,145,67.3,1.5
E Class,2018,41699,SEMI-AUTO,6910,PETROL,145,33.6,3
E Class,2016,19799,SEMI-AUTO,19198,DIESEL,20,72.4,2
C Class,2019,29699,SEMI-AUTO,2228,PETROL,145,42.2,1.6
A Class,2020,25879,SEMI-AUTO,1000,PETROL,145,53.3,1.3
A Class,2020,25879,SEMI-AUTO,1000,PETROL,145,53.3,1.3
A Class,2020,25879,SEMI-AUTO,1000,PETROL,145,53.3,1.3
E Class,2017,22999,SEMI-AUTO,20000,DIESEL,30,65.7,2
GLE Class,2020,60899,SEMI-AUTO,1000,DIESEL,150,32.5,2.9
C Class,2018,29999,SEMI-AUTO,17788,PETROL,145,36.2,3
A Class,2020,25879,SEMI-AUTO,1000,PETROL,145,53.3,1.3
A Class,2020,25879,SEMI-AUTO,1000,PETROL,145,53.3,1.3
A Class,2020,25879,SEMI-AUTO,1000,PETROL,145,53.3,1.3
A Class,2020,25879,SEMI-AUTO,1000,PETROL,145,53.3,1.3
A Class,2020,25879,SEMI-AUTO,1000,PETROL,145,53.3,1.3
A Class,2020,24409,SEMI-AUTO,1000,DIESEL,145,67.3,1.5
A Class,2020,25879,SEMI-AUTO,1000,PETROL,145,53.3,1.3
GLA Class,2019,22999,SEMI-AUTO,12904,DIESEL,145,67.3,2.1
CLS Class,2019,42999,SEMI-AUTO,7038,DIESEL,145,47.9,2.9
B Class,2019,27299,SEMI-AUTO,1581,PETROL,145,44.1,1.3
CL Class,2019,26999,SEMI-AUTO,7634,DIESEL,145,51.4,2.2
C Class,2019,25249,SEMI-AUTO,1729,PETROL,145,45.6,1.5
B Class,2019,23999,SEMI-AUTO,1019,DIESEL,145,55.4,2
C Class,2018,50799,AUTOMATIC,639,PETROL,145,31.7,4
C Class,2016,17949,AUTOMATIC,22000,DIESEL,30,64.2,2.1
E Class,2018,55749,SEMI-AUTO,4003,PETROL,145,32.1,4
C Class,2019,26299,SEMI-AUTO,5661,PETROL,145,46.3,1.5
E Class,2017,21299,SEMI-AUTO,23429,DIESEL,145,61.4,2
CL Class,2019,37799,SEMI-AUTO,3022,PETROL,145,36.7,2
C Class,2019,67199,SEMI-AUTO,2270,PETROL,145,28,4
A Class,2019,26099,SEMI-AUTO,487,DIESEL,145,65.7,1.5
GLE Class,2020,50419,SEMI-AUTO,1000,DIESEL,145,36.7,2
C Class,2017,26249,AUTOMATIC,22571,DIESEL,145,54.3,2.1
E Class,2016,21749,SEMI-AUTO,30209,DIESEL,30,65.7,2
GLC Class,2018,32849,SEMI-AUTO,11582,DIESEL,145,56.5,2.1
GLE Class,2016,26499,SEMI-AUTO,31830,DIESEL,200,47.9,2.1
A Class,2017,15649,MANUAL,24524,DIESEL,145,68.9,1.5
GLA Class,2017,20149,SEMI-AUTO,13108,DIESEL,145,64.2,2.1
GLA Class,2019,23149,SEMI-AUTO,13406,DIESEL,145,67.3,2.1
C Class,2017,31399,SEMI-AUTO,19224,PETROL,145,36.2,3
C Class,2019,25999,SEMI-AUTO,5910,PETROL,145,46.3,1.5
A Class,2019,24599,SEMI-AUTO,576,DIESEL,145,56.5,2
SL CLASS,2019,31099,SEMI-AUTO,831,PETROL,145,47.1,2
B Class,2019,24099,SEMI-AUTO,1010,DIESEL,145,60.1,1.5
C Class,2019,29899,AUTOMATIC,1212,PETROL,145,42.2,1.6
E Class,2019,36799,SEMI-AUTO,3309,DIESEL,145,48.7,3
C Class,2019,32999,SEMI-AUTO,2136,DIESEL,145,54.3,2
GLA Class,2019,22799,SEMI-AUTO,14069,DIESEL,145,67.3,2.1
GLA Class,2019,22199,SEMI-AUTO,12117,DIESEL,145,67.3,2.1
E Class,2018,22049,SEMI-AUTO,20457,DIESEL,145,65.7,2
E Class,2018,29499,SEMI-AUTO,6841,DIESEL,145,57.7,2
GLC Class,2019,41399,SEMI-AUTO,3183,DIESEL,145,40.4,2
C Class,2019,33999,SEMI-AUTO,1000,DIESEL,145,57.7,2
B Class,2019,26999,SEMI-AUTO,8939,DIESEL,145,54.3,2
C Class,2019,30249,SEMI-AUTO,4889,PETROL,145,44.1,2
A Class,2019,19649,MANUAL,14071,PETROL,145,28.5,1.3
A Class,2016,13349,MANUAL,36531,DIESEL,20,72.4,1.5
X-CLASS,2019,31950,AUTOMATIC,3740,DIESEL,260,35.8,2.3
C Class,2016,13990,MANUAL,57138,DIESEL,20,68.9,2.1
A Class,2019,22907,MANUAL,1000,PETROL,150,47.1,1.3
C Class,2016,18799,SEMI-AUTO,6900,PETROL,125,52.3,2
GLC Class,2017,29999,SEMI-AUTO,15884,DIESEL,200,47.9,3
A Class,2018,32999,SEMI-AUTO,11000,PETROL,145,40.9,2
C Class,2017,48399,AUTOMATIC,15066,PETROL,145,32.8,4
C Class,2017,41399,SEMI-AUTO,8797,PETROL,145,32.8,4
C Class,2018,29499,AUTOMATIC,1988,PETROL,145,44.1,2
A Class,2019,22899,SEMI-AUTO,320,DIESEL,145,56.5,2
GLA Class,2018,21499,SEMI-AUTO,13559,DIESEL,145,56.5,2.1
A Class,2018,17249,SEMI-AUTO,20278,DIESEL,145,68.9,2.1
C Class,2019,40099,SEMI-AUTO,11267,PETROL,145,29.4,3
GLA Class,2019,23099,SEMI-AUTO,13581,DIESEL,145,67.3,2.1
C Class,2019,28399,SEMI-AUTO,7430,DIESEL,145,61.4,2
C Class,2019,19799,SEMI-AUTO,14251,PETROL,145,46.3,1.5
C Class,2019,20199,SEMI-AUTO,11381,PETROL,145,46.3,1.5
C Class,2019,19799,SEMI-AUTO,14301,PETROL,145,46.3,1.5
C Class,2019,26049,SEMI-AUTO,9612,PETROL,145,47.1,1.5
CL Class,2019,26349,SEMI-AUTO,10893,DIESEL,145,51.4,2.2
C Class,2019,29949,SEMI-AUTO,8371,DIESEL,145,57.7,2
C Class,2019,24499,SEMI-AUTO,14525,PETROL,145,44.1,1.5
E Class,2019,24649,SEMI-AUTO,15289,DIESEL,145,72.4,2
GLC Class,2019,32199,SEMI-AUTO,9351,DIESEL,145,42.2,2.1
C Class,2019,25949,SEMI-AUTO,12582,DIESEL,145,61.4,2
E Class,2019,35149,SEMI-AUTO,13047,DIESEL,145,48.7,3
C Class,2019,27699,SEMI-AUTO,5426,PETROL,145,45.6,1.5
E Class,2019,42999,SEMI-AUTO,2175,PETROL,145,32.1,3
E Class,2017,19899,SEMI-AUTO,13959,DIESEL,20,72.4,2
A Class,2019,31699,SEMI-AUTO,1000,PETROL,145,35.8,2
C Class,2019,32959,SEMI-AUTO,1000,DIESEL,145,64.2,2
A Class,2019,22339,SEMI-AUTO,1000,DIESEL,145,65.7,1.5
A Class,2019,24508,SEMI-AUTO,1000,DIESEL,145,65.7,1.5
C Class,2019,31999,SEMI-AUTO,1000,DIESEL,145,61.4,2
GLC Class,2019,75729,SEMI-AUTO,1000,PETROL,145,22.1,4
E Class,2019,35659,SEMI-AUTO,1000,DIESEL,145,42.8,2
E Class,2019,33899,SEMI-AUTO,5698,DIESEL,145,57.7,2
A Class,2019,24299,SEMI-AUTO,3389,PETROL,145,28.5,2
GLC Class,2019,67539,SEMI-AUTO,1000,PETROL,145,22.4,4
C Class,2019,29699,SEMI-AUTO,4279,DIESEL,145,56.5,2
C Class,2019,32699,SEMI-AUTO,1362,DIESEL,145,56.5,2
E Class,2019,40999,SEMI-AUTO,1000,HYBRID,135,188.3,2
E Class,2019,41519,SEMI-AUTO,1000,DIESEL,145,42.8,3
C Class,2019,32069,SEMI-AUTO,1000,DIESEL,145,64.2,2
S Class,2019,63099,AUTOMATIC,1803,DIESEL,145,52.3,3
B Class,2017,13899,MANUAL,19842,DIESEL,145,68.9,1.5
C Class,2018,25999,SEMI-AUTO,11258,DIESEL,145,65.7,2.1
E Class,2019,28149,SEMI-AUTO,3242,PETROL,145,39.8,2
C Class,2019,32999,SEMI-AUTO,2373,DIESEL,145,54.3,2
GLA Class,2018,22049,AUTOMATIC,14235,DIESEL,145,67.3,2.1
B Class,2019,22099,SEMI-AUTO,14022,PETROL,145,45.6,1.3
GLA Class,2019,25399,SEMI-AUTO,2058,DIESEL,145,64.2,2.1
B Class,2019,22299,AUTOMATIC,12410,PETROL,145,45.6,1.3
B Class,2019,22499,SEMI-AUTO,10478,PETROL,145,45.6,1.3
C Class,2019,42999,SEMI-AUTO,8751,PETROL,145,29.1,3
C Class,2019,41699,SEMI-AUTO,7400,PETROL,145,30.4,3
E Class,2019,44399,SEMI-AUTO,7805,PETROL,145,32.5,3
GLA Class,2014,16249,SEMI-AUTO,18086,DIESEL,30,62.8,2.1
E Class,2019,45799,SEMI-AUTO,1000,DIESEL,145,48.7,3
SL CLASS,2017,38799,SEMI-AUTO,14000,PETROL,145,36.7,3
GLS Class,2018,43999,SEMI-AUTO,8963,DIESEL,145,37.2,3
C Class,2017,24289,SEMI-AUTO,13716,DIESEL,30,65.7,2.1
A Class,2015,10795,MANUAL,61626,DIESEL,20,72.4,1.5
GLE Class,2016,27999,SEMI-AUTO,32068,DIESEL,200,47.9,2.1
C Class,2017,19499,SEMI-AUTO,25241,DIESEL,145,64.2,2.1
E Class,2016,18649,SEMI-AUTO,12523,DIESEL,145,56.5,2.1
E Class,2018,35749,SEMI-AUTO,12363,PETROL,145,33.6,3
E Class,2016,18199,SEMI-AUTO,26905,DIESEL,30,65.7,2
E Class,2019,36479,SEMI-AUTO,5040,DIESEL,145,48.7,3
C Class,2019,34399,SEMI-AUTO,3414,PETROL,145,44.1,2
C Class,2019,25699,SEMI-AUTO,15251,DIESEL,145,61.4,2
C Class,2019,29799,SEMI-AUTO,8959,DIESEL,145,57.7,2
SL CLASS,2018,49999,SEMI-AUTO,8804,PETROL,145,31.4,4.7
E Class,2019,43199,SEMI-AUTO,5686,DIESEL,145,38.2,3
GLA Class,2018,21899,SEMI-AUTO,10552,DIESEL,145,67.3,2.1
C Class,2018,22549,SEMI-AUTO,16961,PETROL,145,46.3,1.5
B Class,2019,25699,SEMI-AUTO,12090,DIESEL,145,54.3,2
CL Class,2015,18899,SEMI-AUTO,13120,DIESEL,20,62.8,2.1
E Class,2019,41449,SEMI-AUTO,8115,DIESEL,145,47.1,3
C Class,2019,43199,SEMI-AUTO,9551,PETROL,145,29.1,3
C Class,2019,41499,SEMI-AUTO,8116,PETROL,145,30.4,3
E Class,2018,51200,SEMI-AUTO,4500,PETROL,145,30.1,4
GLC Class,2019,45299,SEMI-AUTO,2792,DIESEL,145,40.4,2
SL CLASS,2019,79299,SEMI-AUTO,1776,PETROL,145,28,5.5
C Class,2016,21099,SEMI-AUTO,9272,DIESEL,20,67.3,2.1
GLA Class,2016,19799,SEMI-AUTO,20877,DIESEL,125,56.5,2.1
GLE Class,2017,39599,SEMI-AUTO,15575,PETROL,145,32.8,3
CL Class,2016,16849,SEMI-AUTO,45000,DIESEL,20,67.3,2.1
C Class,2017,16995,SEMI-AUTO,19372,DIESEL,145,64.2,1.6
GLA Class,2015,14595,SEMI-AUTO,72300,DIESEL,125,55.4,2.1
CLS Class,2015,16750,SEMI-AUTO,68353,DIESEL,160,52.3,3
C Class,2013,9500,SEMI-AUTO,75572,DIESEL,145,54.3,2.1
E Class,2014,16299,SEMI-AUTO,27000,DIESEL,165,47.9,3
A Class,2019,25399,SEMI-AUTO,4059,PETROL,145,28.5,2
C Class,2019,26799,SEMI-AUTO,2498,PETROL,145,45.6,1.5
A Class,2019,23299,SEMI-AUTO,975,DIESEL,145,67.3,1.5
GLE Class,2019,53199,SEMI-AUTO,2504,DIESEL,145,32.8,3
C Class,2019,41999,SEMI-AUTO,10104,PETROL,145,30.4,3
CLS Class,2019,44799,SEMI-AUTO,7101,DIESEL,145,47.9,2.9
E Class,2019,25599,SEMI-AUTO,9953,DIESEL,145,72.4,2
A Class,2018,18699,SEMI-AUTO,1502,DIESEL,145,65.7,1.5
C Class,2019,20599,SEMI-AUTO,13004,DIESEL,145,61.4,2
V Class,2017,35699,AUTOMATIC,7833,DIESEL,145,45.6,2.2
GLC Class,2019,29999,SEMI-AUTO,10420,DIESEL,145,56.5,2.1
E Class,2019,37899,SEMI-AUTO,5629,DIESEL,145,48.7,3
E Class,2019,24849,SEMI-AUTO,13898,DIESEL,145,72.4,2
E Class,2019,25149,SEMI-AUTO,10652,DIESEL,145,72.4,2
C Class,2019,29099,SEMI-AUTO,3820,DIESEL,145,64.2,2
E Class,2018,32049,SEMI-AUTO,8053,DIESEL,145,41.5,3
C Class,2018,25049,SEMI-AUTO,6550,DIESEL,145,60.1,1.6
C Class,2018,24499,SEMI-AUTO,9304,DIESEL,145,60.1,1.6
E Class,2019,24999,SEMI-AUTO,10424,DIESEL,145,72.4,2
B Class,2019,22299,SEMI-AUTO,11605,PETROL,145,45.6,1.3
C Class,2019,25499,SEMI-AUTO,16226,DIESEL,145,61.4,2
A Class,2019,22899,SEMI-AUTO,4042,DIESEL,145,56.5,2
A Class,2019,21999,SEMI-AUTO,4004,DIESEL,145,65.7,1.5
A Class,2019,24490,AUTOMATIC,2476,DIESEL,145,65.7,1.5
B Class,2019,26199,SEMI-AUTO,3999,DIESEL,145,55.4,2
GLA Class,2015,19699,SEMI-AUTO,10651,DIESEL,125,55.4,2.1
E Class,2019,40999,SEMI-AUTO,1000,HYBRID,135,188.3,2
A Class,2019,33889,SEMI-AUTO,1000,PETROL,145,36.7,2
E Class,2019,43599,SEMI-AUTO,3664,PETROL,145,32.1,3
C Class,2018,28699,SEMI-AUTO,5234,DIESEL,145,57.7,2
SL CLASS,2019,32999,SEMI-AUTO,100,PETROL,145,47.1,2
SL CLASS,2019,70999,AUTOMATIC,420,PETROL,145,27.2,4.7
GLA Class,2017,20049,SEMI-AUTO,13986,DIESEL,125,56.5,2.1
A Class,2017,15949,MANUAL,14632,DIESEL,145,68.9,1.5
C Class,2017,18049,SEMI-AUTO,41005,DIESEL,30,61.4,2.1
A Class,2019,25799,SEMI-AUTO,2940,DIESEL,145,56.5,2
E Class,2017,21799,SEMI-AUTO,28078,DIESEL,145,65.7,2
C Class,2019,27499,SEMI-AUTO,3462,DIESEL,145,60.1,1.6
C Class,2019,28599,SEMI-AUTO,901,DIESEL,145,61.4,2
C Class,2019,31599,SEMI-AUTO,3784,DIESEL,145,55.4,2
C Class,2019,23799,SEMI-AUTO,12946,DIESEL,145,61.4,2
A Class,2019,21099,SEMI-AUTO,5475,PETROL,145,53.3,1.3
GLC Class,2019,31849,SEMI-AUTO,12382,DIESEL,145,42.2,2.1
A Class,2019,19849,SEMI-AUTO,7149,DIESEL,145,68.9,1.5
B Class,2019,21749,SEMI-AUTO,12717,PETROL,145,45.6,1.3
B Class,2019,27249,SEMI-AUTO,7060,DIESEL,145,54.3,2
E Class,2019,34849,SEMI-AUTO,15553,DIESEL,145,48.7,3
C Class,2019,31149,SEMI-AUTO,6750,DIESEL,145,54.3,2
GLE Class,2017,29799,SEMI-AUTO,28719,DIESEL,145,47.9,2.1
S Class,2019,55649,SEMI-AUTO,2500,DIESEL,145,52.3,3
GLA Class,2019,23149,SEMI-AUTO,9253,DIESEL,145,67.3,2.1
C Class,2019,23849,SEMI-AUTO,15207,PETROL,145,46.3,1.5
E Class,2019,25349,SEMI-AUTO,7894,DIESEL,145,72.4,2
C Class,2019,20349,SEMI-AUTO,13898,PETROL,145,46.3,1.5
C Class,2019,24599,SEMI-AUTO,14234,PETROL,145,46.3,1.5
C Class,2019,20299,SEMI-AUTO,14855,DIESEL,145,61.4,2
C Class,2019,40849,SEMI-AUTO,10387,PETROL,145,30.4,3
E Class,2019,25149,SEMI-AUTO,10306,DIESEL,145,72.4,2
C Class,2019,25849,SEMI-AUTO,13244,DIESEL,145,61.4,2
E Class,2020,37029,SEMI-AUTO,1000,DIESEL,145,42.8,2
SL CLASS,2019,55199,SEMI-AUTO,377,PETROL,145,31.4,4.7
C Class,2019,32499,SEMI-AUTO,1303,PETROL,145,46.3,1.5
C Class,2019,33799,SEMI-AUTO,5669,DIESEL,145,55.4,2
C Class,2017,24699,SEMI-AUTO,19000,PETROL,145,43.5,2
A Class,2017,15799,MANUAL,24105,DIESEL,20,68.9,1.5
C Class,2018,28789,SEMI-AUTO,9797,DIESEL,150,54.3,2
CL Class,2016,29999,SEMI-AUTO,16043,PETROL,205,40.9,2
C Class,2017,24499,SEMI-AUTO,19169,DIESEL,150,67.3,2.1
E Class,2019,46399,SEMI-AUTO,3955,DIESEL,145,47.1,3
C Class,2018,28049,SEMI-AUTO,9977,DIESEL,145,54.3,2
E Class,2017,22399,SEMI-AUTO,13284,DIESEL,145,65.7,2
E Class,2019,49799,SEMI-AUTO,1810,PETROL,145,31.7,3
C Class,2016,20199,SEMI-AUTO,34400,DIESEL,20,67.3,2.1
C Class,2019,20349,SEMI-AUTO,14005,PETROL,145,46.3,1.5
C Class,2019,20299,SEMI-AUTO,14123,PETROL,145,46.3,1.5
C Class,2019,32999,SEMI-AUTO,5612,DIESEL,145,57.7,2
SL CLASS,2018,25749,SEMI-AUTO,7501,PETROL,145,47.1,2
CL Class,2019,29399,SEMI-AUTO,2566,PETROL,145,39.8,2
S Class,2019,54399,SEMI-AUTO,2498,DIESEL,145,52.3,3
E Class,2017,21799,SEMI-AUTO,37034,DIESEL,30,65.7,2
GLC Class,2019,33449,SEMI-AUTO,3957,PETROL,145,31.7,2
C Class,2019,19749,SEMI-AUTO,14619,PETROL,145,46.3,1.5
C Class,2019,26299,SEMI-AUTO,8059,PETROL,145,47.1,1.5
E Class,2019,24399,SEMI-AUTO,14163,DIESEL,145,72.4,2
E Class,2020,38399,SEMI-AUTO,1000,DIESEL,145,70.6,2
E Class,2020,41149,SEMI-AUTO,1000,DIESEL,145,57.7,2
A Class,2020,33569,SEMI-AUTO,1000,PETROL,145,35.8,2
C Class,2019,29299,SEMI-AUTO,2905,DIESEL,145,61.4,2
GLC Class,2019,37359,SEMI-AUTO,1000,DIESEL,145,40.9,2
A Class,2019,24109,SEMI-AUTO,1000,DIESEL,145,67.3,1.5
B Class,2019,24589,SEMI-AUTO,1000,DIESEL,145,55.4,2
GLE Class,2019,59889,SEMI-AUTO,1000,DIESEL,145,32.5,3
C Class,2016,19799,AUTOMATIC,17000,DIESEL,30,64.2,2.1
C Class,2016,20399,SEMI-AUTO,15000,DIESEL,30,64.2,2.1
C Class,2019,25549,SEMI-AUTO,15144,DIESEL,145,61.4,2
C Class,2019,28799,SEMI-AUTO,13321,DIESEL,145,64.2,2
GLA Class,2019,24049,SEMI-AUTO,14719,PETROL,145,50.4,1.6
C Class,2019,24299,SEMI-AUTO,11403,DIESEL,145,61.4,2
C Class,2019,26049,SEMI-AUTO,9693,PETROL,145,47.1,1.5
A Class,2019,24049,SEMI-AUTO,3607,PETROL,145,53.3,1.3
C Class,2019,28349,SEMI-AUTO,7133,DIESEL,145,56.5,2
GLA Class,2019,26599,SEMI-AUTO,4155,DIESEL,145,56.5,2.1
GLE Class,2019,47169,SEMI-AUTO,2532,DIESEL,145,36.7,2
C Class,2019,34399,SEMI-AUTO,3353,DIESEL,145,55.4,2
E Class,2019,40999,SEMI-AUTO,506,HYBRID,135,188.3,2
E Class,2019,48799,SEMI-AUTO,3074,DIESEL,145,45.6,3
A Class,2019,22339,SEMI-AUTO,4040,DIESEL,145,65.7,1.5
A Class,2019,22339,SEMI-AUTO,2392,DIESEL,145,65.7,1.5
C Class,2019,30099,SEMI-AUTO,2671,DIESEL,145,60.1,1.6
A Class,2019,24919,SEMI-AUTO,2904,PETROL,145,53.3,1.3
A Class,2019,33559,SEMI-AUTO,4639,PETROL,145,35.3,2
GLC Class,2019,32919,SEMI-AUTO,1000,DIESEL,145,44.8,2
GLC Class,2019,31519,SEMI-AUTO,1000,DIESEL,145,47.9,2
GLA Class,2019,25299,AUTOMATIC,3130,DIESEL,145,64.2,2.1
CL Class,2019,26049,SEMI-AUTO,14042,DIESEL,145,51.4,2.2
E Class,2017,26499,SEMI-AUTO,21654,DIESEL,145,65.7,2
S Class,2019,60399,SEMI-AUTO,1500,DIESEL,145,52.3,3
GLA Class,2019,24538,AUTOMATIC,2311,DIESEL,145,64.2,2.1
C Class,2015,16899,SEMI-AUTO,30895,DIESEL,30,61.4,2.1
C Class,2018,23100,AUTOMATIC,10424,PETROL,145,45.6,1.5
C Class,2014,12100,SEMI-AUTO,55731,DIESEL,145,54.3,2.1
C Class,2013,14000,SEMI-AUTO,34998,DIESEL,150,53.3,2.1
SL CLASS,2017,21500,SEMI-AUTO,3584,DIESEL,145,70.6,2.1
C Class,2015,12750,MANUAL,27500,PETROL,125,53.3,2
A Class,2016,16450,SEMI-AUTO,20924,PETROL,125,52.3,1.6
A Class,2019,25899,SEMI-AUTO,2354,DIESEL,145,56.5,2
A Class,2019,22399,SEMI-AUTO,4028,DIESEL,145,56.5,2
C Class,2019,28399,SEMI-AUTO,3061,PETROL,145,45.6,1.5
C Class,2019,37999,AUTOMATIC,2486,PETROL,145,44.1,1.5
C Class,2019,33299,AUTOMATIC,2286,PETROL,145,44.1,2
E Class,2019,41399,SEMI-AUTO,7220,HYBRID,135,188.3,2
E Class,2019,41399,SEMI-AUTO,7220,HYBRID,135,188.3,2
E Class,2019,39499,SEMI-AUTO,1000,DIESEL,145,57.7,2
A Class,2020,24579,MANUAL,1000,PETROL,145,47.1,1.3
A Class,2020,25879,SEMI-AUTO,1000,PETROL,145,53.3,1.3
GLC Class,2020,37659,SEMI-AUTO,1000,DIESEL,145,40.9,2
C Class,2019,31199,SEMI-AUTO,2000,PETROL,145,44.1,1.5
C Class,2019,26999,SEMI-AUTO,9568,DIESEL,145,61.4,2
C Class,2019,20999,SEMI-AUTO,14663,DIESEL,145,61.4,2
C Class,2019,25999,SEMI-AUTO,13269,DIESEL,145,61.4,2
C Class,2019,26499,SEMI-AUTO,7795,PETROL,145,46.3,1.5
E Class,2019,49699,SEMI-AUTO,9612,PETROL,145,32.5,3
GLC Class,2019,30099,SEMI-AUTO,1934,DIESEL,145,41.5,2.1
C Class,2019,46599,SEMI-AUTO,1724,PETROL,145,30.4,3
GLC Class,2019,62299,SEMI-AUTO,1945,PETROL,145,27.4,4
C Class,2019,33699,AUTOMATIC,1000,PETROL,145,44.1,2
C Class,2019,66899,SEMI-AUTO,262,PETROL,145,28.5,4
C Class,2019,31799,SEMI-AUTO,2273,DIESEL,145,64.2,2
C Class,2019,28499,SEMI-AUTO,2524,PETROL,145,45.6,1.5
C Class,2016,24749,AUTOMATIC,21118,DIESEL,125,61.4,2.1
A Class,2018,31299,AUTOMATIC,4396,PETROL,145,40.9,2
C Class,2017,16189,MANUAL,16946,PETROL,125,53.3,2
GLA Class,2015,18499,SEMI-AUTO,33713,DIESEL,125,56.5,2.1
E Class,2019,28799,SEMI-AUTO,2298,DIESEL,145,61.4,2
GLC Class,2019,31899,SEMI-AUTO,14908,DIESEL,145,41.5,2.1
E Class,2019,34099,SEMI-AUTO,1000,DIESEL,145,45.6,2
E Class,2018,33299,SEMI-AUTO,12100,PETROL,145,40.4,2
E Class,2017,21989,SEMI-AUTO,23211,DIESEL,145,65.7,2
CL Class,2017,33799,SEMI-AUTO,11000,PETROL,145,40.9,2
A Class,2020,25879,SEMI-AUTO,1000,PETROL,145,53.3,1.3
CL Class,2019,26199,SEMI-AUTO,4280,DIESEL,145,51.4,2.2
GLE Class,2019,87459,SEMI-AUTO,1493,PETROL,145,23.7,5.5
S Class,2019,87478,SEMI-AUTO,1257,PETROL,145,34,4
S Class,2019,93499,SEMI-AUTO,1000,PETROL,145,34,4
A Class,2019,134219,SEMI-AUTO,1000,PETROL,145,24.8,4
B Class,2019,22299,SEMI-AUTO,12480,PETROL,145,45.6,1.3
B Class,2019,22299,SEMI-AUTO,11643,PETROL,145,45.6,1.3
C Class,2019,25389,SEMI-AUTO,8639,PETROL,145,45.6,1.5
E Class,2017,21299,SEMI-AUTO,21787,DIESEL,145,65.7,2
CL Class,2019,26799,AUTOMATIC,4162,PETROL,145,38.2,2
CL Class,2019,26799,AUTOMATIC,4038,PETROL,145,38.2,2
A Class,2019,21099,AUTOMATIC,2477,DIESEL,145,65.7,1.5
C Class,2018,23799,AUTOMATIC,5905,PETROL,145,49.6,2
S Class,2018,82099,AUTOMATIC,1952,PETROL,145,34,4
GLE Class,2016,28799,SEMI-AUTO,36500,DIESEL,260,42.8,3
C Class,2019,30149,AUTOMATIC,8351,DIESEL,145,54.3,2
C Class,2019,67159,AUTOMATIC,883,PETROL,145,28,4
E Class,2019,33879,AUTOMATIC,1000,DIESEL,145,70.6,2
C Class,2017,35499,AUTOMATIC,10709,PETROL,145,34,3
C Class,2019,28799,SEMI-AUTO,12030,PETROL,145,44.1,1.5
C Class,2018,28149,AUTOMATIC,9273,DIESEL,145,54.3,2
E Class,2019,28349,AUTOMATIC,1450,PETROL,145,39.8,2
C Class,2019,29899,SEMI-AUTO,4405,DIESEL,145,61.4,2
A Class,2019,21499,AUTOMATIC,8125,PETROL,145,53.3,1.3
GLC Class,2019,29299,SEMI-AUTO,8847,DIESEL,145,56.5,2.1
E Class,2019,38399,AUTOMATIC,2967,DIESEL,145,48.7,3
CL Class,2019,26699,SEMI-AUTO,14101,DIESEL,145,51.4,2.2
C Class,2016,22549,AUTOMATIC,30385,DIESEL,30,65.7,2.1
C Class,2017,18899,SEMI-AUTO,27560,DIESEL,20,64.2,2.1
GLA Class,2019,26199,AUTOMATIC,4705,DIESEL,145,56.5,2.1
GLA Class,2019,26399,AUTOMATIC,3317,DIESEL,145,56.5,2.1
C Class,2019,26899,AUTOMATIC,2019,PETROL,145,45.6,1.5
C Class,2018,25399,AUTOMATIC,18257,DIESEL,145,67.3,2.1
GLC Class,2019,49569,SEMI-AUTO,1000,PETROL,145,26.7,3
C Class,2019,32099,SEMI-AUTO,1000,DIESEL,145,51.4,2
A Class,2018,19999,AUTOMATIC,8510,DIESEL,145,68.9,2.1
C Class,2018,27449,AUTOMATIC,7299,DIESEL,145,57.7,2
C Class,2018,27249,AUTOMATIC,8761,DIESEL,145,57.7,2
C Class,2019,26899,AUTOMATIC,796,PETROL,145,45.6,1.5
C Class,2019,44399,SEMI-AUTO,9026,PETROL,145,29.1,3
E Class,2019,44299,AUTOMATIC,2700,PETROL,145,32.8,3
E Class,2017,21399,AUTOMATIC,20650,DIESEL,145,72.4,2
E Class,2019,38509,AUTOMATIC,4578,DIESEL,145,57.7,2
E Class,2019,34269,AUTOMATIC,1000,DIESEL,145,45.6,2
E Class,2019,38398,AUTOMATIC,275,DIESEL,145,43.5,3
E Class,2019,40999,AUTOMATIC,308,HYBRID,135,188.3,2
C Class,2019,31539,AUTOMATIC,118,DIESEL,145,64.2,2
C Class,2019,33699,AUTOMATIC,5428,PETROL,145,43.5,2
B Class,2019,23599,AUTOMATIC,5139,DIESEL,145,60.1,1.5
C Class,2019,32068,AUTOMATIC,23,DIESEL,145,64.2,2
A Class,2019,23349,SEMI-AUTO,1000,DIESEL,145,67.3,1.5
E Class,2018,57599,SEMI-AUTO,89,PETROL,145,30.1,4
B Class,2019,24099,AUTOMATIC,1502,DIESEL,145,60.1,1.5
C Class,2017,31999,AUTOMATIC,24700,PETROL,260,35.3,3
E Class,2019,29399,AUTOMATIC,8181,DIESEL,145,58.9,2
E Class,2019,36149,AUTOMATIC,6689,DIESEL,145,48.7,3
C Class,2019,30249,AUTOMATIC,2225,DIESEL,145,55.4,2
C Class,2019,24799,AUTOMATIC,508,PETROL,145,44.1,1.5
C Class,2018,23449,AUTOMATIC,7318,PETROL,145,46.3,1.5
C Class,2019,29899,SEMI-AUTO,12478,DIESEL,145,54.3,2
B Class,2019,22399,SEMI-AUTO,11161,PETROL,145,45.6,1.3
E Class,2019,24999,SEMI-AUTO,11360,DIESEL,145,72.4,2
C Class,2019,19799,SEMI-AUTO,14301,PETROL,150,46.3,1.5
C Class,2019,20299,SEMI-AUTO,14316,PETROL,150,46.3,1.5
C Class,2019,25549,SEMI-AUTO,15144,DIESEL,150,61.4,2
A Class,2019,19549,SEMI-AUTO,10180,DIESEL,150,68.9,1.5
A Class,2019,20549,SEMI-AUTO,10517,PETROL,150,53.3,1.3
C Class,2017,24498,AUTOMATIC,21650,DIESEL,150,54.3,2.1
A Class,2019,140319,SEMI-AUTO,785,PETROL,150,22.1,4
A Class,2019,21658,MANUAL,1000,PETROL,150,47.1,1.3
B Class,2019,23899,AUTOMATIC,2647,DIESEL,145,60.1,1.5
C Class,2015,16789,SEMI-AUTO,20100,DIESEL,30,61.4,2.1
C Class,2017,22899,SEMI-AUTO,17800,DIESEL,145,67.3,2.1
GLC Class,2017,28599,SEMI-AUTO,26200,DIESEL,145,56.5,2.1
SL CLASS,2016,35249,AUTOMATIC,18400,PETROL,235,36.7,3
GLC Class,2017,30999,SEMI-AUTO,36056,DIESEL,145,56.5,2.1
A Class,2018,109989,SEMI-AUTO,2122,PETROL,145,24.8,4
E Class,2019,51099,AUTOMATIC,10903,PETROL,145,31.7,3
C Class,2019,62399,SEMI-AUTO,7580,PETROL,145,28,4
GLC Class,2019,60699,AUTOMATIC,607,PETROL,145,26.4,4
CL Class,2019,26299,AUTOMATIC,1270,PETROL,145,38.2,2
S Class,2019,86399,AUTOMATIC,1912,PETROL,145,34,4
E Class,2017,22499,SEMI-AUTO,21000,DIESEL,30,65.7,2
A Class,2016,16499,SEMI-AUTO,21000,DIESEL,20,74.3,1.5
GLC Class,2018,26999,SEMI-AUTO,11000,PETROL,145,37.2,2
E Class,2019,35849,SEMI-AUTO,9084,DIESEL,145,42.8,2
GLC Class,2019,39999,SEMI-AUTO,10189,DIESEL,145,40.4,2
A Class,2017,15949,MANUAL,27500,DIESEL,145,62.8,2.1
C Class,2017,30999,AUTOMATIC,26000,PETROL,300,34,3
GLC Class,2017,30999,SEMI-AUTO,25000,DIESEL,145,56.5,2.1
C Class,2019,33149,SEMI-AUTO,9000,DIESEL,145,54.3,2
B Class,2017,14199,MANUAL,9300,DIESEL,145,68.9,1.5
GLB Class,2020,30209,SEMI-AUTO,1000,DIESEL,145,47.9,2
A Class,2020,26519,SEMI-AUTO,1000,PETROL,145,53.3,1.3
C Class,2020,39099,SEMI-AUTO,1000,PETROL,145,44.1,2
C Class,2020,37249,SEMI-AUTO,1000,DIESEL,145,57.7,2
A Class,2020,33569,SEMI-AUTO,1000,PETROL,145,35.8,2
C Class,2020,53669,SEMI-AUTO,1000,PETROL,145,29.1,3
E Class,2020,38399,SEMI-AUTO,1000,DIESEL,145,70.6,2
E Class,2020,40979,SEMI-AUTO,1000,DIESEL,145,57.7,2
GLE Class,2018,31999,SEMI-AUTO,11510,DIESEL,145,47.9,2.1
GLC Class,2019,43299,SEMI-AUTO,9090,DIESEL,145,40.4,2
C Class,2019,19799,SEMI-AUTO,14133,PETROL,145,46.3,1.5
C Class,2019,25549,SEMI-AUTO,14923,DIESEL,145,61.4,2
E Class,2019,25199,SEMI-AUTO,9580,DIESEL,145,72.4,2
C Class,2019,25699,SEMI-AUTO,11738,PETROL,145,47.1,1.5
C Class,2019,23949,SEMI-AUTO,18542,PETROL,145,46.3,1.5
CL Class,2019,26099,SEMI-AUTO,13417,DIESEL,145,51.4,2.2
GLC Class,2019,31999,SEMI-AUTO,3867,DIESEL,145,56.5,2.1
GLC Class,2019,32249,SEMI-AUTO,8779,DIESEL,145,42.2,2.1
S Class,2019,60849,SEMI-AUTO,6675,DIESEL,145,48.7,3
GLA Class,2019,23299,SEMI-AUTO,11606,DIESEL,145,67.3,2.1
C Class,2019,29449,SEMI-AUTO,9970,DIESEL,145,64.2,2
C Class,2019,25199,SEMI-AUTO,14708,PETROL,145,47.1,1.5
A Class,2019,19199,SEMI-AUTO,13341,DIESEL,145,68.9,1.5
C Class,2019,23849,SEMI-AUTO,14079,DIESEL,145,61.4,2
GLA Class,2019,25099,SEMI-AUTO,4938,DIESEL,145,64.2,2.1
GLC Class,2019,32749,SEMI-AUTO,3743,DIESEL,145,44.8,2
GLA Class,2019,25299,SEMI-AUTO,2869,DIESEL,145,64.2,2.1
GLA Class,2019,25299,AUTOMATIC,2838,DIESEL,145,64.2,2.1
GLA Class,2019,25299,SEMI-AUTO,3413,DIESEL,145,64.2,2.1
SL CLASS,2019,52999,SEMI-AUTO,270,PETROL,145,36.7,3
GLA Class,2017,20999,SEMI-AUTO,12501,DIESEL,145,56.5,2.1
A Class,2020,26319,SEMI-AUTO,1000,PETROL,145,53.3,1.3
A Class,2020,25879,SEMI-AUTO,1000,PETROL,145,53.3,1.3
C Class,2019,19999,SEMI-AUTO,12668,PETROL,145,46.3,1.5
C Class,2019,25299,SEMI-AUTO,10185,PETROL,145,46.3,1.5
C Class,2019,28299,SEMI-AUTO,7395,DIESEL,145,56.5,2
C Class,2019,19799,SEMI-AUTO,14311,PETROL,145,46.3,1.5
B Class,2019,21699,SEMI-AUTO,13068,PETROL,145,45.6,1.3
E Class,2019,24799,SEMI-AUTO,14121,DIESEL,145,72.4,2
E Class,2019,24749,SEMI-AUTO,14352,DIESEL,145,72.4,2
C Class,2018,29249,SEMI-AUTO,4574,DIESEL,145,54.3,2
GLA Class,2018,25699,SEMI-AUTO,5278,DIESEL,145,56.5,2.1
GLA Class,2019,23049,SEMI-AUTO,14560,DIESEL,145,67.3,2.1
A Class,2015,14499,SEMI-AUTO,14807,DIESEL,20,68.9,2.1
GLC Class,2017,33999,SEMI-AUTO,22000,PETROL,145,34,3
C Class,2017,17999,SEMI-AUTO,29000,DIESEL,145,64.2,2.1
A Class,2019,18999,SEMI-AUTO,7800,DIESEL,145,68.9,1.5
E Class,2019,43999,SEMI-AUTO,10,DIESEL,145,45.6,3
A Class,2015,19149,SEMI-AUTO,12390,PETROL,200,42.8,2
C Class,2017,22499,SEMI-AUTO,14000,DIESEL,30,64.2,2.1
E Class,2017,23299,SEMI-AUTO,24000,DIESEL,145,65.7,2
C Class,2016,18849,SEMI-AUTO,25199,DIESEL,30,62.8,2.1
C Class,2018,28789,SEMI-AUTO,7800,DIESEL,145,57.7,2
S Class,2019,64999,SEMI-AUTO,119,PETROL,145,40.9,3
GLE Class,2018,33999,SEMI-AUTO,13000,DIESEL,145,47.9,2.1
C Class,2017,25999,SEMI-AUTO,2800,PETROL,145,42.2,2
GLE Class,2017,40899,SEMI-AUTO,16000,DIESEL,145,39.2,3
SL CLASS,2018,23599,SEMI-AUTO,10219,PETROL,145,47.9,2
C Class,2019,28299,SEMI-AUTO,5005,DIESEL,145,56.5,2
GLA Class,2019,23149,SEMI-AUTO,13359,DIESEL,150,67.3,2.1
A Class,2020,138439,SEMI-AUTO,1000,PETROL,145,22.1,4
C Class,2019,28999,SEMI-AUTO,3376,DIESEL,145,64.2,2
CLS Class,2019,45699,SEMI-AUTO,3443,DIESEL,145,47.9,2.9
C Class,2019,29299,SEMI-AUTO,5806,PETROL,145,44.1,2
C Class,2019,27599,SEMI-AUTO,4664,DIESEL,145,61.4,2
E Class,2017,21499,SEMI-AUTO,21716,DIESEL,145,67.3,2
C Class,2019,26499,SEMI-AUTO,12781,DIESEL,145,61.4,2
C Class,2019,20799,SEMI-AUTO,13965,DIESEL,145,61.4,2
E Class,2019,32499,SEMI-AUTO,7542,DIESEL,145,70.6,2
SL CLASS,2017,16999,MANUAL,33500,PETROL,145,43.5,2
A Class,2020,25879,SEMI-AUTO,1000,PETROL,145,53.3,1.3
A Class,2020,25879,SEMI-AUTO,1000,PETROL,145,53.3,1.3
A Class,2020,25879,SEMI-AUTO,1000,PETROL,145,53.3,1.3
A Class,2020,25879,SEMI-AUTO,1000,PETROL,145,53.3,1.3
A Class,2020,25879,SEMI-AUTO,1000,PETROL,145,53.3,1.3
A Class,2020,24109,SEMI-AUTO,1000,DIESEL,145,67.3,1.5
A Class,2020,24109,SEMI-AUTO,1000,DIESEL,145,67.3,1.5
GLC Class,2020,39489,SEMI-AUTO,1000,DIESEL,145,40.9,2
GLC Class,2020,37189,SEMI-AUTO,1000,DIESEL,145,40.9,2
E Class,2020,43649,SEMI-AUTO,1000,HYBRID,135,176.6,2
GLE Class,2019,71899,AUTOMATIC,3574,PETROL,145,23.7,5.5
C Class,2019,24799,AUTOMATIC,6370,PETROL,145,44.1,1.5
A Class,2019,24399,AUTOMATIC,1750,DIESEL,145,56.5,2
C Class,2019,26499,SEMI-AUTO,3798,PETROL,145,45.6,1.5
C Class,2019,25999,SEMI-AUTO,5922,PETROL,145,45.6,1.5
C Class,2019,26599,SEMI-AUTO,3341,PETROL,145,45.6,1.5
B Class,2020,24419,SEMI-AUTO,1500,DIESEL,145,55.4,2
A Class,2020,25429,SEMI-AUTO,1000,DIESEL,145,62.8,1.5
A Class,2020,24409,SEMI-AUTO,1000,DIESEL,145,67.3,1.5
A Class,2020,25879,SEMI-AUTO,1000,PETROL,145,53.3,1.3
CLS Class,2019,42849,SEMI-AUTO,15674,DIESEL,145,47.9,2.9
C Class,2017,23649,SEMI-AUTO,19758,PETROL,145,47.1,2
B Class,2019,26999,SEMI-AUTO,8685,DIESEL,145,54.3,2
C Class,2019,20549,SEMI-AUTO,13276,DIESEL,145,61.4,2
CL Class,2019,25999,SEMI-AUTO,14168,DIESEL,145,51.4,2.2
C Class,2019,20299,SEMI-AUTO,14354,PETROL,145,46.3,1.5
C Class,2019,25849,SEMI-AUTO,13158,DIESEL,145,61.4,2
E Class,2017,22099,SEMI-AUTO,15617,DIESEL,145,67.3,2
E Class,2017,22099,SEMI-AUTO,16977,DIESEL,145,65.7,2
A Class,2019,20499,SEMI-AUTO,10258,PETROL,145,28.5,1.3
E Class,2018,21999,SEMI-AUTO,40000,DIESEL,145,72.4,2
C Class,2016,18799,SEMI-AUTO,26428,DIESEL,30,64.2,2.1
C Class,2018,22699,SEMI-AUTO,20001,DIESEL,145,67.3,2.1
E Class,2017,24399,SEMI-AUTO,23166,DIESEL,145,65.7,2
C Class,2017,14899,SEMI-AUTO,31475,DIESEL,20,65.7,2.1
CL Class,2020,29628,SEMI-AUTO,3000,DIESEL,145,55.4,2
A Class,2020,24729,SEMI-AUTO,1000,DIESEL,145,67.3,1.5
CL Class,2020,28109,SEMI-AUTO,1000,DIESEL,145,56.5,2
GLE Class,2020,64359,SEMI-AUTO,1000,PETROL,145,29.5,3
A Class,2020,22559,MANUAL,1000,PETROL,145,28.5,1.3
A Class,2020,25429,SEMI-AUTO,1000,DIESEL,145,62.8,1.5
A Class,2020,25879,SEMI-AUTO,1000,PETROL,145,53.3,1.3
C Class,2020,39759,SEMI-AUTO,1000,DIESEL,145,54.3,2
GLE Class,2020,57049,SEMI-AUTO,1000,PETROL,145,29.5,3
GLA Class,2019,24299,SEMI-AUTO,11861,PETROL,145,50.4,1.6
E Class,2020,35409,SEMI-AUTO,1000,DIESEL,145,45.6,2
C Class,2016,36399,SEMI-AUTO,27416,PETROL,305,34.5,4
E Class,2015,15999,SEMI-AUTO,30000,DIESEL,150,55.4,2.1
GLE Class,2020,57569,SEMI-AUTO,1000,DIESEL,145,32.8,2.9
A Class,2016,25599,SEMI-AUTO,40000,PETROL,200,40.9,2
GLE Class,2017,52999,SEMI-AUTO,23000,PETROL,145,23.9,5.5
C Class,2019,34099,SEMI-AUTO,1000,PETROL,145,42.2,2
C Class,2020,33509,SEMI-AUTO,1000,PETROL,145,39.2,2
A Class,2018,20298,SEMI-AUTO,5700,DIESEL,145,65.7,1.5
C Class,2016,17799,SEMI-AUTO,23000,DIESEL,20,64.2,2.1
C Class,2016,18799,SEMI-AUTO,20115,PETROL,125,51.4,2
GLA Class,2019,24999,SEMI-AUTO,1000,DIESEL,145,64.2,2.1
C Class,2019,29339,SEMI-AUTO,1000,PETROL,145,45.6,1.5
E Class,2017,19799,SEMI-AUTO,19097,DIESEL,20,72.4,2
C Class,2017,19299,SEMI-AUTO,30577,DIESEL,30,64.2,2.1
C Class,2017,19199,SEMI-AUTO,8306,PETROL,145,50.4,2
A Class,2016,14099,MANUAL,18262,DIESEL,20,72.4,1.5
A Class,2017,16299,MANUAL,16200,DIESEL,145,68.9,1.5
SL CLASS,2017,19999,MANUAL,11000,PETROL,145,43.5,2
C Class,2015,19099,SEMI-AUTO,29000,DIESEL,30,61.4,2.1
E Class,2017,20599,SEMI-AUTO,47400,DIESEL,145,65.7,2
C Class,2017,25599,SEMI-AUTO,17500,PETROL,145,42.2,2
C Class,2019,27299,AUTOMATIC,386,PETROL,145,45.6,1.5
C Class,2019,27999,AUTOMATIC,3817,DIESEL,145,60.1,1.6
C Class,2018,37999,SEMI-AUTO,5000,PETROL,145,30.4,3
GLS Class,2020,76469,SEMI-AUTO,2700,DIESEL,145,30.4,3
GLE Class,2016,27499,SEMI-AUTO,52260,DIESEL,235,42.8,3
GLA Class,2015,18499,SEMI-AUTO,38572,DIESEL,125,55.4,2.1
SL CLASS,2017,21499,SEMI-AUTO,16247,PETROL,145,47.9,2
A Class,2019,24099,SEMI-AUTO,5424,DIESEL,145,67.3,1.5
A Class,2019,23399,MANUAL,1200,PETROL,145,47.1,1.3
GLS Class,2017,37999,SEMI-AUTO,44555,DIESEL,300,37.2,3
C Class,2019,28388,SEMI-AUTO,4900,DIESEL,145,64.2,2
A Class,2015,11999,SEMI-AUTO,35153,DIESEL,20,70.6,1.5
C Class,2019,28999,SEMI-AUTO,2701,PETROL,145,42.2,1.6
CL Class,2019,26399,SEMI-AUTO,4049,PETROL,145,38.2,2
C Class,2019,27499,SEMI-AUTO,10803,DIESEL,145,60.1,1.6
C Class,2019,26999,SEMI-AUTO,1758,PETROL,145,46.3,1.5
E Class,2019,41099,SEMI-AUTO,4613,HYBRID,135,188.3,2
SL CLASS,2019,34639,SEMI-AUTO,1000,PETROL,145,47.1,2
C Class,2019,30299,SEMI-AUTO,5915,PETROL,145,44.1,2
A Class,2019,25079,SEMI-AUTO,1000,PETROL,145,53.3,1.3
C Class,2019,34649,SEMI-AUTO,1000,DIESEL,145,61.4,2
GLE Class,2019,55799,SEMI-AUTO,838,DIESEL,145,32.8,3
B Class,2018,18999,SEMI-AUTO,13868,PETROL,150,50.4,1.6
A Class,2017,15799,MANUAL,24105,DIESEL,20,68.9,1.5
C Class,2017,48999,SEMI-AUTO,15000,PETROL,300,32.8,4
GLA Class,2015,18449,SEMI-AUTO,40346,DIESEL,125,56.5,2.1
A Class,2016,15799,SEMI-AUTO,24053,DIESEL,20,74.3,1.5
C Class,2018,24099,SEMI-AUTO,31140,DIESEL,145,67.3,2.1
A Class,2018,17349,SEMI-AUTO,18855,DIESEL,145,68.9,2.1
C Class,2017,20499,SEMI-AUTO,24000,DIESEL,30,61.4,2.1
A Class,2020,25879,SEMI-AUTO,1000,PETROL,145,53.3,1.3
C Class,2019,28699,SEMI-AUTO,1900,PETROL,145,45.6,1.5
C Class,2019,34199,SEMI-AUTO,4229,DIESEL,145,55.4,2
C Class,2019,33699,SEMI-AUTO,246,PETROL,145,44.1,2
C Class,2019,42699,SEMI-AUTO,24,PETROL,145,30.4,3
GLE Class,2015,27649,SEMI-AUTO,12019,DIESEL,200,47.9,2.1
E Class,2018,21899,SEMI-AUTO,22985,DIESEL,150,65.7,2
C Class,2017,23649,SEMI-AUTO,19758,PETROL,150,47.1,2
GLA Class,2019,26599,SEMI-AUTO,4155,DIESEL,150,56.5,2.1
GLC Class,2019,76699,SEMI-AUTO,473,PETROL,145,21.6,4
C Class,2019,33599,SEMI-AUTO,1000,PETROL,145,44.1,2
E Class,2019,45799,SEMI-AUTO,1000,DIESEL,145,48.7,3
SL CLASS,2017,39999,SEMI-AUTO,19200,PETROL,145,31.4,4.7
SL CLASS,2017,35999,SEMI-AUTO,27000,PETROL,145,36.7,3
A Class,2017,18199,SEMI-AUTO,15000,DIESEL,145,68.9,2.1
GLA Class,2015,16299,SEMI-AUTO,44588,DIESEL,125,56.6,2.1
E Class,2017,21199,SEMI-AUTO,25245,DIESEL,145,67.3,2
A Class,2016,15199,MANUAL,29850,DIESEL,20,68.9,1.5
GLA Class,2018,25999,SEMI-AUTO,7887,DIESEL,145,56.5,2.1
C Class,2018,29199,SEMI-AUTO,9381,DIESEL,145,54.3,2
B Class,2019,22699,AUTOMATIC,9000,PETROL,145,45.6,1.3
E Class,2019,37899,SEMI-AUTO,8482,DIESEL,145,48.7,3
E Class,2019,28149,SEMI-AUTO,34000,PETROL,145,39.8,2
E Class,2019,38499,SEMI-AUTO,5258,DIESEL,145,48.7,3
C Class,2019,40699,SEMI-AUTO,10476,PETROL,145,30.4,3
GLE Class,2019,50599,SEMI-AUTO,9339,PETROL,145,30.1,3
A Class,2019,21699,SEMI-AUTO,5126,PETROL,145,53.3,1.3
B Class,2019,22199,SEMI-AUTO,12733,PETROL,145,45.6,1.3
C Class,2019,29699,SEMI-AUTO,5409,DIESEL,145,61.4,2
C Class,2016,17699,SEMI-AUTO,26500,DIESEL,20,64.2,2.1
C Class,2019,20499,SEMI-AUTO,13441,DIESEL,145,61.4,2
A Class,2019,20449,SEMI-AUTO,11655,PETROL,145,53.3,1.3
GLC Class,2017,25649,SEMI-AUTO,38070,DIESEL,125,56.5,2.1
E Class,2017,20699,SEMI-AUTO,31871,DIESEL,145,67.3,2
C Class,2017,31349,SEMI-AUTO,16915,PETROL,145,35.8,3
A Class,2017,14499,MANUAL,18233,DIESEL,145,72.4,1.5
B Class,2019,27199,SEMI-AUTO,8982,DIESEL,145,54.3,2
A Class,2019,22899,MANUAL,5499,PETROL,145,47.1,1.3
A Class,2019,25199,MANUAL,1947,PETROL,145,47.1,1.3
CL Class,2019,19899,MANUAL,3696,DIESEL,145,67.3,2.1
C Class,2019,24899,SEMI-AUTO,3335,DIESEL,145,61.4,2
E Class,2019,44499,SEMI-AUTO,8000,PETROL,145,32.5,3
CL Class,2019,23299,SEMI-AUTO,2786,PETROL,145,44.1,1.6
B Class,2019,23799,SEMI-AUTO,4010,DIESEL,145,60.1,1.5
A Class,2019,21099,SEMI-AUTO,3854,DIESEL,145,65.7,1.5
A Class,2019,21099,SEMI-AUTO,3670,DIESEL,145,65.7,1.5
A Class,2019,23199,SEMI-AUTO,2563,DIESEL,145,56.5,2
B Class,2019,23799,SEMI-AUTO,3475,DIESEL,145,60.1,1.5
C Class,2019,25699,SEMI-AUTO,2547,PETROL,145,42.2,1.6
C Class,2015,13649,SEMI-AUTO,35464,DIESEL,20,65.7,2.1
C Class,2015,17089,SEMI-AUTO,27501,DIESEL,30,64.2,2.1
C Class,2019,31599,SEMI-AUTO,3115,DIESEL,145,55.4,2
A Class,2019,21599,SEMI-AUTO,1557,DIESEL,145,65.7,1.5
C Class,2019,27099,SEMI-AUTO,1327,PETROL,145,45.6,1.5
CL Class,2019,39099,SEMI-AUTO,25,PETROL,145,32.8,2
E Class,2019,71199,SEMI-AUTO,375,PETROL,145,31,4
C Class,2019,28599,SEMI-AUTO,1171,DIESEL,145,61.4,2
C Class,2019,26999,SEMI-AUTO,1500,PETROL,145,45.6,1.5
E Class,2018,22299,SEMI-AUTO,17571,DIESEL,145,65.7,2
C Class,2018,23499,SEMI-AUTO,22000,DIESEL,145,61.4,2
C Class,2019,19899,SEMI-AUTO,13690,PETROL,145,46.3,1.5
C Class,2019,20249,SEMI-AUTO,10658,PETROL,145,46.3,1.5
E Class,2019,25449,SEMI-AUTO,6937,DIESEL,145,72.4,2
C Class,2019,25349,SEMI-AUTO,10503,PETROL,145,44.1,1.5
E Class,2019,37399,SEMI-AUTO,11035,DIESEL,145,48.7,3
CLS Class,2019,45199,SEMI-AUTO,3426,DIESEL,145,47.9,2.9
E Class,2018,30299,SEMI-AUTO,1539,DIESEL,145,57.7,2
E Class,2019,29799,SEMI-AUTO,8200,DIESEL,145,58.9,2
C Class,2018,22399,SEMI-AUTO,5678,DIESEL,145,58.9,1.6
GLA Class,2019,22949,SEMI-AUTO,11810,DIESEL,145,67.3,2.1
B Class,2019,21549,SEMI-AUTO,14430,PETROL,145,45.6,1.3
CL Class,2019,26299,SEMI-AUTO,11534,DIESEL,145,51.4,2.2
E Class,2019,28049,SEMI-AUTO,14307,DIESEL,145,65.7,2
E Class,2019,24749,SEMI-AUTO,10388,DIESEL,145,72.4,2
C Class,2017,18399,SEMI-AUTO,23393,DIESEL,145,64.2,2.1
C Class,2018,23099,SEMI-AUTO,9769,PETROL,145,46.3,1.5
B Class,2019,22299,SEMI-AUTO,13676,PETROL,145,45.6,1.3
E Class,2016,21299,SEMI-AUTO,12021,DIESEL,30,65.7,2
C Class,2018,27499,SEMI-AUTO,7073,DIESEL,145,57.7,2
C Class,2018,27449,SEMI-AUTO,5532,PETROL,145,44.1,2
C Class,2019,29749,SEMI-AUTO,6118,DIESEL,145,57.7,2
E Class,2018,25499,SEMI-AUTO,3810,DIESEL,145,61.4,2
C Class,2019,19799,SEMI-AUTO,14297,PETROL,145,46.3,1.5
C Class,2019,30399,SEMI-AUTO,3964,PETROL,145,44.1,2
CL Class,2019,26599,SEMI-AUTO,8531,DIESEL,145,51.4,2.2
A Class,2019,19499,SEMI-AUTO,10391,DIESEL,145,68.9,1.5
V Class,2018,36399,SEMI-AUTO,2748,DIESEL,145,44.8,2.2
GLA Class,2016,25499,SEMI-AUTO,36298,PETROL,235,38.2,2
E Class,2019,32499,SEMI-AUTO,5631,DIESEL,145,70.6,2
E Class,2019,44099,SEMI-AUTO,175,PETROL,145,32.1,3
C Class,2019,29549,SEMI-AUTO,10576,DIESEL,145,57.7,2
C Class,2019,20299,SEMI-AUTO,14088,PETROL,145,46.3,1.5
C Class,2019,20249,SEMI-AUTO,14681,PETROL,145,46.3,1.5
C Class,2019,25549,SEMI-AUTO,15016,DIESEL,145,61.4,2
C Class,2019,25999,SEMI-AUTO,12353,DIESEL,145,61.4,2
E Class,2019,35049,SEMI-AUTO,13925,DIESEL,145,48.7,3
C Class,2019,25599,SEMI-AUTO,12300,PETROL,145,47.1,1.5
C Class,2019,24899,SEMI-AUTO,12437,PETROL,145,46.3,1.5
GLC Class,2019,30049,SEMI-AUTO,11614,DIESEL,145,56.5,2.1
A Class,2019,24599,SEMI-AUTO,277,DIESEL,145,56.5,2
V Class,2019,49589,SEMI-AUTO,1000,DIESEL,145,44.8,2.2
A Class,2019,22999,SEMI-AUTO,510,PETROL,145,53.3,1.3
A Class,2019,22399,SEMI-AUTO,4122,DIESEL,145,56.5,2
A Class,2017,17699,SEMI-AUTO,6498,PETROL,145,52.3,1.6
A Class,2016,14999,SEMI-AUTO,12500,PETROL,30,55.4,1.6
A Class,2017,15299,SEMI-AUTO,11000,PETROL,30,55.4,1.6
GLA Class,2019,24539,SEMI-AUTO,2480,DIESEL,145,64.2,2.1
C Class,2019,36539,SEMI-AUTO,1000,DIESEL,145,55.4,2
C Class,2019,27999,AUTOMATIC,649,PETROL,145,46.3,1.5
A Class,2017,16349,MANUAL,33501,DIESEL,20,68.9,1.5
E Class,2016,18199,SEMI-AUTO,29700,DIESEL,20,72.4,2
SL CLASS,2016,36599,AUTOMATIC,23735,PETROL,235,36.7,3
E Class,2013,9489,SEMI-AUTO,96351,DIESEL,145,52.3,2.1
C Class,2017,16495,SEMI-AUTO,34270,DIESEL,30,64.2,1.6
A Class,2015,16689,SEMI-AUTO,42100,PETROL,200,42.8,2
GL Class,2014,29489,SEMI-AUTO,44921,DIESEL,325,35.3,3
C Class,2015,17295,AUTOMATIC,34955,DIESEL,30,64.2,2.1
C Class,2016,22795,AUTOMATIC,26160,DIESEL,30,65.7,2.1
E Class,2017,20989,SEMI-AUTO,21756,DIESEL,30,65.7,2
A Class,2019,21499,SEMI-AUTO,6690,PETROL,145,53.3,1.3
C Class,2017,17599,SEMI-AUTO,41107,DIESEL,30,64.2,2.1
A Class,2018,17549,SEMI-AUTO,16321,DIESEL,145,68.9,2.1
C Class,2017,18799,SEMI-AUTO,17274,DIESEL,30,64.2,2.1
E Class,2018,34199,SEMI-AUTO,413,DIESEL,145,41.5,3
GLA Class,2019,23149,SEMI-AUTO,13359,DIESEL,145,67.3,2.1
C Class,2019,25749,SEMI-AUTO,11473,PETROL,145,47.1,1.5
A Class,2019,24099,SEMI-AUTO,3131,PETROL,145,53.3,1.3
B Class,2019,26799,SEMI-AUTO,2703,DIESEL,145,55.4,2
A Class,2019,24799,AUTOMATIC,440,DIESEL,145,67.3,1.5
C Class,2019,31999,SEMI-AUTO,1000,DIESEL,145,61.4,2
SL CLASS,2019,52799,AUTOMATIC,1000,PETROL,145,36.7,3
A Class,2019,23499,MANUAL,296,PETROL,145,47.1,1.3
E Class,2019,56399,SEMI-AUTO,3105,PETROL,145,31.7,3
GLA Class,2019,27359,SEMI-AUTO,1000,DIESEL,145,56.5,2.1
A Class,2017,14995,SEMI-AUTO,34000,DIESEL,20,74.3,1.5
E Class,2015,14995,SEMI-AUTO,36166,DIESEL,30,64.2,2.1
GLA Class,2014,17000,SEMI-AUTO,21086,DIESEL,145,55.4,2.1
GLC Class,2016,24990,SEMI-AUTO,23941,DIESEL,125,56.5,2.1
B Class,2016,12790,SEMI-AUTO,21996,DIESEL,20,70.6,1.5
A Class,2015,14000,SEMI-AUTO,20682,DIESEL,20,68.9,2.1
CL Class,2017,19750,AUTOMATIC,24610,DIESEL,125,58.9,2.1
C Class,2016,23999,SEMI-AUTO,10000,DIESEL,30,65.7,2.1
GLC Class,2016,25999,SEMI-AUTO,21000,DIESEL,125,56.5,2.1
SL CLASS,2017,18699,SEMI-AUTO,21750,PETROL,145,47.9,2
C Class,2017,22999,SEMI-AUTO,12000,PETROL,145,48.7,2
GLS Class,2019,48249,SEMI-AUTO,6510,DIESEL,145,37.2,3
GLE Class,2017,27599,SEMI-AUTO,52000,DIESEL,145,47.9,2.1
B Class,2019,26199,SEMI-AUTO,4331,DIESEL,145,55.4,2
C Class,2019,27399,SEMI-AUTO,2899,PETROL,145,47.1,1.5
E Class,2019,35299,SEMI-AUTO,2110,DIESEL,145,70.6,2
S Class,2019,54399,SEMI-AUTO,2384,DIESEL,145,52.3,3
E Class,2019,25299,SEMI-AUTO,15563,DIESEL,145,72.4,2
E Class,2018,27999,SEMI-AUTO,14391,DIESEL,145,58.9,2
B Class,2019,22299,SEMI-AUTO,12832,PETROL,145,45.6,1.3
B Class,2019,22699,SEMI-AUTO,10588,PETROL,145,45.6,1.3
B Class,2019,22299,SEMI-AUTO,14700,PETROL,145,45.6,1.3
C Class,2019,24199,AUTOMATIC,3250,PETROL,145,44.1,1.5
C Class,2019,28899,SEMI-AUTO,9000,PETROL,145,44.1,2
E Class,2019,36699,SEMI-AUTO,11700,DIESEL,145,48.7,3
A Class,2019,26899,SEMI-AUTO,2729,DIESEL,145,56.5,2
C Class,2019,34799,SEMI-AUTO,1941,DIESEL,145,55.4,2
C Class,2019,31199,SEMI-AUTO,5382,DIESEL,145,61.4,2
A Class,2019,26199,SEMI-AUTO,11702,PETROL,145,53.3,1.3
C Class,2019,26899,SEMI-AUTO,1308,PETROL,145,45.6,1.5
E Class,2019,46199,SEMI-AUTO,5047,DIESEL,145,47.1,3
C Class,2019,35399,SEMI-AUTO,1152,PETROL,145,44.1,1.5
C Class,2017,21499,SEMI-AUTO,14750,PETROL,145,48.7,2
A Class,2019,24059,SEMI-AUTO,3031,DIESEL,145,65.7,1.5
GLA Class,2019,24999,SEMI-AUTO,1481,DIESEL,145,64.2,2.1
GLA Class,2019,24539,SEMI-AUTO,2198,DIESEL,145,64.2,2.1
A Class,2019,22399,SEMI-AUTO,12193,DIESEL,145,67.3,1.5
C Class,2018,23399,AUTOMATIC,8033,PETROL,145,46.3,1.5
E Class,2017,22299,SEMI-AUTO,22810,DIESEL,145,65.7,2
GLA Class,2019,22299,SEMI-AUTO,4684,DIESEL,145,67.3,2.1
C Class,2018,19099,SEMI-AUTO,12321,PETROL,145,46.3,1.5
B Class,2019,21499,SEMI-AUTO,15120,PETROL,145,45.6,1.3
A Class,2019,19899,MANUAL,11605,PETROL,145,28.5,1.3
A Class,2018,30949,SEMI-AUTO,11910,PETROL,145,40.9,2
GLE Class,2016,28299,SEMI-AUTO,9982,DIESEL,200,47.9,2.1
C Class,2016,18149,SEMI-AUTO,7366,PETROL,125,52.3,2
GLC Class,2016,26199,SEMI-AUTO,21782,DIESEL,125,56.5,2.1
A Class,2017,14999,MANUAL,11373,DIESEL,145,65.7,2.1
C Class,2017,19099,SEMI-AUTO,22260,DIESEL,145,61.4,2.1
GLC Class,2017,24399,SEMI-AUTO,26844,DIESEL,125,56.5,2.1
CLS Class,2016,19749,SEMI-AUTO,35825,DIESEL,125,57.7,2.1
E Class,2017,23599,SEMI-AUTO,19328,DIESEL,30,61.4,2
GLA Class,2019,25499,SEMI-AUTO,1270,DIESEL,145,64.2,2.1
A Class,2019,24349,SEMI-AUTO,3189,PETROL,150,47.9,1.3
GLA Class,2019,24539,SEMI-AUTO,3613,DIESEL,150,64.2,2.1
GLA Class,2016,19799,SEMI-AUTO,28845,DIESEL,125,56.5,2.1
B Class,2019,24899,SEMI-AUTO,3752,DIESEL,145,55.4,2
E Class,2019,36599,SEMI-AUTO,2264,DIESEL,145,53.3,2
A Class,2018,23399,SEMI-AUTO,8882,PETROL,145,53.3,1.3
A Class,2018,20599,SEMI-AUTO,9956,PETROL,145,53.3,1.3
SL CLASS,2019,49899,AUTOMATIC,2760,PETROL,145,36.7,3
E Class,2019,59199,AUTOMATIC,6458,PETROL,145,32.1,4
C Class,2019,31529,SEMI-AUTO,1000,DIESEL,145,51.4,2
A Class,2019,24439,SEMI-AUTO,1000,DIESEL,145,62.8,1.5
CL Class,2019,26219,SEMI-AUTO,1000,PETROL,145,44.1,1.3
GLC Class,2019,41429,SEMI-AUTO,1000,DIESEL,145,40.4,2
C Class,2019,69679,SEMI-AUTO,1000,PETROL,145,28,4
A Class,2019,31699,SEMI-AUTO,1000,PETROL,145,35.8,2
E Class,2019,38179,SEMI-AUTO,1000,DIESEL,145,57.7,2
E Class,2019,42499,SEMI-AUTO,1854,DIESEL,145,41.5,3
GLC Class,2019,32499,SEMI-AUTO,3150,DIESEL,145,41.5,2.1
A Class,2019,139559,SEMI-AUTO,1000,PETROL,145,22.1,4
B Class,2019,23979,SEMI-AUTO,1000,DIESEL,145,55.4,2
A Class,2019,25879,SEMI-AUTO,1753,PETROL,145,53.3,1.3
C Class,2019,23299,MANUAL,4289,PETROL,145,47.1,1.6
C Class,2019,23499,MANUAL,3162,PETROL,145,47.1,1.6
E Class,2019,35099,SEMI-AUTO,1000,DIESEL,145,70.6,2
C Class,2019,23399,AUTOMATIC,3950,PETROL,145,44.1,1.5
B Class,2019,23799,AUTOMATIC,3617,DIESEL,145,60.1,1.5
C Class,2019,37449,AUTOMATIC,5510,DIESEL,145,54.3,2
C Class,2019,25099,AUTOMATIC,4289,PETROL,145,44.1,1.5
CL Class,2019,26299,AUTOMATIC,4413,PETROL,145,38.2,2
GLE Class,2019,71999,AUTOMATIC,2704,PETROL,145,23.7,5.5
C Class,2019,34249,SEMI-AUTO,1000,DIESEL,145,61.4,2
C Class,2019,33789,AUTOMATIC,1000,DIESEL,145,61.4,2
C Class,2019,26899,SEMI-AUTO,2239,PETROL,145,46.3,1.5
CLS Class,2019,44699,AUTOMATIC,5500,DIESEL,145,47.9,2.9
C Class,2019,25899,SEMI-AUTO,13027,DIESEL,145,61.4,2
C Class,2019,24699,SEMI-AUTO,13662,PETROL,145,46.3,1.5
C Class,2019,25199,SEMI-AUTO,14855,PETROL,145,47.1,1.5
GLC Class,2019,30049,SEMI-AUTO,11840,DIESEL,145,56.5,2.1
A Class,2019,20549,SEMI-AUTO,10342,PETROL,145,53.3,1.3
C Class,2018,18849,SEMI-AUTO,14318,PETROL,145,46.3,1.5
E Class,2019,24849,SEMI-AUTO,13506,DIESEL,145,72.4,2
E Class,2019,24699,SEMI-AUTO,15009,DIESEL,145,72.4,2
A Class,2019,18999,SEMI-AUTO,13476,DIESEL,145,65.7,1.5
E Class,2019,45599,SEMI-AUTO,10497,DIESEL,145,45.6,3
A Class,2019,114199,SEMI-AUTO,891,PETROL,145,22.6,4
E Class,2019,43199,AUTOMATIC,3711,DIESEL,145,47.1,3
C Class,2019,27099,SEMI-AUTO,1059,PETROL,145,45.6,1.5
CL Class,2019,27299,AUTOMATIC,2924,PETROL,145,38.2,2
GLA Class,2019,23599,SEMI-AUTO,15588,DIESEL,145,67.3,2.1
E Class,2019,25099,SEMI-AUTO,16053,DIESEL,145,72.4,2
E Class,2019,24749,SEMI-AUTO,15083,DIESEL,145,72.4,2
GLA Class,2019,22999,SEMI-AUTO,12217,DIESEL,145,67.3,2.1
C Class,2019,27799,AUTOMATIC,3070,DIESEL,145,60.1,1.6
C Class,2019,26549,AUTOMATIC,4818,DIESEL,145,60.1,1.6
E Class,2019,37599,SEMI-AUTO,6758,DIESEL,145,48.7,3
C Class,2019,30599,SEMI-AUTO,3601,PETROL,145,44.1,2
E Class,2018,23399,AUTOMATIC,10000,DIESEL,145,61.4,2
GLA Class,2019,24299,SEMI-AUTO,9808,DIESEL,145,67.3,2.1
C Class,2019,19999,SEMI-AUTO,14514,DIESEL,145,61.4,2
C Class,2019,25999,SEMI-AUTO,10914,PETROL,145,46.3,1.5
C Class,2019,26299,SEMI-AUTO,13149,DIESEL,145,61.4,2
A Class,2019,23999,SEMI-AUTO,8780,PETROL,145,53.3,1.3
C Class,2019,47999,SEMI-AUTO,8456,PETROL,145,29.7,3
A Class,2020,28429,SEMI-AUTO,1000,DIESEL,145,56.5,2
SL CLASS,2019,35899,AUTOMATIC,821,PETROL,145,36.2,3
C Class,2017,22799,SEMI-AUTO,11304,DIESEL,145,58.9,2.1
A Class,2017,17899,MANUAL,19300,DIESEL,145,68.9,1.5
E Class,2019,36699,SEMI-AUTO,5065,DIESEL,145,48.7,3
CL Class,2018,22799,SEMI-AUTO,3415,DIESEL,145,67.3,2.1
C Class,2016,18099,SEMI-AUTO,17557,DIESEL,20,64.2,2.1
V Class,2016,30449,AUTOMATIC,48000,DIESEL,235,44.8,2.2
E Class,2018,30249,AUTOMATIC,6050,DIESEL,145,70.6,2
B Class,2019,26099,AUTOMATIC,5112,DIESEL,145,55.4,2
A Class,2019,23599,AUTOMATIC,3072,DIESEL,145,56.5,2
SL CLASS,2019,30249,SEMI-AUTO,7539,PETROL,145,47.1,2
C Class,2019,20499,SEMI-AUTO,13490,DIESEL,145,61.4,2
CL Class,2019,26499,SEMI-AUTO,9348,DIESEL,145,51.4,2.2
C Class,2019,27099,SEMI-AUTO,2500,PETROL,145,45.6,1.5
E Class,2018,23089,SEMI-AUTO,18800,DIESEL,145,65.7,2
C Class,2019,25799,SEMI-AUTO,14944,PETROL,145,47.1,1.5
C Class,2019,21599,SEMI-AUTO,9723,DIESEL,145,61.4,2
GLE Class,2018,46299,SEMI-AUTO,15447,DIESEL,145,36.7,3
E Class,2017,20849,AUTOMATIC,14021,DIESEL,145,65.7,2
C Class,2017,23149,SEMI-AUTO,7900,DIESEL,30,65.7,2.1
GLC Class,2018,51989,SEMI-AUTO,6059,PETROL,145,27.4,4
A Class,2019,22699,SEMI-AUTO,1877,DIESEL,145,62.8,1.5
E Class,2016,19489,SEMI-AUTO,26550,DIESEL,125,56.5,2.1
C Class,2018,22199,SEMI-AUTO,32809,DIESEL,150,67.3,2.1
GLE Class,2019,53499,SEMI-AUTO,1378,DIESEL,145,32.8,3
SL CLASS,2019,30999,SEMI-AUTO,2071,PETROL,145,47.1,2
A Class,2019,22590,AUTOMATIC,1683,DIESEL,145,62.8,1.5
CL Class,2019,40099,SEMI-AUTO,778,PETROL,145,32.8,2
B Class,2019,26799,SEMI-AUTO,1701,DIESEL,145,55.4,2
E Class,2019,51124,SEMI-AUTO,4974,PETROL,145,31.7,3
C Class,2019,24924,SEMI-AUTO,12907,DIESEL,145,61.4,2
SL CLASS,2017,19624,MANUAL,11807,PETROL,145,48.7,1.6
C Class,2018,38495,AUTOMATIC,4127,PETROL,145,34,3
C Class,2019,23624,AUTOMATIC,12951,DIESEL,145,61.4,2
GLE Class,2016,25995,AUTOMATIC,21001,DIESEL,260,42.8,3
E Class,2019,34724,AUTOMATIC,7506,DIESEL,145,48.7,3
E Class,2019,42924,SEMI-AUTO,2000,PETROL,145,32.1,3
C Class,2019,29124,SEMI-AUTO,2625,PETROL,145,47.1,1.5
B Class,2019,19424,AUTOMATIC,14118,PETROL,145,45.6,1.3
C Class,2019,25699,SEMI-AUTO,11744,PETROL,145,47.1,1.5
C Class,2019,23899,SEMI-AUTO,15337,PETROL,145,46.3,1.5
C Class,2019,19849,SEMI-AUTO,14084,PETROL,145,46.3,1.5
C Class,2019,19799,SEMI-AUTO,14262,PETROL,145,46.3,1.5
C Class,2019,30199,SEMI-AUTO,10738,DIESEL,145,54.3,2
C Class,2019,25649,SEMI-AUTO,7861,PETROL,145,46.3,1.5
C Class,2019,26149,SEMI-AUTO,11357,DIESEL,145,61.4,2
C Class,2019,30799,SEMI-AUTO,3721,DIESEL,145,57.7,2
GLC Class,2019,32499,SEMI-AUTO,7538,DIESEL,145,41.5,2.1
E Class,2019,24749,SEMI-AUTO,10451,DIESEL,145,72.4,2
GLA Class,2016,17995,AUTOMATIC,36535,DIESEL,125,56.5,2.1
CL Class,2018,18995,AUTOMATIC,27122,DIESEL,145,67.3,2.1
C Class,2017,30124,SEMI-AUTO,22437,PETROL,145,35.8,3
E Class,2016,22624,SEMI-AUTO,19176,DIESEL,30,65.7,2
C Class,2017,19124,SEMI-AUTO,46938,DIESEL,125,58.9,2.1
C Class,2017,32124,AUTOMATIC,19097,PETROL,145,35.3,3
GLA Class,2017,18624,AUTOMATIC,24314,DIESEL,145,64.2,2.1
GLC Class,2017,25874,AUTOMATIC,20190,DIESEL,145,56.5,2.1
A Class,2017,15124,MANUAL,15080,DIESEL,145,72.4,1.5
CL Class,2017,24119,SEMI-AUTO,18692,PETROL,200,42.2,2
C Class,2016,19024,SEMI-AUTO,38974,DIESEL,20,64.2,2.1
C Class,2017,24124,AUTOMATIC,35062,DIESEL,125,61.4,2.1
B Class,2020,24495,SEMI-AUTO,101,DIESEL,145,55.4,2
A Class,2017,100124,AUTOMATIC,439,PETROL,145,24.8,4
SL CLASS,2015,47124,AUTOMATIC,11000,PETROL,555,28.5,5.5
SL CLASS,2017,17124,MANUAL,39076,PETROL,160,43.5,2
A Class,2016,15124,MANUAL,23461,DIESEL,20,68.9,1.5
C Class,2016,18124,SEMI-AUTO,45868,DIESEL,30,61.4,2.1
C Class,2017,23671,AUTOMATIC,12477,DIESEL,150,58.9,2.1
A Class,2016,14999,SEMI-AUTO,48188,DIESEL,20,70.6,2.1
E Class,2020,39989,SEMI-AUTO,2400,DIESEL,145,57.7,2
A Class,2020,25559,SEMI-AUTO,1000,PETROL,145,53.3,1.3
A Class,2020,25559,SEMI-AUTO,1000,PETROL,145,53.3,1.3
A Class,2020,24889,SEMI-AUTO,1000,DIESEL,145,62.8,1.5
GLC Class,2020,62189,SEMI-AUTO,1000,PETROL,145,22.1,4
A Class,2020,24409,SEMI-AUTO,1000,DIESEL,145,67.3,1.5
C Class,2020,32659,SEMI-AUTO,1000,DIESEL,145,54.3,1.6
GLE Class,2020,58789,SEMI-AUTO,1000,DIESEL,145,32.5,2.9
A Class,2020,31699,SEMI-AUTO,1000,PETROL,145,35.8,2
C Class,2018,25399,SEMI-AUTO,18257,DIESEL,145,67.3,2.1
GLS Class,2017,39649,SEMI-AUTO,16650,DIESEL,300,37.2,3
C Class,2019,20299,SEMI-AUTO,14298,PETROL,145,46.3,1.5
C Class,2019,30049,SEMI-AUTO,5927,PETROL,145,44.1,2
E Class,2019,35849,SEMI-AUTO,7697,DIESEL,145,48.7,3
A Class,2020,25209,SEMI-AUTO,1000,DIESEL,145,62.8,1.5
C Class,2017,22649,SEMI-AUTO,42165,DIESEL,30,65.7,2.1
E Class,2017,21149,SEMI-AUTO,23032,DIESEL,20,72.4,2
GLS Class,2016,39799,SEMI-AUTO,32609,DIESEL,300,37.2,3
GLA Class,2015,17199,SEMI-AUTO,48618,DIESEL,125,55.4,2.1
C Class,2019,20249,SEMI-AUTO,15317,DIESEL,145,61.4,2
GLA Class,2019,27245,AUTOMATIC,500,DIESEL,145,56.5,2.1
GLC Class,2019,35589,SEMI-AUTO,5420,DIESEL,145,40.9,2
E Class,2019,43995,AUTOMATIC,3500,DIESEL,145,41.5,3
E Class,2019,31995,AUTOMATIC,1411,DIESEL,145,45.6,2
A Class,2019,24995,MANUAL,9,PETROL,145,44.1,1.3
A Class,2019,22495,MANUAL,251,PETROL,145,45.6,1.3
V Class,2019,47995,SEMI-AUTO,3999,DIESEL,145,36.7,2
C Class,2019,88995,SEMI-AUTO,200,PETROL,145,28,4
GLE Class,2019,44995,AUTOMATIC,10499,DIESEL,145,36.7,2
GLC Class,2020,37995,SEMI-AUTO,9,PETROL,145,33.2,2
GLE Class,2019,75995,SEMI-AUTO,9,PETROL,145,23.7,5.5
B Class,2020,23995,MANUAL,9,PETROL,145,44.8,1.3
GLE Class,2020,57995,SEMI-AUTO,9,DIESEL,145,32.5,3
A Class,2020,48980,SEMI-AUTO,9,PETROL,145,32.8,2
GLE Class,2020,53995,SEMI-AUTO,9,DIESEL,145,32.8,3
A Class,2020,24995,MANUAL,9,PETROL,145,47.1,1.3
A Class,2017,16124,SEMI-AUTO,25141,DIESEL,20,74.3,1.5
C Class,2019,30995,AUTOMATIC,5999,PETROL,145,42.8,2
GLA Class,2020,24995,AUTOMATIC,3500,PETROL,145,37.2,1.6
C Class,2019,30995,AUTOMATIC,2499,PETROL,145,42.8,2
C Class,2019,31449,SEMI-AUTO,1000,DIESEL,145,54.3,1.6
C Class,2019,25799,SEMI-AUTO,200,PETROL,145,45.6,1.5
E Class,2017,21999,SEMI-AUTO,11630,DIESEL,145,72.4,2
GLC Class,2019,36429,SEMI-AUTO,1000,DIESEL,145,40.9,2
GLC Class,2019,32749,SEMI-AUTO,1000,DIESEL,145,44.8,2
E Class,2019,37399,SEMI-AUTO,3896,DIESEL,145,57.7,2
C Class,2019,22299,MANUAL,5800,PETROL,145,47.1,1.6
A Class,2018,19999,SEMI-AUTO,4187,DIESEL,145,65.7,1.5
E Class,2019,45799,AUTOMATIC,1000,DIESEL,145,48.7,3
GLA Class,2019,25499,SEMI-AUTO,971,DIESEL,145,64.2,2.1
CL Class,2015,17599,AUTOMATIC,33159,DIESEL,20,67.3,2.1
CLS Class,2019,47899,SEMI-AUTO,2798,DIESEL,145,47.9,2.9
E Class,2015,14399,SEMI-AUTO,41650,DIESEL,30,64.2,2.1
B Class,2019,26099,AUTOMATIC,5034,DIESEL,145,55.4,2
C Class,2019,25799,SEMI-AUTO,200,PETROL,145,45.6,1.5
C Class,2019,32699,AUTOMATIC,2100,DIESEL,145,54.3,2
C Class,2019,32199,AUTOMATIC,5511,DIESEL,145,54.3,2
C Class,2019,25799,AUTOMATIC,1649,PETROL,145,44.1,1.5
C Class,2019,25299,AUTOMATIC,2499,PETROL,145,44.1,1.5
E Class,2019,37219,SEMI-AUTO,1000,DIESEL,145,57.7,2
A Class,2020,25779,SEMI-AUTO,1000,PETROL,145,53.3,1.3
S Class,2019,53699,SEMI-AUTO,4870,DIESEL,145,52.3,3
C Class,2019,23879,MANUAL,1000,PETROL,145,47.1,1.6
E Class,2016,19999,SEMI-AUTO,27663,DIESEL,30,65.7,2
A Class,2017,14299,MANUAL,21008,DIESEL,145,72.4,1.5
GLE Class,2016,26499,SEMI-AUTO,37870,DIESEL,200,47.9,2.1
E Class,2017,19199,SEMI-AUTO,33133,DIESEL,20,72.4,2
GLC Class,2020,43129,SEMI-AUTO,3501,DIESEL,145,40.4,2
A Class,2020,25559,SEMI-AUTO,1000,PETROL,145,53.3,1.3
A Class,2020,25779,SEMI-AUTO,1000,PETROL,145,53.3,1.3
A Class,2020,24109,SEMI-AUTO,1000,DIESEL,145,67.3,1.5
A Class,2019,19599,AUTOMATIC,5201,DIESEL,145,65.7,1.5
C Class,2019,24099,AUTOMATIC,9501,DIESEL,145,57.7,2.1
C Class,2019,25699,AUTOMATIC,3350,DIESEL,145,58.9,1.6
E Class,2019,45099,SEMI-AUTO,9071,PETROL,145,32.5,3
E Class,2016,18299,SEMI-AUTO,31599,DIESEL,125,56.5,2.1
CL Class,2016,17999,SEMI-AUTO,43726,DIESEL,20,67.3,2.1
C Class,2017,19999,SEMI-AUTO,27829,DIESEL,30,64.2,2.1
GLA Class,2016,19799,SEMI-AUTO,28845,DIESEL,125,56.5,2.1
GLA Class,2018,21399,SEMI-AUTO,17999,DIESEL,145,56.5,2.1
A Class,2015,11499,MANUAL,48120,DIESEL,20,72.4,1.5
CLS Class,2016,20099,SEMI-AUTO,23020,DIESEL,125,57.7,2.1
A Class,2017,28499,SEMI-AUTO,33024,PETROL,145,40.9,2
GLA Class,2016,18799,SEMI-AUTO,41742,DIESEL,125,56.5,2.1
C Class,2017,29849,SEMI-AUTO,23555,PETROL,145,36.2,3
C Class,2017,19199,SEMI-AUTO,25639,DIESEL,30,64.2,2.1
A Class,2017,17149,SEMI-AUTO,17834,DIESEL,145,68.9,2.1
GLC Class,2017,22699,SEMI-AUTO,31995,DIESEL,125,56.5,2.1
A Class,2020,26039,SEMI-AUTO,4000,PETROL,145,28.5,2
GLA Class,2020,26189,SEMI-AUTO,5000,PETROL,145,35.8,1.6
C Class,2017,19999,SEMI-AUTO,47000,DIESEL,145,61.4,2.1
C Class,2017,23749,SEMI-AUTO,12000,DIESEL,145,61.4,2.1
A Class,2020,26519,SEMI-AUTO,1000,PETROL,145,53.3,1.3
GLC Class,2019,43299,SEMI-AUTO,9235,DIESEL,145,40.4,2
GLC Class,2019,32599,SEMI-AUTO,9240,DIESEL,145,42.2,2.1
GLE Class,2019,57599,SEMI-AUTO,9354,DIESEL,145,32.5,2.9
E Class,2019,35849,SEMI-AUTO,9475,DIESEL,145,57.7,2
C Class,2017,15499,SEMI-AUTO,22040,DIESEL,20,65.7,2.1
C Class,2018,22199,SEMI-AUTO,19302,DIESEL,145,61.4,2.1
E Class,2016,20349,SEMI-AUTO,14391,DIESEL,30,65.7,2
C Class,2019,24549,SEMI-AUTO,2575,PETROL,145,45.6,1.5
C Class,2018,39249,AUTOMATIC,7297,PETROL,145,29.7,3
C Class,2019,40599,SEMI-AUTO,8000,PETROL,145,29.4,3
CL Class,2016,19199,SEMI-AUTO,27609,DIESEL,20,67.3,2.1
E Class,2016,20049,SEMI-AUTO,24242,DIESEL,20,72.4,2
CL Class,2015,18649,SEMI-AUTO,47658,PETROL,200,42.8,2
E Class,2016,18949,AUTOMATIC,15238,DIESEL,125,58.9,2.1
GLA Class,2016,17999,SEMI-AUTO,36249,DIESEL,125,56.6,2.1
E Class,2017,21499,SEMI-AUTO,32365,DIESEL,30,61.4,2
C Class,2018,22199,SEMI-AUTO,32809,DIESEL,145,67.3,2.1
GLC Class,2020,41795,SEMI-AUTO,4499,PETROL,145,32.1,2
A Class,2020,24995,SEMI-AUTO,3800,PETROL,145,47.9,1.3
B Class,2020,24495,SEMI-AUTO,5000,DIESEL,145,55.4,2
E Class,2020,39995,SEMI-AUTO,4499,DIESEL,145,53.3,2
A Class,2020,24495,SEMI-AUTO,9,DIESEL,145,67.3,1.5
C Class,2020,34995,SEMI-AUTO,5000,DIESEL,145,64.2,2
GLC Class,2020,37995,SEMI-AUTO,9,PETROL,145,33.2,2
C Class,2017,20623,AUTOMATIC,37013,DIESEL,125,58.9,2.1
A Class,2019,21895,MANUAL,9,PETROL,145,47.1,1.3
C Class,2019,29995,AUTOMATIC,9,DIESEL,145,61.4,2
E Class,2019,37199,SEMI-AUTO,4800,DIESEL,145,48.7,3
C Class,2019,27099,SEMI-AUTO,3598,DIESEL,145,58.9,1.6
C Class,2019,25999,SEMI-AUTO,14895,DIESEL,145,61.4,2
C Class,2019,24499,SEMI-AUTO,12902,DIESEL,145,61.4,2
C Class,2019,26799,SEMI-AUTO,10871,DIESEL,145,61.4,2
C Class,2015,13999,SEMI-AUTO,53000,DIESEL,20,64.2,2.1
E Class,2017,22999,SEMI-AUTO,14695,DIESEL,145,61.4,2
B Class,2017,13899,MANUAL,14856,DIESEL,145,68.9,1.5
C Class,2018,20899,AUTOMATIC,6813,DIESEL,145,60.1,2.1
C Class,2019,42799,AUTOMATIC,5001,PETROL,145,29.7,3
C Class,2018,23249,AUTOMATIC,8796,PETROL,145,46.3,1.5
CL Class,2019,27149,SEMI-AUTO,2001,PETROL,145,38.2,2
A Class,2018,20099,SEMI-AUTO,10261,DIESEL,145,67.3,1.5
GLE Class,2019,55885,AUTOMATIC,2005,DIESEL,145,32.5,3
C Class,2019,30995,AUTOMATIC,9,DIESEL,145,57.7,2
A Class,2019,21895,MANUAL,520,PETROL,145,47.1,1.3
E Class,2018,21499,SEMI-AUTO,27322,DIESEL,145,72.4,2
A Class,2019,24299,SEMI-AUTO,5359,PETROL,145,53.3,1.3
C Class,2019,20999,SEMI-AUTO,13467,DIESEL,145,61.4,2
C Class,2019,20999,SEMI-AUTO,13318,DIESEL,145,61.4,2
B Class,2019,22099,SEMI-AUTO,13916,PETROL,145,45.6,1.3
C Class,2018,25999,AUTOMATIC,10913,DIESEL,145,65.7,2.1
E Class,2019,42199,SEMI-AUTO,10600,DIESEL,145,47.1,3
C Class,2016,19699,SEMI-AUTO,30611,DIESEL,30,64.2,2.1
C Class,2019,38999,SEMI-AUTO,3220,PETROL,145,30.4,3
C Class,2019,32624,SEMI-AUTO,4499,PETROL,145,44.1,1.5
C Class,2019,30995,AUTOMATIC,1499,DIESEL,145,57.7,2
C Class,2019,26495,AUTOMATIC,2999,PETROL,145,46.3,1.5
C Class,2019,28495,SEMI-AUTO,1724,DIESEL,145,64.2,2
E Class,2019,37995,AUTOMATIC,9,DIESEL,145,57.7,2
E Class,2019,32495,AUTOMATIC,999,DIESEL,145,70.6,2
E Class,2019,32495,AUTOMATIC,500,DIESEL,145,45.6,2
E Class,2017,19499,SEMI-AUTO,28180,DIESEL,145,72.4,2
E Class,2017,18499,SEMI-AUTO,45463,DIESEL,20,67.3,2
B Class,2019,22399,SEMI-AUTO,14019,PETROL,145,45.6,1.3
A Class,2019,25799,SEMI-AUTO,1106,DIESEL,145,67.3,1.5
E Class,2016,17999,SEMI-AUTO,42255,DIESEL,20,72.4,2
C Class,2019,23289,AUTOMATIC,15194,DIESEL,145,61.4,2
C Class,2019,23389,SEMI-AUTO,15000,DIESEL,145,61.4,2
C Class,2019,25389,SEMI-AUTO,3000,PETROL,145,45.6,1.5
E Class,2015,15999,SEMI-AUTO,30000,DIESEL,145,55.4,2.1
B Class,2015,12949,SEMI-AUTO,34247,DIESEL,20,67.3,2.1
C Class,2016,19999,SEMI-AUTO,15000,DIESEL,125,58.9,2.1
B Class,2016,13999,SEMI-AUTO,40500,DIESEL,20,68.9,2.1
GLA Class,2016,20299,SEMI-AUTO,28242,DIESEL,125,56.5,2.1
C Class,2017,23999,SEMI-AUTO,21212,DIESEL,145,67.3,2.1
C Class,2019,32099,SEMI-AUTO,707,PETROL,145,41.5,2
C Class,2019,28599,SEMI-AUTO,3889,DIESEL,145,61.4,2
A Class,2019,22399,AUTOMATIC,3994,DIESEL,145,62.8,1.5
C Class,2019,27199,SEMI-AUTO,930,PETROL,145,45.6,1.5
C Class,2019,21449,SEMI-AUTO,19821,DIESEL,145,61.4,2
C Class,2019,19799,SEMI-AUTO,14222,PETROL,145,46.3,1.5
C Class,2019,19849,SEMI-AUTO,13794,PETROL,145,46.3,1.5
C Class,2019,20149,SEMI-AUTO,11785,PETROL,145,46.3,1.5
C Class,2019,25849,SEMI-AUTO,6685,PETROL,145,46.3,1.5
C Class,2019,26099,SEMI-AUTO,9227,PETROL,145,47.1,1.5
C Class,2019,25849,SEMI-AUTO,6880,PETROL,145,46.3,1.5
C Class,2019,26499,SEMI-AUTO,9419,DIESEL,145,61.4,2
GLA Class,2019,23399,SEMI-AUTO,10621,DIESEL,145,67.3,2.1
C Class,2019,20299,SEMI-AUTO,14973,DIESEL,145,61.4,2
A Class,2019,20199,SEMI-AUTO,3653,DIESEL,145,68.9,1.5
A Class,2019,20549,SEMI-AUTO,10517,PETROL,145,53.3,1.3
C Class,2019,29399,SEMI-AUTO,1919,DIESEL,145,61.4,2
C Class,2019,25549,SEMI-AUTO,15074,DIESEL,145,61.4,2
E Class,2019,35699,SEMI-AUTO,9957,DIESEL,145,42.8,2
E Class,2019,25349,SEMI-AUTO,11705,DIESEL,145,67.3,2
E Class,2018,21999,SEMI-AUTO,26981,DIESEL,145,65.7,2
C Class,2018,29199,SEMI-AUTO,4715,DIESEL,145,54.3,2
B Class,2019,26999,SEMI-AUTO,8623,DIESEL,145,54.3,2
A Class,2020,25729,SEMI-AUTO,1000,PETROL,145,53.3,1.3
A Class,2018,16799,MANUAL,15155,DIESEL,145,68.9,1.5
GLA Class,2017,17199,SEMI-AUTO,50000,DIESEL,145,67.3,2.1
CL Class,2020,26579,SEMI-AUTO,1000,PETROL,145,44.8,1.3
V Class,2020,49879,SEMI-AUTO,1000,DIESEL,145,36.7,2
C Class,2015,18649,SEMI-AUTO,26314,HYBRID,0,134.5,2
GLA Class,2019,24249,SEMI-AUTO,6728,PETROL,145,36.2,1.6
GLA Class,2018,21899,SEMI-AUTO,18122,DIESEL,145,56.5,2.1
C Class,2019,25749,SEMI-AUTO,11397,PETROL,145,47.1,1.5
C Class,2019,19749,SEMI-AUTO,14517,PETROL,145,46.3,1.5
B Class,2019,21599,SEMI-AUTO,14206,PETROL,145,45.6,1.3
E Class,2018,21799,SEMI-AUTO,19886,DIESEL,145,72.4,2
S Class,2017,45599,SEMI-AUTO,32979,HYBRID,135,100.9,3
C Class,2019,20349,SEMI-AUTO,14006,PETROL,145,46.3,1.5
CL Class,2019,26249,SEMI-AUTO,11967,DIESEL,145,51.4,2.2
CL Class,2019,26199,SEMI-AUTO,12441,DIESEL,145,51.4,2.2
CLS Class,2018,41349,SEMI-AUTO,12078,DIESEL,145,47.9,2.9
E Class,2019,29849,SEMI-AUTO,5981,DIESEL,145,65.7,2
CL Class,2019,26899,SEMI-AUTO,10315,DIESEL,145,51.4,2.2
A Class,2019,20199,SEMI-AUTO,7929,DIESEL,145,68.9,1.5
GLC Class,2019,36999,SEMI-AUTO,2823,DIESEL,145,40.9,2
E Class,2017,20899,SEMI-AUTO,29500,DIESEL,145,72.4,2
C Class,2016,31649,SEMI-AUTO,29810,PETROL,300,34.5,4
A Class,2016,19999,SEMI-AUTO,14066,DIESEL,125,58.9,2.1
C Class,2014,16499,SEMI-AUTO,35700,DIESEL,30,64.2,2.1
SL CLASS,2019,51124,SEMI-AUTO,5884,PETROL,145,31.4,4.7
B Class,2017,14824,SEMI-AUTO,24202,DIESEL,145,68.9,2.1
C Class,2019,22124,SEMI-AUTO,14000,PETROL,145,45.6,1.5
C Class,2017,25824,SEMI-AUTO,16496,DIESEL,30,65.7,2.1
C Class,2016,18124,SEMI-AUTO,35999,PETROL,125,50.4,2
A Class,2017,16019,MANUAL,15147,PETROL,150,49.6,1.6
C Class,2016,15495,MANUAL,28900,DIESEL,20,70.6,1.6
CL Class,2017,29149,AUTOMATIC,27119,PETROL,145,40.9,2
CL Class,2019,27399,SEMI-AUTO,2354,PETROL,145,38.2,2
C Class,2019,26999,SEMI-AUTO,8510,PETROL,145,47.1,1.5
E Class,2018,21899,AUTOMATIC,22985,DIESEL,145,65.7,2
C Class,2018,22799,SEMI-AUTO,11494,PETROL,145,46.3,1.5
C Class,2018,22849,AUTOMATIC,11163,PETROL,145,46.3,1.5
C Class,2019,31699,SEMI-AUTO,9839,DIESEL,145,54.3,2
C Class,2019,26199,SEMI-AUTO,9690,PETROL,145,44.1,1.5
C Class,2019,25299,SEMI-AUTO,10234,PETROL,145,46.3,1.5
GLA Class,2019,23499,SEMI-AUTO,10155,DIESEL,145,67.3,2.1
E Class,2011,5495,AUTOMATIC,138000,DIESEL,150,53.3,2.1
B Class,2014,8995,AUTOMATIC,53676,DIESEL,30,64.2,1.5
B Class,2010,3995,MANUAL,66000,DIESEL,145,50.4,2
CLC Class,2010,4695,AUTOMATIC,85000,PETROL,305,35.8,1.6
C Class,2013,8595,AUTOMATIC,82685,DIESEL,30,64.2,2.1
B Class,2010,3495,MANUAL,92573,DIESEL,145,52.3,2
A Class,2017,16995,MANUAL,35095,DIESEL,30,62.8,2.1
B Class,2017,15000,SEMI-AUTO,24000,DIESEL,20,68.9,2.1
C Class,2013,9995,AUTOMATIC,44900,PETROL,160,46.3,1.6
C Class,2012,6995,AUTOMATIC,88200,DIESEL,125,58.9,2.1
C Class,2012,7495,AUTOMATIC,115000,DIESEL,145,54.3,2.1
E Class,2012,9000,AUTOMATIC,70000,DIESEL,145,57.6,2.1
B Class,2011,4295,AUTOMATIC,61400,DIESEL,200,47.1,2
CLS Class,2013,11995,AUTOMATIC,59500,DIESEL,145,54.3,2.1
C Class,2011,8995,AUTOMATIC,69250,DIESEL,150,53.3,2.1
C Class,2015,14995,AUTOMATIC,49850,DIESEL,30,62.8,2.1
E Class,2013,10595,AUTOMATIC,87100,DIESEL,150,58.9,2.1
C Class,2017,23500,SEMI-AUTO,17000,DIESEL,145,67.3,2.1
C Class,2018,24995,SEMI-AUTO,17744,DIESEL,150,64.2,2
C Class,2016,29995,SEMI-AUTO,64291,PETROL,305,34.5,4
A Class,2015,18495,MANUAL,12498,PETROL,200,41.5,2
C Class,2014,15495,SEMI-AUTO,38544,DIESEL,30,64.2,2.1
C Class,2013,7495,SEMI-AUTO,77718,DIESEL,30,64.2,2.1
C Class,2015,10995,SEMI-AUTO,58734,DIESEL,150,53.3,2.1
C Class,2014,12995,SEMI-AUTO,36650,DIESEL,150,53.3,2.1
GLC Class,2017,27495,SEMI-AUTO,31654,DIESEL,150,56.5,2.1
B Class,2017,13500,SEMI-AUTO,15500,DIESEL,20,70.6,1.5
CLS Class,2014,13995,AUTOMATIC,48500,DIESEL,145,54.3,2.1
E Class,2016,13488,AUTOMATIC,85121,DIESEL,125,61.4,2.1
C Class,2017,14488,AUTOMATIC,66472,DIESEL,30,64.2,2.1
C Class,2011,7500,MANUAL,91000,DIESEL,125,60.1,2.1
B Class,2013,9995,AUTOMATIC,27500,DIESEL,30,64.2,1.8
E Class,2012,8750,AUTOMATIC,94500,DIESEL,145,55.4,2.1
C Class,2013,9750,AUTOMATIC,69700,DIESEL,145,53.3,2.1
M Class,2010,9995,AUTOMATIC,106800,DIESEL,555,31,3
A Class,2016,15495,SEMI-AUTO,37129,DIESEL,20,68.9,2.1
A Class,2017,15999,MANUAL,40862,DIESEL,20,68.9,1.5
A Class,2017,16299,MANUAL,25799,DIESEL,20,68.9,1.5
E Class,2010,7995,AUTOMATIC,70150,DIESEL,235,44.1,2.1
V Class,2019,45395,AUTOMATIC,9,DIESEL,145,36.2,2
GLC Class,2017,26024,SEMI-AUTO,45202,DIESEL,125,56.5,2.1
GLA Class,2016,20624,SEMI-AUTO,20026,DIESEL,125,56.5,2.1
GLE Class,2019,47995,AUTOMATIC,9,DIESEL,145,36.7,2
C Class,2019,25104,SEMI-AUTO,14725,DIESEL,145,61.4,2
E Class,2018,30495,AUTOMATIC,12250,DIESEL,145,51.4,3
C Class,2019,27924,SEMI-AUTO,9249,DIESEL,145,57.7,2
SL CLASS,2019,51124,AUTOMATIC,10627,PETROL,145,31.4,4.7
A Class,2017,15924,SEMI-AUTO,25450,PETROL,145,53.3,1.6
A Class,2019,24399,SEMI-AUTO,5321,PETROL,145,53.3,1.3
E Class,2019,27799,SEMI-AUTO,13500,DIESEL,145,67.3,2
E Class,2019,36399,AUTOMATIC,15020,DIESEL,145,48.7,3
SL CLASS,2019,47789,AUTOMATIC,2000,PETROL,145,36.7,3
C Class,2019,31599,SEMI-AUTO,3092,PETROL,145,44.1,1.5
C Class,2019,29599,SEMI-AUTO,8746,DIESEL,145,57.7,2
E Class,2019,25149,SEMI-AUTO,10444,DIESEL,145,72.4,2
C Class,2017,18999,SEMI-AUTO,21459,DIESEL,145,64.2,2.1
C Class,2018,28399,AUTOMATIC,3438,PETROL,145,44.1,2
C Class,2018,27649,AUTOMATIC,6232,DIESEL,145,57.7,2
A Class,2017,16000,MANUAL,27938,DIESEL,20,68.9,1.5
A Class,2015,11000,MANUAL,64002,DIESEL,30,65.7,2.1
GLC Class,2018,32890,SEMI-AUTO,16000,DIESEL,145,56.5,2.1
C Class,2013,22995,SEMI-AUTO,49964,PETROL,570,23,6.2
C Class,2017,23000,SEMI-AUTO,19000,PETROL,145,47.1,2
C Class,2016,33500,AUTOMATIC,25000,PETROL,300,34,3
A Class,2019,19493,AUTOMATIC,2869,PETROL,145,28.5,1.3
C Class,2019,27750,AUTOMATIC,4000,DIESEL,145,56.5,2
C Class,2019,28950,AUTOMATIC,8500,DIESEL,145,54.3,2
B Class,2019,27950,SEMI-AUTO,1870,PETROL,145,44.1,1.3
GLC Class,2019,38950,AUTOMATIC,9685,DIESEL,145,40.9,2
GLS Class,2018,72950,AUTOMATIC,7390,PETROL,150,23,5.5
GLE Class,2019,50950,AUTOMATIC,11800,PETROL,150,30.1,3
GLC Class,2019,32950,AUTOMATIC,3500,DIESEL,150,42.2,2.1
CL Class,2020,38624,SEMI-AUTO,19,PETROL,150,36.7,2
GLC Class,2018,31124,SEMI-AUTO,4291,DIESEL,150,56.5,2.1
GLC Class,2019,29995,SEMI-AUTO,10007,PETROL,145,43.5,2
C Class,2017,22124,SEMI-AUTO,28848,PETROL,145,52.3,2
E Class,2016,19495,SEMI-AUTO,26953,DIESEL,20,72.4,2
C Class,2017,23124,AUTOMATIC,22811,PETROL,145,47.1,2
E Class,2017,25124,AUTOMATIC,31968,DIESEL,145,61.4,2
C Class,2017,21124,SEMI-AUTO,28023,DIESEL,30,61.4,2.1
A Class,2019,25495,AUTOMATIC,9,PETROL,145,53.3,1.3
SL CLASS,2019,52995,AUTOMATIC,682,PETROL,145,29.4,3
CL Class,2017,28838,SEMI-AUTO,44000,PETROL,150,40.9,2
C Class,2015,18990,SEMI-AUTO,25199,DIESEL,30,64.2,2.1
C Class,2018,20771,SEMI-AUTO,18321,DIESEL,145,60.1,2.1
A Class,2016,16995,SEMI-AUTO,21644,DIESEL,20,68.9,2.1
A Class,2017,16912,SEMI-AUTO,12717,DIESEL,145,70.6,2.1
B Class,2016,12899,MANUAL,15601,PETROL,145,49.6,1.6
E Class,2016,19499,SEMI-AUTO,28530,DIESEL,30,65.7,2
C Class,2007,3495,AUTOMATIC,119168,PETROL,300,33.6,1.8
A Class,2016,15000,AUTOMATIC,45000,DIESEL,20,70.6,2.1
E Class,2015,13995,AUTOMATIC,67000,DIESEL,30,64.2,2.1
GLA Class,2015,17495,SEMI-AUTO,38123,DIESEL,125,56.5,2.1
B Class,2012,8750,MANUAL,54695,DIESEL,125,61.4,1.8
A Class,2017,14999,MANUAL,18791,PETROL,125,51.4,1.6
A Class,2017,15999,MANUAL,12279,DIESEL,20,68.9,1.5
A Class,2014,11980,MANUAL,40512,PETROL,145,49.6,1.6
C Class,2016,16500,AUTOMATIC,51936,DIESEL,30,64.2,2.1
S Class,2005,7995,AUTOMATIC,39000,DIESEL,315,36.7,3.2
E Class,2016,21995,AUTOMATIC,15000,DIESEL,135,56.5,2.1
E Class,2005,3995,AUTOMATIC,73000,PETROL,325,32.5,1.8
V Class,2013,14995,AUTOMATIC,78000,DIESEL,300,38.7,2.1
A Class,2015,15500,AUTOMATIC,48266,DIESEL,20,67.3,2.1
GL Class,2016,15000,MANUAL,42320,DIESEL,20,64.2,2.1
E Class,2013,13300,AUTOMATIC,42742,DIESEL,125,57.7,2.1
C Class,2019,44990,AUTOMATIC,19999,PETROL,145,28.5,4
C Class,2019,54990,AUTOMATIC,1600,PETROL,150,28.5,4
C Class,2018,33490,AUTOMATIC,22000,PETROL,150,29.4,3
A Class,2007,2995,MANUAL,60000,DIESEL,115,57.6,2
C Class,2015,15995,AUTOMATIC,46221,DIESEL,20,64.2,2.1
CLS Class,2018,54990,AUTOMATIC,9300,PETROL,145,32.5,3
E Class,2018,63990,AUTOMATIC,28300,PETROL,145,30.1,4
GLE Class,2016,37490,AUTOMATIC,31500,PETROL,325,31.7,3
GLC Class,2019,55990,AUTOMATIC,400,PETROL,145,27.4,4
GLC Class,2019,56990,AUTOMATIC,350,PETROL,145,27.4,4
GLC Class,2019,54990,AUTOMATIC,350,PETROL,145,27.4,4
CLS Class,2016,17990,AUTOMATIC,39200,DIESEL,125,57.7,2.1
C Class,2014,17990,AUTOMATIC,41011,PETROL,150,49.6,2
CLS Class,2012,12490,AUTOMATIC,66880,DIESEL,200,46.3,3
C Class,2016,14477,AUTOMATIC,72000,DIESEL,30,65.7,1.6
C Class,2013,10977,AUTOMATIC,72000,DIESEL,145,54.3,2.1
A Class,2014,9977,MANUAL,55000,DIESEL,0,78.5,1.5
B Class,2016,13977,AUTOMATIC,34000,DIESEL,20,68.9,1.5
A Class,2017,13477,MANUAL,40000,DIESEL,0,80.7,1.5
A Class,2017,13477,MANUAL,43000,DIESEL,0,80.7,1.5
E Class,2019,29477,AUTOMATIC,14000,DIESEL,150,53.3,2
C Class,2016,17977,AUTOMATIC,40000,DIESEL,30,64.2,1.6
S Class,2009,7724,AUTOMATIC,122000,DIESEL,325,36.7,3
C Class,2016,11016,MANUAL,67000,DIESEL,20,70.6,2.1
A Class,2016,13150,AUTOMATIC,39000,DIESEL,0,76.4,1.5
CLA Class,2016,17490,AUTOMATIC,31959,PETROL,200,42.8,2
E Class,2015,14290,AUTOMATIC,48285,DIESEL,125,58.9,2.1
A Class,2014,10490,AUTOMATIC,53251,DIESEL,20,68.9,1.5
C Class,2018,26000,AUTOMATIC,17250,PETROL,150,46.3,1.5
C Class,2017,18999,AUTOMATIC,38000,HYBRID,0,134.5,2
C Class,2009,4343,AUTOMATIC,120000,DIESEL,205,45.6,2.1
C Class,2017,18975,AUTOMATIC,42721,DIESEL,30,64.2,2.1
CLS Class,2013,12000,AUTOMATIC,65000,DIESEL,150,54.3,2.1
A Class,2017,15200,MANUAL,8624,DIESEL,150,68.9,2.1
A Class,2016,17500,AUTOMATIC,29712,DIESEL,20,68.9,0
A Class,2018,20500,AUTOMATIC,13386,PETROL,145,53.3,0
C Class,2014,12500,AUTOMATIC,35345,DIESEL,145,53.3,2.1
A Class,2018,18000,AUTOMATIC,18347,DIESEL,150,65.7,0
E Class,2015,15000,AUTOMATIC,36013,DIESEL,125,61.4,2.1
GLA Class,2015,16800,AUTOMATIC,22519,DIESEL,125,55.4,2.1
B Class,2017,12495,MANUAL,10000,DIESEL,145,70.6,1.5
E Class,2014,13995,AUTOMATIC,37000,DIESEL,150,58.9,2.1
C Class,2015,14495,MANUAL,23146,PETROL,115,52.3,2
C Class,2016,16475,AUTOMATIC,34452,DIESEL,30,64.2,2.1
GL Class,2015,24975,AUTOMATIC,85437,DIESEL,325,36.2,3
A Class,2017,15975,SEMI-AUTO,20932,DIESEL,150,70.6,2.1
C Class,2015,16495,AUTOMATIC,41130,HYBRID,0,134.5,2
C Class,2017,17795,AUTOMATIC,37778,DIESEL,150,64.2,2.1
GLC Class,2017,28995,AUTOMATIC,30808,DIESEL,150,56.5,2.1
C Class,2017,17875,AUTOMATIC,44325,DIESEL,30,64.2,2.1
E Class,2017,18475,AUTOMATIC,64327,DIESEL,150,65.7,2
A Class,2017,16975,SEMI-AUTO,14578,DIESEL,145,68.9,2.1
E Class,2016,17475,AUTOMATIC,42795,DIESEL,20,72.4,2
CLS Class,2013,14495,AUTOMATIC,43939,DIESEL,190,46.3,3
CLS Class,2016,23995,AUTOMATIC,13062,DIESEL,150,51.4,3
S Class,2018,59995,AUTOMATIC,2802,DIESEL,140,52.3,2.9
C Class,2015,15995,AUTOMATIC,39000,DIESEL,30,64.2,1.6
GLA Class,2015,15275,SEMI-AUTO,43443,DIESEL,20,64.2,2.1
CLS Class,2013,12975,AUTOMATIC,72216,DIESEL,200,46.3,3
E Class,2017,20475,AUTOMATIC,21851,DIESEL,30,65.7,2
CLS Class,2014,11975,AUTOMATIC,100552,DIESEL,200,46.3,3
CLS Class,2013,12475,AUTOMATIC,91554,DIESEL,200,46.3,3
C Class,2016,15675,MANUAL,39287,DIESEL,20,68.9,2.1
GLA Class,2015,15500,MANUAL,48366,DIESEL,20,62.8,2.1
E Class,2014,14000,AUTOMATIC,43413,DIESEL,145,58.9,2.1
A Class,2017,19500,AUTOMATIC,6482,DIESEL,145,68.9,2.1
GLA Class,2016,18700,OTHER,30895,OTHER,125,56.5,0
B Class,2017,13800,MANUAL,18400,DIESEL,145,68.9,1.5
GLA Class,2016,18400,AUTOMATIC,27941,DIESEL,125,56.6,2.1
A Class,2015,14400,MANUAL,27442,DIESEL,20,70.6,1.5
A Class,2016,17800,AUTOMATIC,21913,DIESEL,20,68.9,0
B Class,2016,12800,MANUAL,22544,DIESEL,20,68.9,1.5
E Class,2015,15000,AUTOMATIC,76667,DIESEL,145,54.3,3
C Class,2012,11000,AUTOMATIC,43426,PETROL,160,44.8,1.6
CL Class,2015,15700,AUTOMATIC,38600,DIESEL,20,70.6,2.1
C Class,2016,13300,MANUAL,42622,DIESEL,20,70.6,2.1
A Class,2016,16700,AUTOMATIC,26979,DIESEL,20,68.9,2.1
C Class,2016,16000,MANUAL,34903,DIESEL,20,68.9,2.1
GLA Class,2015,16800,AUTOMATIC,38615,DIESEL,20,62.8,2.1
A Class,2016,14800,MANUAL,43461,DIESEL,30,62.8,2.1
A Class,2015,13300,AUTOMATIC,27850,DIESEL,20,68.9,1.5
CL Class,2015,16600,MANUAL,34336,PETROL,145,48.7,1.6
M Class,2013,17500,AUTOMATIC,84000,DIESEL,205,44.8,2.1
C Class,2014,15650,AUTOMATIC,32000,DIESEL,20,64.2,2.1
C Class,2015,14850,AUTOMATIC,90000,DIESEL,30,61.4,2.1
M Class,2010,8990,AUTOMATIC,128000,DIESEL,555,32.5,3
A Class,2017,16500,MANUAL,27000,PETROL,125,51.4,1.6
A Class,2018,21950,SEMI-AUTO,28000,PETROL,145,42.8,2
C Class,2017,19950,AUTOMATIC,23000,DIESEL,145,61.4,2.1
A Class,2016,13450,MANUAL,43000,DIESEL,20,72.4,1.5
A Class,2016,15950,SEMI-AUTO,48000,DIESEL,20,74.3,1.5
E Class,2016,18500,AUTOMATIC,49000,DIESEL,20,72.4,2
A Class,2016,12400,SEMI-AUTO,72000,DIESEL,0,76.4,1.5
A Class,2017,17500,SEMI-AUTO,19000,PETROL,125,53.3,1.6
C Class,2017,16500,AUTOMATIC,75000,DIESEL,30,64.2,1.6
GLE Class,2016,28500,AUTOMATIC,20000,DIESEL,205,47.9,2.1
A Class,2017,14500,SEMI-AUTO,26000,DIESEL,150,76.4,1.5
A Class,2017,17250,SEMI-AUTO,35000,DIESEL,20,68.9,2.1
C Class,2016,16450,AUTOMATIC,70000,DIESEL,30,64.2,2.1
CL Class,2016,17950,SEMI-AUTO,58000,DIESEL,20,67.3,2.1
C Class,2013,11350,AUTOMATIC,69000,DIESEL,145,54.3,2.1
A Class,2017,16450,MANUAL,17000,DIESEL,20,68.9,1.5
E Class,2017,20990,AUTOMATIC,25000,DIESEL,145,65.7,2
A Class,2016,13950,MANUAL,62000,DIESEL,20,68.9,1.5
C Class,2014,12900,AUTOMATIC,41000,PETROL,160,44.8,1.6
CL Class,2015,16250,MANUAL,37000,PETROL,125,50.4,1.6
M Class,2011,13150,AUTOMATIC,75000,DIESEL,555,31,3
E Class,2016,18500,AUTOMATIC,50000,DIESEL,20,72.4,2
A Class,2016,13990,MANUAL,63000,DIESEL,30,62.8,2.1
C Class,2013,23990,AUTOMATIC,44000,PETROL,570,23.5,6.2
C Class,2015,17250,AUTOMATIC,30000,DIESEL,30,64.2,2.1
C Class,2015,14200,AUTOMATIC,22000,PETROL,160,44.8,1.6
A Class,2013,10650,MANUAL,49000,DIESEL,20,72.4,1.5
C Class,2017,22950,AUTOMATIC,19000,PETROL,150,47.1,2
E Class,2017,21500,AUTOMATIC,25000,DIESEL,150,61.4,2
C Class,2013,10500,AUTOMATIC,90000,DIESEL,145,54.3,2.1
A Class,2017,17500,MANUAL,24000,PETROL,145,49.6,1.6
C Class,2012,8490,AUTOMATIC,54000,DIESEL,145,56.5,2.1
E Class,2017,18990,AUTOMATIC,23000,DIESEL,145,72.4,2
A Class,2016,14990,MANUAL,28000,DIESEL,30,62.8,2.1
A Class,2016,12490,AUTOMATIC,37000,DIESEL,20,74.3,1.5
C Class,2016,16475,MANUAL,40569,DIESEL,20,68.9,2.1
A Class,2016,14475,MANUAL,35847,DIESEL,30,62.8,2.1
CL Class,2015,14990,AUTOMATIC,39000,DIESEL,30,62.8,2.1
CL Class,2016,15990,MANUAL,33000,DIESEL,20,67.3,2.1
CLS Class,2015,16490,AUTOMATIC,54000,DIESEL,145,56.5,2.1
C Class,2015,11490,MANUAL,80000,PETROL,125,52.3,2
A Class,2017,14490,MANUAL,23000,DIESEL,30,62.8,2.1
A Class,2016,12990,AUTOMATIC,34000,DIESEL,0,74.3,2.1
A Class,2017,15490,AUTOMATIC,23000,DIESEL,145,68.9,2.1
CL Class,2016,16490,MANUAL,43000,DIESEL,20,67.3,2.1
C Class,2014,9990,AUTOMATIC,78000,DIESEL,145,53.3,2.1
C Class,2015,11990,AUTOMATIC,47000,DIESEL,145,53.3,2.1
E Class,2015,14990,AUTOMATIC,33000,DIESEL,125,61.4,2.1
E Class,2015,13990,AUTOMATIC,46000,DIESEL,125,61.4,2.1
C Class,2017,20990,AUTOMATIC,18000,DIESEL,145,58.9,2.1
A Class,2016,14990,MANUAL,31000,DIESEL,30,62.8,2.1
A Class,2016,10490,MANUAL,63000,DIESEL,0,80.7,1.5
A Class,2015,10490,MANUAL,82000,DIESEL,30,62.8,2.1
C Class,2015,14490,AUTOMATIC,64000,DIESEL,30,64.2,2.1
E Class,2013,9990,AUTOMATIC,82000,DIESEL,200,47.1,3
E Class,2017,18990,AUTOMATIC,31000,DIESEL,145,65.7,2
C Class,2016,15990,AUTOMATIC,65000,DIESEL,30,64.2,2.1
A Class,2016,13950,AUTOMATIC,40000,DIESEL,20,74.3,1.5
E Class,2015,13990,AUTOMATIC,37000,DIESEL,125,57.7,2.1
CL Class,2016,13490,MANUAL,42000,DIESEL,20,67.3,2.1
C Class,2012,8990,AUTOMATIC,91000,DIESEL,145,54.3,2.1
A Class,2016,12490,MANUAL,18000,DIESEL,0,80.7,1.5
CL Class,2015,12990,MANUAL,45000,DIESEL,20,64.2,2.1
C Class,2014,12990,AUTOMATIC,76000,DIESEL,30,64.2,2.1
C Class,2016,15975,MANUAL,37419,PETROL,125,51.4,2
E Class,2013,15775,AUTOMATIC,45378,DIESEL,200,45.6,3
E Class,2015,15275,AUTOMATIC,35987,DIESEL,125,61.4,2.1
CL Class,2013,14175,SEMI-AUTO,62957,DIESEL,30,62.8,2.1
GLC Class,2017,20475,AUTOMATIC,70024,DIESEL,125,56.5,2.1
A Class,2017,15475,SEMI-AUTO,43436,DIESEL,20,74.3,1.5
GL Class,2015,28975,AUTOMATIC,51081,DIESEL,325,36.2,3
GLA Class,2016,14995,SEMI-AUTO,70002,DIESEL,125,56.6,2.1
A Class,2016,12990,MANUAL,44000,DIESEL,20,68.9,1.5
C Class,2013,10490,AUTOMATIC,50000,DIESEL,145,54.3,2.1
E Class,2016,18750,AUTOMATIC,53000,DIESEL,20,67.3,2
C Class,2016,17850,AUTOMATIC,38000,DIESEL,30,64.2,2.1
E Class,2017,20250,AUTOMATIC,40000,DIESEL,145,65.7,2
CL Class,2015,16999,MANUAL,27000,DIESEL,30,64.2,2.1
A Class,2016,15900,MANUAL,17000,DIESEL,30,62.8,2.1
SLK,2015,12990,AUTOMATIC,40000,DIESEL,145,56.5,2.1
A Class,2014,8990,MANUAL,58000,DIESEL,20,72.4,1.5
A Class,2016,9990,MANUAL,82000,DIESEL,0,80.7,1.5
E Class,2013,11990,AUTOMATIC,52000,DIESEL,125,57.7,2.1
C Class,2012,7490,AUTOMATIC,96000,DIESEL,145,55.4,2.1
C Class,2013,8990,AUTOMATIC,89000,DIESEL,145,54.3,2.1
C Class,2014,8990,AUTOMATIC,80000,DIESEL,145,56.5,2.1
CL Class,2016,14990,MANUAL,53000,PETROL,125,51.4,1.6
E Class,2013,11990,AUTOMATIC,74000,DIESEL,200,47.1,3
E Class,2014,14490,AUTOMATIC,29000,DIESEL,160,49.6,3
C Class,2015,13990,AUTOMATIC,29000,DIESEL,20,64.2,2.1
CL Class,2017,15990,MANUAL,25000,PETROL,145,51.4,1.6
C Class,2017,17990,AUTOMATIC,26000,DIESEL,145,60.1,2.1
A Class,2017,14990,MANUAL,23000,PETROL,145,49.6,1.6
GL Class,2017,27990,AUTOMATIC,28000,DIESEL,200,47.9,2.1
E Class,2015,14990,AUTOMATIC,43000,DIESEL,125,57.7,2.1
C Class,2016,16990,AUTOMATIC,29000,DIESEL,30,64.2,2.1
E Class,2014,13990,AUTOMATIC,21000,DIESEL,125,57.7,2.1
C Class,2015,39990,AUTOMATIC,32000,PETROL,300,34.5,4
A Class,2016,12990,MANUAL,42000,PETROL,145,49.6,1.6
GL Class,2016,30990,AUTOMATIC,72000,DIESEL,300,39.2,3
A Class,2016,12990,AUTOMATIC,44000,DIESEL,20,74.3,1.5
M Class,2011,10990,AUTOMATIC,69000,DIESEL,555,32.5,3
C Class,2015,13990,AUTOMATIC,50000,PETROL,125,52.3,2
A Class,2016,13490,MANUAL,35000,PETROL,145,49.6,1.6
C Class,2015,14990,AUTOMATIC,39000,DIESEL,20,64.2,2.1
C Class,2014,14990,AUTOMATIC,54000,DIESEL,30,64.2,2.1
CL Class,2017,14990,AUTOMATIC,20000,DIESEL,145,70.6,2.1
C Class,2013,8990,MANUAL,74000,PETROL,160,44.1,1.6
C Class,2016,15990,AUTOMATIC,17000,PETROL,125,52.3,2
A Class,2016,13490,AUTOMATIC,47000,DIESEL,20,74.3,1.5
A Class,2014,10990,MANUAL,37000,PETROL,145,48.7,1.6
E Class,2017,21990,AUTOMATIC,27000,DIESEL,30,65.7,2
C Class,2017,33990,AUTOMATIC,30000,PETROL,145,33.6,4
E Class,2016,16490,AUTOMATIC,29000,DIESEL,125,58.9,2.1
E Class,2014,12490,AUTOMATIC,71000,DIESEL,145,57.7,2.1
C Class,2015,16990,AUTOMATIC,42000,DIESEL,125,60.1,2.1
CL Class,2016,16990,AUTOMATIC,27000,DIESEL,20,67.3,2.1
CL Class,2016,16490,AUTOMATIC,46000,DIESEL,20,67.3,2.1
C Class,2016,15990,AUTOMATIC,44000,DIESEL,30,64.2,1.6
C Class,2015,12990,AUTOMATIC,87000,DIESEL,30,64.2,2.1
E Class,2017,19990,AUTOMATIC,32000,DIESEL,30,65.7,2
A Class,2017,14990,AUTOMATIC,39000,DIESEL,145,68.9,2.1
C Class,2016,17990,AUTOMATIC,57000,DIESEL,20,67.3,2.1
A Class,2016,13990,AUTOMATIC,40000,DIESEL,20,74.3,1.5
A Class,2016,12990,MANUAL,36000,DIESEL,20,68.9,1.5
A Class,2016,13990,MANUAL,26000,DIESEL,20,68.9,1.5
CLS Class,2015,18990,AUTOMATIC,20000,DIESEL,125,57.7,2.1
GL Class,2017,18990,AUTOMATIC,19000,DIESEL,145,56.5,2.1
C Class,2015,16990,AUTOMATIC,40000,DIESEL,30,64.2,2.1
C Class,2015,12990,AUTOMATIC,96000,DIESEL,30,61.4,2.1
C Class,2015,15500,AUTOMATIC,64000,DIESEL,30,64.2,2.1
C Class,2013,7250,MANUAL,106000,DIESEL,30,64.2,2.1
A Class,2017,17600,MANUAL,11000,PETROL,145,51.4,1.6
C Class,2016,22990,AUTOMATIC,18000,DIESEL,20,67.3,2.1
M Class,2015,23750,AUTOMATIC,21000,DIESEL,305,39.2,3
A Class,2015,12595,AUTOMATIC,49757,DIESEL,20,68.9,1.5
E Class,2016,18990,AUTOMATIC,25000,DIESEL,30,65.7,2
C Class,2015,16490,AUTOMATIC,37000,DIESEL,30,64.2,2.1
E Class,2015,15990,AUTOMATIC,53000,DIESEL,145,54.3,3
E Class,2014,12990,AUTOMATIC,44000,DIESEL,125,58.9,2.1
A Class,2017,13990,MANUAL,28000,DIESEL,145,68.9,1.5
CLS Class,2016,16990,AUTOMATIC,48000,DIESEL,125,57.7,2.1
A Class,2016,12490,MANUAL,43000,DIESEL,20,68.9,1.5
C Class,2015,13990,AUTOMATIC,67000,DIESEL,30,61.4,2.1
C Class,2016,13490,AUTOMATIC,79000,DIESEL,20,64.2,2.1
CL Class,2016,16990,AUTOMATIC,51000,DIESEL,125,58.9,2.1
CL Class,2018,16490,AUTOMATIC,25000,DIESEL,145,67.3,2.1
E Class,2018,21990,AUTOMATIC,25000,DIESEL,145,65.7,2
A Class,2014,9490,AUTOMATIC,74000,DIESEL,30,68.9,1.5
E Class,2013,10990,AUTOMATIC,64000,DIESEL,145,54.3,2.1
E Class,2017,32990,AUTOMATIC,42000,PETROL,145,33.6,3
C Class,2017,17490,AUTOMATIC,31000,DIESEL,145,61.4,2.1
A Class,2016,13990,MANUAL,34000,DIESEL,30,62.8,2.1
A Class,2016,12990,MANUAL,35000,DIESEL,20,68.9,1.5
E Class,2015,13990,AUTOMATIC,34000,DIESEL,125,58.9,2.1
C Class,2014,12990,MANUAL,52000,DIESEL,20,68.9,2.1
CL Class,2014,12990,MANUAL,64000,PETROL,125,50.4,1.6
E Class,2014,12490,AUTOMATIC,59000,DIESEL,125,57.7,2.1
A Class,2018,15990,MANUAL,16000,PETROL,145,51.4,1.6
E Class,2017,18490,AUTOMATIC,23000,DIESEL,125,58.9,2.1
E Class,2017,20490,AUTOMATIC,30000,DIESEL,30,65.7,2
E Class,2016,16990,AUTOMATIC,67000,DIESEL,30,65.7,2
A Class,2015,11490,MANUAL,26000,DIESEL,20,70.6,1.5
C Class,2015,14490,AUTOMATIC,78000,DIESEL,30,64.2,2.1
E Class,2018,24990,AUTOMATIC,23000,DIESEL,145,57.7,2
E Class,2016,15990,AUTOMATIC,72000,DIESEL,30,65.7,2
C Class,2014,9990,AUTOMATIC,60000,DIESEL,145,53.3,2.1
E Class,2016,17990,AUTOMATIC,39000,DIESEL,30,65.7,2
C Class,2013,9490,AUTOMATIC,68000,DIESEL,145,53.3,2.1
C Class,2015,13990,AUTOMATIC,42000,DIESEL,20,65.7,2.1
C Class,2016,19990,AUTOMATIC,50000,DIESEL,30,65.7,2.1
A Class,2016,12990,MANUAL,45000,DIESEL,20,68.9,1.5
GL Class,2015,16990,AUTOMATIC,27000,DIESEL,125,55.4,2.1
C Class,2016,19990,AUTOMATIC,35000,DIESEL,20,67.3,2.1
CL Class,2015,15990,AUTOMATIC,52000,DIESEL,20,62.8,2.1
A Class,2016,15490,AUTOMATIC,35000,PETROL,125,52.3,1.6
A Class,2015,12490,MANUAL,35000,DIESEL,30,62.8,2.1
A Class,2016,13990,AUTOMATIC,40000,DIESEL,20,68.9,2.1
A Class,2014,10990,MANUAL,42000,DIESEL,20,70.6,1.5
GL Class,2016,27990,AUTOMATIC,36000,DIESEL,235,42.8,3
CL Class,2016,16990,AUTOMATIC,21000,DIESEL,20,70.6,2.1
CL Class,2016,13990,MANUAL,72000,PETROL,125,51.4,1.6
E Class,2013,12990,AUTOMATIC,43000,DIESEL,145,54.3,2.1
CL Class,2015,15990,AUTOMATIC,53000,DIESEL,30,62.8,2.1
C Class,2017,15990,AUTOMATIC,49000,DIESEL,145,61.4,2.1
E Class,2015,11990,AUTOMATIC,87000,DIESEL,125,57.7,2.1
A Class,2017,14990,MANUAL,29000,PETROL,145,49.6,1.6
A Class,2018,19990,AUTOMATIC,16000,DIESEL,145,67.3,1.5
CL Class,2018,21990,AUTOMATIC,17000,DIESEL,145,52.3,2.1
E Class,2013,11990,AUTOMATIC,50000,DIESEL,145,54.3,2.1
A Class,2015,11490,AUTOMATIC,83000,DIESEL,20,67.3,2.1
E Class,2015,16490,AUTOMATIC,31000,DIESEL,125,57.7,2.1
E Class,2018,23990,AUTOMATIC,24000,DIESEL,145,51.4,3
GL Class,2017,27990,AUTOMATIC,24000,DIESEL,200,47.9,2.1
C Class,2016,18990,AUTOMATIC,38000,DIESEL,30,65.7,2.1
E Class,2016,15490,AUTOMATIC,31000,DIESEL,125,61.4,2.1
A Class,2015,10490,AUTOMATIC,64000,DIESEL,20,68.9,1.5
C Class,2013,8990,AUTOMATIC,49000,PETROL,160,46.3,1.6
CL Class,2015,13990,AUTOMATIC,64000,DIESEL,20,67.3,2.1
E Class,2015,14990,AUTOMATIC,36000,DIESEL,125,61.4,2.1
A Class,2015,11490,MANUAL,49000,DIESEL,20,70.6,1.5
E Class,2015,14490,AUTOMATIC,39000,DIESEL,125,61.4,2.1
E Class,2017,23499,AUTOMATIC,21695,DIESEL,145,57.7,2
A Class,2015,12299,AUTOMATIC,46499,DIESEL,20,68.9,2.1
A Class,2016,15999,AUTOMATIC,34651,DIESEL,20,74.3,1.5
B Class,2014,7891,AUTOMATIC,76679,DIESEL,20,68.9,1.5
A Class,2016,13799,AUTOMATIC,26721,PETROL,30,55.4,1.6
A Class,2014,10620,AUTOMATIC,63212,DIESEL,30,65.7,1.8
C Class,2017,21999,AUTOMATIC,14709,PETROL,145,48.7,2
A Class,2014,11675,AUTOMATIC,63767,DIESEL,30,64.2,1.8
E Class,2015,16786,AUTOMATIC,45847,DIESEL,145,54.3,3
A Class,2018,19412,AUTOMATIC,4578,DIESEL,145,65.7,1.5
C Class,2014,15490,AUTOMATIC,50000,DIESEL,30,64.2,2.1
E Class,2017,19990,AUTOMATIC,25000,DIESEL,145,65.7,2
C Class,2017,20990,AUTOMATIC,18000,DIESEL,145,58.9,2.1
E Class,2016,14990,AUTOMATIC,59000,DIESEL,125,61.4,2.1
E Class,2015,11490,AUTOMATIC,86000,DIESEL,145,54.3,2.1
CL Class,2015,13490,AUTOMATIC,57000,DIESEL,20,67.3,2.1
CL Class,2016,16990,AUTOMATIC,36000,DIESEL,20,67.3,2.1
CL Class,2017,15990,AUTOMATIC,29000,DIESEL,145,67.3,2.1
C Class,2012,7990,AUTOMATIC,88000,DIESEL,145,53.3,2.1
C Class,2017,17990,AUTOMATIC,37000,DIESEL,30,64.2,2.1
A Class,2016,12990,AUTOMATIC,48000,DIESEL,20,74.3,1.5
E Class,2012,10505,AUTOMATIC,48613,DIESEL,145,55.4,2.1
A Class,2016,15699,MANUAL,24623,DIESEL,30,62.8,2.1
A Class,2016,15299,AUTOMATIC,20781,DIESEL,20,70.6,2.1
E Class,2013,15499,AUTOMATIC,36813,PETROL,260,37.2,3
CL Class,2016,17299,MANUAL,42473,DIESEL,20,67.3,2.1
A Class,2018,18299,AUTOMATIC,10944,PETROL,145,28.5,1.3
C Class,2017,16950,AUTOMATIC,22000,DIESEL,20,65.7,2.1
A Class,2015,14143,AUTOMATIC,52115,DIESEL,20,67.3,2.1
CL Class,2016,16400,MANUAL,37483,DIESEL,30,65.7,2.1
E Class,2017,18037,AUTOMATIC,61328,DIESEL,145,65.7,2
A Class,2016,12999,AUTOMATIC,44504,DIESEL,20,70.6,2.1
GL Class,2016,15395,MANUAL,46808,DIESEL,20,67.3,2.1
A Class,2017,14799,MANUAL,21147,PETROL,145,51.4,1.6
C Class,2017,16267,AUTOMATIC,27040,DIESEL,145,64.2,2.1
CL Class,2017,16999,AUTOMATIC,27375,DIESEL,145,67.3,2.1
CLS Class,2016,19999,AUTOMATIC,30422,DIESEL,145,56.5,2.1
GL Class,2015,15499,AUTOMATIC,45132,DIESEL,125,56.5,2.1
A Class,2017,13499,MANUAL,26402,DIESEL,145,72.4,1.5
C Class,2016,19450,MANUAL,17097,DIESEL,30,65.7,2.1
C Class,2017,21535,AUTOMATIC,21149,DIESEL,145,65.7,2.1
C Class,2017,20000,MANUAL,10500,DIESEL,145,62.8,2.1
A Class,2016,11849,MANUAL,27958,DIESEL,0,80.7,1.5
C Class,2016,15910,AUTOMATIC,71991,DIESEL,30,64.2,2.1
A Class,2015,12495,AUTOMATIC,24744,DIESEL,125,50.4,1.5
GL Class,2016,15999,MANUAL,30140,DIESEL,30,64.2,2.1
A Class,2016,14299,AUTOMATIC,45991,DIESEL,20,74.3,1.5
A Class,2017,16995,AUTOMATIC,22929,DIESEL,145,68.9,2.1
E Class,2016,19999,AUTOMATIC,16137,DIESEL,30,65.7,2
E Class,2016,19200,AUTOMATIC,27064,DIESEL,145,54.3,3
A Class,2019,20999,MANUAL,440,PETROL,145,45.6,1.3
CL Class,2015,23499,AUTOMATIC,58786,PETROL,200,39.8,2
GL Class,2015,15799,AUTOMATIC,27713,DIESEL,20,67.3,2.1
A Class,2016,14999,MANUAL,17971,PETROL,125,51.4,1.6
A Class,2015,10799,MANUAL,46966,PETROL,125,51.4,1.6
A Class,2016,17962,MANUAL,17502,PETROL,200,41.5,2
A Class,2014,10775,AUTOMATIC,57456,DIESEL,20,68.9,2.1
E Class,2013,12460,AUTOMATIC,47951,DIESEL,160,53.5,2.1
GL Class,2015,22806,AUTOMATIC,42332,PETROL,235,37.7,2
C Class,2016,14499,AUTOMATIC,33036,DIESEL,20,65.7,2.1
A Class,2014,12670,MANUAL,41700,DIESEL,30,62.8,2.1
A Class,2016,11999,MANUAL,46183,DIESEL,20,72.4,1.5
E Class,2012,8500,AUTOMATIC,94871,DIESEL,200,47.1,3
C Class,2018,23400,AUTOMATIC,9861,PETROL,145,46.3,1.5
C Class,2014,10999,AUTOMATIC,53386,DIESEL,145,56.5,2.1
CL Class,2017,16799,MANUAL,17749,DIESEL,145,67.3,2.1
A Class,2015,12699,MANUAL,34950,DIESEL,20,70.6,1.5
C Class,2015,16499,AUTOMATIC,31063,HYBRID,0,76.4,2.1
A Class,2017,19300,AUTOMATIC,25838,DIESEL,20,67.3,2.1
A Class,2017,15088,MANUAL,13837,DIESEL,145,68.9,1.5
E Class,2015,14490,AUTOMATIC,63000,DIESEL,125,56.5,2.1
GL Class,2015,16990,AUTOMATIC,45000,DIESEL,125,55.4,2.1
C Class,2015,13990,AUTOMATIC,71000,DIESEL,30,61.4,2.1
E Class,2013,12990,AUTOMATIC,56000,DIESEL,200,47.1,3
A Class,2016,13490,AUTOMATIC,39000,DIESEL,20,74.3,1.5
C Class,2014,11990,AUTOMATIC,50000,DIESEL,20,65.7,2.1
E Class,2013,11490,AUTOMATIC,50000,DIESEL,145,54.3,2.1
C Class,2016,18990,AUTOMATIC,23000,DIESEL,30,64.2,2.1
C Class,2015,13490,AUTOMATIC,52000,PETROL,125,52.3,2
E Class,2013,12990,AUTOMATIC,67000,DIESEL,200,47.1,3
B Class,2013,8990,AUTOMATIC,52000,DIESEL,30,60.1,1.8
C Class,2017,20990,AUTOMATIC,29000,DIESEL,145,58.9,2.1
CL Class,2016,14990,AUTOMATIC,35000,DIESEL,20,67.3,2.1
C Class,2017,15990,AUTOMATIC,53000,DIESEL,145,64.2,2.1
C Class,2014,12295,AUTOMATIC,32391,PETROL,160,44.8,1.6
C Class,2016,16000,MANUAL,39877,DIESEL,30,65.7,1.6
C Class,2016,14299,MANUAL,34246,DIESEL,20,65.7,2.1
E Class,2015,14995,AUTOMATIC,48641,DIESEL,125,61.4,2.1
A Class,2017,14799,MANUAL,25522,DIESEL,145,68.9,1.5
C Class,2016,14499,MANUAL,11638,DIESEL,20,70.6,2.1
A Class,2018,17399,AUTOMATIC,12564,DIESEL,145,68.9,2.1
C Class,2017,18865,AUTOMATIC,15021,DIESEL,145,64.2,2.1
E Class,2015,16350,AUTOMATIC,24041,DIESEL,145,56.5,2.1
GL Class,2017,29300,AUTOMATIC,28871,DIESEL,145,45.6,3
A Class,2017,12999,MANUAL,40563,DIESEL,145,72.4,1.5
C Class,2017,16958,AUTOMATIC,49243,DIESEL,30,61.4,2.1
C Class,2016,15999,AUTOMATIC,41614,DIESEL,20,64.2,2.1
CL Class,2016,16989,MANUAL,34726,PETROL,125,51.4,1.6
C Class,2014,14999,AUTOMATIC,42256,DIESEL,20,64.2,2.1
A Class,2017,15035,AUTOMATIC,28913,DIESEL,145,74.3,1.5
A Class,2018,21999,AUTOMATIC,5567,PETROL,145,53.3,1.3
C Class,2017,13499,MANUAL,23001,PETROL,125,53.3,2
C Class,2013,10190,AUTOMATIC,60841,DIESEL,145,53.3,2.1
GLA Class,2016,18700,SEMI-AUTO,25071,DIESEL,125,56.5,2.1
GL Class,2016,16499,AUTOMATIC,35333,DIESEL,30,64.2,2.1
A Class,2014,11949,AUTOMATIC,62155,DIESEL,30,64.2,1.8
CL Class,2013,12202,MANUAL,69008,PETROL,125,50.4,1.6
E Class,2013,10636,AUTOMATIC,58811,PETROL,200,42.2,1.8
C Class,2016,19499,AUTOMATIC,40313,HYBRID,0,134.5,2
C Class,2016,21499,AUTOMATIC,26741,DIESEL,30,65.7,2.1
A Class,2018,17799,AUTOMATIC,10172,PETROL,145,53.3,1.3
E Class,2017,24799,AUTOMATIC,7501,DIESEL,145,57.7,2
A Class,2016,14499,MANUAL,22181,DIESEL,20,68.9,1.5
C Class,2016,15999,AUTOMATIC,59211,HYBRID,0,134.5,2
E Class,2013,11229,AUTOMATIC,48684,DIESEL,125,58.9,2.1
C Class,2013,10999,AUTOMATIC,49085,DIESEL,145,53.3,2.1
C Class,2016,18499,AUTOMATIC,28696,HYBRID,0,134.5,2
CL Class,2016,21999,AUTOMATIC,11186,PETROL,160,46.3,2
A Class,2014,12799,AUTOMATIC,23657,DIESEL,20,68.9,2.1
M Class,2012,15299,AUTOMATIC,54632,DIESEL,200,44.8,2.1
C Class,2016,17999,AUTOMATIC,43003,HYBRID,0,74.3,2.1
GL Class,2014,13421,AUTOMATIC,66010,DIESEL,145,55.4,2.1
C Class,2016,16199,AUTOMATIC,35822,DIESEL,20,64.2,2.1
C Class,2017,17488,AUTOMATIC,29645,PETROL,125,52.3,2
A Class,2015,12199,MANUAL,34849,DIESEL,30,62.8,2.1
A Class,2013,10349,AUTOMATIC,50512,PETROL,145,50.4,1.6
E Class,2017,20274,AUTOMATIC,45186,DIESEL,145,70.6,2
C Class,2017,15999,AUTOMATIC,24518,DIESEL,145,65.7,2.1
C Class,2015,17130,AUTOMATIC,59549,HYBRID,0,76.4,2.1
C Class,2013,21999,AUTOMATIC,41866,PETROL,570,23.5,6.2
E Class,2016,15858,AUTOMATIC,64126,DIESEL,20,72.4,2
C Class,2016,16341,AUTOMATIC,61225,HYBRID,0,134.5,2
B Class,2017,11849,AUTOMATIC,70371,DIESEL,145,68.9,2.1
A Class,2016,13499,MANUAL,28121,DIESEL,30,65.7,2.1
GLA Class,2014,16889,AUTOMATIC,57706,DIESEL,150,55.4,2.1
CL Class,2015,17399,AUTOMATIC,14339,DIESEL,20,62.8,2.1
C Class,2015,14999,AUTOMATIC,52500,DIESEL,30,64.2,2.1
C Class,2014,11999,AUTOMATIC,50416,DIESEL,145,53.3,2.1
GL Class,2017,19299,AUTOMATIC,20117,DIESEL,145,64.2,2.1
C Class,2017,18728,AUTOMATIC,23683,PETROL,125,51.4,2
A Class,2016,14995,AUTOMATIC,27270,DIESEL,20,74.3,1.5
GL Class,2016,17999,AUTOMATIC,26511,DIESEL,125,56.5,2.1
C Class,2017,20200,AUTOMATIC,25449,DIESEL,145,67.3,2.1
C Class,2015,15800,AUTOMATIC,46959,HYBRID,0,76.4,2.1
GLA Class,2015,27444,AUTOMATIC,26177,PETROL,240,37.7,2
C Class,2018,26998,AUTOMATIC,15696,PETROL,150,44.1,2
B Class,2015,13998,AUTOMATIC,34739,DIESEL,125,56.5,2.1
E Class,2010,8850,AUTOMATIC,64723,DIESEL,200,45.6,3
A Class,2016,13119,MANUAL,20765,PETROL,125,51.4,1.6
A Class,2018,18249,AUTOMATIC,8074,DIESEL,145,68.9,2.1
A Class,2013,9499,AUTOMATIC,67581,DIESEL,30,65.7,1.8
C Class,2012,9124,AUTOMATIC,60586,DIESEL,145,56.5,2.1
A Class,2017,13849,MANUAL,18600,DIESEL,145,68.9,1.5
GL Class,2015,18199,AUTOMATIC,21210,DIESEL,125,56.5,2.1
GL Class,2014,15965,AUTOMATIC,34534,PETROL,200,42.8,2
SLK,2012,10499,AUTOMATIC,47800,DIESEL,145,56.5,2.1
E Class,2017,18999,AUTOMATIC,36738,DIESEL,145,65.7,2
C Class,2016,15999,AUTOMATIC,44617,DIESEL,30,64.2,2.1
C Class,2015,13599,AUTOMATIC,44598,DIESEL,30,64.2,2.1
A Class,2016,13499,MANUAL,19043,DIESEL,20,72.4,1.5
C Class,2015,15604,MANUAL,31435,DIESEL,30,64.2,2.1
C Class,2014,11750,AUTOMATIC,47183,DIESEL,145,56.5,2.1
C Class,2012,7573,MANUAL,59512,PETROL,200,42.2,1.8
A Class,2019,23498,AUTOMATIC,4000,DIESEL,145,56.5,2
C Class,2017,21998,AUTOMATIC,19242,DIESEL,145,67.3,2.1
E Class,2017,19498,AUTOMATIC,40470,DIESEL,20,72.4,2
E Class,2017,22998,AUTOMATIC,27542,DIESEL,30,65.7,2
GLA Class,2016,19998,AUTOMATIC,32501,DIESEL,125,56.5,2.1
E Class,2017,24248,AUTOMATIC,31000,DIESEL,30,70.6,2
E Class,2016,18498,AUTOMATIC,39947,DIESEL,145,56.5,2.1
C Class,2017,18998,AUTOMATIC,42986,DIESEL,145,61.4,2.1
GLE Class,2017,38248,AUTOMATIC,19300,DIESEL,145,39.2,3
G Class,2020,154998,AUTOMATIC,3000,PETROL,150,21.4,4
GLA Class,2016,19498,AUTOMATIC,13763,DIESEL,125,56.5,2.1
C Class,2019,27498,AUTOMATIC,41,PETROL,150,47.1,1.5
A Class,2017,19998,AUTOMATIC,37572,PETROL,150,45.6,2
SL CLASS,2017,20498,AUTOMATIC,27474,DIESEL,150,70.6,2.1
A Class,2014,10498,MANUAL,73000,DIESEL,0,78.5,1.5
C Class,2017,16798,AUTOMATIC,37158,DIESEL,20,64.2,2.1
V Class,2019,36998,AUTOMATIC,5500,DIESEL,145,45.6,2.1
A Class,2020,25998,MANUAL,1000,PETROL,145,44.8,1.3
E Class,2020,43498,AUTOMATIC,1000,DIESEL,145,41.5,2.9
C Class,2017,19498,AUTOMATIC,27236,DIESEL,30,64.2,2.1
V Class,2018,36498,AUTOMATIC,20527,DIESEL,145,45.6,2.1
CLA Class,2020,29498,AUTOMATIC,1000,PETROL,145,44.8,1.3
GLA Class,2020,27498,AUTOMATIC,1000,PETROL,145,37.2,1.6
GLC Class,2017,25498,AUTOMATIC,52554,DIESEL,125,56.5,2.1
GLC Class,2020,42998,AUTOMATIC,1000,PETROL,145,31.7,2
C Class,2020,34498,AUTOMATIC,3000,DIESEL,145,61.4,2
C Class,2020,33998,AUTOMATIC,2000,DIESEL,145,64.2,2
GLE Class,2020,53998,AUTOMATIC,1000,DIESEL,145,32.8,2.9
GLA Class,2020,25748,AUTOMATIC,1000,PETROL,145,37.2,1.6
GLC Class,2020,39998,AUTOMATIC,1000,PETROL,145,32.1,2
C Class,2020,33998,AUTOMATIC,2000,DIESEL,145,61.4,2
GLC Class,2017,31248,AUTOMATIC,34444,DIESEL,145,56.5,2.1
C Class,2019,24748,AUTOMATIC,13479,PETROL,145,47.1,1.5
A Class,2017,15978,AUTOMATIC,16500,DIESEL,145,74.3,1.5
GLC Class,2017,30998,AUTOMATIC,26865,DIESEL,150,56.5,2.1
GLS Class,2020,67899,AUTOMATIC,1000,DIESEL,150,30.4,2.9
A Class,2018,17998,AUTOMATIC,15724,DIESEL,145,70.6,2.1
GLC Class,2016,26498,AUTOMATIC,30000,DIESEL,125,56.5,2.1
GLC Class,2016,23988,AUTOMATIC,42045,DIESEL,125,56.5,2.1
A Class,2017,18998,MANUAL,22199,DIESEL,145,62.8,2.1
C Class,2017,21498,AUTOMATIC,26145,DIESEL,30,61.4,2.1
E Class,2017,21498,AUTOMATIC,23084,DIESEL,150,61.4,2
B Class,2018,19998,AUTOMATIC,4340,DIESEL,145,68.9,2.1
C Class,2016,19998,AUTOMATIC,40500,HYBRID,0,134.5,2
C Class,2019,31248,AUTOMATIC,4000,DIESEL,145,64.2,2
GLC Class,2016,22248,AUTOMATIC,32726,DIESEL,125,56.5,2.1
A Class,2020,26498,AUTOMATIC,2000,DIESEL,145,47.9,1.5
C Class,2015,10499,AUTOMATIC,79520,DIESEL,145,53.3,2.1
C Class,2016,19599,AUTOMATIC,38154,HYBRID,0,74.3,2.1
A Class,2017,16475,MANUAL,17500,DIESEL,145,62.8,2.1
B Class,2016,12499,MANUAL,11219,DIESEL,20,68.9,1.5
B Class,2016,11799,MANUAL,27421,DIESEL,20,68.9,1.5
C Class,2017,16999,MANUAL,12146,DIESEL,20,70.6,1.6
A Class,2016,13299,MANUAL,35883,DIESEL,20,72.4,1.5
E Class,2016,16999,AUTOMATIC,58280,DIESEL,20,72.4,2
B Class,2013,8899,AUTOMATIC,47000,PETROL,145,47.9,1.6
A Class,2019,18798,AUTOMATIC,11288,DIESEL,145,68.9,1.5
A Class,2017,19998,AUTOMATIC,22755,PETROL,145,45.6,2
CLA Class,2020,29998,AUTOMATIC,1000,PETROL,145,44.8,1.3
E Class,2020,50998,AUTOMATIC,2000,DIESEL,145,47.1,2.9
A Class,2019,19498,AUTOMATIC,6453,DIESEL,145,68.9,1.5
GLC Class,2017,23248,AUTOMATIC,22623,DIESEL,125,56.5,2.1
C Class,2018,19798,AUTOMATIC,38508,DIESEL,145,61.4,2.1
A Class,2017,26498,AUTOMATIC,33133,PETROL,200,40.9,2
E Class,2020,45498,AUTOMATIC,1000,DIESEL,145,42.8,2.9
C Class,2019,29498,AUTOMATIC,1000,PETROL,145,46.3,1.5
A Class,2019,24998,AUTOMATIC,3000,DIESEL,145,62.8,1.5
B Class,2019,25948,AUTOMATIC,3000,PETROL,145,44.8,1.3
GLE Class,2017,28498,AUTOMATIC,34236,DIESEL,145,42.8,3
E Class,2020,37998,AUTOMATIC,1000,DIESEL,145,70.6,2
GL Class,2015,16799,AUTOMATIC,40659,DIESEL,125,56.5,2.1
A Class,2013,12842,MANUAL,16311,PETROL,145,48.7,1.6
CL Class,2018,23500,AUTOMATIC,22741,DIESEL,145,52.3,2.1
E Class,2016,18799,AUTOMATIC,44739,DIESEL,30,65.7,2
A Class,2016,12999,MANUAL,22786,DIESEL,0,80.7,1.5
E Class,2013,12499,AUTOMATIC,18061,DIESEL,125,58.9,2.1
GL Class,2015,15999,AUTOMATIC,42073,DIESEL,125,55.4,2.1
CL Class,2016,17999,AUTOMATIC,18212,DIESEL,20,68.9,2.1
C Class,2015,13854,AUTOMATIC,75306,DIESEL,30,64.2,2.1
GLA Class,2015,16998,AUTOMATIC,28957,DIESEL,125,55.4,2.1
A Class,2017,17498,AUTOMATIC,15665,DIESEL,145,68.9,2.1
E Class,2017,21998,AUTOMATIC,21707,DIESEL,145,61.4,2
GLS Class,2017,39498,AUTOMATIC,25605,DIESEL,145,37.2,3
C Class,2019,24998,AUTOMATIC,2073,PETROL,145,45.6,1.5
E Class,2017,22498,AUTOMATIC,25827,DIESEL,145,61.4,2
E Class,2017,20498,AUTOMATIC,18330,DIESEL,145,72.4,2
S Class,2018,53000,AUTOMATIC,2001,PETROL,145,40.9,3
C Class,2019,27998,AUTOMATIC,5144,DIESEL,145,56.5,2
B Class,2018,17498,AUTOMATIC,9700,DIESEL,145,68.9,2.1
C Class,2017,21998,AUTOMATIC,30633,DIESEL,30,61.4,2.1
A Class,2018,16740,AUTOMATIC,23000,DIESEL,150,74.3,1.5
A Class,2016,13940,MANUAL,37531,DIESEL,20,68.9,1.5
CLS Class,2017,20790,AUTOMATIC,37150,DIESEL,145,57.7,2.1
B Class,2016,11490,MANUAL,58784,DIESEL,30,65.7,2.1
C Class,2016,13490,AUTOMATIC,99217,DIESEL,125,60.1,2.1
CL Class,2014,21970,AUTOMATIC,58114,PETROL,200,39.8,2
A Class,2018,16970,MANUAL,11447,PETROL,145,49.6,1.6
GLA Class,2016,16490,AUTOMATIC,60126,DIESEL,125,56.5,2.1
GLA Class,2017,16490,AUTOMATIC,40045,DIESEL,20,67.3,2.1
C Class,2008,5780,AUTOMATIC,67979,PETROL,260,34.9,1.8
M Class,2014,16940,AUTOMATIC,74869,DIESEL,205,44.8,2.1
B Class,2015,11440,AUTOMATIC,63000,DIESEL,20,68.9,2.1
C Class,2013,8940,AUTOMATIC,66869,DIESEL,125,57.7,2.1
CL Class,2016,14840,AUTOMATIC,73670,DIESEL,20,70.6,2.1
B Class,2017,13640,AUTOMATIC,52045,DIESEL,20,67.3,2.1
GLC Class,2016,19970,AUTOMATIC,67286,DIESEL,125,56.5,2.1
A Class,2014,13470,AUTOMATIC,31537,DIESEL,30,64.2,1.8
E Class,2017,17989,AUTOMATIC,58463,DIESEL,20,67.3,2
M Class,2015,19940,AUTOMATIC,50408,DIESEL,200,39.2,2.1
C Class,2018,17470,AUTOMATIC,22345,DIESEL,145,65.7,1.6
CL Class,2016,17970,SEMI-AUTO,32517,DIESEL,20,67.3,2.1
E Class,2016,18740,AUTOMATIC,12600,DIESEL,160,52.3,3
GLC Class,2018,24970,AUTOMATIC,19360,DIESEL,145,56.5,2.1
E Class,2016,14670,AUTOMATIC,62119,DIESEL,125,60.1,2.1
A Class,2015,14270,SEMI-AUTO,51364,DIESEL,20,68.9,2.1
E Class,2018,28970,AUTOMATIC,10310,DIESEL,150,57.7,2
E Class,2017,31997,AUTOMATIC,13553,PETROL,145,33.6,3
C Class,2010,4495,AUTOMATIC,106032,PETROL,205,39.8,1.8
GLA Class,2015,13970,SEMI-AUTO,70000,DIESEL,20,62.8,2.1
C Class,2015,14900,AUTOMATIC,35553,DIESEL,20,65.7,2.1
E Class,2013,13790,AUTOMATIC,33516,DIESEL,160,49.6,3
GLA Class,2015,15490,MANUAL,31978,DIESEL,20,64.2,2.1
GLA Class,2016,16490,AUTOMATIC,26145,DIESEL,30,64.2,2.1
CLA Class,2017,17590,AUTOMATIC,53159,DIESEL,125,58.9,2.1
GL Class,2017,19299,AUTOMATIC,15309,DIESEL,145,64.2,2.1
A Class,2013,8491,AUTOMATIC,97000,DIESEL,30,65.7,1.8
A Class,2015,8491,MANUAL,124000,DIESEL,20,70.6,1.5
E Class,2017,15491,AUTOMATIC,128000,DIESEL,150,65.7,2
C Class,2014,10393,AUTOMATIC,140000,DIESEL,30,62.8,2.1
C Class,2015,9793,MANUAL,113000,DIESEL,20,70.6,2.1
C Class,2015,11591,MANUAL,94000,DIESEL,20,68.9,2.1
C Class,2015,9791,MANUAL,90000,DIESEL,20,65.7,2.1
C Class,2015,10791,MANUAL,129000,DIESEL,20,68.9,2.1
A Class,2017,11393,MANUAL,103000,DIESEL,20,68.9,1.5
A Class,2016,13740,SEMI-AUTO,44062,PETROL,125,53.3,1.6
A Class,2012,11940,AUTOMATIC,46000,DIESEL,30,64.2,2.1
C Class,2017,14670,AUTOMATIC,51406,DIESEL,150,64.2,2.1
C Class,2015,15970,AUTOMATIC,81423,DIESEL,30,64.2,2.1
GLA Class,2017,18470,AUTOMATIC,24928,PETROL,145,48.7,1.6
A Class,2016,9891,MANUAL,116000,DIESEL,20,68.9,2.1
A Class,2015,7792,MANUAL,138000,DIESEL,20,68.9,2.1
C Class,2016,12392,AUTOMATIC,124000,DIESEL,20,64.2,2.1
CLA Class,2015,11493,MANUAL,120000,DIESEL,20,65.7,2.1
C Class,2017,13392,AUTOMATIC,102000,DIESEL,30,64.2,2.1
C Class,2015,9793,MANUAL,113000,DIESEL,20,70.6,2.1
CLA Class,2016,10993,MANUAL,91000,DIESEL,20,67.3,2.1
A Class,2013,8491,AUTOMATIC,97000,DIESEL,30,65.7,1.8
C Class,2016,11393,AUTOMATIC,128000,DIESEL,20,64.2,2.1
C Class,2015,8692,MANUAL,150000,DIESEL,20,68.9,2.1
C Class,2010,5993,AUTOMATIC,109000,DIESEL,265,42.8,3
GL Class,2015,17399,AUTOMATIC,23117,DIESEL,125,55.4,2.1
C Class,2016,14649,MANUAL,40049,DIESEL,20,70.6,1.6
A Class,2015,20749,AUTOMATIC,43509,PETROL,205,40.9,2
C Class,2017,14749,MANUAL,46526,DIESEL,20,70.6,1.6
A Class,2016,9891,MANUAL,116000,DIESEL,20,68.9,2.1
A Class,2013,7992,MANUAL,106000,DIESEL,30,62.8,1.8
A Class,2016,9391,MANUAL,108000,DIESEL,20,72.4,1.5
A Class,2015,10491,AUTOMATIC,94000,DIESEL,20,70.6,2.1
E Class,2015,10991,MANUAL,110000,DIESEL,125,60.1,2.1
C Class,2015,11591,MANUAL,94000,DIESEL,20,68.9,2.1
A Class,2016,10493,MANUAL,99000,DIESEL,30,65.7,2.1
A Class,2017,11393,MANUAL,103000,DIESEL,20,68.9,1.5
A Class,2013,8492,MANUAL,105000,DIESEL,30,62.8,1.8
A Class,2015,8491,MANUAL,124000,DIESEL,20,70.6,1.5
C Class,2014,10393,AUTOMATIC,140000,DIESEL,30,62.8,2.1
B Class,2009,3994,MANUAL,64000,DIESEL,145,52.3,2
C Class,2015,9392,MANUAL,108000,DIESEL,20,70.6,2.1
C Class,2015,10791,MANUAL,129000,DIESEL,20,68.9,2.1
C Class,2015,9791,MANUAL,90000,DIESEL,20,65.7,2.1
C Class,2014,15399,AUTOMATIC,20047,PETROL,125,52.3,2
A Class,2017,16199,AUTOMATIC,35969,DIESEL,145,74.3,1.5
C Class,2017,18999,AUTOMATIC,23555,DIESEL,145,61.4,2.1
A Class,2017,16799,MANUAL,14129,PETROL,145,49.6,1.6
E Class,2013,11119,AUTOMATIC,62947,DIESEL,125,58.9,2.1
A Class,2015,11479,MANUAL,84521,DIESEL,30,62.8,2.1
A Class,2016,17999,AUTOMATIC,13660,PETROL,125,52.3,1.6
C Class,2018,19949,AUTOMATIC,28059,DIESEL,145,61.4,2.1
A Class,2016,15650,AUTOMATIC,31976,DIESEL,20,74.3,1.5
A Class,2014,10649,MANUAL,44140,DIESEL,0,78.5,1.5
A Class,2018,15799,AUTOMATIC,24969,DIESEL,145,70.6,2.1
A Class,2017,15499,MANUAL,20645,DIESEL,145,68.9,1.5
A Class,2018,17999,AUTOMATIC,12168,DIESEL,145,68.9,2.1
C Class,2018,24499,AUTOMATIC,11881,DIESEL,145,58.9,2.1
GLC Class,2017,25998,AUTOMATIC,35224,DIESEL,125,56.5,2.1
C Class,2017,24948,AUTOMATIC,10597,DIESEL,145,65.7,2.1
A Class,2017,17498,AUTOMATIC,48931,DIESEL,20,68.9,2.1
C Class,2017,20988,AUTOMATIC,15072,DIESEL,30,64.2,1.6
C Class,2017,24998,AUTOMATIC,20118,PETROL,160,43.5,2
A Class,2016,14999,AUTOMATIC,28201,PETROL,125,52.3,1.6
A Class,2018,16699,MANUAL,14779,PETROL,145,51.4,1.6
E Class,2016,14999,AUTOMATIC,67162,DIESEL,125,61.4,2.1
A Class,2017,14599,MANUAL,13869,DIESEL,145,80.7,1.5
C Class,2015,13999,AUTOMATIC,42492,DIESEL,20,65.7,2.1
A Class,2018,15799,AUTOMATIC,22971,DIESEL,145,70.6,2.1
A Class,2016,13599,AUTOMATIC,29214,PETROL,125,53.3,1.6
GL Class,2017,19499,AUTOMATIC,18345,DIESEL,145,67.3,2.1
E Class,2013,12299,AUTOMATIC,88991,DIESEL,200,47.1,3
A Class,2015,11499,AUTOMATIC,40373,DIESEL,0,70.6,1.5
C Class,2018,18699,AUTOMATIC,37763,DIESEL,145,61.4,2.1
A Class,2017,15993,AUTOMATIC,9756,DIESEL,145,74.3,1.5
GL Class,2018,18258,MANUAL,24166,PETROL,145,48.7,1.6
C Class,2015,20000,AUTOMATIC,12050,DIESEL,30,64.2,2.1
C Class,2017,21499,AUTOMATIC,11136,DIESEL,145,61.4,2.1
C Class,2018,21498,AUTOMATIC,12123,DIESEL,145,60.1,2.1
E Class,2018,22999,AUTOMATIC,14995,DIESEL,145,61.4,2
C Class,2017,17999,AUTOMATIC,49859,HYBRID,135,78.5,2.1
A Class,2017,15499,MANUAL,23697,DIESEL,145,68.9,1.5
C Class,2013,8751,AUTOMATIC,69493,DIESEL,145,56.5,2.1
CL Class,2018,16499,AUTOMATIC,76640,DIESEL,145,70.6,2.1
GL Class,2017,24999,AUTOMATIC,25462,DIESEL,145,56.5,2.1
A Class,2017,13499,AUTOMATIC,48866,DIESEL,0,76.4,1.5
A Class,2017,17295,AUTOMATIC,15686,PETROL,145,53.3,1.6
A Class,2017,14999,MANUAL,31350,DIESEL,145,68.9,1.5
E Class,2006,2995,AUTOMATIC,137827,DIESEL,325,34.9,3
C Class,2008,4295,AUTOMATIC,112455,DIESEL,260,42.2,2.1
C Class,2015,16395,AUTOMATIC,44086,DIESEL,125,60.1,2.1
M Class,2013,16490,AUTOMATIC,70710,DIESEL,300,39.2,3
C Class,2015,12490,MANUAL,68600,DIESEL,20,68.9,2.1
C Class,2010,4990,MANUAL,97717,PETROL,200,43.5,1.6
E Class,2014,11990,AUTOMATIC,68835,DIESEL,125,58.9,2.1
E Class,2015,27985,AUTOMATIC,40988,PETROL,565,29.1,5.5
C Class,2013,9685,AUTOMATIC,76950,DIESEL,145,53.3,2.1
A Class,2017,12988,AUTOMATIC,44941,DIESEL,20,74.3,1.5
C Class,2016,16499,AUTOMATIC,28392,DIESEL,30,62.8,2.1
E Class,2011,11230,AUTOMATIC,47516,DIESEL,235,44.1,3
C Class,2016,16326,AUTOMATIC,52819,HYBRID,0,134.5,2
E Class,2017,21999,AUTOMATIC,11330,DIESEL,30,61.4,2
C Class,2018,20299,AUTOMATIC,11498,DIESEL,145,61.4,2.1
A Class,2018,17599,AUTOMATIC,16371,DIESEL,145,65.7,1.5
GL Class,2016,19699,AUTOMATIC,16489,DIESEL,125,56.5,2.1
E Class,2017,17999,AUTOMATIC,41105,DIESEL,145,72.4,2
A Class,2016,16699,MANUAL,23052,DIESEL,20,68.9,1.5
B Class,2015,10999,AUTOMATIC,54349,DIESEL,30,60.1,1.8
A Class,2017,16999,MANUAL,8771,DIESEL,145,68.9,1.5
CL Class,2016,17499,AUTOMATIC,50303,DIESEL,20,70.6,2.1
A Class,2016,13999,MANUAL,34033,DIESEL,20,68.9,1.5
A Class,2016,14899,MANUAL,17204,DIESEL,20,68.9,1.5
A Class,2015,14599,AUTOMATIC,19227,DIESEL,20,70.6,2.1
A Class,2018,17244,AUTOMATIC,30817,DIESEL,145,65.7,1.5
B Class,2018,18999,AUTOMATIC,9321,DIESEL,145,56.5,2.1
C Class,2016,17999,AUTOMATIC,42569,DIESEL,30,61.4,2.1
C Class,2014,15999,AUTOMATIC,31690,DIESEL,30,64.2,2.1
A Class,2013,11799,AUTOMATIC,18487,PETROL,125,52.3,1.6
GLE Class,2019,43900,AUTOMATIC,31,DIESEL,150,36.7,2
C Class,2016,20191,AUTOMATIC,47651,DIESEL,30,65.7,2.1
GLC Class,2019,34400,AUTOMATIC,6940,DIESEL,145,44.8,2
A Class,2019,97900,AUTOMATIC,163,PETROL,145,30.1,4
A Class,2017,16499,AUTOMATIC,40381,DIESEL,20,74.3,1.5
A Class,2015,12199,AUTOMATIC,42624,DIESEL,20,68.9,2.1
C Class,2016,15999,AUTOMATIC,37982,PETROL,125,52.3,2
CL Class,2013,15499,AUTOMATIC,52746,DIESEL,30,62.8,2.1
C Class,2017,20249,AUTOMATIC,22011,DIESEL,145,61.4,2.1
A Class,2016,11599,MANUAL,54045,DIESEL,20,72.4,1.5
CL Class,2016,17499,AUTOMATIC,52468,DIESEL,20,67.3,2.1
A Class,2016,13999,MANUAL,52443,DIESEL,30,62.8,2.1
E Class,2018,22691,AUTOMATIC,16806,DIESEL,145,61.4,2
C Class,2018,21691,AUTOMATIC,3314,PETROL,145,44.1,1.5
C Class,2019,22291,AUTOMATIC,5266,PETROL,145,45.6,1.5
GLE Class,2018,31991,AUTOMATIC,30339,DIESEL,145,42.8,3
S Class,2016,27491,AUTOMATIC,54318,DIESEL,200,47.9,3
A Class,2017,18991,AUTOMATIC,13667,PETROL,125,52.3,1.6
CLA Class,2019,26991,AUTOMATIC,3439,PETROL,145,40.9,2
C Class,2017,18991,AUTOMATIC,34682,DIESEL,30,61.4,2.1
GLE Class,2019,51991,AUTOMATIC,8341,PETROL,145,29.5,3
CLA Class,2020,32900,AUTOMATIC,2700,PETROL,145,44.8,1.3
CL Class,2016,17299,AUTOMATIC,50282,DIESEL,20,67.3,2.1
A Class,2016,13499,AUTOMATIC,15722,DIESEL,20,74.3,1.5
GL Class,2016,14499,AUTOMATIC,53167,DIESEL,20,67.3,2.1
A Class,2016,11999,MANUAL,58223,DIESEL,20,72.4,1.5
C Class,2017,15699,AUTOMATIC,33569,PETROL,125,53.3,2
GL Class,2015,14799,AUTOMATIC,42254,DIESEL,20,62.8,2.1
E Class,2012,8999,AUTOMATIC,83763,DIESEL,145,55.4,2.1
A Class,2016,11999,MANUAL,40276,DIESEL,0,80.7,1.5
E Class,2012,8238,AUTOMATIC,60178,DIESEL,145,55.4,2.1
GL Class,2016,18999,AUTOMATIC,20617,DIESEL,125,56.5,2.1
C Class,2018,15489,MANUAL,36000,PETROL,150,53.3,2
CLS Class,2012,21749,AUTOMATIC,46283,PETROL,555,28.5,5.5
C Class,2017,16489,AUTOMATIC,62480,DIESEL,30,60.1,2.1
M Class,2015,19940,AUTOMATIC,49355,DIESEL,200,46.3,2.1
A Class,2017,13570,AUTOMATIC,79260,DIESEL,20,68.9,2.1
CL Class,2015,13940,MANUAL,82732,PETROL,125,50.4,1.6
A Class,2015,9940,MANUAL,69010,DIESEL,20,72.4,1.5
A Class,2014,11340,AUTOMATIC,53484,DIESEL,20,68.9,2.1
A Class,2016,13999,AUTOMATIC,43225,DIESEL,20,74.3,1.5
E Class,2011,8899,AUTOMATIC,68625,DIESEL,200,45.6,3
C Class,2019,19999,AUTOMATIC,15024,DIESEL,145,64.2,2.1
GL Class,2016,24495,AUTOMATIC,25285,DIESEL,125,56.5,2.1
E Class,2016,17799,AUTOMATIC,26234,DIESEL,20,72.4,2
A Class,2017,16299,AUTOMATIC,23857,DIESEL,145,74.3,1.5
GL Class,2017,26499,AUTOMATIC,8442,DIESEL,145,56.5,2.1
GL Class,2014,17699,AUTOMATIC,5007,DIESEL,145,55.4,2.1
A Class,2015,10985,MANUAL,59875,DIESEL,20,70.6,1.5
A Class,2017,14486,MANUAL,55094,DIESEL,145,68.9,1.5
A Class,2016,15599,AUTOMATIC,32246,DIESEL,20,68.9,2.1
SL CLASS,2017,36900,AUTOMATIC,31286,PETROL,145,36.7,3
E Class,2017,18900,AUTOMATIC,45000,DIESEL,20,72.4,2
CLA Class,2017,18900,AUTOMATIC,18550,DIESEL,145,70.6,2.1
B Class,2015,11900,AUTOMATIC,32236,DIESEL,20,70.6,1.5
C Class,2015,15400,AUTOMATIC,56118,DIESEL,30,61.4,2.1
C Class,2020,41900,AUTOMATIC,1000,PETROL,150,28.8,3
SLK,2014,14900,AUTOMATIC,40230,DIESEL,150,56.5,3
SLK,2015,17900,AUTOMATIC,13000,DIESEL,150,56.5,2.1
A Class,2017,15739,AUTOMATIC,13049,DIESEL,145,74.3,1.5
A Class,2016,17999,AUTOMATIC,28530,DIESEL,125,58.9,2.1
C Class,2014,13799,AUTOMATIC,78966,DIESEL,30,64.2,2.1
C Class,2017,17499,AUTOMATIC,28609,HYBRID,135,134.5,2
A Class,2016,13299,MANUAL,44553,DIESEL,20,68.9,1.5
C Class,2016,18268,AUTOMATIC,24227,DIESEL,30,64.2,2.1
CL Class,2016,18000,AUTOMATIC,65706,DIESEL,125,58.9,2.1
A Class,2016,18899,AUTOMATIC,21362,PETROL,160,45.6,2
E Class,2015,14699,AUTOMATIC,41244,DIESEL,125,58.9,2.1
CLS Class,2013,10200,AUTOMATIC,71004,DIESEL,145,55,2.1
C Class,2017,18999,AUTOMATIC,35649,DIESEL,30,61.4,2.1
A Class,2018,19499,AUTOMATIC,10413,DIESEL,145,67.3,1.5
A Class,2013,8699,MANUAL,70243,DIESEL,20,72.4,1.5
E Class,2015,25499,AUTOMATIC,42422,PETROL,555,28.8,5.5
A Class,2015,11234,MANUAL,30100,DIESEL,20,72.4,1.5
C Class,2018,16799,AUTOMATIC,29970,PETROL,145,50.4,2
GLC Class,2017,25991,AUTOMATIC,17371,DIESEL,145,56.5,2.1
B Class,2019,22991,MANUAL,3003,PETROL,145,44.8,1.3
A Class,2019,19491,AUTOMATIC,7057,DIESEL,145,68.9,1.5
E Class,2019,39491,AUTOMATIC,4701,PETROL,145,32.1,3
C Class,2019,29998,AUTOMATIC,50,PETROL,145,45.6,1.5
A Class,2015,59991,AUTOMATIC,20750,PETROL,325,30.1,4
GLE Class,2019,48291,AUTOMATIC,10835,PETROL,145,30.1,3
GLC Class,2018,28491,AUTOMATIC,11763,DIESEL,145,56.5,2.1
S Class,2018,51991,AUTOMATIC,10842,PETROL,145,40.9,3
S Class,2019,56900,AUTOMATIC,12000,HYBRID,140,100.9,3
C Class,2017,20988,AUTOMATIC,30728,PETROL,145,47.1,2
SL CLASS,2017,18900,MANUAL,28465,PETROL,160,43.5,2
C Class,2017,22400,AUTOMATIC,25000,PETROL,150,47.1,2
A Class,2020,33900,AUTOMATIC,345,HYBRID,140,1.1,1.3
E Class,2017,22900,AUTOMATIC,26000,DIESEL,150,58.9,2
GLS Class,2017,39900,AUTOMATIC,19761,DIESEL,300,37.2,3
E Class,2018,31900,AUTOMATIC,5003,PETROL,145,40.4,2
C Class,2017,20700,AUTOMATIC,23434,PETROL,150,48.7,2
A Class,2016,12900,MANUAL,31000,DIESEL,20,72.4,1.5
C Class,2019,28991,AUTOMATIC,4000,PETROL,145,44.8,1.6
GLA Class,2017,17991,MANUAL,22007,PETROL,145,48.7,1.6
GLA Class,2018,22991,AUTOMATIC,13415,PETROL,145,42.8,2
C Class,2018,21691,AUTOMATIC,13910,DIESEL,145,61.4,2.1
CLA Class,2014,16991,AUTOMATIC,34222,DIESEL,30,62.8,2.1
C Class,2018,24991,AUTOMATIC,6001,PETROL,145,52.3,2
C Class,2019,24992,AUTOMATIC,8238,PETROL,145,44.1,1.5
A Class,2017,15591,AUTOMATIC,13803,DIESEL,20,74.3,1.5
GLA Class,2017,18991,AUTOMATIC,30112,PETROL,145,43.5,2
E Class,2017,20991,AUTOMATIC,28194,DIESEL,20,72.4,2
CLA Class,2016,14991,MANUAL,48292,PETROL,125,51.4,1.6
A Class,2020,28900,AUTOMATIC,1060,PETROL,145,53.3,1.3
CLA Class,2019,25491,AUTOMATIC,9054,DIESEL,145,51.4,2.1
GLC Class,2017,25291,AUTOMATIC,29312,DIESEL,125,56.5,2.1
GLA Class,2017,18391,AUTOMATIC,40130,DIESEL,145,56.5,2.1
A Class,2018,18991,AUTOMATIC,7519,DIESEL,145,68.9,1.5
A Class,2016,16091,AUTOMATIC,37172,DIESEL,20,68.9,2.1
C Class,2016,18291,AUTOMATIC,26401,HYBRID,0,76.4,2.1
E Class,2020,40900,AUTOMATIC,3500,DIESEL,145,42.8,2
CLA Class,2020,54900,AUTOMATIC,3600,PETROL,145,33.2,2
C Class,2019,31400,AUTOMATIC,2200,DIESEL,145,64.2,2
C Class,2019,32900,AUTOMATIC,3000,DIESEL,145,64.2,2
B Class,2019,27900,AUTOMATIC,2600,DIESEL,145,55.4,2
S Class,2016,25400,AUTOMATIC,40000,DIESEL,165,50.4,3
SLK,2015,14900,AUTOMATIC,48489,PETROL,150,47.9,2
A Class,2016,13900,MANUAL,47275,PETROL,125,51.4,1.6
C Class,2015,15400,AUTOMATIC,41000,DIESEL,30,64.2,2.1
E Class,2019,48900,AUTOMATIC,50,PETROL,145,32.1,3
GLB Class,2020,37400,AUTOMATIC,50,DIESEL,145,46.3,2
A Class,2016,13900,MANUAL,31400,DIESEL,30,65.7,2.1
GLC Class,2016,27900,AUTOMATIC,73358,PETROL,300,34,3
B Class,2020,25900,AUTOMATIC,1600,DIESEL,145,55.4,2
A Class,2020,24900,AUTOMATIC,400,PETROL,145,28.5,1.3
A Class,2020,27900,AUTOMATIC,500,DIESEL,145,56.5,2
C Class,2020,39900,AUTOMATIC,600,DIESEL,145,55.4,2
C Class,2020,35900,AUTOMATIC,3000,DIESEL,145,61.4,2
E Class,2017,17698,AUTOMATIC,45093,DIESEL,20,72.4,2
E Class,2017,27400,AUTOMATIC,17045,PETROL,145,40.4,2
C Class,2018,22900,AUTOMATIC,6200,PETROL,140,47.1,1.5
C Class,2017,21900,AUTOMATIC,23665,DIESEL,145,61.4,2.1
C Class,2019,27400,AUTOMATIC,348,DIESEL,145,61.4,2
C Class,2017,18691,AUTOMATIC,48618,DIESEL,30,64.2,2.1
A Class,2017,16591,AUTOMATIC,24321,DIESEL,145,74.3,1.5
C Class,2017,19991,AUTOMATIC,20843,PETROL,145,48.7,2
A Class,2017,14391,AUTOMATIC,45739,DIESEL,20,74.3,1.5
E Class,2019,43900,AUTOMATIC,50,PETROL,145,32.9,2
B Class,2019,23900,AUTOMATIC,2502,PETROL,145,44.8,1.3
A Class,2017,17300,AUTOMATIC,24154,DIESEL,20,68.9,2.1
GLS Class,2017,39900,AUTOMATIC,17000,DIESEL,305,37.2,3
E Class,2019,32900,AUTOMATIC,3646,DIESEL,150,57.7,2
GLC Class,2017,24900,AUTOMATIC,51380,DIESEL,125,56.5,2.1
B Class,2016,13900,AUTOMATIC,51933,PETROL,125,51.4,1.6
C Class,2017,23700,AUTOMATIC,19832,DIESEL,125,61.4,2.1
GLA Class,2016,18991,AUTOMATIC,37482,DIESEL,125,56.5,2.1
GLA Class,2015,17991,AUTOMATIC,32964,DIESEL,125,55.4,2.1
E Class,2016,18391,AUTOMATIC,38198,DIESEL,20,72.4,2
E Class,2016,18691,AUTOMATIC,30168,DIESEL,20,72.4,2
A Class,2019,22691,AUTOMATIC,8000,DIESEL,145,62.8,1.5
A Class,2016,15900,AUTOMATIC,31281,DIESEL,20,68.9,2.1
GLE Class,2017,27998,AUTOMATIC,29292,DIESEL,150,47.9,2.1
E Class,2016,17691,AUTOMATIC,18895,DIESEL,20,72.4,2
C Class,2016,19900,AUTOMATIC,3000,PETROL,125,51.4,2
GLA Class,2019,25400,AUTOMATIC,3000,PETROL,150,35.8,1.6
C Class,2019,26291,AUTOMATIC,6084,DIESEL,145,61.4,2
GLA Class,2018,22991,AUTOMATIC,11265,PETROL,145,42.8,2
C Class,2017,21291,AUTOMATIC,10398,PETROL,145,41.5,2
A Class,2016,15291,AUTOMATIC,18217,DIESEL,20,68.9,2.1
E Class,2019,35995,AUTOMATIC,2000,DIESEL,145,70.6,2
GLC Class,2019,28490,AUTOMATIC,15900,PETROL,150,43.5,2
E Class,2016,18695,AUTOMATIC,18335,DIESEL,150,56.5,2.1
B Class,2017,12760,MANUAL,21082,DIESEL,150,68.9,1.5
GLC Class,2017,23895,AUTOMATIC,47581,DIESEL,125,56.5,2.1
SL CLASS,2017,20995,AUTOMATIC,12591,PETROL,150,47.9,2
B Class,2019,23795,AUTOMATIC,1500,PETROL,150,44.1,1.3
GLC Class,2017,27995,AUTOMATIC,28500,DIESEL,150,56.5,2.1
C Class,2014,12495,AUTOMATIC,20000,PETROL,165,44.8,1.6
C Class,2018,15999,AUTOMATIC,26930,PETROL,145,50.4,2
CL Class,2016,17999,MANUAL,32018,DIESEL,20,67.3,2.1
A Class,2016,12732,AUTOMATIC,45526,DIESEL,20,74.3,1.5
E Class,2015,18464,AUTOMATIC,26275,PETROL,160,46.3,2
C Class,2013,9000,AUTOMATIC,56544,DIESEL,145,56.5,2.1
CL Class,2016,15999,AUTOMATIC,30185,DIESEL,20,67.3,2.1
C Class,2017,18999,AUTOMATIC,23637,DIESEL,145,64.2,2.1
E Class,2015,13499,AUTOMATIC,74808,DIESEL,125,60.1,2.1
B Class,2016,11499,MANUAL,19590,DIESEL,20,70.6,1.5
A Class,2018,17999,AUTOMATIC,4136,DIESEL,145,70.6,2.1
A Class,2016,12999,MANUAL,56986,DIESEL,30,62.8,2.1
GL Class,2017,17999,AUTOMATIC,47424,DIESEL,125,56.5,2.1
CLS Class,2015,18499,AUTOMATIC,23446,DIESEL,125,57.7,2.1
GL Class,2015,19499,AUTOMATIC,14295,DIESEL,125,55.4,2.1
C Class,2015,15899,AUTOMATIC,48361,HYBRID,0,134.5,2
180,2014,10799,MANUAL,39240,DIESEL,20,72.4,1.5
E Class,2009,6999,AUTOMATIC,114000,DIESEL,235,44.1,2.1
C Class,2013,11499,AUTOMATIC,69900,DIESEL,140,56.5,2.1
C Class,2008,5999,AUTOMATIC,91000,DIESEL,230,42.2,2.1
E Class,2013,11950,AUTOMATIC,48872,DIESEL,205,47.1,3
C Class,2018,23995,AUTOMATIC,7200,PETROL,145,40.4,2
S Class,2016,26495,AUTOMATIC,75000,DIESEL,160,50.4,3
CLS Class,2016,19495,AUTOMATIC,20500,DIESEL,125,57.7,2.1
C Class,2016,16000,AUTOMATIC,34972,DIESEL,30,65.7,1.6
C Class,2017,21489,AUTOMATIC,19878,DIESEL,145,67.3,2.1
A Class,2016,10699,MANUAL,57924,DIESEL,0,80.7,1.5
A Class,2016,14499,MANUAL,27240,DIESEL,20,68.9,1.5
C Class,2013,8799,AUTOMATIC,57172,DIESEL,30,64.2,2.1
GL Class,2016,16299,MANUAL,9780,DIESEL,20,67.3,2.1
E Class,2015,12295,AUTOMATIC,81720,DIESEL,125,60.1,2.1
C Class,2016,15000,AUTOMATIC,85040,HYBRID,0,122.8,2
CLA Class,2015,14295,AUTOMATIC,50510,DIESEL,20,68.9,2.1
C Class,2015,12295,AUTOMATIC,81940,HYBRID,0,78.5,2.1
C Class,2015,10500,MANUAL,82230,DIESEL,20,65.7,2.1
CLA Class,2014,12795,MANUAL,82580,DIESEL,30,64.2,1.8
A Class,2014,10000,MANUAL,55000,DIESEL,20,72.4,1.5
GLA Class,2015,13000,AUTOMATIC,101060,DIESEL,125,55.4,2.1
A Class,2018,17699,AUTOMATIC,17237,DIESEL,150,74.3,1.5
C Class,2016,17699,AUTOMATIC,14183,PETROL,125,51.4,2
A Class,2017,29995,AUTOMATIC,7000,PETROL,145,40.9,2
GL Class,2015,17721,AUTOMATIC,39970,DIESEL,125,55.4,2.1
A Class,2016,16999,MANUAL,30258,DIESEL,30,62.8,2.1
M Class,2013,18999,AUTOMATIC,27932,DIESEL,200,44.8,2.1
A Class,2016,14868,MANUAL,24658,DIESEL,20,68.9,1.5
C Class,2017,17249,AUTOMATIC,27814,PETROL,125,51.4,2
GL Class,2015,17949,AUTOMATIC,18758,DIESEL,125,55.4,2.1
C Class,2016,22900,AUTOMATIC,33821,DIESEL,30,65.7,2.1
A Class,2014,10528,MANUAL,48218,DIESEL,20,72.4,1.5
A Class,2016,13399,MANUAL,15307,PETROL,125,51.4,1.6
A Class,2016,15339,MANUAL,19046,DIESEL,20,68.9,1.5
A Class,2016,9895,MANUAL,105430,DIESEL,20,72.4,1.5
E Class,2014,13000,AUTOMATIC,76890,DIESEL,145,54.3,3
A Class,2016,12795,AUTOMATIC,80470,DIESEL,20,68.9,2.1
B Class,2014,9695,AUTOMATIC,49480,DIESEL,30,64.2,1.5
C Class,2015,13999,AUTOMATIC,79779,HYBRID,0,134.5,2
A Class,2013,12000,AUTOMATIC,60369,DIESEL,30,64.2,2.1
A Class,2014,11699,AUTOMATIC,60143,DIESEL,20,64.2,2.1
A Class,2015,11199,AUTOMATIC,86662,DIESEL,20,64.2,2.1
E Class,2015,13499,AUTOMATIC,71496,DIESEL,160,51.4,2.1
E Class,2016,15499,AUTOMATIC,48031,DIESEL,125,56.5,2.1
C Class,2018,22995,AUTOMATIC,19044,HYBRID,135,134.5,2
A Class,2017,13222,AUTOMATIC,47657,DIESEL,150,76.4,1.5
A Class,2015,10999,AUTOMATIC,70571,DIESEL,20,68.9,1.5
A Class,2013,11651,AUTOMATIC,61001,DIESEL,30,64.2,1.8
A Class,2012,9199,MANUAL,44387,DIESEL,0,74.3,1.5
A Class,2013,10495,AUTOMATIC,69197,DIESEL,30,64.2,1.8
C Class,2015,11695,MANUAL,103820,DIESEL,20,68.9,2.1
E Class,2015,15991,AUTOMATIC,36705,DIESEL,150,54.3,3
E Class,2015,18995,AUTOMATIC,7315,DIESEL,160,50.4,3
E Class,2015,18995,AUTOMATIC,7315,DIESEL,160,50.4,3
E Class,2015,18995,AUTOMATIC,7315,DIESEL,160,50.4,3
GLA Class,2015,15695,AUTOMATIC,36105,DIESEL,150,55.4,2.1
C Class,2016,13000,AUTOMATIC,82590,DIESEL,20,64.2,2.1
A Class,2015,11295,AUTOMATIC,86890,DIESEL,20,64.2,2.1
CLA Class,2016,13295,AUTOMATIC,82100,DIESEL,20,67.3,2.1
A Class,2013,11195,AUTOMATIC,69950,DIESEL,30,64.2,1.8
A Class,2016,14995,AUTOMATIC,31800,PETROL,125,53.3,1.6
C Class,2014,13498,AUTOMATIC,28759,DIESEL,150,54.3,2.1
A Class,2015,10998,AUTOMATIC,79131,DIESEL,20,70.6,1.5
GLA Class,2016,19395,AUTOMATIC,34000,DIESEL,125,56.5,2.1
CLS Class,2019,39995,AUTOMATIC,30000,DIESEL,150,47.9,2.9
V Class,2018,32748,AUTOMATIC,12392,DIESEL,145,45.6,2.1
C Class,2019,25495,AUTOMATIC,4040,PETROL,145,44.1,1.6
E Class,2019,44995,AUTOMATIC,1842,DIESEL,145,47.1,2.9
GLA Class,2015,16250,AUTOMATIC,47851,DIESEL,125,55.4,2.1
C Class,2016,14795,AUTOMATIC,99470,DIESEL,30,61.4,2.1
GLE Class,2017,28998,AUTOMATIC,30854,DIESEL,200,47.9,2.1
A Class,2018,18298,MANUAL,25000,DIESEL,145,68.9,1.5
GLA Class,2015,18298,AUTOMATIC,34066,DIESEL,125,55.4,2.1
E Class,2013,13798,AUTOMATIC,45000,DIESEL,125,57.7,2.1
A Class,2016,16798,AUTOMATIC,43586,DIESEL,20,74.3,1.5
E Class,2019,58298,AUTOMATIC,13493,PETROL,145,32.1,4
A Class,2017,27248,AUTOMATIC,26155,PETROL,145,40.9,2
E Class,2016,19248,AUTOMATIC,42868,DIESEL,145,53.3,3
GLE Class,2020,50995,AUTOMATIC,20,DIESEL,145,36.7,2
A Class,2015,13469,MANUAL,36050,DIESEL,30,62.8,2.1
C Class,2016,18400,AUTOMATIC,23907,DIESEL,125,60.1,2.1
GL Class,2015,15499,MANUAL,27142,DIESEL,20,67.3,2.1
GL Class,2016,16917,AUTOMATIC,29834,DIESEL,30,64.2,2.1
E Class,2016,14989,AUTOMATIC,86627,DIESEL,20,72.4,2
C Class,2018,16999,AUTOMATIC,26329,PETROL,145,50.4,2
CL Class,2015,14906,MANUAL,29500,PETROL,125,51.4,1.6
A Class,2013,12499,MANUAL,51896,DIESEL,125,61.4,1.8
GLB Class,2020,44298,AUTOMATIC,20,DIESEL,145,44.8,2
C Class,2018,18998,AUTOMATIC,15000,DIESEL,145,64.2,2.1
A Class,2016,25998,AUTOMATIC,31500,PETROL,200,40.9,2
A Class,2018,21495,AUTOMATIC,3701,DIESEL,145,67.3,1.5
E Class,2015,16298,AUTOMATIC,38829,DIESEL,160,53.3,3
A Class,2016,13298,AUTOMATIC,85627,DIESEL,20,68.9,2.1
A Class,2019,18748,AUTOMATIC,11670,DIESEL,145,68.9,1.5
E Class,2019,32998,AUTOMATIC,8946,DIESEL,145,44.8,2
C Class,2019,29498,AUTOMATIC,4885,DIESEL,145,57.7,2
GLE Class,2018,28900,AUTOMATIC,37463,DIESEL,145,47.9,2.1
E Class,2017,19400,AUTOMATIC,30000,DIESEL,145,65.7,2
C Class,2017,17900,AUTOMATIC,19828,PETROL,145,50.4,2
A Class,2020,43400,AUTOMATIC,1750,PETROL,145,36.7,2
GLC Class,2016,22900,AUTOMATIC,20561,DIESEL,125,56.5,2.1
E Class,2016,17900,AUTOMATIC,35101,DIESEL,125,58.9,2.1
S Class,2019,81900,AUTOMATIC,21442,PETROL,145,32.1,4
CLA Class,2016,19748,AUTOMATIC,34612,DIESEL,20,67.3,2.1
A Class,2020,25298,MANUAL,20,PETROL,145,47.1,1.3
A Class,2020,28298,AUTOMATIC,20,DIESEL,145,62.8,1.5
E Class,2013,13298,AUTOMATIC,28500,DIESEL,145,54.3,2.1
GLC Class,2018,32245,AUTOMATIC,25359,DIESEL,145,56.5,2.1
C Class,2017,25998,AUTOMATIC,26914,PETROL,200,43.5,2
C Class,2015,18298,AUTOMATIC,25000,HYBRID,0,134.5,2
GL Class,2017,17499,MANUAL,22750,DIESEL,30,64.2,2.1
GLS Class,2018,42248,AUTOMATIC,13609,DIESEL,145,37.2,3
GLC Class,2016,23245,AUTOMATIC,61828,DIESEL,125,56.5,2.1
CLA Class,2017,30748,AUTOMATIC,11574,PETROL,145,40.9,2
A Class,2016,13186,MANUAL,43529,DIESEL,30,65.7,2.1
B Class,2019,20248,AUTOMATIC,14421,PETROL,145,45.6,1.3
C Class,2016,18745,AUTOMATIC,26344,DIESEL,30,64.2,2.1
C Class,2018,25748,AUTOMATIC,5454,DIESEL,145,65.7,2.1
E Class,2015,19248,AUTOMATIC,45607,DIESEL,160,51.4,3
C Class,2018,26748,AUTOMATIC,17970,DIESEL,145,65.7,2.1
A Class,2019,19245,AUTOMATIC,15047,DIESEL,145,68.9,1.5
GLC Class,2015,21745,AUTOMATIC,35587,DIESEL,125,56.5,2.1
CLA Class,2016,20248,AUTOMATIC,28916,DIESEL,20,67.3,2.1
A Class,2015,21745,AUTOMATIC,33112,PETROL,200,40.9,2
CLS Class,2016,21245,AUTOMATIC,46068,DIESEL,145,56.5,2.1
A Class,2018,18798,AUTOMATIC,12697,DIESEL,145,68.9,1.5
A Class,2019,18748,AUTOMATIC,14587,DIESEL,145,68.9,1.5
A Class,2019,18748,AUTOMATIC,12032,DIESEL,145,68.9,1.5
A Class,2019,18748,AUTOMATIC,11426,DIESEL,145,68.9,1.5
C Class,2020,61995,AUTOMATIC,20,PETROL,145,33.6,4
GLC Class,2020,43495,AUTOMATIC,20,PETROL,145,31.7,2
S Class,2019,55298,AUTOMATIC,1284,DIESEL,145,52.3,2.9
GLC Class,2019,36998,AUTOMATIC,1894,DIESEL,145,44.8,2
E Class,2019,47298,AUTOMATIC,2894,DIESEL,145,38.2,2.9
A Class,2014,10759,AUTOMATIC,33403,DIESEL,20,70.6,1.5
C Class,2016,15679,AUTOMATIC,60619,HYBRID,0,134.5,2
C Class,2017,14999,AUTOMATIC,40272,DIESEL,145,65.7,2.1
CL Class,2015,13495,MANUAL,51208,DIESEL,30,64.2,2.1
C Class,2016,19599,AUTOMATIC,33197,DIESEL,125,58.9,2.1
CL Class,2016,13799,MANUAL,52173,DIESEL,20,67.3,2.1
CL Class,2017,18999,AUTOMATIC,35673,DIESEL,145,67.3,2.1
C Class,2012,7699,AUTOMATIC,80299,DIESEL,145,56.5,2.1
CL Class,2015,17500,AUTOMATIC,38131,DIESEL,30,62.8,2.1
GLC Class,2020,42995,AUTOMATIC,20,DIESEL,145,43.5,2
A Class,2019,18748,AUTOMATIC,14153,DIESEL,145,68.9,1.5
E Class,2015,17248,AUTOMATIC,39692,DIESEL,145,53.3,3
C Class,2018,28298,AUTOMATIC,13500,DIESEL,145,65.7,2.1
A Class,2017,18248,MANUAL,14439,DIESEL,20,68.9,1.5
E Class,2020,42798,AUTOMATIC,20,DIESEL,145,57.7,2
B Class,2020,33298,AUTOMATIC,20,DIESEL,145,55.4,2
E Class,2020,37298,AUTOMATIC,20,DIESEL,145,44.8,2
A Class,2019,19248,AUTOMATIC,9837,DIESEL,145,65.7,1.5
C Class,2016,13600,AUTOMATIC,71077,DIESEL,20,64.2,2.1
A Class,2014,14999,AUTOMATIC,54533,PETROL,145,44.1,2
CL Class,2016,18499,AUTOMATIC,35446,DIESEL,20,67.3,2.1
C Class,2017,20599,AUTOMATIC,17324,DIESEL,145,58.9,2.1
C Class,2017,16799,AUTOMATIC,20850,DIESEL,30,65.7,1.6
A Class,2017,15999,AUTOMATIC,7493,DIESEL,145,74.3,1.5
B Class,2014,10999,AUTOMATIC,29236,DIESEL,30,64.2,1.5
C Class,2012,9400,AUTOMATIC,50848,PETROL,200,40.4,1.8
E Class,2016,17820,AUTOMATIC,24514,DIESEL,30,65.7,2
A Class,2019,18498,AUTOMATIC,12432,DIESEL,145,68.9,1.5
A Class,2019,18748,AUTOMATIC,14687,DIESEL,145,68.9,1.5
C Class,2016,20100,AUTOMATIC,16662,HYBRID,0,134.5,2
CL Class,2016,19500,SEMI-AUTO,23703,DIESEL,20,67.3,2.1
CL Class,2016,15750,MANUAL,46100,PETROL,125,51.4,1.6
A Class,2014,14199,AUTOMATIC,24941,DIESEL,20,64.2,2.1
A Class,2019,18748,AUTOMATIC,11363,DIESEL,145,68.9,1.5
A Class,2020,26998,AUTOMATIC,20,DIESEL,145,65.7,1.5
A Class,2020,49298,AUTOMATIC,20,PETROL,145,32.8,2
CLA Class,2020,30298,AUTOMATIC,20,PETROL,145,44.1,1.3
B Class,2020,27798,AUTOMATIC,245,DIESEL,145,55.4,2
CLS Class,2020,41298,AUTOMATIC,20,DIESEL,145,45.6,2
C Class,2015,14298,MANUAL,36643,PETROL,125,53.3,2
C Class,2017,25248,AUTOMATIC,24003,PETROL,200,40.9,2
GLA Class,2017,16700,MANUAL,29159,DIESEL,145,67.3,2.1
A Class,2015,13400,MANUAL,39578,DIESEL,30,62.8,2.1
CL Class,2017,18000,SEMI-AUTO,35000,PETROL,125,53.3,1.6
C Class,2015,10700,AUTOMATIC,62439,DIESEL,150,53.3,2.1
A Class,2016,15200,SEMI-AUTO,51970,DIESEL,20,68.9,2.1
A Class,2017,13400,SEMI-AUTO,52342,DIESEL,20,70.6,2.1
A Class,2016,15400,SEMI-AUTO,36999,DIESEL,20,68.9,2.1
A Class,2017,13700,MANUAL,21643,DIESEL,150,72.4,1.5
CL Class,2017,17200,MANUAL,26732,DIESEL,150,65.7,2.1
GLE Class,2018,28800,AUTOMATIC,35000,DIESEL,150,47.9,2.1
A Class,2017,15200,SEMI-AUTO,43741,DIESEL,20,68.9,2.1
B Class,2014,9900,AUTOMATIC,46210,DIESEL,30,64.2,1.5
CL Class,2017,17000,SEMI-AUTO,52000,PETROL,150,53.3,1.6
CL Class,2016,17600,SEMI-AUTO,35000,PETROL,125,53.3,1.6
A Class,2017,16300,SEMI-AUTO,13489,DIESEL,145,74.3,1.5
GLA Class,2017,17400,MANUAL,38080,PETROL,145,47.1,1.6
A Class,2017,15600,MANUAL,24476,DIESEL,30,62.8,2.1
CL Class,2017,17700,MANUAL,35840,DIESEL,20,67.3,2.1
E Class,2016,16900,AUTOMATIC,28575,DIESEL,125,58.9,2.1
GLA Class,2016,14600,MANUAL,36357,DIESEL,20,67.3,2.1
CLS Class,2016,19200,AUTOMATIC,33000,DIESEL,145,56.5,2.1
C Class,2016,17600,AUTOMATIC,19581,PETROL,125,51.4,2
E Class,2014,12900,AUTOMATIC,46545,DIESEL,125,58.9,2.1
A Class,2014,10300,MANUAL,48167,PETROL,145,49.6,1.6
GLA Class,2016,18200,SEMI-AUTO,27516,DIESEL,125,56.6,2.1
GLA Class,2016,18100,AUTOMATIC,45485,DIESEL,125,56.6,2.1
CL Class,2016,16500,SEMI-AUTO,56215,DIESEL,20,67.3,2.1
A Class,2016,17000,MANUAL,28142,PETROL,200,41.5,2
A Class,2017,15850,MANUAL,19275,DIESEL,145,62.8,2.1
A Class,2017,14700,SEMI-AUTO,56387,DIESEL,20,68.9,2.1
CL Class,2017,14000,MANUAL,74245,DIESEL,30,65.7,2.1
GLA Class,2017,16300,MANUAL,32681,DIESEL,150,67.3,2.1
C Class,2015,16000,AUTOMATIC,18263,PETROL,125,52.3,2
A Class,2016,12400,SEMI-AUTO,54697,DIESEL,20,74.3,1.5
A Class,2016,13200,MANUAL,61000,DIESEL,20,68.9,1.5
C Class,2016,18600,AUTOMATIC,24836,DIESEL,30,64.2,1.6
SL CLASS,2016,16500,AUTOMATIC,26955,DIESEL,30,70.6,0
C Class,2016,18000,AUTOMATIC,40267,HYBRID,0,134.5,2
A Class,2016,15700,MANUAL,23924,DIESEL,30,62.8,2.1
B Class,2017,14000,MANUAL,26993,DIESEL,150,65.7,2.1
A Class,2017,16000,MANUAL,18247,PETROL,150,51.4,1.6
B Class,2013,9000,MANUAL,48462,DIESEL,125,61.4,1.8
A Class,2014,13500,AUTOMATIC,38313,DIESEL,30,64.2,1.8
C Class,2014,12500,AUTOMATIC,50364,DIESEL,150,53.3,2.1
C Class,2016,17900,AUTOMATIC,25522,PETROL,125,51.4,2
A Class,2013,11800,AUTOMATIC,60032,DIESEL,30,64.2,2.1
A Class,2016,14700,MANUAL,28732,DIESEL,20,68.9,1.5
B Class,2016,12300,AUTOMATIC,39838,DIESEL,20,68.9,1.5
E Class,2017,19200,AUTOMATIC,55910,DIESEL,145,67.3,2
A Class,2013,10800,MANUAL,59135,DIESEL,125,61.4,1.8
GLA Class,2017,16200,MANUAL,20000,PETROL,145,48.7,1.6
GLA Class,2017,18000,SEMI-AUTO,41269,DIESEL,125,56.5,2.1
A Class,2017,17100,AUTOMATIC,16365,PETROL,125,53.3,1.6
GLA Class,2018,18800,AUTOMATIC,31378,DIESEL,150,64.2,2.1
E Class,2014,15000,AUTOMATIC,47709,DIESEL,125,57.7,2.1
A Class,2015,12900,SEMI-AUTO,22369,DIESEL,20,68.9,1.5
A Class,2017,15200,MANUAL,22289,PETROL,125,51.4,1.6
C Class,2015,16700,AUTOMATIC,35125,DIESEL,30,64.2,2.1
B Class,2017,15700,SEMI-AUTO,16856,DIESEL,20,68.9,2.1
C Class,2015,12900,AUTOMATIC,26501,PETROL,160,44.8,1.6
C Class,2013,9700,AUTOMATIC,57801,DIESEL,145,53.3,2.1
C Class,2016,16200,MANUAL,23216,DIESEL,20,68.9,1.6
GLC Class,2017,25400,AUTOMATIC,28838,DIESEL,145,56.5,2.1
GLA Class,2015,17000,AUTOMATIC,28952,DIESEL,125,55.4,2.1
A Class,2016,16000,MANUAL,19596,DIESEL,20,68.9,1.5
A Class,2016,19100,AUTOMATIC,27208,DIESEL,20,67.3,2.1
A Class,2017,15700,AUTOMATIC,19286,DIESEL,145,74.3,1.5
A Class,2016,16800,AUTOMATIC,30876,DIESEL,20,68.9,2.1
CL Class,2016,20800,AUTOMATIC,22878,PETROL,200,42.8,2
C Class,2015,18700,AUTOMATIC,39004,DIESEL,30,64.2,2.1
B Class,2017,13500,MANUAL,29836,DIESEL,20,68.9,1.5
A Class,2018,17500,AUTOMATIC,19796,DIESEL,145,74.3,0
CL Class,2017,18300,SEMI-AUTO,31800,DIESEL,20,67.3,2.1
C Class,2016,14000,AUTOMATIC,44263,DIESEL,20,65.7,2.1
A Class,2018,20000,AUTOMATIC,11922,PETROL,145,53.3,1.3
B Class,2018,19000,AUTOMATIC,7171,PETROL,145,51.4,1.6
C Class,2016,19000,AUTOMATIC,32743,HYBRID,0,134.5,2
CL Class,2016,20100,AUTOMATIC,16249,DIESEL,20,67.3,2.1
C Class,2015,14500,AUTOMATIC,32712,DIESEL,20,65.7,2.1
E Class,2017,20300,AUTOMATIC,23179,DIESEL,145,61.4,2
C Class,2014,16300,AUTOMATIC,30819,PETROL,125,52.3,2
A Class,2015,14000,AUTOMATIC,26956,DIESEL,20,68.9,2.1
C Class,2016,19100,AUTOMATIC,49335,DIESEL,20,67.3,2.1
C Class,2015,15700,AUTOMATIC,36078,DIESEL,30,61.4,2.1
CL Class,2016,18700,AUTOMATIC,34091,DIESEL,20,67.3,2.1
GLA Class,2016,16000,MANUAL,50834,DIESEL,20,64.2,2.1
A Class,2015,10900,MANUAL,47290,DIESEL,20,70.6,1.5
A Class,2017,16750,MANUAL,31913,DIESEL,145,68.9,1.5
C Class,2018,19900,AUTOMATIC,20000,PETROL,145,48.7,2
C Class,2016,20200,AUTOMATIC,16957,PETROL,160,44.8,2
B Class,2016,12500,AUTOMATIC,38536,DIESEL,20,68.9,1.5
B Class,2015,14200,SEMI-AUTO,23915,DIESEL,20,68.9,2.1
E Class,2016,20800,AUTOMATIC,40000,DIESEL,30,65.7,2
C Class,2017,21400,AUTOMATIC,54500,DIESEL,30,65.7,2.1
GLA Class,2016,14400,MANUAL,59865,DIESEL,30,64.2,2.1
C Class,2017,18500,AUTOMATIC,36831,DIESEL,145,61.4,2.1
GLA Class,2019,22600,AUTOMATIC,19193,PETROL,145,37.2,1.6
C Class,2015,19100,AUTOMATIC,12586,HYBRID,0,134.5,2
C Class,2016,18300,AUTOMATIC,26239,DIESEL,20,64.2,2.1
A Class,2016,20500,AUTOMATIC,15042,PETROL,200,42.8,2
GLA Class,2017,16000,MANUAL,34635,DIESEL,30,64.2,0
C Class,2013,12000,AUTOMATIC,37236,PETROL,160,44.8,1.6
B Class,2017,13800,MANUAL,32374,DIESEL,30,65.7,2.1
A Class,2015,12200,MANUAL,34320,DIESEL,20,70.6,1.5
A Class,2016,12900,MANUAL,60404,DIESEL,30,62.8,2.1
B Class,2015,8800,MANUAL,43543,DIESEL,0,78.5,1.5
C Class,2017,19600,MANUAL,39480,DIESEL,30,65.7,2.1
GLA Class,2018,20700,SEMI-AUTO,21000,DIESEL,145,58.9,2.1
A Class,2014,10500,MANUAL,45000,DIESEL,20,72.4,1.5
B Class,2017,16000,AUTOMATIC,10445,DIESEL,145,68.9,1.5
E Class,2013,11000,AUTOMATIC,65792,DIESEL,30,58.9,2.1
CL Class,2016,18000,SEMI-AUTO,36890,DIESEL,20,67.3,2.1
A Class,2014,12000,MANUAL,43937,DIESEL,20,70.6,1.5
GLA Class,2017,16500,MANUAL,44708,DIESEL,150,67.3,2.1
GLE Class,2017,38191,AUTOMATIC,19157,PETROL,145,32.8,3
CLA Class,2017,17999,MANUAL,31555,DIESEL,20,67.3,2.1
C Class,2016,19300,AUTOMATIC,18903,DIESEL,30,64.2,2.1
A Class,2016,15100,AUTOMATIC,40297,DIESEL,115,58.9,2.1
C Class,2017,15000,MANUAL,30528,PETROL,125,53.3,2
CL Class,2015,16600,AUTOMATIC,19380,DIESEL,20,67.3,2.1
CL Class,2015,18700,AUTOMATIC,38167,DIESEL,20,62.8,2.1
CL Class,2016,18300,AUTOMATIC,42550,DIESEL,20,67.3,2.1
CL Class,2015,19600,AUTOMATIC,34414,PETROL,200,42.8,2
C Class,2017,19000,AUTOMATIC,31176,HYBRID,0,134.5,2
E Class,2015,15700,AUTOMATIC,34075,DIESEL,125,58.9,2.1
C Class,2016,18300,AUTOMATIC,34295,HYBRID,0,134.5,2
E Class,2017,28800,AUTOMATIC,14566,PETROL,145,40.4,2
GLC Class,2017,28900,AUTOMATIC,21000,DIESEL,150,47.9,3
SL CLASS,2019,23400,AUTOMATIC,2687,PETROL,150,48.7,1.6
C Class,2019,30900,AUTOMATIC,2776,PETROL,150,42.2,2
GLE Class,2019,48900,AUTOMATIC,10163,DIESEL,150,35.8,2
GLC Class,2017,28900,AUTOMATIC,6587,DIESEL,150,56.5,2.1
E Class,2017,24900,AUTOMATIC,28500,DIESEL,150,70.6,2
C Class,2017,17400,AUTOMATIC,41677,DIESEL,30,64.2,2.1
C Class,2017,19700,MANUAL,49365,DIESEL,30,65.7,2.1
C Class,2015,14800,AUTOMATIC,70832,DIESEL,30,64.2,2.1
GLE Class,2019,54900,AUTOMATIC,5000,PETROL,150,29.5,3
C Class,2019,23400,AUTOMATIC,8000,PETROL,145,44.1,1.5
C Class,2019,28900,AUTOMATIC,6000,PETROL,145,42.8,2
A Class,2017,17400,MANUAL,18200,PETROL,145,49.6,1.6
E Class,2017,24900,AUTOMATIC,17736,DIESEL,145,58.9,2
E Class,2015,19400,AUTOMATIC,34000,DIESEL,160,51.4,3
C Class,2018,46900,AUTOMATIC,1977,PETROL,145,31.7,4
C Class,2017,21400,AUTOMATIC,26000,DIESEL,145,61.4,2.1
C Class,2019,23200,AUTOMATIC,7000,PETROL,145,42.2,1.6
CLA Class,2017,25900,AUTOMATIC,25517,PETROL,145,40.9,2
GLC Class,2019,35400,AUTOMATIC,6000,DIESEL,145,44.8,2
A Class,2019,24400,AUTOMATIC,6000,PETROL,145,47.9,1.3
C Class,2019,29900,AUTOMATIC,1000,DIESEL,145,64.2,2
E Class,2019,43600,AUTOMATIC,5100,PETROL,145,32.5,3
C Class,2019,24400,AUTOMATIC,6000,DIESEL,145,60.1,1.6
CLS Class,2013,11900,AUTOMATIC,69300,DIESEL,150,54.3,2.1
A Class,2017,31400,AUTOMATIC,12609,PETROL,150,40.9,2
SL CLASS,2017,19700,MANUAL,28380,PETROL,150,48.7,1.6
GLC Class,2019,39900,AUTOMATIC,2502,PETROL,150,32.1,2
E Class,2019,34400,AUTOMATIC,10434,DIESEL,150,48.7,2.9
GLE Class,2017,26800,AUTOMATIC,50964,DIESEL,150,47.9,2.1
S Class,2019,40900,AUTOMATIC,15251,DIESEL,150,52.3,2.9
C Class,2017,25900,AUTOMATIC,15808,DIESEL,30,65.7,2.1
SL CLASS,2018,39900,AUTOMATIC,12975,PETROL,145,36.7,3
GLA Class,2019,23200,AUTOMATIC,2953,DIESEL,150,56.5,2.1
A Class,2018,17800,AUTOMATIC,13717,DIESEL,145,68.9,1.5
GLE Class,2018,37300,AUTOMATIC,5597,DIESEL,145,39.2,3
GLE Class,2015,48400,AUTOMATIC,13212,PETROL,570,23.7,5.5
C Class,2016,15400,AUTOMATIC,41899,DIESEL,20,64.2,2.1
A Class,2017,17200,AUTOMATIC,23593,PETROL,145,53.3,1.6
E Class,2019,44400,AUTOMATIC,12257,PETROL,145,31.7,3
GLA Class,2017,17200,MANUAL,25162,PETROL,145,47.1,1.6
A Class,2018,90900,AUTOMATIC,9141,PETROL,145,24.8,4
CLS Class,2019,33400,AUTOMATIC,11704,DIESEL,145,48.7,2.9
A Class,2019,18300,AUTOMATIC,13877,DIESEL,145,68.9,1.5
A Class,2017,14700,AUTOMATIC,20831,DIESEL,145,74.3,1.5
B Class,2019,25900,AUTOMATIC,13682,DIESEL,145,54.3,2
B Class,2019,26900,AUTOMATIC,9373,DIESEL,145,53.3,2
E Class,2019,37900,AUTOMATIC,10190,DIESEL,145,45.6,2.9
CLS Class,2017,21900,AUTOMATIC,32977,DIESEL,145,51.4,3
A Class,2017,18000,AUTOMATIC,33282,DIESEL,145,68.9,0
C Class,2015,18500,AUTOMATIC,30891,DIESEL,30,64.2,2.1
A Class,2019,18900,AUTOMATIC,8170,DIESEL,145,65.7,1.5
S Class,2017,38800,AUTOMATIC,18066,DIESEL,145,52.3,2.9
C Class,2016,18600,AUTOMATIC,29173,DIESEL,30,64.2,2.1
GLC Class,2017,30400,AUTOMATIC,30136,DIESEL,145,45.6,3
A Class,2019,18800,AUTOMATIC,9725,DIESEL,145,65.7,1.5
A Class,2019,18900,AUTOMATIC,9533,DIESEL,145,65.7,1.5
A Class,2019,18800,AUTOMATIC,8478,DIESEL,145,65.7,1.5
A Class,2019,18900,AUTOMATIC,9906,DIESEL,145,65.7,1.5
A Class,2019,19200,AUTOMATIC,7325,DIESEL,145,65.7,1.5
A Class,2015,14000,AUTOMATIC,27938,DIESEL,20,68.9,2.1
A Class,2015,13300,AUTOMATIC,40599,DIESEL,20,68.9,2.1
GLA Class,2016,15000,MANUAL,29774,DIESEL,20,67.3,2.1
GLA Class,2016,18200,AUTOMATIC,23746,DIESEL,125,56.5,2.1
C Class,2015,18000,AUTOMATIC,35229,PETROL,145,49.6,2
C Class,2016,20000,AUTOMATIC,23676,HYBRID,0,134.5,2
GLA Class,2016,19500,AUTOMATIC,25922,DIESEL,125,56.5,2.1
SL CLASS,2017,20900,AUTOMATIC,26560,PETROL,145,47.9,2
GLA Class,2015,15900,AUTOMATIC,50147,DIESEL,145,55.4,2.1
GLA Class,2016,18400,AUTOMATIC,49000,PETROL,200,43.5,2
CLS Class,2013,12400,AUTOMATIC,51423,DIESEL,145,55,2.1
C Class,2017,19900,AUTOMATIC,40000,DIESEL,145,64.2,2.1
B Class,2017,16900,AUTOMATIC,19817,PETROL,145,51.4,1.6
B Class,2018,17600,AUTOMATIC,8500,DIESEL,145,68.9,2.1
C Class,2019,21400,AUTOMATIC,6000,PETROL,145,44.1,1.5
C Class,2019,24400,AUTOMATIC,10000,PETROL,145,44.1,1.5
GLE Class,2019,45900,AUTOMATIC,20186,DIESEL,145,36.7,3
A Class,2019,18200,AUTOMATIC,12473,DIESEL,145,68.9,1.5
C Class,2017,20200,AUTOMATIC,16087,HYBRID,135,76.4,2.1
C Class,2015,12795,AUTOMATIC,101480,DIESEL,30,61.4,2.1
A Class,2020,43900,AUTOMATIC,6000,PETROL,145,35.3,2
E Class,2018,21000,AUTOMATIC,29679,DIESEL,145,72.4,2
A Class,2017,15980,AUTOMATIC,11100,PETROL,145,53.3,1.6
A Class,2016,16500,MANUAL,32315,DIESEL,30,62.8,2.1
C Class,2016,13295,AUTOMATIC,90980,HYBRID,0,134.5,2
A Class,2015,10500,MANUAL,70610,DIESEL,20,72.4,1.5
E Class,2016,12000,AUTOMATIC,117660,DIESEL,125,61.4,2.1
B Class,2013,7395,MANUAL,70230,DIESEL,30,64.2,1.8
GLA Class,2016,14500,AUTOMATIC,70480,DIESEL,30,64.2,2.1
A Class,2015,11500,AUTOMATIC,67060,DIESEL,20,68.9,2.1
A Class,2014,12000,AUTOMATIC,68420,DIESEL,20,64.2,2.1
E Class,2014,12500,AUTOMATIC,42510,DIESEL,145,58.9,2.1
A Class,2014,8795,MANUAL,114310,DIESEL,125,62.8,1.8
C Class,2017,28985,AUTOMATIC,17224,PETROL,150,36.2,3
SLK,2015,14995,AUTOMATIC,36860,DIESEL,145,56.5,2.1
SLK,2013,12995,AUTOMATIC,43150,PETROL,200,43.5,1.8
C Class,2017,24495,AUTOMATIC,14200,DIESEL,150,58.9,2.1
SL CLASS,2003,12995,AUTOMATIC,47450,PETROL,325,22.2,5
SLK,2012,12995,AUTOMATIC,43890,PETROL,205,43.5,1.8
CLA Class,2016,18500,AUTOMATIC,30106,DIESEL,125,58.9,2.1
E Class,2018,20250,AUTOMATIC,24147,DIESEL,145,72.4,2
A Class,2019,24700,MANUAL,6000,PETROL,145,47.1,1.3
C Class,2018,25748,AUTOMATIC,11626,DIESEL,145,67.3,2.1
A Class,2018,17900,AUTOMATIC,10610,DIESEL,145,68.9,1.5
SL CLASS,2018,21400,AUTOMATIC,14435,PETROL,145,47.9,2
E Class,2020,44900,AUTOMATIC,6000,DIESEL,145,57.7,2
C Class,2020,33900,AUTOMATIC,6000,PETROL,145,47.1,1.5
E Class,2020,42900,AUTOMATIC,6000,DIESEL,145,57.7,2
GLA Class,2020,28680,AUTOMATIC,6000,PETROL,145,44.8,1.6
C Class,2020,41900,AUTOMATIC,6000,DIESEL,145,55.4,2
A Class,2017,11499,MANUAL,57424,DIESEL,20,72.4,1.5
E Class,2013,10499,AUTOMATIC,44626,DIESEL,145,55.4,2.1
GLC Class,2016,19795,AUTOMATIC,83280,DIESEL,125,56.5,2.1
C Class,2016,20000,AUTOMATIC,21425,DIESEL,30,64.2,2.1
C Class,2016,19000,AUTOMATIC,27574,DIESEL,30,64.2,2.1
A Class,2017,16500,MANUAL,18969,PETROL,145,51.4,1.6
GLA Class,2017,18700,AUTOMATIC,26878,DIESEL,145,64.2,2.1
A Class,2016,15800,MANUAL,19829,DIESEL,20,68.9,1.5
A Class,2017,17000,MANUAL,10634,PETROL,150,49.6,1.6
A Class,2017,16800,MANUAL,27459,PETROL,125,51.4,1.6
B Class,2017,13500,MANUAL,24276,DIESEL,30,65.7,2.1
GLA Class,2015,18000,AUTOMATIC,36833,DIESEL,125,56.5,2.1
C Class,2016,16000,AUTOMATIC,67490,HYBRID,0,134.5,2
C Class,2016,17900,AUTOMATIC,31000,PETROL,145,49.6,2
C Class,2017,16000,AUTOMATIC,72400,DIESEL,145,60.1,2.1
C Class,2016,13500,AUTOMATIC,93620,DIESEL,30,62.8,2.1
CLS Class,2013,12795,AUTOMATIC,59210,DIESEL,200,46.3,3
A Class,2014,19985,AUTOMATIC,33620,PETROL,205,40.9,2
CLC Class,2010,5975,AUTOMATIC,44662,PETROL,300,35.8,1.6
E Class,2018,25500,AUTOMATIC,11534,DIESEL,145,61.4,2
M Class,2010,9000,AUTOMATIC,92000,DIESEL,555,32.5,3
CLS Class,2007,4395,AUTOMATIC,90000,DIESEL,300,27.7,3
B Class,2012,7995,MANUAL,65050,DIESEL,125,61.4,1.8
E Class,2018,27991,AUTOMATIC,10327,PETROL,145,40.4,2
E Class,2013,8985,AUTOMATIC,61638,DIESEL,150,57.6,2.1
B Class,2015,10990,AUTOMATIC,39655,DIESEL,20,67.3,1.5
A Class,2016,11994,MANUAL,40826,DIESEL,20,72.4,1.5
GLA Class,2019,21380,AUTOMATIC,9374,PETROL,150,37.2,1.6
CLA Class,2020,24899,AUTOMATIC,4345,PETROL,150,45.6,1.3
GLA Class,2018,19249,AUTOMATIC,10849,DIESEL,150,58.9,2.1
A Class,2018,15899,AUTOMATIC,31130,PETROL,150,53.3,1.3
SLK,2014,16994,AUTOMATIC,16500,DIESEL,145,56.5,2.1
GL Class,2015,17299,AUTOMATIC,29520,DIESEL,125,55.4,2.1
A Class,2018,17699,AUTOMATIC,9488,PETROL,145,49.6,1.6
A Class,2016,13299,MANUAL,21052,DIESEL,20,72.4,1.5
A Class,2015,16499,AUTOMATIC,40366,PETROL,200,42.8,2
A Class,2016,15999,AUTOMATIC,55316,DIESEL,20,67.3,2.1
GL Class,2015,15599,AUTOMATIC,54965,DIESEL,125,55.4,2.1
A Class,2016,12149,MANUAL,60687,DIESEL,30,65.7,2.1
A Class,2016,14999,MANUAL,23974,DIESEL,20,68.9,1.5
A Class,2017,13499,MANUAL,27937,DIESEL,145,80.7,1.5
GL Class,2015,14999,MANUAL,29053,DIESEL,20,64.2,2.1
C Class,2015,13799,MANUAL,69261,DIESEL,20,68.9,2.1
E Class,2014,12999,AUTOMATIC,50219,DIESEL,125,58.9,2.1
A Class,2018,16999,AUTOMATIC,21033,DIESEL,145,65.7,1.5
GL Class,2015,16499,AUTOMATIC,53789,DIESEL,125,56.5,2.1
C Class,2015,17699,AUTOMATIC,56546,HYBRID,0,74.3,2.1
A Class,2016,16299,MANUAL,20738,DIESEL,20,68.9,1.5
C Class,2018,19999,AUTOMATIC,9705,DIESEL,145,64.2,2.1
C Class,2015,14695,AUTOMATIC,53279,DIESEL,20,64.2,2.1
A Class,2016,15999,AUTOMATIC,16900,DIESEL,20,68.9,2.1
C Class,2016,16799,AUTOMATIC,38785,DIESEL,30,64.2,2.1
V Class,2019,29990,AUTOMATIC,9000,DIESEL,145,38.7,2
A Class,2013,10299,AUTOMATIC,57551,PETROL,145,50.4,1.6
A Class,2016,12999,MANUAL,35642,DIESEL,20,72.4,1.5
GL Class,2014,14499,MANUAL,23888,DIESEL,30,62.8,2.1
A Class,2015,12999,MANUAL,25301,DIESEL,20,72.4,1.5
C Class,2016,14999,AUTOMATIC,40814,DIESEL,30,65.7,1.6
C Class,2015,13699,AUTOMATIC,41000,DIESEL,20,65.7,2.1
C Class,2015,14899,AUTOMATIC,73127,DIESEL,30,64.2,2.1
C Class,2018,19699,AUTOMATIC,23842,DIESEL,145,61.4,2.1
A Class,2016,13999,MANUAL,12602,DIESEL,20,72.4,1.5
A Class,2017,15999,MANUAL,8213,DIESEL,145,68.9,1.5
A Class,2015,24499,AUTOMATIC,24632,PETROL,200,40.9,2
GL Class,2015,17999,AUTOMATIC,24314,DIESEL,125,56.6,2.1
A Class,2017,13499,MANUAL,22298,DIESEL,145,72.4,1.5
C Class,2013,11499,AUTOMATIC,40490,DIESEL,145,53.3,2.1
A Class,2016,15299,AUTOMATIC,28963,DIESEL,20,74.3,1.5
A Class,2016,13299,AUTOMATIC,28315,DIESEL,20,74.3,1.5
A Class,2017,13299,MANUAL,49309,DIESEL,145,68.9,1.5
C Class,2015,15499,MANUAL,36103,DIESEL,20,68.9,2.1
E Class,2018,20999,AUTOMATIC,17697,DIESEL,145,72.4,2
A Class,2018,16798,AUTOMATIC,17553,DIESEL,145,68.9,2.1
A Class,2017,14827,MANUAL,17197,DIESEL,145,72.4,1.5
C Class,2015,16699,AUTOMATIC,40786,DIESEL,30,64.2,1.6
C Class,2015,14313,AUTOMATIC,50211,DIESEL,20,64.2,2.1
CL Class,2014,13299,MANUAL,47027,DIESEL,30,64.2,1.8
A Class,2013,9259,MANUAL,74149,DIESEL,20,72.4,1.5
B Class,2015,12995,AUTOMATIC,23200,DIESEL,20,68.9,2.1
V Class,2018,18990,MANUAL,38000,DIESEL,145,46.3,2.1
CL Class,2014,13550,AUTOMATIC,44142,DIESEL,30,62.8,2.1
C Class,2016,19999,AUTOMATIC,23905,DIESEL,30,64.2,2.1
C Class,2012,10999,AUTOMATIC,41239,PETROL,160,44.8,1.6
C Class,2017,15652,AUTOMATIC,20418,DIESEL,20,65.7,2.1
A Class,2018,17209,AUTOMATIC,21015,DIESEL,145,65.7,1.5
A Class,2016,11724,MANUAL,54585,DIESEL,0,80.7,1.5
CL Class,2015,16999,AUTOMATIC,38934,DIESEL,20,67.3,2.1
A Class,2017,15799,MANUAL,17284,DIESEL,145,68.9,1.5
C Class,2016,16699,AUTOMATIC,26544,DIESEL,20,64.2,2.1
C Class,2017,19347,AUTOMATIC,21032,HYBRID,135,134.5,2
A Class,2015,10354,MANUAL,78058,DIESEL,30,65.7,2.1
CL Class,2016,17590,MANUAL,18120,DIESEL,20,67.3,2.1
A Class,2015,13480,AUTOMATIC,32971,DIESEL,20,68.9,2.1
C Class,2012,8450,AUTOMATIC,86663,PETROL,160,44.8,1.6
C Class,2016,17999,AUTOMATIC,42271,DIESEL,30,61.4,2.1
GL Class,2018,17999,MANUAL,24600,PETROL,145,48.7,1.6
GL Class,2018,19399,MANUAL,15202,PETROL,145,48.7,1.6
C Class,2014,16699,AUTOMATIC,39807,DIESEL,30,61.4,2.1
A Class,2016,13776,MANUAL,32412,DIESEL,20,68.9,1.5
B Class,2018,15999,AUTOMATIC,16028,DIESEL,145,68.9,1.5
C Class,2015,13599,AUTOMATIC,35977,PETROL,125,53.3,2
E Class,2016,18999,AUTOMATIC,15396,DIESEL,20,72.4,2
C Class,2015,12499,AUTOMATIC,67795,DIESEL,30,64.2,2.1
A Class,2015,10999,MANUAL,45416,PETROL,125,51.4,1.6
E Class,2017,20999,AUTOMATIC,25454,DIESEL,145,61.4,2
C Class,2014,13799,AUTOMATIC,62588,DIESEL,30,62.8,2.1
GL Class,2015,15999,AUTOMATIC,40319,DIESEL,125,56.6,2.1
C Class,2012,9799,AUTOMATIC,55685,DIESEL,145,54.3,2.1
A Class,2016,12999,MANUAL,24764,DIESEL,20,72.4,1.5
A Class,2018,18249,AUTOMATIC,18618,DIESEL,145,65.7,1.5
E Class,2014,11999,AUTOMATIC,60514,DIESEL,145,52.3,2.1
A Class,2016,15150,MANUAL,48418,DIESEL,30,62.8,2.1
A Class,2014,10933,MANUAL,70865,DIESEL,125,61.4,1.8
B Class,2017,13999,MANUAL,19622,DIESEL,145,65.7,2.1
C Class,2011,8894,AUTOMATIC,61242,PETROL,200,41.5,1.8
GL Class,2016,15750,AUTOMATIC,54761,DIESEL,125,56.6,2.1
E Class,2016,15999,AUTOMATIC,37371,DIESEL,125,61.4,2.1
C Class,2018,18599,AUTOMATIC,32854,DIESEL,145,61.4,2.1
C Class,2017,16499,MANUAL,21985,DIESEL,20,70.6,1.6
C Class,2016,18108,AUTOMATIC,41864,DIESEL,30,61.4,2.1
GL Class,2018,27499,AUTOMATIC,24632,DIESEL,145,56.5,2.1
C Class,2016,16562,AUTOMATIC,49126,HYBRID,0,134.5,2
A Class,2015,13799,AUTOMATIC,67917,DIESEL,20,68.9,2.1
A Class,2016,13550,MANUAL,18304,DIESEL,20,72.4,1.5
E Class,2011,9250,AUTOMATIC,76508,DIESEL,200,45.6,2.1
C Class,2012,9850,AUTOMATIC,51737,PETROL,200,40.4,1.8
A Class,2018,19499,AUTOMATIC,4350,DIESEL,145,68.9,2.1
C Class,2016,15499,AUTOMATIC,38748,DIESEL,30,64.2,2.1
A Class,2018,17851,AUTOMATIC,13079,DIESEL,145,65.7,1.5
A Class,2018,19250,AUTOMATIC,12038,DIESEL,145,67.3,1.5
C Class,2016,16822,AUTOMATIC,42402,HYBRID,0,134.5,2
A Class,2018,18816,AUTOMATIC,7855,PETROL,145,28.5,1.3
A Class,2018,18999,AUTOMATIC,6941,PETROL,145,28.5,1.3
A Class,2014,11599,MANUAL,52598,DIESEL,20,70.6,1.5
A Class,2018,18950,AUTOMATIC,9717,PETROL,145,28.5,1.3
A Class,2016,15905,AUTOMATIC,42886,DIESEL,20,68.9,2.1
C Class,2016,13391,MANUAL,58858,DIESEL,30,65.7,1.6
C Class,2016,14999,AUTOMATIC,41358,DIESEL,20,65.7,2.1
B Class,2017,14799,AUTOMATIC,30431,DIESEL,20,68.9,2.1
GL Class,2016,18295,AUTOMATIC,17909,PETROL,145,50.4,1.6
A Class,2014,11899,MANUAL,61491,DIESEL,30,62.8,2.1
SLK,2015,12999,AUTOMATIC,25996,DIESEL,145,70.6,2.1
E Class,2017,22150,AUTOMATIC,27425,DIESEL,145,61.4,2
GL Class,2015,13999,AUTOMATIC,64539,DIESEL,20,67.3,2.1
CL Class,2016,16969,AUTOMATIC,49679,DIESEL,20,67.3,2.1
GL Class,2016,17069,AUTOMATIC,35025,DIESEL,125,56.5,2.1
C Class,2016,18499,AUTOMATIC,23953,DIESEL,30,64.2,2.1
C Class,2016,17999,AUTOMATIC,32475,DIESEL,30,64.2,2.1
B Class,2016,14999,AUTOMATIC,15541,DIESEL,20,68.9,1.5
A Class,2018,17999,AUTOMATIC,8078,DIESEL,145,65.7,1.5
E Class,2018,21499,AUTOMATIC,20420,DIESEL,145,72.4,2
C Class,2014,15700,AUTOMATIC,33865,DIESEL,125,60.1,2.1
C Class,2017,20499,AUTOMATIC,12040,HYBRID,135,134.5,2
C Class,2017,18399,AUTOMATIC,22167,HYBRID,135,134.5,2
GL Class,2016,16999,AUTOMATIC,39542,DIESEL,30,64.2,2.1
A Class,2016,18699,AUTOMATIC,13118,DIESEL,125,58.9,2.1
A Class,2018,19530,AUTOMATIC,7439,DIESEL,145,65.7,1.5
CL Class,2016,14899,AUTOMATIC,42717,DIESEL,125,58.9,2.1
C Class,2014,10999,AUTOMATIC,54097,DIESEL,145,56.5,2.1
A Class,2016,14999,MANUAL,15700,PETROL,125,51.4,1.6
A Class,2016,14999,AUTOMATIC,48430,DIESEL,20,67.3,2.1
C Class,2015,18999,AUTOMATIC,9793,DIESEL,30,64.2,1.6
A Class,2013,10199,MANUAL,39750,DIESEL,20,72.4,1.5
M Class,2014,20499,AUTOMATIC,37986,DIESEL,300,39.2,3
C Class,2015,14999,AUTOMATIC,34278,DIESEL,30,62.8,2.1
B Class,2013,9499,MANUAL,25221,DIESEL,30,61.4,1.5
CL Class,2015,15197,MANUAL,51558,DIESEL,20,67.3,2.1
A Class,2017,15285,AUTOMATIC,14156,DIESEL,145,74.3,2.1
A Class,2018,16450,MANUAL,10148,DIESEL,145,68.9,1.5
E Class,2014,14999,AUTOMATIC,23685,PETROL,145,47.9,2
C Class,2014,10822,AUTOMATIC,70824,DIESEL,145,56.5,2.1
GL Class,2015,17375,AUTOMATIC,39518,DIESEL,125,56.5,2.1
E Class,2017,19999,AUTOMATIC,35852,DIESEL,145,72.4,2
GL Class,2016,17999,AUTOMATIC,11653,DIESEL,20,67.3,2.1
A Class,2017,15700,AUTOMATIC,24460,DIESEL,20,74.3,1.5
E Class,2017,22499,AUTOMATIC,29631,DIESEL,145,57.7,2
C Class,2012,10899,AUTOMATIC,49029,DIESEL,145,53.3,2.1
C Class,2014,14786,AUTOMATIC,41701,DIESEL,20,64.2,2.1
E Class,2016,19599,AUTOMATIC,29570,DIESEL,30,65.7,2
A Class,2016,16499,MANUAL,14253,DIESEL,30,62.8,2.1
GL Class,2015,15999,AUTOMATIC,39775,DIESEL,125,55.4,2.1
A Class,2017,15648,MANUAL,23032,DIESEL,145,62.8,2.1
A Class,2018,17699,AUTOMATIC,13267,DIESEL,145,65.7,1.5
A Class,2018,20250,AUTOMATIC,3545,DIESEL,145,68.9,2.1
A Class,2018,17550,AUTOMATIC,9520,PETROL,145,52.3,1.6
GL Class,2015,15799,AUTOMATIC,53845,DIESEL,125,56.5,2.1
C Class,2015,18999,AUTOMATIC,22499,DIESEL,30,64.2,2.1
S Class,2015,19991,AUTOMATIC,77719,DIESEL,160,51.4,3
GLE Class,2016,27991,AUTOMATIC,25022,DIESEL,260,42.8,3
S Class,2014,25991,AUTOMATIC,31385,DIESEL,200,48.7,3
C Class,2018,21991,AUTOMATIC,12767,DIESEL,150,61.4,2.1
GLC Class,2018,27991,AUTOMATIC,17060,DIESEL,150,56.5,2.1
C Class,2018,16800,AUTOMATIC,30726,DIESEL,145,64.2,2.1
E Class,2014,12450,AUTOMATIC,78185,DIESEL,125,57.7,2.1
E Class,2013,10000,AUTOMATIC,80442,DIESEL,125,58.9,2.1
A Class,2014,8499,MANUAL,77859,DIESEL,30,64.2,2.1
GL Class,2014,14999,AUTOMATIC,42719,DIESEL,145,55.4,2.1
A Class,2013,9980,SEMI-AUTO,49059,DIESEL,30,65.7,1.8
GLA Class,2015,12980,SEMI-AUTO,85000,DIESEL,30,62.8,2.1
B Class,2015,10000,MANUAL,38500,DIESEL,30,65.7,2.1
A Class,2011,5499,AUTOMATIC,52235,PETROL,205,41.5,1.5
CL Class,2015,15499,SEMI-AUTO,19812,PETROL,125,51.4,1.6
A Class,2016,16499,SEMI-AUTO,17634,DIESEL,20,68.9,2.1
A Class,2018,18399,AUTOMATIC,7168,DIESEL,145,65.7,1.5
A Class,2018,18750,AUTOMATIC,10020,PETROL,145,28.5,1.3
GL Class,2018,27597,AUTOMATIC,13820,DIESEL,145,56.5,2.1
GL Class,2017,15899,MANUAL,42830,DIESEL,145,67.3,2.1
GL Class,2016,25999,AUTOMATIC,19859,DIESEL,125,56.5,2.1
A Class,2016,14646,MANUAL,14307,DIESEL,20,68.9,1.5
A Class,2015,14099,AUTOMATIC,33730,DIESEL,20,68.9,2.1
A Class,2014,10171,MANUAL,80870,DIESEL,20,70.6,1.5
A Class,2016,14806,MANUAL,30859,DIESEL,20,68.9,1.5
CL Class,2014,15034,AUTOMATIC,69080,DIESEL,30,62.8,2.1
C Class,2006,3690,AUTOMATIC,101000,DIESEL,265,41.5,2.2
GLA Class,2016,16991,SEMI-AUTO,46713,DIESEL,125,56.5,2.1
E Class,2015,15691,AUTOMATIC,29701,DIESEL,125,57.7,2.1
E Class,2015,14491,AUTOMATIC,70980,DIESEL,125,56.5,2.1
GLA Class,2016,15991,SEMI-AUTO,47914,DIESEL,20,64.2,2.1
S Class,2014,24491,AUTOMATIC,18273,DIESEL,200,48.7,3
SL CLASS,2016,36991,AUTOMATIC,9105,PETROL,235,36.7,3
SL CLASS,2016,32991,AUTOMATIC,16608,PETROL,235,36.7,3
C Class,2019,28991,AUTOMATIC,12583,DIESEL,145,54.3,2
E Class,2013,14750,AUTOMATIC,48614,DIESEL,200,45.6,3
A Class,2016,10799,MANUAL,81475,DIESEL,20,72.4,1.5
E Class,2015,14850,AUTOMATIC,34000,DIESEL,145,54.3,2.1
C Class,2017,25995,AUTOMATIC,65891,PETROL,265,35.3,3
A Class,2017,18500,AUTOMATIC,20571,PETROL,145,52.3,1.6
E Class,2013,5950,AUTOMATIC,146438,PETROL,205,41.5,1.8
GLC Class,2018,20850,AUTOMATIC,20000,DIESEL,150,56.5,2.1
S Class,2015,22250,AUTOMATIC,76000,DIESEL,200,48.7,3
E Class,2009,4950,AUTOMATIC,99844,DIESEL,305,27.7,3
CLA Class,2013,15275,AUTOMATIC,23369,DIESEL,30,62.8,2.1
C Class,2017,21491,AUTOMATIC,21980,DIESEL,145,58.9,2.1
C Class,2016,14000,AUTOMATIC,83990,HYBRID,0,76.4,2.1
C Class,2014,11795,MANUAL,92840,DIESEL,20,68.9,2.1
E Class,2016,14000,AUTOMATIC,67640,DIESEL,125,58.9,2.1
A Class,2016,12500,MANUAL,24810,DIESEL,0,80.7,1.5
E Class,2013,11295,AUTOMATIC,81200,DIESEL,125,57.7,2.1
E Class,2014,10500,AUTOMATIC,115680,HYBRID,20,64.2,2.1
C Class,2015,11295,MANUAL,114970,DIESEL,20,68.9,2.1
C Class,2016,14000,AUTOMATIC,81960,HYBRID,0,134.5,2
CLS Class,2013,12295,AUTOMATIC,56030,DIESEL,145,55,2.1
A Class,2015,11500,MANUAL,80140,DIESEL,30,62.8,2.1
C Class,2015,13000,AUTOMATIC,78070,DIESEL,20,64.2,2.1
GLA Class,2015,14295,MANUAL,59280,DIESEL,20,62.8,2.1
C Class,2015,10795,MANUAL,73770,DIESEL,20,68.9,2.1
A Class,2015,12795,AUTOMATIC,42420,DIESEL,20,65.7,1.5
E Class,2014,7295,AUTOMATIC,152280,DIESEL,30,58.9,2.1
A Class,2017,14500,AUTOMATIC,49650,DIESEL,150,74.3,1.5
C Class,2017,16750,AUTOMATIC,33000,DIESEL,20,64.2,2.1
A Class,2017,15450,MANUAL,20500,PETROL,150,51.4,1.6
E Class,2015,10000,AUTOMATIC,125160,DIESEL,125,57.7,2.1
V Class,2015,19500,AUTOMATIC,99960,DIESEL,200,45.6,2.1
C Class,2015,13000,MANUAL,69930,DIESEL,20,68.9,1.6
GLA Class,2015,10500,MANUAL,115920,DIESEL,30,62.8,2.1
A Class,2014,10795,MANUAL,71240,DIESEL,30,62.8,2.1
A Class,2015,10000,MANUAL,81520,DIESEL,20,70.6,1.5
C Class,2015,11500,AUTOMATIC,101540,DIESEL,20,64.2,2.1
GLA Class,2015,14000,AUTOMATIC,57090,DIESEL,30,62.8,2.1
C Class,2015,10795,AUTOMATIC,136760,HYBRID,0,76.4,2.1
C Class,2015,13295,AUTOMATIC,87980,HYBRID,0,134.5,2
GLA Class,2017,19995,AUTOMATIC,37000,DIESEL,145,56.5,2.2
E Class,2011,9995,AUTOMATIC,90000,DIESEL,235,43.5,3
SL CLASS,2016,33995,AUTOMATIC,35000,PETROL,330,31,4.7
CLK,2004,2995,AUTOMATIC,113000,DIESEL,300,39.2,2.7
C Class,2015,15995,AUTOMATIC,52000,DIESEL,20,67.3,2.1
A Class,2017,13495,MANUAL,33000,PETROL,150,51.4,1.6
A Class,2016,15699,SEMI-AUTO,22500,DIESEL,20,68.9,2.1
A Class,2018,14990,MANUAL,41000,DIESEL,145,68.9,1.5
S Class,2012,12995,AUTOMATIC,72700,DIESEL,235,41.5,3
E Class,2015,16295,AUTOMATIC,34000,DIESEL,145,54.3,3
C Class,2015,13195,AUTOMATIC,51344,DIESEL,30,64.2,2.1
GLA Class,2015,13795,AUTOMATIC,71280,DIESEL,20,62.8,2.1
E Class,2016,12795,AUTOMATIC,99100,DIESEL,125,60.1,2.1
C Class,2014,10500,MANUAL,91430,DIESEL,20,68.9,2.1
C Class,2015,12995,AUTOMATIC,131790,HYBRID,0,74.3,2.1
E Class,2015,11495,AUTOMATIC,131180,DIESEL,125,60.1,2.1
CLA Class,2016,14000,MANUAL,47020,PETROL,125,51.4,1.6
C Class,2016,13195,AUTOMATIC,102580,DIESEL,30,61.4,2.1
A Class,2018,18399,AUTOMATIC,8804,PETROL,145,28.5,1.3
C Class,2015,16499,AUTOMATIC,33707,DIESEL,30,64.2,2.1
A Class,2017,14999,MANUAL,21733,DIESEL,145,68.9,1.5
B Class,2016,13399,MANUAL,16538,DIESEL,30,65.7,2.1
C Class,2015,14000,AUTOMATIC,73960,DIESEL,30,64.2,2.1
C Class,2016,12195,AUTOMATIC,94440,DIESEL,30,64.2,2.1
C Class,2016,11000,MANUAL,100950,DIESEL,20,65.7,2.1
C Class,2016,15000,AUTOMATIC,66950,HYBRID,0,134.5,2
GLA Class,2015,14500,AUTOMATIC,54500,DIESEL,30,62.8,2.1
C Class,2015,18199,AUTOMATIC,33720,DIESEL,30,64.2,2.1
A Class,2017,15599,MANUAL,13027,PETROL,145,51.4,1.6
A Class,2015,11899,MANUAL,46835,DIESEL,30,64.2,2.1
A Class,2015,13699,MANUAL,30035,DIESEL,20,68.9,1.5
A Class,2016,14799,MANUAL,33202,DIESEL,30,62.8,2.1
A Class,2016,12499,AUTOMATIC,42406,DIESEL,20,70.6,1.5
A Class,2016,13799,MANUAL,23646,DIESEL,20,72.4,1.5
C Class,2008,5875,AUTOMATIC,70000,PETROL,305,34.5,1.8
A Class,2013,9990,MANUAL,32713,DIESEL,0,74.3,1.5
A Class,2014,10990,MANUAL,48494,PETROL,150,50.4,1.6
S Class,2001,1695,AUTOMATIC,108800,DIESEL,325,31.7,3.2
CL Class,2015,17950,SEMI-AUTO,17568,DIESEL,20,70.6,2.1
C Class,2017,20995,AUTOMATIC,32664,PETROL,145,40.9,2
A Class,2016,15299,MANUAL,18577,DIESEL,20,68.9,1.5
E Class,2014,11999,AUTOMATIC,56477,DIESEL,30,64.2,2.1
A Class,2017,14699,MANUAL,18154,DIESEL,145,65.7,2.1
C Class,2018,18999,AUTOMATIC,31708,DIESEL,145,61.4,2.1
A Class,2013,12999,AUTOMATIC,49737,DIESEL,30,64.2,2.1
E Class,2014,14995,AUTOMATIC,20437,DIESEL,125,57.7,2.1
E Class,2018,22738,AUTOMATIC,24000,DIESEL,150,61.4,0
CLK,2003,3376,AUTOMATIC,105000,DIESEL,230,39.2,2.7
A Class,2013,11595,MANUAL,51000,DIESEL,125,61.4,1.8
C Class,2018,24999,AUTOMATIC,9695,DIESEL,145,64.2,2
C Class,2016,23299,AUTOMATIC,24735,DIESEL,30,65.7,2.1
SLK,2013,10699,AUTOMATIC,35116,DIESEL,145,56.5,2.1
A Class,2018,19439,AUTOMATIC,9385,PETROL,145,28.5,1.3
A Class,2015,13000,MANUAL,19561,PETROL,145,48.7,1.6
A Class,2015,12299,MANUAL,37274,DIESEL,20,70.6,1.5
A Class,2017,14499,MANUAL,13410,DIESEL,145,72.4,1.5
CL Class,2018,19069,MANUAL,11107,PETROL,145,51.4,1.6
C Class,2011,7449,AUTOMATIC,80268,DIESEL,145,56.5,2.1
CL Class,2014,13499,MANUAL,49491,PETROL,125,50.4,1.6
GL Class,2016,16999,AUTOMATIC,34586,DIESEL,125,56.6,2.1
A Class,2015,11869,MANUAL,42379,DIESEL,20,72.4,1.5
A Class,2017,15199,MANUAL,34243,DIESEL,20,68.9,1.5
C Class,2017,19199,AUTOMATIC,45960,HYBRID,0,134.5,2
A Class,2016,14799,AUTOMATIC,47130,DIESEL,20,67.3,2.1
E Class,2018,20599,AUTOMATIC,22073,DIESEL,145,72.4,2
C Class,2015,14819,AUTOMATIC,47012,DIESEL,30,62.8,2.1
C Class,2013,11999,AUTOMATIC,25525,PETROL,160,46.3,1.6
B Class,2018,14999,AUTOMATIC,9867,DIESEL,145,68.9,2.1
C Class,2016,13499,MANUAL,55154,DIESEL,20,65.7,1.6
B Class,2014,8699,MANUAL,59587,DIESEL,30,61.4,1.5
GL Class,2018,20699,AUTOMATIC,14505,PETROL,145,50.4,1.6
SLK,2013,10499,AUTOMATIC,43739,DIESEL,145,56.5,2.1
C Class,2016,19999,AUTOMATIC,30497,HYBRID,0,134.5,2
C Class,2013,10699,AUTOMATIC,57062,DIESEL,145,54.3,2.1
A Class,2017,17399,AUTOMATIC,10707,DIESEL,145,68.9,2.1
C Class,2018,19399,AUTOMATIC,9047,DIESEL,145,60.1,2.1
GL Class,2018,19999,AUTOMATIC,13436,PETROL,145,50.4,1.6
C Class,2019,24899,AUTOMATIC,7137,PETROL,145,47.1,1.5
E Class,2015,19699,AUTOMATIC,35995,PETROL,235,37.7,3.5
A Class,2017,12999,AUTOMATIC,64106,DIESEL,145,70.6,2.1
A Class,2016,15939,MANUAL,16489,DIESEL,20,68.9,1.5
C Class,2018,19999,AUTOMATIC,25396,DIESEL,145,61.4,2.1
C Class,2011,7999,MANUAL,64000,PETROL,235,38.7,1.8
A Class,2014,9799,MANUAL,52000,DIESEL,20,72.4,1.5
E Class,2015,14995,AUTOMATIC,27986,DIESEL,125,57.7,2.2
CLS Class,2016,18995,AUTOMATIC,53000,DIESEL,145,56.5,2.1
C Class,2015,10799,MANUAL,76157,PETROL,125,51.4,2
C Class,2018,19499,AUTOMATIC,10493,DIESEL,145,64.2,2.1
A Class,2017,15399,MANUAL,14174,DIESEL,145,65.7,2.1
C Class,2018,21999,AUTOMATIC,36926,DIESEL,145,61.4,2
M Class,2015,19689,AUTOMATIC,75358,DIESEL,200,39.2,2.1
A Class,2018,16699,MANUAL,26758,PETROL,145,51.4,1.6
C Class,2014,14199,AUTOMATIC,49241,DIESEL,20,64.2,2.1
S Class,2010,9995,AUTOMATIC,51238,DIESEL,300,37.2,3
E Class,2015,15995,SEMI-AUTO,38000,DIESEL,125,60.1,2.1
SLK,2008,6775,AUTOMATIC,65000,PETROL,290,34.4,1.8
E Class,2013,10675,MANUAL,75000,DIESEL,160,52.3,2.1
A Class,2013,8975,MANUAL,60000,DIESEL,20,72.4,1.5
A Class,2015,10995,MANUAL,77000,DIESEL,20,70.6,1.5
C Class,2007,5995,SEMI-AUTO,62000,DIESEL,260,42.2,2.1
C Class,2010,5975,AUTOMATIC,90000,DIESEL,205,47.9,2.1
GL Class,2014,16499,AUTOMATIC,35598,DIESEL,145,55.4,2.1
A Class,2016,13450,SEMI-AUTO,39266,DIESEL,20,74.3,1.5
C Class,2014,16450,AUTOMATIC,41000,DIESEL,30,64.2,2.1
C Class,2018,18700,AUTOMATIC,19941,DIESEL,150,65.7,1.6
A Class,2015,14499,MANUAL,59558,DIESEL,30,62.8,2.1
A Class,2016,15921,MANUAL,20952,DIESEL,20,68.9,1.5
S Class,2016,30000,AUTOMATIC,27000,DIESEL,160,50.4,3
E Class,2014,15695,AUTOMATIC,38800,DIESEL,125,57.7,2.1
E Class,2009,3995,AUTOMATIC,131711,DIESEL,300,27.7,3
C Class,2014,10995,AUTOMATIC,68000,DIESEL,30,62.8,1.8
M Class,2010,12995,AUTOMATIC,46000,DIESEL,555,31,3
M Class,2007,6750,AUTOMATIC,67000,DIESEL,555,28.8,3
C Class,2017,21399,AUTOMATIC,26213,DIESEL,30,65.7,2.1
E Class,2010,8949,AUTOMATIC,94873,DIESEL,220,44.1,3
M Class,2010,7449,AUTOMATIC,155876,DIESEL,540,32.5,3
A Class,2016,17295,AUTOMATIC,21068,DIESEL,20,74.3,1.5
C Class,2016,16449,AUTOMATIC,27268,DIESEL,30,64.2,2.1
A Class,2018,19879,AUTOMATIC,12215,PETROL,145,28.5,1.3
A Class,2017,16919,MANUAL,8961,DIESEL,20,68.9,1.5
A Class,2015,13959,MANUAL,28051,PETROL,145,49.6,1.6
A Class,2016,19499,MANUAL,7925,PETROL,200,41.5,2
A Class,2016,14459,MANUAL,43132,DIESEL,20,68.9,1.5
C Class,2016,17779,MANUAL,17757,PETROL,125,53.3,2
C Class,2016,14739,MANUAL,15664,PETROL,125,53.3,2
E Class,2014,12995,MANUAL,28436,DIESEL,145,54.3,2.1
A Class,2007,2795,MANUAL,79485,PETROL,200,45.6,1.5
B Class,2016,12441,AUTOMATIC,67558,DIESEL,20,67.3,2.1
CL Class,2016,16299,SEMI-AUTO,52819,DIESEL,20,67.3,2.1
C Class,2016,18999,AUTOMATIC,25334,PETROL,125,51.4,2
A Class,2016,14799,MANUAL,27636,DIESEL,20,68.9,1.5
C Class,2014,16499,AUTOMATIC,34032,DIESEL,30,64.2,2.1
A Class,2013,11599,AUTOMATIC,29526,PETROL,145,50.4,1.6
C Class,2015,16679,AUTOMATIC,35592,DIESEL,20,64.2,2.1
C Class,2018,19999,AUTOMATIC,24564,DIESEL,145,61.4,2.1
A Class,2018,16869,MANUAL,24117,DIESEL,145,62.8,2.1
R Class,2011,11999,AUTOMATIC,75857,DIESEL,325,33.2,3
E Class,2014,12899,AUTOMATIC,60690,DIESEL,145,55.4,2.1
C Class,2018,19799,AUTOMATIC,20173,DIESEL,145,61.4,2.1
GL Class,2018,19699,AUTOMATIC,17231,PETROL,145,50.4,1.6
A Class,2017,15499,MANUAL,20753,DIESEL,145,68.9,1.5
C Class,2016,13999,MANUAL,28960,DIESEL,20,72.4,1.6
B Class,2015,11499,MANUAL,13437,DIESEL,30,64.2,2.1
E Class,2018,21500,AUTOMATIC,20304,DIESEL,145,72.4,2
C Class,2019,17999,AUTOMATIC,9683,PETROL,145,46.3,1.5
C Class,2016,16879,AUTOMATIC,74252,HYBRID,0,134.5,2
C Class,2015,14370,AUTOMATIC,49468,DIESEL,20,64.2,2.1
C Class,2015,18199,AUTOMATIC,24352,DIESEL,20,68.9,2.1
C Class,2015,16999,AUTOMATIC,55978,DIESEL,30,61.4,2.1
GL Class,2017,17399,AUTOMATIC,69751,DIESEL,125,56.5,2.1
A Class,2016,12999,MANUAL,18593,DIESEL,0,80.7,1.5
A Class,2016,15999,MANUAL,24017,PETROL,145,49.6,1.6
A Class,2014,12499,MANUAL,48846,DIESEL,30,62.8,2.1
C Class,2013,10199,MANUAL,58654,DIESEL,160,52.3,2.1
C Class,2016,14799,MANUAL,38764,DIESEL,20,68.9,2.1
CL Class,2017,14999,MANUAL,52417,DIESEL,145,67.3,2.1
C Class,2016,19349,AUTOMATIC,33608,DIESEL,20,67.3,2.1
GL Class,2018,17699,MANUAL,25458,PETROL,145,48.7,1.6
SL CLASS,2018,18999,AUTOMATIC,8942,PETROL,145,48.7,1.6
C Class,2018,18799,AUTOMATIC,28848,DIESEL,145,64.2,2.1
A Class,2018,18499,AUTOMATIC,16872,DIESEL,145,65.7,1.5
C Class,2014,8999,AUTOMATIC,85699,DIESEL,30,64.2,2.1
C Class,2017,16999,AUTOMATIC,33368,DIESEL,145,64.2,2.1
A Class,2017,13499,MANUAL,27654,DIESEL,145,72.4,1.5
C Class,2017,14999,MANUAL,47106,DIESEL,20,70.6,1.6
A Class,2014,11499,MANUAL,43830,DIESEL,20,70.6,1.5
A Class,2016,13999,MANUAL,38425,DIESEL,20,68.9,1.5
A Class,2017,13899,MANUAL,50827,DIESEL,20,72.4,1.5
B Class,2012,7899,AUTOMATIC,74397,PETROL,145,47.9,1.6
GL Class,2016,15699,MANUAL,26809,DIESEL,20,67.3,2.1
C Class,2016,18399,AUTOMATIC,45250,DIESEL,30,64.2,2.1
C Class,2017,19399,AUTOMATIC,47053,DIESEL,125,60.1,2.1
E Class,2013,13599,AUTOMATIC,15759,DIESEL,125,58.9,2.1
A Class,2017,15999,AUTOMATIC,23224,DIESEL,20,74.3,1.5
C Class,2015,12800,AUTOMATIC,70804,DIESEL,125,60.1,2.1
E Class,2018,19899,AUTOMATIC,26439,DIESEL,145,72.4,2
C Class,2018,21199,AUTOMATIC,10815,DIESEL,145,60.1,2.1
E Class,2016,17399,AUTOMATIC,35805,DIESEL,20,72.4,2
C Class,2013,8099,AUTOMATIC,86136,DIESEL,145,57.7,2.1
GL Class,2014,17499,AUTOMATIC,24809,PETROL,200,42.8,2
C Class,2016,15391,MANUAL,9578,DIESEL,20,70.6,2.1
E Class,2016,19299,AUTOMATIC,24267,DIESEL,145,54.3,3
C Class,2014,11999,AUTOMATIC,46931,DIESEL,145,53.3,2.1
M Class,2012,15699,AUTOMATIC,62639,DIESEL,300,39.2,3
A Class,2018,17149,MANUAL,18828,PETROL,145,51.4,1.6
E Class,2016,15699,AUTOMATIC,80652,DIESEL,20,67.3,2
E Class,2015,12437,AUTOMATIC,95008,DIESEL,125,56.5,2.1
GL Class,2015,15299,AUTOMATIC,41270,DIESEL,20,62.8,2.1
GL Class,2018,19999,AUTOMATIC,12471,PETROL,145,50.4,1.6
GL Class,2017,27999,AUTOMATIC,30827,DIESEL,200,47.9,2.1
A Class,2015,15175,AUTOMATIC,19511,DIESEL,20,64.2,2.1
E Class,2017,19599,AUTOMATIC,37722,DIESEL,145,65.7,2
C Class,2018,22899,AUTOMATIC,10346,PETROL,145,43.5,2
E Class,2013,11250,AUTOMATIC,43959,DIESEL,125,57.7,2.1
A Class,2017,15599,MANUAL,11665,DIESEL,145,65.7,2.1
A Class,2018,23799,AUTOMATIC,4618,PETROL,145,53.3,1.3
A Class,2016,13699,AUTOMATIC,31817,DIESEL,0,76.4,1.5
C Class,2016,15199,AUTOMATIC,47360,DIESEL,20,64.2,2.1
C Class,2016,19799,MANUAL,16225,PETROL,145,49.6,2
CL Class,2016,16999,MANUAL,25668,PETROL,125,51.4,1.6
CLS Class,2011,13299,AUTOMATIC,28738,DIESEL,200,46.3,3
C Class,2015,14699,AUTOMATIC,69037,HYBRID,0,76.4,2.1
A Class,2016,14499,MANUAL,31143,DIESEL,30,62.8,2.1
M Class,2012,14999,AUTOMATIC,75626,DIESEL,200,44.8,2.1
C Class,2016,17699,AUTOMATIC,32044,DIESEL,20,64.2,2.1
A Class,2014,12950,AUTOMATIC,59000,PETROL,195,44.1,2
SLK,2008,5850,AUTOMATIC,78954,PETROL,300,34.4,1.8
V Class,2010,6949,AUTOMATIC,259000,DIESEL,540,30.7,3
C Class,2015,16500,AUTOMATIC,37000,DIESEL,30,61.4,2.1
SL CLASS,2010,18000,AUTOMATIC,32450,PETROL,540,29.1,3.5
230,2007,4500,AUTOMATIC,94000,PETROL,520,29.4,0
M Class,2008,6495,SEMI-AUTO,96000,DIESEL,565,28.8,3
E Class,2016,19599,AUTOMATIC,27032,DIESEL,30,65.7,2
C Class,2017,14399,MANUAL,18862,PETROL,145,53.3,2
C Class,2017,17499,AUTOMATIC,35652,HYBRID,135,134.5,2
CL Class,2016,17999,AUTOMATIC,48485,DIESEL,125,58.9,2.1
A Class,2013,10599,AUTOMATIC,51140,PETROL,145,50.4,1.6
GL Class,2017,20500,AUTOMATIC,56316,DIESEL,125,56.5,2.1
A Class,2016,15699,AUTOMATIC,42506,DIESEL,20,68.9,2.1
CL Class,2016,18399,AUTOMATIC,30269,DIESEL,20,67.3,2.1
C Class,2016,17799,AUTOMATIC,53613,DIESEL,30,64.2,2.1
GL Class,2017,16995,MANUAL,14602,DIESEL,20,67.3,2.1
C Class,2015,12299,MANUAL,73227,PETROL,125,52.3,2
GL Class,2018,20999,AUTOMATIC,2880,DIESEL,145,56.5,2.1
E Class,2017,19999,AUTOMATIC,37259,DIESEL,145,65.7,2
GL Class,2018,20899,AUTOMATIC,14026,DIESEL,145,56.5,2.1
C Class,2018,20299,AUTOMATIC,9562,DIESEL,145,61.4,2.1
GL Class,2015,16499,AUTOMATIC,49838,DIESEL,125,55.4,2.1
C Class,2015,12599,MANUAL,50299,DIESEL,20,70.6,1.6
C Class,2015,17299,AUTOMATIC,25758,HYBRID,0,78.5,2.1
E Class,2016,17499,AUTOMATIC,26561,DIESEL,125,58.9,2.1
CLS Class,2015,17499,AUTOMATIC,51974,DIESEL,125,57.7,2.1
E Class,2013,14999,AUTOMATIC,41920,DIESEL,200,47.1,3
C Class,2016,15399,AUTOMATIC,49586,DIESEL,20,64.2,2.1
A Class,2018,18699,AUTOMATIC,11825,DIESEL,145,65.7,1.5
CL Class,2016,17199,MANUAL,42215,DIESEL,20,67.3,2.1
A Class,2018,17499,AUTOMATIC,21548,DIESEL,145,65.7,1.5
GL Class,2014,14899,AUTOMATIC,43632,DIESEL,145,55.4,2.1
C Class,2018,21999,AUTOMATIC,20892,PETROL,145,43.5,2
A Class,2018,17499,AUTOMATIC,22767,DIESEL,145,65.7,1.5
GL Class,2015,17799,AUTOMATIC,24963,DIESEL,125,55.4,2.1
M Class,2004,1995,SEMI-AUTO,165000,PETROL,330,20,3.7
B Class,2013,9499,AUTOMATIC,34875,DIESEL,30,64.2,1.8
C Class,2009,5295,AUTOMATIC,112000,DIESEL,200,46.3,2.1
C Class,2011,6995,AUTOMATIC,120899,PETROL,200,40.4,1.8
C Class,2012,5250,AUTOMATIC,170000,DIESEL,145,54.3,2.1
CLK,2005,1995,AUTOMATIC,105000,DIESEL,260,43.5,2.1
X-CLASS,2019,31990,AUTOMATIC,1000,DIESEL,260,35.8,2.3
X-CLASS,2018,28490,AUTOMATIC,3500,DIESEL,250,35.8,2.3
X-CLASS,2019,33990,AUTOMATIC,13000,DIESEL,260,31.4,3
A Class,2013,8495,MANUAL,74000,DIESEL,0,74.3,1.5
X-CLASS,2018,29490,AUTOMATIC,5000,DIESEL,250,35.8,2.3
X-CLASS,2018,28990,AUTOMATIC,10000,DIESEL,240,35.8,2.3
X-CLASS,2019,28990,AUTOMATIC,4000,DIESEL,260,35.8,2.3
X-CLASS,2019,38990,AUTOMATIC,8000,DIESEL,260,31.4,3
V Class,2017,25490,AUTOMATIC,5000,DIESEL,150,48.7,2.1
CLS Class,2012,13199,AUTOMATIC,48579,DIESEL,200,46.3,3
A Class,2013,9999,MANUAL,58358,DIESEL,20,72.4,1.5
A Class,2016,15595,MANUAL,19891,DIESEL,20,68.9,1.5
A Class,2017,15799,MANUAL,9330,PETROL,145,51.4,1.6
A Class,2015,12299,MANUAL,43610,DIESEL,20,72.4,1.5
C Class,2016,15499,MANUAL,63478,DIESEL,20,68.9,2.1
C Class,2016,14999,AUTOMATIC,59243,DIESEL,20,64.2,2.1
E Class,2018,22699,AUTOMATIC,29911,DIESEL,145,65.7,2
E Class,2013,11899,AUTOMATIC,62051,DIESEL,145,54.3,2.1
C Class,2017,31750,AUTOMATIC,18075,PETROL,145,35.3,3
SL CLASS,2015,26750,AUTOMATIC,38570,PETROL,260,36.7,3
E Class,2013,5995,MANUAL,127600,DIESEL,125,51.4,2.1
S Class,2017,30795,AUTOMATIC,35980,DIESEL,160,52.3,3
A Class,2014,13750,AUTOMATIC,37066,DIESEL,20,64.2,2.1
C Class,2016,16250,AUTOMATIC,23196,DIESEL,30,65.7,1.6
GLA Class,2017,18841,AUTOMATIC,30477,DIESEL,145,56.5,2.1
C Class,2018,17450,AUTOMATIC,21936,PETROL,145,51.4,2
CLA Class,2016,11950,AUTOMATIC,82177,DIESEL,20,68.9,2.1
CLA Class,2015,15400,AUTOMATIC,17500,PETROL,125,51.4,1.6
X-CLASS,2018,28990,AUTOMATIC,14000,DIESEL,240,35.8,2.3
E Class,2005,3485,AUTOMATIC,79191,PETROL,325,32.5,1.8
A Class,2013,9450,MANUAL,50380,PETROL,125,51.4,1.6
A Class,2016,13599,AUTOMATIC,29917,DIESEL,0,74.3,2.1
A Class,2016,12799,MANUAL,35699,DIESEL,20,72.4,1.5
C Class,2019,26995,AUTOMATIC,10765,DIESEL,145,57.7,2
C Class,2017,21995,AUTOMATIC,17413,DIESEL,145,58.9,2.1
E Class,2019,34995,AUTOMATIC,4129,HYBRID,140,201.8,2
CLK,2002,3790,AUTOMATIC,98000,PETROL,325,24.6,5
E Class,2010,6794,AUTOMATIC,69173,DIESEL,205,45.6,2.1
C Class,2015,16975,AUTOMATIC,42000,DIESEL,30,61.4,2.1
CLS Class,2011,11975,AUTOMATIC,75000,DIESEL,200,46.3,3
SL CLASS,2010,11975,AUTOMATIC,79000,PETROL,555,29.1,3.5
A Class,2017,16750,SEMI-AUTO,30000,DIESEL,20,68.9,2.1
C Class,2017,17599,AUTOMATIC,50212,DIESEL,145,61.4,1.6
C Class,2018,22199,AUTOMATIC,22027,DIESEL,145,61.4,2
A Class,2014,11019,AUTOMATIC,68184,PETROL,145,50.4,1.6
A Class,2016,14799,AUTOMATIC,16307,DIESEL,20,74.3,1.5
C Class,2006,3200,AUTOMATIC,86000,PETROL,565,28.2,3.5
E Class,2013,16500,AUTOMATIC,22000,DIESEL,165,47.9,3
GLA Class,2014,16395,AUTOMATIC,46000,DIESEL,145,55.4,2.1
A Class,2011,5195,AUTOMATIC,60000,DIESEL,165,52.3,2
GL Class,2016,17299,AUTOMATIC,11684,DIESEL,20,67.3,2.1
C Class,2018,17999,AUTOMATIC,38169,DIESEL,145,60.1,2.1
C Class,2016,11999,MANUAL,65548,DIESEL,20,72.4,1.6
A Class,2018,17999,AUTOMATIC,9827,DIESEL,145,65.7,1.5
SLK,2012,13999,AUTOMATIC,28500,PETROL,200,42.8,1.8
X-CLASS,2018,36790,AUTOMATIC,9500,DIESEL,260,31.4,3
A Class,2016,13599,MANUAL,20146,DIESEL,20,68.9,2.1
C Class,2016,12459,AUTOMATIC,93948,DIESEL,30,62.8,2.1
A Class,2016,13499,MANUAL,23453,DIESEL,20,72.4,1.5
E Class,2015,13999,AUTOMATIC,53652,DIESEL,125,61.4,2.1
C Class,2014,10699,AUTOMATIC,50179,DIESEL,145,53.3,2.1
E Class,2017,18999,AUTOMATIC,77363,DIESEL,145,61.4,2
A Class,2017,15165,AUTOMATIC,37762,DIESEL,20,74.3,1.5
GL Class,2018,19999,AUTOMATIC,13096,PETROL,145,50.4,1.6
A Class,2018,19549,AUTOMATIC,12194,PETROL,145,28.5,1.3
GL Class,2016,18499,AUTOMATIC,46864,DIESEL,125,56.5,2.1
GL Class,2016,16999,AUTOMATIC,32293,DIESEL,20,67.3,2.1
B Class,2018,16999,AUTOMATIC,4275,DIESEL,145,68.9,1.5
A Class,2014,12299,MANUAL,34176,DIESEL,20,70.6,1.5
E Class,2016,18329,AUTOMATIC,39031,DIESEL,30,65.7,2
A Class,2016,16399,MANUAL,16088,DIESEL,30,62.8,2.1
A Class,2017,15472,MANUAL,24475,DIESEL,145,68.9,1.5
A Class,2018,19399,AUTOMATIC,11423,DIESEL,145,65.7,1.5
C Class,2015,16729,AUTOMATIC,30701,DIESEL,20,64.2,2.1
C Class,2015,16299,AUTOMATIC,25958,DIESEL,30,62.8,2.1
CL Class,2017,16699,MANUAL,22575,DIESEL,145,67.3,2.1
A Class,2018,19999,AUTOMATIC,11766,PETROL,145,28.5,1.3
E Class,2017,19999,AUTOMATIC,21548,DIESEL,145,65.7,2
GL Class,2018,27699,AUTOMATIC,8291,DIESEL,145,56.5,2.1
C Class,2018,18819,AUTOMATIC,30772,DIESEL,145,64.2,2.1
A Class,2018,19599,AUTOMATIC,6405,DIESEL,145,65.7,1.5
C Class,2018,19399,AUTOMATIC,22078,DIESEL,145,64.2,2.1
A Class,2018,16990,AUTOMATIC,27590,DIESEL,145,65.7,1.5
C Class,2018,18999,AUTOMATIC,16834,DIESEL,145,60.1,2.1
C Class,2018,18799,AUTOMATIC,20090,DIESEL,145,60.1,2.1
C Class,2018,18899,AUTOMATIC,21315,DIESEL,145,64.2,2.1
A Class,2018,18949,AUTOMATIC,10979,DIESEL,145,65.7,1.5
C Class,2018,17999,AUTOMATIC,14632,DIESEL,145,58.9,1.6
E Class,2012,9499,AUTOMATIC,67681,DIESEL,145,53.3,2.1
A Class,2017,15399,AUTOMATIC,14074,DIESEL,145,74.3,1.5
C Class,2016,15699,AUTOMATIC,30173,DIESEL,20,64.2,2.1
GL Class,2016,16499,AUTOMATIC,13144,DIESEL,125,55.4,2.1
A Class,2013,14489,AUTOMATIC,55345,PETROL,160,44.1,2
C Class,2016,16899,AUTOMATIC,59290,HYBRID,0,134.5,2
C Class,2016,16499,AUTOMATIC,22525,DIESEL,30,65.7,1.6
B Class,2014,9499,AUTOMATIC,63878,DIESEL,30,60.1,1.8
E Class,2016,16469,AUTOMATIC,47288,DIESEL,125,60.1,2.1
E Class,2015,13295,AUTOMATIC,54473,DIESEL,30,64.2,2.1
C Class,2016,19999,AUTOMATIC,19299,HYBRID,0,134.5,2
B Class,2017,13299,MANUAL,15094,DIESEL,145,68.9,1.5
A Class,2013,10559,MANUAL,34408,DIESEL,0,74.3,1.5
A Class,2018,16299,AUTOMATIC,25698,DIESEL,145,70.6,2.1
C Class,2018,19999,AUTOMATIC,34008,DIESEL,145,61.4,2.1
A Class,2018,18499,AUTOMATIC,13505,DIESEL,145,65.7,1.5
A Class,2016,14299,MANUAL,43748,DIESEL,30,62.8,2.1
A Class,2018,19699,AUTOMATIC,8456,DIESEL,145,65.7,1.5
A Class,2014,9929,MANUAL,51743,DIESEL,20,72.4,1.5
A Class,2018,19299,AUTOMATIC,11648,PETROL,145,28.5,1.3
B Class,2016,10989,MANUAL,49697,DIESEL,20,68.9,1.5
C Class,2012,8299,AUTOMATIC,72005,DIESEL,145,56.5,2.1
B Class,2012,7499,AUTOMATIC,57386,DIESEL,125,64.2,1.8
GL Class,2014,27499,AUTOMATIC,53407,DIESEL,325,35.3,3
A Class,2018,18799,AUTOMATIC,10359,DIESEL,145,65.7,1.5
A Class,2016,14299,AUTOMATIC,39726,PETROL,125,53.3,1.6
GL Class,2017,26999,AUTOMATIC,10881,DIESEL,145,56.5,2.1
E Class,2018,20399,AUTOMATIC,33059,DIESEL,145,65.7,2
B Class,2016,11499,MANUAL,40579,DIESEL,20,68.9,1.5
B Class,2017,12699,MANUAL,12444,DIESEL,145,70.6,1.5
C Class,2016,17979,AUTOMATIC,47448,HYBRID,0,134.5,2
E Class,2015,14999,AUTOMATIC,33588,DIESEL,125,58.9,2.1
C Class,2015,11689,MANUAL,76472,DIESEL,20,70.6,2.1
A Class,2015,12519,AUTOMATIC,32259,PETROL,30,52.3,1.6
A Class,2018,17369,AUTOMATIC,24114,DIESEL,145,68.9,2.1
A Class,2018,17889,AUTOMATIC,18584,DIESEL,145,65.7,1.5
A Class,2017,15199,AUTOMATIC,17467,DIESEL,145,74.3,1.5
S Class,2016,34995,AUTOMATIC,33650,DIESEL,200,47.9,3
CLA Class,2014,24995,AUTOMATIC,41445,PETROL,205,39.8,2
E Class,2016,19995,AUTOMATIC,13000,DIESEL,125,58.9,2.1
E Class,2016,19499,AUTOMATIC,14596,DIESEL,20,72.4,2
E Class,2017,19999,AUTOMATIC,27977,DIESEL,20,72.4,2
A Class,2017,17259,AUTOMATIC,13615,DIESEL,145,68.9,2.1
A Class,2018,16999,MANUAL,23362,PETROL,145,51.4,1.6
A Class,2018,17999,AUTOMATIC,12752,DIESEL,145,65.7,1.5
A Class,2018,15121,MANUAL,9598,DIESEL,145,72.4,1.5
B Class,2016,14699,AUTOMATIC,21775,DIESEL,20,68.9,2.1
A Class,2017,14089,MANUAL,18977,PETROL,145,52.3,1.6
M Class,2015,18789,AUTOMATIC,68279,DIESEL,300,39.2,3
C Class,2017,20999,AUTOMATIC,5338,HYBRID,135,134.5,2
C Class,2018,19999,AUTOMATIC,16663,DIESEL,145,60.1,2.1
C Class,2013,7199,AUTOMATIC,124000,DIESEL,145,53.3,2.1
CLK,2004,3399,AUTOMATIC,58000,DIESEL,260,39.2,2.7
SLK,2007,5290,AUTOMATIC,74000,PETROL,325,32.1,1.8
M Class,2014,20495,AUTOMATIC,27000,DIESEL,205,44.8,2.1
V Class,2019,24990,MANUAL,5000,DIESEL,145,46.3,2.1
X-CLASS,2018,27990,AUTOMATIC,7000,DIESEL,260,35.8,2.3
X-CLASS,2019,33990,AUTOMATIC,8000,DIESEL,260,31.4,3
X-CLASS,2018,28990,AUTOMATIC,18000,DIESEL,260,35.8,2.3
C Class,2017,20999,AUTOMATIC,18888,HYBRID,135,134.5,2
GL Class,2016,20750,AUTOMATIC,57864,DIESEL,125,56.5,2.1
B Class,2017,13199,MANUAL,17177,DIESEL,145,68.9,1.5
A Class,2017,14999,AUTOMATIC,35510,PETROL,125,52.3,1.6
C Class,2016,15339,AUTOMATIC,67267,HYBRID,0,134.5,2
A Class,2017,16699,MANUAL,17537,DIESEL,145,68.9,1.5
E Class,2014,15995,AUTOMATIC,42000,DIESEL,200,45.6,3
C Class,2018,42995,AUTOMATIC,18000,PETROL,145,32.8,4
CLS Class,2011,11995,AUTOMATIC,88559,DIESEL,200,46.3,3
CLS Class,2015,20995,AUTOMATIC,29417,DIESEL,160,51.4,3
CLS Class,2015,19995,AUTOMATIC,48126,DIESEL,160,49.6,3
E Class,2015,17995,AUTOMATIC,59813,DIESEL,145,54.3,3
C Class,2015,17695,AUTOMATIC,64765,DIESEL,30,64.2,2.1
SL CLASS,2010,15995,AUTOMATIC,56098,PETROL,555,29.1,3.5
GLC Class,2017,19000,AUTOMATIC,87750,DIESEL,125,56.5,2.1
E Class,2013,11795,AUTOMATIC,53300,DIESEL,125,58.9,2.1
A Class,2016,15295,AUTOMATIC,34595,DIESEL,20,74.3,1.5
V Class,2016,31995,AUTOMATIC,42000,DIESEL,235,44.8,2.1
C Class,2002,1495,AUTOMATIC,13800,DIESEL,305,39.8,2.7
SL CLASS,2007,12995,AUTOMATIC,45000,PETROL,570,23.3,5
CL Class,2002,8995,AUTOMATIC,77000,PETROL,325,21.1,5.4
S Class,2017,28999,AUTOMATIC,26000,DIESEL,150,50.4,3
SLK,2015,15599,AUTOMATIC,21680,DIESEL,150,56.5,2.1
C Class,2014,14399,AUTOMATIC,73598,DIESEL,30,61.4,2.1
A Class,2015,13299,AUTOMATIC,20233,DIESEL,20,68.9,1.5
GL Class,2016,16299,MANUAL,34132,PETROL,145,48.7,1.6
E Class,2015,15999,AUTOMATIC,36634,DIESEL,125,56.5,2.1
C Class,2013,10999,AUTOMATIC,63930,DIESEL,145,53.3,2.1
CLS Class,2016,19499,AUTOMATIC,48017,DIESEL,160,51.4,3
E Class,2015,13599,AUTOMATIC,74293,DIESEL,125,61.4,2.1
A Class,2016,13899,MANUAL,48649,DIESEL,20,68.9,1.5
C Class,2015,17149,AUTOMATIC,48191,DIESEL,125,60.1,2.1
E Class,2013,11299,AUTOMATIC,60417,DIESEL,30,58.9,2.1
C Class,2016,16950,AUTOMATIC,51700,HYBRID,0,134.5,2
A Class,2017,12295,MANUAL,90220,DIESEL,30,62.8,2.1
A Class,2017,12000,MANUAL,102390,DIESEL,145,62.8,2.1
C Class,2016,12795,AUTOMATIC,100000,HYBRID,0,134.5,2
C Class,2015,11500,MANUAL,84830,PETROL,125,52.3,2
E Class,2013,13000,AUTOMATIC,54490,DIESEL,160,51.4,2.1
SLK,2014,10695,AUTOMATIC,64130,DIESEL,145,56.5,2.1
A Class,2016,9295,MANUAL,111410,DIESEL,0,80.7,1.5
C Class,2016,13295,AUTOMATIC,86620,HYBRID,0,134.5,2
E Class,2013,13995,AUTOMATIC,31000,DIESEL,145,55.4,2.2
B Class,2013,9995,MANUAL,42000,DIESEL,20,64.2,1.8
C Class,2013,13995,AUTOMATIC,24000,PETROL,160,44.8,1.6
B Class,2012,9995,AUTOMATIC,43000,DIESEL,30,60.1,1.8
CL Class,2015,16975,SEMI-AUTO,38000,DIESEL,20,67.3,2.1
C Class,2015,12750,AUTOMATIC,29000,PETROL,160,44.8,1.6
A Class,2018,14975,SEMI-AUTO,17000,DIESEL,145,74.3,1.5
CL Class,2008,18975,AUTOMATIC,69000,PETROL,570,19,6.2
CLK,2003,3495,AUTOMATIC,185000,PETROL,330,17.8,4.3
CL Class,2016,16995,MANUAL,30000,DIESEL,20,67.3,2.1
B Class,2016,14995,AUTOMATIC,19000,PETROL,125,51.4,1.6
E Class,2015,17495,AUTOMATIC,44000,DIESEL,145,53.3,3
E Class,2016,17495,AUTOMATIC,40000,DIESEL,145,54.3,3
A Class,2016,12995,MANUAL,28000,DIESEL,20,72.4,1.5
E Class,2013,10490,AUTOMATIC,85000,DIESEL,160,52.3,2.1
C Class,2015,13790,AUTOMATIC,54000,PETROL,125,52.3,2
B Class,2016,14490,AUTOMATIC,13000,DIESEL,20,68.9,1.5
B Class,2019,16990,MANUAL,5000,PETROL,145,49.6,1.6
C Class,2015,15490,AUTOMATIC,34000,DIESEL,20,64.2,2.1
A Class,2011,4995,AUTOMATIC,70000,PETROL,240,42.8,1.7
CLS Class,2011,12995,AUTOMATIC,54000,DIESEL,200,46.3,3
B Class,2013,9995,MANUAL,35000,DIESEL,20,64.2,1.5
SLK,2007,6495,AUTOMATIC,69000,PETROL,325,32.1,1.8
E Class,2011,14995,AUTOMATIC,34000,DIESEL,200,47.1,3
C Class,2008,4995,AUTOMATIC,90000,DIESEL,260,42.2,2.1
SLK,2006,4995,AUTOMATIC,75000,PETROL,555,28,3.5
C Class,2012,8495,AUTOMATIC,51122,DIESEL,145,55.4,2.2
E Class,2018,23989,AUTOMATIC,51223,DIESEL,150,70.6,2
C Class,2009,7495,AUTOMATIC,54000,PETROL,260,36.7,1.6
C Class,2009,6995,AUTOMATIC,42000,PETROL,235,38.7,1.6
C Class,2015,15880,AUTOMATIC,41267,DIESEL,30,64.2,2.1
C Class,2018,34480,AUTOMATIC,13500,PETROL,150,35.3,3
C Class,2018,19980,AUTOMATIC,17973,DIESEL,150,64.2,2.1
C Class,2017,19980,MANUAL,26000,PETROL,150,49.6,2
C Class,2015,14795,AUTOMATIC,109050,HYBRID,0,74.3,2.1
CLA Class,2015,13795,AUTOMATIC,90740,DIESEL,20,67.3,2.1
B Class,2015,9295,MANUAL,80900,DIESEL,20,68.9,1.5
C Class,2016,10500,MANUAL,117760,DIESEL,20,65.7,2.1
A Class,2016,11795,MANUAL,81150,DIESEL,20,68.9,1.5
A Class,2017,13000,MANUAL,85900,DIESEL,145,62.8,2.1
CLA Class,2016,13795,AUTOMATIC,55700,DIESEL,20,67.3,2.1
C Class,2017,15000,AUTOMATIC,54700,HYBRID,0,78.5,2.1
C Class,2016,15000,AUTOMATIC,76200,DIESEL,30,61.4,2.1
B Class,2016,8000,MANUAL,91890,DIESEL,20,70.6,1.5
C Class,2015,13362,AUTOMATIC,74044,DIESEL,20,64.2,2.1
C Class,2007,5995,AUTOMATIC,50500,PETROL,300,34.5,1.8
B Class,2014,9475,AUTOMATIC,49276,DIESEL,30,64.2,1.5
E Class,2013,11995,AUTOMATIC,89625,HYBRID,20,62.8,2.1
C Class,2015,15275,AUTOMATIC,67889,HYBRID,0,76.4,2.1
C Class,2010,5495,MANUAL,82752,PETROL,205,42.8,1.6
A Class,2013,10275,AUTOMATIC,79834,DIESEL,30,65.7,1.8
E Class,2013,13995,AUTOMATIC,37000,DIESEL,30,58.9,2.2
C Class,2016,21990,AUTOMATIC,35000,HYBRID,0,74.3,2.1
GLA Class,2014,15990,AUTOMATIC,59000,DIESEL,145,55.4,2.1
CLA Class,2015,24990,AUTOMATIC,27000,PETROL,200,39.8,2
E Class,2016,12990,AUTOMATIC,95000,DIESEL,125,56.5,2.1
C Class,2010,7990,AUTOMATIC,66000,DIESEL,200,46.3,2.1
A Class,2017,17990,MANUAL,25000,PETROL,145,49.6,1.6
E Class,2018,22490,AUTOMATIC,36000,DIESEL,145,72.4,2
GLC Class,2019,29750,AUTOMATIC,12914,DIESEL,150,56.5,2.1
GLC Class,2019,24500,AUTOMATIC,21118,PETROL,150,37.2,2
GLE Class,2017,27000,AUTOMATIC,17794,DIESEL,145,47.9,2.1
GLC Class,2016,21000,AUTOMATIC,51093,DIESEL,125,56.5,2.1
GLE Class,2017,27000,AUTOMATIC,33555,DIESEL,205,47.9,2.1
GLE Class,2017,27500,AUTOMATIC,8363,DIESEL,150,47.9,2.1
GLE Class,2018,29500,AUTOMATIC,21647,DIESEL,150,47.9,2.1
G Class,2013,45000,AUTOMATIC,52438,DIESEL,580,25.2,3
GLS Class,2017,53000,AUTOMATIC,45239,PETROL,150,23,5.5
GLE Class,2018,41000,AUTOMATIC,21889,DIESEL,150,36.7,3
C Class,2016,13499,MANUAL,61140,DIESEL,20,65.7,2.1
A Class,2017,13503,MANUAL,30529,DIESEL,145,80.7,1.5
A Class,2017,15699,MANUAL,21107,PETROL,145,51.4,1.6
A Class,2016,15499,MANUAL,24487,DIESEL,20,68.9,1.5
A Class,2017,13499,MANUAL,15015,DIESEL,145,80.7,1.5
A Class,2017,16499,AUTOMATIC,17490,DIESEL,145,68.9,2.1
A Class,2017,16499,AUTOMATIC,19425,DIESEL,145,68.9,2.1
C Class,2016,14999,AUTOMATIC,80195,DIESEL,20,64.2,2.1
A Class,2017,14899,AUTOMATIC,27016,DIESEL,145,74.3,1.5
C Class,2012,9099,AUTOMATIC,54275,DIESEL,145,56.5,2.1
A Class,2014,12990,AUTOMATIC,20000,DIESEL,20,68.9,1.5
GLA Class,2016,17490,AUTOMATIC,25000,DIESEL,20,64.2,2.1
M Class,2009,8995,AUTOMATIC,86000,DIESEL,555,30.4,3
GLC Class,2019,30000,AUTOMATIC,8268,DIESEL,150,44.8,2
GLC Class,2016,22750,AUTOMATIC,21225,DIESEL,125,56.5,2.1
CLA Class,2016,18000,AUTOMATIC,28863,DIESEL,125,58.9,2.1
GLC Class,2018,27750,AUTOMATIC,15516,PETROL,150,43.5,2
S Class,2018,45000,AUTOMATIC,39840,PETROL,150,40.9,3
GLE Class,2018,34000,AUTOMATIC,14408,DIESEL,150,37.7,3
GLS Class,2017,38250,AUTOMATIC,7201,DIESEL,150,37.2,3
GLA Class,2019,18500,MANUAL,15870,PETROL,145,40.9,1.6
GLC Class,2018,25500,AUTOMATIC,13940,DIESEL,145,56.5,2.1
GLC Class,2019,24250,AUTOMATIC,21252,PETROL,150,37.2,2
GLS Class,2016,33500,AUTOMATIC,28711,DIESEL,305,37.2,3
GLC Class,2019,24500,AUTOMATIC,19932,PETROL,150,37.2,2
CLA Class,2015,16250,AUTOMATIC,32895,DIESEL,20,67.3,2.1
GLC Class,2016,22250,AUTOMATIC,57774,DIESEL,125,56.5,2.1
GLE Class,2017,27750,AUTOMATIC,7698,DIESEL,150,42.8,3
GLS Class,2017,38250,AUTOMATIC,7208,DIESEL,305,37.2,3
C Class,2016,19750,AUTOMATIC,36095,DIESEL,30,64.2,2.1
GLS Class,2017,38000,AUTOMATIC,11575,DIESEL,150,37.2,3
GLS Class,2017,38000,AUTOMATIC,12046,DIESEL,150,37.2,3
GLC Class,2016,20750,AUTOMATIC,30848,DIESEL,125,56.5,2.1
GLC Class,2017,23750,AUTOMATIC,43927,DIESEL,125,56.5,2.1
GLC Class,2017,25750,AUTOMATIC,22000,DIESEL,145,56.5,2.1
GLC Class,2019,26000,AUTOMATIC,19424,PETROL,145,43.5,2
SL CLASS,2019,48500,AUTOMATIC,9000,PETROL,145,31.4,4.7
GLC Class,2015,24750,AUTOMATIC,23405,DIESEL,125,56.5,2.1
GLS Class,2017,38250,AUTOMATIC,7736,DIESEL,150,37.2,3
GLC Class,2016,21750,AUTOMATIC,52852,DIESEL,125,56.5,2.1
C Class,2017,36000,AUTOMATIC,45979,PETROL,150,34.5,4
GLA Class,2019,18500,MANUAL,18143,PETROL,145,40.9,1.6
GLA Class,2019,18500,MANUAL,12883,PETROL,145,40.9,1.6
GLE Class,2018,34750,AUTOMATIC,16500,DIESEL,145,37.7,3
C Class,2016,15750,AUTOMATIC,15000,DIESEL,20,65.7,2.1
V Class,2017,29950,AUTOMATIC,33000,DIESEL,145,44.6,2.1
E Class,2016,20950,AUTOMATIC,49000,DIESEL,30,65.7,2
GLE Class,2017,27000,AUTOMATIC,16263,DIESEL,265,42.8,3
GLE Class,2017,27000,AUTOMATIC,13107,DIESEL,265,42.8,3
GLE Class,2017,26000,AUTOMATIC,24053,DIESEL,265,42.8,3
GLE Class,2017,27000,AUTOMATIC,14731,DIESEL,265,42.8,3
GLE Class,2017,27000,AUTOMATIC,12190,DIESEL,265,42.8,3
GLC Class,2017,24500,AUTOMATIC,26968,DIESEL,125,56.5,2.1
GLC Class,2016,27250,AUTOMATIC,30810,DIESEL,150,56.5,2.1
GLC Class,2018,24750,AUTOMATIC,21960,DIESEL,150,56.5,2.1
GLE Class,2018,29500,AUTOMATIC,20214,DIESEL,150,47.9,2.1
GLC Class,2016,21000,AUTOMATIC,68594,DIESEL,125,56.5,2.1
GLC Class,2017,21250,AUTOMATIC,65094,DIESEL,125,56.5,2.1
A Class,2018,84500,AUTOMATIC,3695,PETROL,145,24.8,4
V Class,2018,52000,AUTOMATIC,11875,DIESEL,145,45.6,2.1
GL Class,2016,36500,AUTOMATIC,16000,DIESEL,300,36.2,3
GLS Class,2016,33000,AUTOMATIC,42924,DIESEL,300,37.2,3
S Class,2016,31000,AUTOMATIC,15000,PETROL,300,33.6,4.7
S Class,2016,57000,AUTOMATIC,14000,PETROL,555,28,5.5
GLS Class,2016,37500,AUTOMATIC,41013,DIESEL,300,37.2,3
GLS Class,2018,49500,AUTOMATIC,19719,DIESEL,145,34,3
GLA Class,2017,17000,MANUAL,18833,DIESEL,145,64.2,2.1
GLC Class,2018,26500,AUTOMATIC,6876,DIESEL,150,56.5,2.1
GLC Class,2016,23500,AUTOMATIC,28647,DIESEL,125,56.5,2.1
GLC Class,2018,26000,AUTOMATIC,17165,DIESEL,150,41.5,2.1
GLC Class,2019,26000,AUTOMATIC,7966,DIESEL,150,56.5,2.1
GLC Class,2019,24500,AUTOMATIC,15358,PETROL,150,37.2,2
GLC Class,2019,29750,AUTOMATIC,10857,DIESEL,150,56.5,2.1
GLC Class,2019,29750,AUTOMATIC,13460,DIESEL,150,56.5,2.1
S Class,2019,52500,AUTOMATIC,12139,DIESEL,145,52.3,2.9
E Class,2017,21607,AUTOMATIC,20112,DIESEL,165,52.3,3
E Class,2017,22444,AUTOMATIC,10547,DIESEL,165,52.3,3
E Class,2016,21594,AUTOMATIC,26315,DIESEL,165,51.4,3
C Class,2019,26190,AUTOMATIC,7126,PETROL,145,47.1,1.5
SL CLASS,2016,18990,AUTOMATIC,31091,DIESEL,30,70.6,2.1
A Class,2019,23745,AUTOMATIC,2751,DIESEL,145,56.5,2
GLE Class,2015,26990,AUTOMATIC,33799,DIESEL,260,42.8,3
E Class,2016,22615,AUTOMATIC,13118,DIESEL,165,50.4,3
GLE Class,2017,42995,AUTOMATIC,24901,DIESEL,300,39.2,3
GLE Class,2015,23699,AUTOMATIC,46117,DIESEL,205,47.9,2.1
S Class,2015,26578,AUTOMATIC,33462,DIESEL,205,48.7,3
SL CLASS,2016,17995,AUTOMATIC,24066,DIESEL,30,70.6,2.1
CLS Class,2016,22802,AUTOMATIC,13588,DIESEL,165,51.4,3
SL CLASS,2017,19866,AUTOMATIC,17900,DIESEL,150,70.6,2.1
GLS Class,2017,38459,AUTOMATIC,25237,DIESEL,305,37.2,3
V Class,2019,43890,AUTOMATIC,3000,DIESEL,150,37.2,2
SL CLASS,2017,20250,AUTOMATIC,20072,DIESEL,30,70.6,2.1
GL Class,2016,34581,AUTOMATIC,19132,DIESEL,330,36.2,3
E Class,2016,19004,AUTOMATIC,24186,DIESEL,150,54.3,3
SL CLASS,2016,18674,AUTOMATIC,12465,DIESEL,30,70.6,2.1
C Class,2017,20990,AUTOMATIC,20000,DIESEL,145,60.1,2.1
GLE Class,2018,32990,AUTOMATIC,21000,DIESEL,145,47.9,2.1
GLC Class,2016,31490,AUTOMATIC,43500,PETROL,305,34,3
GLE Class,2016,31990,AUTOMATIC,46000,OTHER,0,76.4,3
GLE Class,2018,34990,AUTOMATIC,17000,DIESEL,145,37.7,3
E Class,2016,17990,AUTOMATIC,39000,DIESEL,30,65.7,2
C Class,2014,10990,AUTOMATIC,48100,PETROL,165,44.8,1.6
GLE Class,2016,30000,AUTOMATIC,37754,DIESEL,260,42.8,3
C Class,2017,22767,AUTOMATIC,30676,DIESEL,150,67.3,2.1
SLK,2003,3650,AUTOMATIC,58500,PETROL,325,30,2.3
SLK,2006,6850,AUTOMATIC,65000,PETROL,565,28,3.5
E Class,2013,9995,SEMI-AUTO,50000,DIESEL,140,55.4,2.1
GLC Class,2017,26250,AUTOMATIC,59180,DIESEL,145,56.5,2.1
GLC Class,2018,25250,AUTOMATIC,22138,DIESEL,150,56.5,2.1
GLC Class,2019,27750,AUTOMATIC,6109,DIESEL,150,56.5,2.1
GLC Class,2018,24750,AUTOMATIC,23267,DIESEL,150,56.5,2.1
GLC Class,2018,25500,AUTOMATIC,11119,DIESEL,150,56.5,2.1
GLA Class,2019,18500,MANUAL,19638,PETROL,150,40.9,1.6
GLC Class,2016,19750,AUTOMATIC,48979,DIESEL,125,56.5,2.1
GLC Class,2016,24250,AUTOMATIC,36743,DIESEL,125,56.5,2.1
GLE Class,2018,30000,AUTOMATIC,33177,DIESEL,150,37.7,3
GLC Class,2018,24750,AUTOMATIC,24881,DIESEL,150,56.5,2.1
GLC Class,2019,31000,AUTOMATIC,15961,PETROL,150,38.7,2
SLK,2002,2990,AUTOMATIC,80586,PETROL,330,30.7,2
S Class,2005,4990,AUTOMATIC,75148,DIESEL,330,36.7,3.2
SLK,2004,4990,MANUAL,51566,PETROL,325,30.7,2
SLK,2001,3990,AUTOMATIC,69234,PETROL,325,30.7,2
SLK,1998,1990,AUTOMATIC,99300,PETROL,265,32.1,2.3
SLK,2000,1490,AUTOMATIC,87000,PETROL,265,27.2,3.2
SLK,2006,5990,MANUAL,70952,PETROL,565,28.5,3
GLC Class,2018,26995,AUTOMATIC,36998,DIESEL,145,56.5,2.1
C Class,2017,21750,AUTOMATIC,16750,DIESEL,125,58.9,2.1
C Class,2019,25995,AUTOMATIC,10051,DIESEL,145,64.2,2
SLK,2004,3490,AUTOMATIC,118400,PETROL,325,30.7,2
SLK,2004,3990,AUTOMATIC,64015,PETROL,325,30,2.3
SLK,2001,3990,AUTOMATIC,48172,PETROL,325,30,2.3
SLK,2002,3990,AUTOMATIC,61400,PETROL,325,30,2.3
C Class,2013,10490,AUTOMATIC,64498,DIESEL,150,56.5,2.1
S Class,2011,12990,AUTOMATIC,53521,DIESEL,260,41.5,3
B Class,2007,3990,AUTOMATIC,63787,DIESEL,205,47.9,2
C Class,2018,23899,AUTOMATIC,10945,DIESEL,145,61.4,2
E Class,2019,25390,AUTOMATIC,8032,DIESEL,145,67.3,2
GLA Class,2020,37490,AUTOMATIC,5000,DIESEL,145,49.6,2
A Class,2019,22360,AUTOMATIC,9546,DIESEL,145,56.5,2
C Class,2019,25890,AUTOMATIC,10454,DIESEL,145,64.2,2
CLS Class,2015,19995,AUTOMATIC,40032,DIESEL,160,51.4,3
C Class,2018,17750,AUTOMATIC,27563,DIESEL,145,64.2,2.1
A Class,2019,20590,AUTOMATIC,6498,PETROL,145,53.3,1.3
C Class,2019,24190,AUTOMATIC,13733,PETROL,145,46.3,1.5
C Class,2019,28290,AUTOMATIC,5534,DIESEL,145,56.5,2
B Class,2019,21599,AUTOMATIC,10017,PETROL,145,45.6,1.3
E Class,2019,31995,AUTOMATIC,10000,DIESEL,145,45.6,2
B Class,2019,24490,AUTOMATIC,6000,DIESEL,145,55.4,2
A Class,2019,23999,AUTOMATIC,5999,PETROL,145,47.9,1.3
SLK,2000,3990,AUTOMATIC,113237,PETROL,270,27.2,3.2
B Class,2008,3990,AUTOMATIC,52691,PETROL,235,39.8,1.7
SLK,2003,5990,AUTOMATIC,58415,PETROL,330,27.2,3.2
S Class,1998,19990,AUTOMATIC,43534,PETROL,265,23.3,6
B Class,2005,2490,AUTOMATIC,101980,DIESEL,200,47.9,2
SLK,2002,4990,AUTOMATIC,75034,PETROL,325,30,2.3
CL Class,2014,20990,SEMI-AUTO,70523,PETROL,200,39.8,2
GLE Class,2017,24500,AUTOMATIC,22585,DIESEL,200,47.9,2.1
GLE Class,2018,29500,AUTOMATIC,3000,DIESEL,145,47.9,2.1
C Class,2016,16000,AUTOMATIC,28000,DIESEL,20,64.2,2.1
SLK,2018,19450,AUTOMATIC,25782,DIESEL,30,70.6,2.1
E Class,2015,15540,AUTOMATIC,29963,DIESEL,145,53.3,3
B Class,2020,25940,AUTOMATIC,500,DIESEL,145,55.4,2
A Class,2020,25644,AUTOMATIC,6000,PETROL,145,53.3,1.3
C Class,2016,15249,AUTOMATIC,30954,PETROL,125,53.3,2
C Class,2019,32950,AUTOMATIC,3061,PETROL,145,44.1,2
B Class,2007,3990,AUTOMATIC,85858,DIESEL,200,47.1,2
SLK,1998,1990,AUTOMATIC,113557,PETROL,265,32.1,2.3
SLK,2003,3990,AUTOMATIC,57989,PETROL,325,30,2.3
SLK,2001,4490,AUTOMATIC,42087,PETROL,325,30,2.3
SLK,2001,4990,AUTOMATIC,64476,PETROL,325,27.2,3.2
SLK,2004,4990,AUTOMATIC,62744,PETROL,325,30.7,2
SLK,2001,4990,MANUAL,56785,PETROL,325,25.5,3.2
CL Class,2015,14700,MANUAL,57119,PETROL,125,50.4,1.6
E Class,2014,13000,AUTOMATIC,52897,DIESEL,145,55.4,2.1
A Class,2003,650,MANUAL,109090,PETROL,235,40,1.4
E Class,2016,16500,AUTOMATIC,38951,DIESEL,125,61.4,2.1
CLS Class,2016,20450,AUTOMATIC,53555,DIESEL,160,51.4,3
A Class,2017,18450,SEMI-AUTO,27363,DIESEL,20,67.3,2.1
A Class,2015,12950,SEMI-AUTO,33080,DIESEL,20,68.9,2.1
C Class,2015,24500,AUTOMATIC,91639,PETROL,300,34.5,4
C Class,2013,7000,MANUAL,109447,DIESEL,20,68.9,2.1
E Class,2014,11351,AUTOMATIC,80988,DIESEL,125,56.5,2.1
A Class,2014,15750,SEMI-AUTO,35596,PETROL,145,45.6,2
A Class,2014,9800,MANUAL,53553,DIESEL,0,78.5,1.5
C Class,2015,13200,MANUAL,64219,DIESEL,20,68.9,2.1
A Class,2017,16850,SEMI-AUTO,28206,DIESEL,20,67.3,2.1
E Class,2016,18900,AUTOMATIC,61709,DIESEL,160,51.4,3
E Class,2001,3990,AUTOMATIC,60997,PETROL,325,29.4,2
GLC Class,2017,22750,AUTOMATIC,24786,DIESEL,125,56.5,2.1
GLC Class,2017,23000,AUTOMATIC,32308,DIESEL,145,56.5,2.1
GLE Class,2018,29000,AUTOMATIC,29109,DIESEL,145,42.8,3
GLC Class,2018,24750,AUTOMATIC,25046,DIESEL,145,56.5,2.1
GLC Class,2018,24750,AUTOMATIC,25530,DIESEL,145,56.5,2.1
GLE Class,2018,29500,AUTOMATIC,20137,DIESEL,145,47.9,2.1
GLA Class,2019,18500,MANUAL,18341,PETROL,145,40.9,1.6
GLB Class,2020,36995,AUTOMATIC,6000,DIESEL,145,47.9,2
E Class,2020,49990,AUTOMATIC,6000,DIESEL,145,47.1,2.9
CLA Class,2020,28990,AUTOMATIC,6000,PETROL,145,40.9,2
A Class,2020,26490,AUTOMATIC,6000,PETROL,145,28.5,2
C Class,2020,34495,AUTOMATIC,6000,DIESEL,145,48.7,2
C Class,2020,30990,AUTOMATIC,6000,DIESEL,145,64.2,2
GLC Class,2017,29490,AUTOMATIC,39720,DIESEL,145,56.5,2.1
GLC Class,2019,34460,AUTOMATIC,9844,DIESEL,145,56.5,2.1
B Class,2019,21999,MANUAL,8288,PETROL,145,45.6,1.3
V Class,2018,35990,AUTOMATIC,26500,DIESEL,145,45.6,2.1
S Class,2014,24990,AUTOMATIC,56000,DIESEL,200,48.7,3
V Class,2015,27490,AUTOMATIC,57500,DIESEL,235,44.8,2.1
V Class,2015,26490,AUTOMATIC,48500,DIESEL,200,45.6,2.1
V Class,2017,29990,AUTOMATIC,86000,DIESEL,145,44.8,2.1
S Class,2017,41990,AUTOMATIC,21600,DIESEL,145,52.3,2.9
GLA Class,2016,18990,SEMI-AUTO,27850,DIESEL,125,56.5,2.1
S Class,2016,42490,AUTOMATIC,19000,PETROL,305,33.2,4.7
S Class,2018,39490,AUTOMATIC,23000,DIESEL,150,52.3,2.9
S Class,2018,39990,AUTOMATIC,25000,DIESEL,150,52.3,2.9
E Class,2010,6350,AUTOMATIC,118000,DIESEL,145,48.7,2.1
C Class,2002,2140,AUTOMATIC,52700,PETROL,325,31.4,2
M Class,2004,19950,AUTOMATIC,121000,DIESEL,325,29.7,2.7
M Class,2011,10750,AUTOMATIC,90000,DIESEL,555,32.5,3
SL CLASS,1998,10450,AUTOMATIC,49000,PETROL,255,28.2,3.2
GLC Class,2017,30950,AUTOMATIC,21000,DIESEL,145,56.5,2.1
E Class,2015,16950,AUTOMATIC,45000,DIESEL,145,54.3,3
M Class,2015,18450,AUTOMATIC,49000,DIESEL,200,45.6,2.2
A Class,2016,57950,AUTOMATIC,45000,PETROL,325,30.1,4
C Class,2018,22950,AUTOMATIC,6000,DIESEL,145,58.9,2.1
GLE Class,2017,29450,AUTOMATIC,30000,DIESEL,145,42.8,3
C Class,2015,16950,AUTOMATIC,20000,HYBRID,0,76.4,2.2
E Class,2017,31950,AUTOMATIC,21000,PETROL,145,33.6,3
SL CLASS,2015,29950,AUTOMATIC,28000,PETROL,325,31,4.7
E Class,2015,15950,AUTOMATIC,44000,DIESEL,125,57.7,2.2
SLK,2001,3950,AUTOMATIC,91000,PETROL,325,30,2.3
R Class,2007,6950,AUTOMATIC,60000,DIESEL,565,30.4,3
A Class,2018,15990,AUTOMATIC,14000,DIESEL,145,74.3,1.5
C Class,2016,16995,AUTOMATIC,20000,DIESEL,20,64.2,2.1
C Class,2013,8995,AUTOMATIC,70000,DIESEL,125,55.4,2.1
C Class,2014,11295,AUTOMATIC,45000,PETROL,160,46.3,1.6
E Class,2017,29950,AUTOMATIC,43000,PETROL,145,33.6,3
A Class,2013,9450,MANUAL,53000,DIESEL,30,62.8,1.8
A Class,2016,15999,SEMI-AUTO,52000,DIESEL,20,68.9,2.1
C Class,2012,10499,AUTOMATIC,47200,PETROL,165,44.8,1.6
C Class,2013,10999,MANUAL,57000,DIESEL,160,52.3,2.1
C Class,2012,9499,AUTOMATIC,64000,DIESEL,145,53.3,2.1
A Class,2015,13400,SEMI-AUTO,25300,DIESEL,20,68.9,1.5
C Class,2017,23800,AUTOMATIC,13800,DIESEL,30,65.7,2.1
C Class,2015,18999,AUTOMATIC,28000,DIESEL,30,64.2,2.1
SL CLASS,2017,34950,AUTOMATIC,16558,PETROL,145,36.7,3
S Class,2016,31990,AUTOMATIC,42000,DIESEL,165,50.4,3
E Class,2014,9990,AUTOMATIC,60500,DIESEL,30,58.9,2.1
S Class,2017,48990,AUTOMATIC,21000,PETROL,150,40.9,3
V Class,2017,54990,AUTOMATIC,34564,DIESEL,145,44.8,2.1
V Class,2017,33990,AUTOMATIC,40000,DIESEL,150,44.8,2.1
B Class,2013,7295,MANUAL,65455,DIESEL,125,61.4,1.8
E Class,2011,9295,AUTOMATIC,38541,DIESEL,145,55.4,2.1
E Class,2016,18795,AUTOMATIC,36998,DIESEL,160,51.4,3
A Class,2017,14495,SEMI-AUTO,24391,DIESEL,20,74.3,1.5
A Class,2017,14995,MANUAL,26843,DIESEL,20,68.9,1.5
CL Class,2017,20999,SEMI-AUTO,35000,PETROL,145,53.3,1.6
C Class,2010,6999,AUTOMATIC,80000,DIESEL,200,45.6,2.1
C Class,2015,20999,AUTOMATIC,20000,DIESEL,30,64.2,2.1
C Class,2010,5999,MANUAL,68000,DIESEL,145,56.5,2.1
A Class,2017,16999,MANUAL,12200,DIESEL,20,68.9,1.5
E Class,2010,7995,AUTOMATIC,98000,DIESEL,200,45.6,2.1
E Class,2019,38995,AUTOMATIC,2400,HYBRID,135,188.3,2
E Class,2015,14250,AUTOMATIC,56101,DIESEL,125,58.9,2.1
E Class,2017,20450,AUTOMATIC,26296,DIESEL,150,61.4,2.1
A Class,2007,2478,AUTOMATIC,81000,DIESEL,160,49.6,2
SL CLASS,2016,16995,AUTOMATIC,14002,DIESEL,30,70.6,2.1
A Class,2017,18495,SEMI-AUTO,21075,DIESEL,145,67.3,2.1
B Class,2016,11495,MANUAL,29670,DIESEL,20,70.6,1.5
A Class,2014,11495,SEMI-AUTO,34101,PETROL,145,50.4,1.6
C Class,2016,36950,AUTOMATIC,18000,PETROL,305,34.5,4
SL CLASS,1997,9995,AUTOMATIC,76000,PETROL,255,28.2,3.2
E Class,2015,13999,AUTOMATIC,46578,DIESEL,30,64.2,2.1
A Class,2018,21450,AUTOMATIC,4658,DIESEL,150,74.3,1.5
A Class,2019,23480,AUTOMATIC,3174,PETROL,150,28.5,1.3
GLC Class,2019,34980,AUTOMATIC,5000,DIESEL,150,43.5,2
B Class,2016,13980,AUTOMATIC,43376,DIESEL,20,68.9,1.5
CLS Class,2015,18680,AUTOMATIC,46085,DIESEL,160,51.4,3
E Class,2010,8290,AUTOMATIC,64000,DIESEL,185,47.1,2.1
V Class,2016,29995,AUTOMATIC,33000,DIESEL,235,44.8,2.1
S Class,2009,8990,AUTOMATIC,79980,DIESEL,325,34,3
SL CLASS,2002,16999,AUTOMATIC,34000,PETROL,325,22.2,5
E Class,2008,14995,SEMI-AUTO,55000,PETROL,570,19.8,6.2
X-CLASS,2019,28675,AUTOMATIC,39,DIESEL,260,35.8,2.3
X-CLASS,2019,28900,AUTOMATIC,37,DIESEL,260,35.8,2.3
C Class,2019,12900,MANUAL,3000,DIESEL,145,50.4,1.5
B Class,2011,6595,AUTOMATIC,34000,PETROL,240,39.8,1.5
E Class,2015,6775,AUTOMATIC,166086,DIESEL,30,64.2,2.1
C Class,2011,9495,AUTOMATIC,39000,PETROL,160,43.5,1.8
E Class,2017,31995,AUTOMATIC,49000,PETROL,300,32.8,3
C Class,2016,15485,AUTOMATIC,58468,HYBRID,0,122.8,2
V Class,2018,19990,MANUAL,30577,DIESEL,145,46.3,2.1
C Class,2009,6995,AUTOMATIC,60000,DIESEL,265,42.2,2.1
E Class,2012,12495,AUTOMATIC,50000,DIESEL,160,53.3,2.1
S Class,2018,46990,AUTOMATIC,22700,DIESEL,145,52.3,2.9
S Class,2018,33490,AUTOMATIC,43000,DIESEL,145,52.3,2.9
GLA Class,2019,20990,AUTOMATIC,8100,PETROL,145,44.8,1.6
E Class,2017,19490,AUTOMATIC,57000,DIESEL,145,65.7,2
C Class,2015,29990,AUTOMATIC,56000,PETROL,300,34.5,4
A Class,2018,89990,AUTOMATIC,6800,PETROL,145,24.8,4
V Class,2016,25490,AUTOMATIC,43000,DIESEL,200,45.6,2.1
A Class,2016,14180,MANUAL,20841,PETROL,145,49.6,1.6
C Class,2005,2690,AUTOMATIC,109000,PETROL,325,32.1,1.8
C Class,2010,7490,AUTOMATIC,60000,DIESEL,205,45.6,2.1
A Class,2013,9795,MANUAL,72000,DIESEL,20,70.6,1.5
X-CLASS,2017,26990,MANUAL,6000,DIESEL,260,37.2,2.3
X-CLASS,2017,29990,AUTOMATIC,22500,DIESEL,260,35.8,2.3
A Class,2016,19800,AUTOMATIC,27655,PETROL,200,42.8,2
C Class,2016,18980,AUTOMATIC,25207,PETROL,125,51.4,2
GLC Class,2017,26980,AUTOMATIC,26234,DIESEL,145,56.5,2.1
GLC Class,2016,23680,AUTOMATIC,29071,DIESEL,125,56.5,2.1
CLA Class,2017,29280,AUTOMATIC,20990,PETROL,145,40.9,2
E Class,2019,23480,AUTOMATIC,18810,PETROL,145,42.2,2
E Class,2018,25980,AUTOMATIC,12155,DIESEL,145,58.9,2
V Class,2018,35480,AUTOMATIC,13737,DIESEL,145,45.6,2.1
GLA Class,2015,16280,AUTOMATIC,26166,DIESEL,125,55.4,2.1
A Class,2018,18680,AUTOMATIC,20000,DIESEL,145,65.7,1.5
CLS Class,2016,19480,AUTOMATIC,30744,DIESEL,125,57.7,2.1
GLC Class,2017,26989,AUTOMATIC,28037,DIESEL,125,56.5,2.1
C Class,2017,21980,AUTOMATIC,41539,DIESEL,30,65.7,2.1
A Class,2017,14680,AUTOMATIC,42151,DIESEL,145,74.3,1.5
E Class,2018,25980,AUTOMATIC,7832,DIESEL,145,58.9,2
C Class,2016,32980,AUTOMATIC,18389,PETROL,300,34,3
C Class,2019,22980,AUTOMATIC,11287,DIESEL,145,58.9,1.6
C Class,2016,17480,AUTOMATIC,23109,PETROL,125,52.3,2
E Class,2017,16989,AUTOMATIC,66069,DIESEL,20,72.4,2
C Class,2017,22980,AUTOMATIC,26844,DIESEL,150,58.9,2.1
B Class,2017,16280,AUTOMATIC,10954,DIESEL,20,68.9,1.5
A Class,2019,22480,AUTOMATIC,9460,PETROL,150,28.5,1.3
A Class,2019,22350,MANUAL,4194,PETROL,150,28.5,1.3
E Class,2019,26980,AUTOMATIC,6311,DIESEL,145,61.4,2
A Class,2017,14480,AUTOMATIC,46434,DIESEL,20,74.3,1.5
B Class,2016,13000,MANUAL,21496,PETROL,125,49.6,1.6
CLA Class,2017,18980,MANUAL,26662,DIESEL,30,65.7,2.1
C Class,2017,20880,AUTOMATIC,19752,PETROL,145,48.7,2
E Class,2018,23480,AUTOMATIC,13520,DIESEL,145,61.4,2
GLA Class,2016,16580,AUTOMATIC,61356,DIESEL,125,56.5,2.1
CLA Class,2019,28680,AUTOMATIC,3128,PETROL,145,40.9,2
B Class,2019,26480,AUTOMATIC,8247,DIESEL,145,54.3,2
C Class,2017,22280,AUTOMATIC,25023,DIESEL,145,65.7,2.1
A Class,2017,16290,MANUAL,15720,DIESEL,150,68.9,1.5
C Class,2016,17000,AUTOMATIC,68429,DIESEL,30,64.2,2.1
GLA Class,2017,30480,AUTOMATIC,15922,PETROL,150,38.2,2
C Class,2017,23966,AUTOMATIC,29540,PETROL,205,40.9,2
A Class,2019,20290,AUTOMATIC,8607,DIESEL,145,65.7,1.5
A Class,2019,24989,AUTOMATIC,4765,DIESEL,145,67.3,1.5
A Class,2018,20280,AUTOMATIC,15677,PETROL,145,53.3,1.3
E Class,2019,25780,AUTOMATIC,5978,DIESEL,145,67.3,2
V Class,2019,39580,AUTOMATIC,5322,DIESEL,145,45.6,2
A Class,2019,32995,AUTOMATIC,7000,PETROL,145,35.3,2
C Class,2014,16995,AUTOMATIC,31000,DIESEL,30,64.2,2.1
C Class,2016,19995,AUTOMATIC,29000,DIESEL,125,60.1,2.1
GLC Class,2018,28995,AUTOMATIC,15000,DIESEL,150,56.5,2.1
C Class,2012,8495,AUTOMATIC,51564,PETROL,160,43.5,1.8
220,2018,19995,AUTOMATIC,9814,DIESEL,145,61.4,2
200,2018,19495,MANUAL,15113,DIESEL,145,64.2,2.2
C Class,2013,22948,AUTOMATIC,39000,PETROL,570,23.5,6.2
E Class,2015,16495,AUTOMATIC,36400,DIESEL,125,56.5,2.1
SL CLASS,2005,6995,AUTOMATIC,80543,PETROL,325,24.1,3.7
E Class,2016,17995,AUTOMATIC,34000,DIESEL,20,72.4,2
C Class,2011,7995,AUTOMATIC,62000,DIESEL,145,56.5,2.1
A Class,2018,20495,AUTOMATIC,18000,PETROL,145,53.3,1.3
GLC Class,2018,28995,AUTOMATIC,9500,DIESEL,150,56.5,2.1
E Class,2010,5995,AUTOMATIC,121000,DIESEL,300,39.8,3
GLC Class,2016,24995,AUTOMATIC,36000,DIESEL,125,56.5,2.1
A Class,2017,14500,SEMI-AUTO,21754,DIESEL,150,74.3,1.5
E Class,2009,4700,AUTOMATIC,133000,DIESEL,330,34.9,3
A Class,2010,1350,MANUAL,116126,DIESEL,145,54.3,2
A Class,2007,1800,AUTOMATIC,84000,PETROL,200,42.8,1.5
S Class,2002,6995,AUTOMATIC,24000,PETROL,570,21.1,5
S Class,1999,5995,AUTOMATIC,34000,PETROL,145,24.6,3.2
S Class,2001,4495,AUTOMATIC,66000,PETROL,570,24.6,3.2
SLK,2008,7495,AUTOMATIC,58000,PETROL,330,29.7,3
A Class,2017,17495,SEMI-AUTO,21000,DIESEL,150,74.3,1.5
A Class,2016,13295,SEMI-AUTO,42400,DIESEL,20,74.3,1.5
E Class,2016,17995,AUTOMATIC,39980,DIESEL,30,65.7,2
E Class,2014,7995,AUTOMATIC,154000,DIESEL,30,58.9,2.1
C Class,2008,3995,AUTOMATIC,123000,DIESEL,265,42.2,2.1
C Class,2015,11500,AUTOMATIC,62000,DIESEL,30,64.2,2.1
GLA Class,2015,16490,AUTOMATIC,18601,DIESEL,30,62.8,2.1
C Class,2018,16500,AUTOMATIC,31942,PETROL,150,50.4,2
C Class,2018,20000,AUTOMATIC,11870,PETROL,145,48.7,2
C Class,2018,22000,AUTOMATIC,19825,DIESEL,145,67.3,2.1
GLC Class,2016,22800,AUTOMATIC,38797,DIESEL,125,56.5,2.1
A Class,2017,15200,SEMI-AUTO,13774,DIESEL,150,74.3,1.5
GLC Class,2017,23800,AUTOMATIC,59879,DIESEL,145,56.5,2.1
A Class,2018,18200,AUTOMATIC,10669,DIESEL,145,65.7,1.5
CL Class,2016,17000,SEMI-AUTO,48240,DIESEL,125,58.9,2.1
GLA Class,2018,19500,SEMI-AUTO,22873,DIESEL,150,64.2,2.1
A Class,2019,20700,AUTOMATIC,11709,PETROL,145,53.3,1.3
CL Class,2017,18300,SEMI-AUTO,40684,DIESEL,145,58.9,2.1
E Class,2018,21500,AUTOMATIC,31281,DIESEL,145,72.4,2
A Class,2018,16600,SEMI-AUTO,19825,DIESEL,145,74.3,1.5
A Class,2018,18000,AUTOMATIC,12124,DIESEL,150,65.7,1.5
E Class,2018,18600,AUTOMATIC,50711,DIESEL,145,72.4,2
GLC Class,2017,27700,AUTOMATIC,16907,DIESEL,150,56.5,2.1
C Class,2018,23800,AUTOMATIC,13485,PETROL,150,47.1,2
C Class,2017,16800,AUTOMATIC,35180,DIESEL,30,64.2,2.1
E Class,2018,24000,AUTOMATIC,14648,DIESEL,145,67.3,2
A Class,2018,21390,AUTOMATIC,9571,PETROL,145,53.3,1.3
A Class,2019,18480,AUTOMATIC,17820,DIESEL,150,65.7,1.5
A Class,2020,29480,AUTOMATIC,2033,PETROL,145,28.5,1.3
GLE Class,2016,36980,AUTOMATIC,11087,DIESEL,300,39.2,3
C Class,2019,54980,AUTOMATIC,9155,PETROL,145,27.2,4
A Class,2016,17980,AUTOMATIC,38144,DIESEL,20,68.9,2.1
A Class,2016,15480,AUTOMATIC,30202,DIESEL,20,74.3,1.5
C Class,2017,19290,AUTOMATIC,17601,PETROL,150,49.6,2
C Class,2014,9000,MANUAL,52000,DIESEL,20,64.2,2.1
GLC Class,2017,25800,AUTOMATIC,35872,DIESEL,145,56.5,2.1
E Class,2011,7490,MANUAL,89000,DIESEL,160,52.3,2.1
E Class,2018,20300,AUTOMATIC,26692,DIESEL,145,72.4,2
SL CLASS,2016,16400,AUTOMATIC,45823,DIESEL,30,70.6,2.1
C Class,2016,20500,AUTOMATIC,16801,DIESEL,20,67.3,2.1
CL Class,2016,20500,SEMI-AUTO,32626,PETROL,200,41.5,2
E Class,2018,21500,AUTOMATIC,32131,DIESEL,145,72.4,2
B Class,2018,17000,AUTOMATIC,16002,PETROL,145,51.4,1.6
GLA Class,2019,19750,AUTOMATIC,14049,PETROL,150,44.8,1.6
A Class,2016,14800,MANUAL,31623,DIESEL,20,68.9,1.5
CLA Class,2018,18400,AUTOMATIC,32197,PETROL,145,52.3,1.6
C Class,2017,14500,AUTOMATIC,31559,DIESEL,30,65.7,2.1
C Class,2017,18500,AUTOMATIC,38082,DIESEL,150,61.4,2.1
C Class,2008,3995,AUTOMATIC,104000,DIESEL,210,42.2,2.1
M Class,2011,7995,AUTOMATIC,131000,DIESEL,555,31,3
CL Class,2018,17500,AUTOMATIC,22742,DIESEL,145,67.3,2.1
E Class,2018,22500,AUTOMATIC,32521,DIESEL,145,67.3,2
GLA Class,2016,16700,AUTOMATIC,44930,DIESEL,125,56.5,2.1
GLE Class,2016,25000,AUTOMATIC,36098,DIESEL,205,47.9,2.1
E Class,2017,21500,AUTOMATIC,29138,DIESEL,30,65.7,2
CLA Class,2017,16600,MANUAL,35580,PETROL,150,48.7,1.6
E Class,2015,13950,AUTOMATIC,85000,DIESEL,125,61.4,2.1
A Class,2014,9688,MANUAL,71000,DIESEL,125,62.8,1.8
M Class,1970,24999,AUTOMATIC,14000,DIESEL,305,39.2,0
A Class,2014,10788,MANUAL,65000,DIESEL,20,72.4,1.5
A Class,2014,11988,SEMI-AUTO,52000,DIESEL,20,68.9,2.1
C Class,2016,18200,AUTOMATIC,42000,DIESEL,20,68.9,2.1
E Class,2013,17495,AUTOMATIC,27000,DIESEL,200,45.6,3
E Class,2015,17495,AUTOMATIC,32000,DIESEL,145,55.4,2.1
E Class,2013,13995,AUTOMATIC,39000,DIESEL,160,52.3,2.1
C Class,2017,18000,AUTOMATIC,32408,DIESEL,30,61.4,2.1
GLA Class,2014,13900,MANUAL,22118,DIESEL,30,62.8,2.1
GLA Class,2016,18500,AUTOMATIC,31478,DIESEL,125,56.5,2.1
GLA Class,2018,18450,MANUAL,16701,DIESEL,150,64.2,2.1
C Class,2018,18500,AUTOMATIC,28248,DIESEL,150,64.2,2.1
A Class,2016,12600,MANUAL,21572,DIESEL,20,72.4,1.5
C Class,2017,19700,AUTOMATIC,29516,DIESEL,125,58.9,2.1
A Class,2016,12000,MANUAL,33469,DIESEL,0,80.7,1.5
E Class,2017,19000,AUTOMATIC,44784,DIESEL,20,67.3,2
E Class,2017,19500,AUTOMATIC,33652,DIESEL,150,67.3,2
C Class,2017,17500,AUTOMATIC,34476,DIESEL,30,64.2,1.6
E Class,2017,20000,AUTOMATIC,21067,DIESEL,30,65.7,2
C Class,2017,20500,AUTOMATIC,24624,DIESEL,150,60.1,2.1
GLA Class,2016,17800,AUTOMATIC,47977,DIESEL,125,56.5,2.1
C Class,2016,17000,AUTOMATIC,29947,DIESEL,30,61.4,2.1
A Class,2016,14250,MANUAL,33660,DIESEL,30,62.8,2.1
C Class,2016,13850,AUTOMATIC,77814,OTHER,0,134.5,2
C Class,2017,16900,AUTOMATIC,37004,DIESEL,30,61.4,2.1
A Class,2017,12700,MANUAL,21692,PETROL,125,52.3,1.6
E Class,2017,18700,AUTOMATIC,28396,DIESEL,20,67.3,2
C Class,2017,24280,AUTOMATIC,14161,DIESEL,145,58.9,2.1
C Class,2019,28180,AUTOMATIC,11487,DIESEL,145,57.7,2
E Class,2019,25780,AUTOMATIC,7580,DIESEL,145,67.3,2
E Class,2015,16480,AUTOMATIC,42967,DIESEL,125,58.9,2.1
A Class,2017,28980,AUTOMATIC,24906,PETROL,145,40.9,2
GLA Class,2019,24980,AUTOMATIC,10636,PETROL,150,36.2,1.6
C Class,2017,17890,AUTOMATIC,45437,HYBRID,0,134.5,2
GLA Class,2019,24980,AUTOMATIC,9910,PETROL,150,36.2,1.6
E Class,2017,18600,AUTOMATIC,40337,DIESEL,145,72.4,2
E Class,2018,19000,AUTOMATIC,32951,DIESEL,145,72.4,2
E Class,2018,19000,AUTOMATIC,32489,DIESEL,145,72.4,2
GLA Class,2017,17000,AUTOMATIC,26424,DIESEL,30,64.2,2.1
C Class,2018,19900,MANUAL,31540,PETROL,145,49.6,2
E Class,2018,20800,AUTOMATIC,30818,DIESEL,150,72.4,2
E Class,2018,19000,AUTOMATIC,35717,DIESEL,150,72.4,2
A Class,2017,14500,AUTOMATIC,27402,DIESEL,0,76.4,1.5
E Class,2016,17500,AUTOMATIC,35581,DIESEL,125,58.9,2.1
E Class,2017,18300,AUTOMATIC,38976,DIESEL,20,67.3,2
A Class,2017,16500,AUTOMATIC,23431,DIESEL,20,74.3,1.5
E Class,2017,19500,AUTOMATIC,26826,DIESEL,30,65.7,2
E Class,2017,18000,AUTOMATIC,40953,DIESEL,30,65.7,2
E Class,2016,18800,AUTOMATIC,31257,DIESEL,30,65.7,2
A Class,2017,16750,AUTOMATIC,24469,PETROL,125,53.3,1.6
E Class,2017,18250,AUTOMATIC,35090,DIESEL,150,72.4,2
C Class,2014,13600,AUTOMATIC,80579,DIESEL,30,64.2,2.1
A Class,2017,16950,AUTOMATIC,29262,DIESEL,145,68.9,2.1
E Class,2018,21000,AUTOMATIC,39381,DIESEL,150,65.7,2
A Class,2018,15800,AUTOMATIC,22106,DIESEL,150,70.6,2.1
A Class,2016,13000,MANUAL,24627,DIESEL,20,72.4,1.5
GLA Class,2017,17000,AUTOMATIC,29831,DIESEL,30,64.2,2.1
GLA Class,2017,18500,AUTOMATIC,35901,DIESEL,145,56.5,2.1
A Class,2017,11800,MANUAL,66903,DIESEL,20,72.4,1.5
SLK,2013,11300,AUTOMATIC,38490,DIESEL,145,56.5,2.1
GLA Class,2017,16700,AUTOMATIC,30312,DIESEL,30,64.2,2.1
M Class,2015,18300,AUTOMATIC,53815,DIESEL,205,39.2,2.1
C Class,2017,21000,AUTOMATIC,31715,DIESEL,20,67.3,2.1
GLA Class,2017,17500,AUTOMATIC,26550,DIESEL,30,64.2,2.1
GLA Class,2016,15600,AUTOMATIC,42844,DIESEL,30,64.2,2.1
E Class,2017,19000,AUTOMATIC,32231,DIESEL,30,65.7,2
GLA Class,2018,17500,MANUAL,29515,DIESEL,150,64.2,2.1
C Class,2017,17400,AUTOMATIC,24653,DIESEL,30,61.4,2.1
C Class,2016,21000,AUTOMATIC,21547,DIESEL,125,60.1,2.1
A Class,2017,16250,MANUAL,24155,PETROL,150,51.4,1.6
A Class,2018,17400,AUTOMATIC,16135,DIESEL,150,68.9,2.1
E Class,2018,27000,AUTOMATIC,14228,PETROL,150,40.4,2
A Class,2018,17600,AUTOMATIC,17561,DIESEL,150,65.7,1.5
C Class,2016,17500,AUTOMATIC,52749,HYBRID,0,76.4,2.1
C Class,2017,18250,AUTOMATIC,26036,DIESEL,150,64.2,2.1
C Class,2017,16500,AUTOMATIC,41272,DIESEL,150,60.1,2.1
GLA Class,2014,14000,AUTOMATIC,81862,DIESEL,150,55.4,2.1
GLA Class,2017,15400,MANUAL,41762,DIESEL,30,64.2,2.1
C Class,2017,17000,AUTOMATIC,39777,DIESEL,150,64.2,2.1
A Class,2017,13500,MANUAL,25214,DIESEL,150,65.7,2.1
E Class,2017,19000,AUTOMATIC,28491,DIESEL,20,72.4,2
E Class,2017,17700,AUTOMATIC,34786,DIESEL,20,72.4,2
E Class,2016,14200,AUTOMATIC,58221,DIESEL,125,58.9,2.1
C Class,2016,13950,MANUAL,48128,DIESEL,20,65.7,2.1
E Class,2018,20000,AUTOMATIC,31215,DIESEL,150,72.4,2
E Class,2015,17950,AUTOMATIC,54000,DIESEL,160,51.4,3
CL Class,2016,24950,AUTOMATIC,42000,PETROL,200,40.9,2
CLS Class,2016,21950,AUTOMATIC,50000,PETROL,235,39.2,3.5
G Class,2018,64950,AUTOMATIC,13000,DIESEL,145,28.5,3
C Class,2017,19950,AUTOMATIC,30000,PETROL,150,48.7,2
C Class,2017,22950,AUTOMATIC,9000,DIESEL,150,58.9,2.1
A Class,2013,9950,MANUAL,54000,PETROL,150,48.7,1.6
V Class,2015,26950,AUTOMATIC,49000,DIESEL,235,44.8,2.2
C Class,2017,17900,AUTOMATIC,33265,DIESEL,30,61.4,2.1
A Class,2016,14400,MANUAL,29488,DIESEL,30,62.8,2.1
C Class,2014,13500,AUTOMATIC,49409,DIESEL,20,64.2,2.1
A Class,2016,11000,MANUAL,39119,DIESEL,20,72.4,1.5
E Class,2019,27300,AUTOMATIC,811,DIESEL,145,65.7,2
A Class,2016,13200,MANUAL,50521,DIESEL,20,68.9,1.5
C Class,2016,17300,AUTOMATIC,42310,DIESEL,30,64.2,2.1
GLA Class,2018,19700,AUTOMATIC,10512,PETROL,145,50.4,1.6
GLA Class,2017,20000,AUTOMATIC,21325,PETROL,145,42.8,2
A Class,2018,14500,MANUAL,20001,DIESEL,150,65.7,2.1
C Class,2015,17500,AUTOMATIC,39343,DIESEL,30,64.2,2.1
A Class,2017,14500,MANUAL,17855,DIESEL,150,72.4,1.5
A Class,2019,19500,AUTOMATIC,15892,PETROL,150,28.5,1.3
E Class,2018,27000,AUTOMATIC,15517,PETROL,150,40.4,2
E Class,2018,20800,AUTOMATIC,30493,DIESEL,150,72.4,2
E Class,2017,17250,AUTOMATIC,31599,DIESEL,125,58.9,2.1
GLC Class,2017,23100,AUTOMATIC,36853,DIESEL,125,56.5,2.1
GLC Class,2016,19300,AUTOMATIC,50043,DIESEL,125,56.5,2.1
E Class,2015,14400,AUTOMATIC,56401,DIESEL,125,56.5,2.1
C Class,2017,17400,AUTOMATIC,52897,OTHER,0,134.5,2
C Class,2017,17600,AUTOMATIC,21841,DIESEL,30,60.1,2.1
GLA Class,2019,17600,MANUAL,20854,PETROL,145,40.9,1.6
C Class,2017,18400,AUTOMATIC,31530,DIESEL,30,64.2,2.1
C Class,2016,14000,AUTOMATIC,33380,DIESEL,20,65.7,2.1
E Class,2016,18900,AUTOMATIC,48139,DIESEL,30,65.7,2
C Class,2017,18500,AUTOMATIC,29689,DIESEL,30,61.4,2.1
GLC Class,2015,19500,AUTOMATIC,66160,DIESEL,125,56.5,2.1
M Class,2015,19300,AUTOMATIC,25653,DIESEL,200,39.2,2.1
C Class,2015,11000,MANUAL,83193,DIESEL,20,68.9,2.1
C Class,2017,13900,MANUAL,47608,DIESEL,20,68.9,2.1
E Class,2015,16500,AUTOMATIC,38411,DIESEL,125,56.5,2.1
A Class,2017,12100,MANUAL,39119,DIESEL,150,80.7,1.5
A Class,2016,14600,MANUAL,34089,DIESEL,30,62.8,2.1
E Class,2017,20100,AUTOMATIC,17059,DIESEL,30,65.7,2
E Class,2018,20800,AUTOMATIC,28759,DIESEL,150,72.4,2
A Class,2018,15800,MANUAL,23051,DIESEL,150,62.8,2.1
GLC Class,2016,20950,AUTOMATIC,27000,DIESEL,125,56.5,2.1
A Class,2016,12600,AUTOMATIC,41816,DIESEL,20,74.3,1.5
E Class,2014,11250,AUTOMATIC,98514,DIESEL,165,51.4,2.1
GLC Class,2016,20750,AUTOMATIC,44445,DIESEL,125,56.5,2.1
C Class,2018,18750,AUTOMATIC,21103,PETROL,150,48.7,2
E Class,2015,13750,AUTOMATIC,41952,DIESEL,30,64.2,2.1
E Class,2016,16200,AUTOMATIC,47380,DIESEL,125,58.9,2.1
A Class,2017,12900,AUTOMATIC,45060,DIESEL,150,76.4,1.5
CLS Class,2016,20500,AUTOMATIC,16591,DIESEL,165,51.4,3
E Class,2017,19000,AUTOMATIC,28950,DIESEL,150,67.3,2
A Class,2016,15200,AUTOMATIC,53500,PETROL,160,45.6,2
A Class,2017,15900,AUTOMATIC,44944,DIESEL,20,67.3,2.1
GLC Class,2016,19500,AUTOMATIC,60773,DIESEL,125,56.5,2.1
A Class,2017,12800,AUTOMATIC,33102,DIESEL,0,76.4,1.5
GLA Class,2019,17600,MANUAL,22326,PETROL,145,40.9,1.6
C Class,2017,20000,AUTOMATIC,39268,DIESEL,150,58.9,2.1
A Class,2017,11750,MANUAL,52641,PETROL,125,52.3,1.6
GLA Class,2015,15750,AUTOMATIC,40351,DIESEL,125,56.6,2.1
A Class,2016,12000,MANUAL,72310,DIESEL,30,65.7,2.1
C Class,2017,19000,AUTOMATIC,38440,DIESEL,20,67.3,2.1
E Class,2018,20900,AUTOMATIC,31034,DIESEL,145,61.4,2
V Class,2019,22890,MANUAL,6257,DIESEL,145,46.3,2.1
A Class,2017,14000,MANUAL,35552,DIESEL,150,68.9,1.5
E Class,2017,19000,AUTOMATIC,38255,DIESEL,150,65.7,2
C Class,2017,16500,AUTOMATIC,47489,DIESEL,150,64.2,2.1
A Class,2017,15000,AUTOMATIC,24496,DIESEL,20,74.3,1.5
C Class,2018,21400,AUTOMATIC,35720,DIESEL,150,67.3,2.1
A Class,2017,12400,MANUAL,28572,PETROL,125,52.3,1.6
C Class,2017,13800,AUTOMATIC,50369,DIESEL,20,65.7,2.1
CLS Class,2016,18900,AUTOMATIC,54195,DIESEL,165,49.6,3
A Class,2016,11900,MANUAL,52178,DIESEL,30,65.7,2.1
GLA Class,2016,16700,AUTOMATIC,32877,DIESEL,125,56.5,2.1
A Class,2016,14200,AUTOMATIC,60036,DIESEL,20,68.9,2.1
CLA Class,2016,15800,MANUAL,37756,DIESEL,20,67.3,2.1
E Class,2017,16800,AUTOMATIC,60223,DIESEL,20,72.4,2
A Class,2016,11500,MANUAL,45882,DIESEL,0,80.7,1.5
C Class,2017,16500,MANUAL,9793,PETROL,145,52.3,2
A Class,2018,15800,MANUAL,17667,PETROL,150,49.6,1.6
C Class,2015,15300,AUTOMATIC,33303,DIESEL,30,64.2,2.1
C Class,2016,11300,MANUAL,49604,PETROL,125,51.4,2
C Class,2016,16400,AUTOMATIC,46479,DIESEL,125,60.1,2.1
A Class,2017,15500,AUTOMATIC,32568,DIESEL,20,68.9,2.1
GLA Class,2018,18100,AUTOMATIC,21639,PETROL,150,50.4,1.6
GLA Class,2016,17500,AUTOMATIC,27660,DIESEL,125,56.5,2.1
CL Class,2016,19400,AUTOMATIC,38915,PETROL,200,42.8,2
GLA Class,2015,15800,AUTOMATIC,34250,DIESEL,125,55.4,2.1
A Class,2014,11500,AUTOMATIC,30914,DIESEL,20,68.9,1.5
A Class,2018,15700,MANUAL,19479,PETROL,145,49.6,1.6
A Class,2017,14700,MANUAL,30000,PETROL,145,51.4,1.6
E Class,2017,20000,AUTOMATIC,26750,DIESEL,150,65.7,2
C Class,2018,13300,MANUAL,32840,PETROL,145,53.3,2
C Class,2015,12300,AUTOMATIC,85275,DIESEL,30,64.2,2.1
C Class,2017,19000,AUTOMATIC,24798,DIESEL,20,68.9,2.1
C Class,2015,14000,AUTOMATIC,70857,DIESEL,30,61.4,2.1
C Class,2017,14500,AUTOMATIC,48280,DIESEL,30,65.7,1.6
A Class,2016,15400,AUTOMATIC,30596,DIESEL,20,68.9,2.1
A Class,2016,14500,AUTOMATIC,54276,DIESEL,20,68.9,2.1
A Class,2018,17950,AUTOMATIC,10498,DIESEL,150,65.7,1.5
V Class,2018,19750,AUTOMATIC,19016,DIESEL,145,48.7,2.1
V Class,2018,19750,AUTOMATIC,15993,DIESEL,145,48.7,2.1
V Class,2018,19750,MANUAL,21059,DIESEL,145,46.3,2.1
V Class,2019,19950,MANUAL,20981,DIESEL,145,46.3,2.1
V Class,2019,22950,MANUAL,22691,DIESEL,145,46.3,2.1
X-CLASS,2019,28950,AUTOMATIC,2746,DIESEL,260,35.8,2.3
X-CLASS,2017,23950,AUTOMATIC,15270,DIESEL,265,35.8,2.3
GLA Class,2018,19400,AUTOMATIC,16515,DIESEL,145,64.2,2.1
CLA Class,2016,15200,MANUAL,53244,DIESEL,20,67.3,2.1
GLA Class,2015,15200,AUTOMATIC,23583,DIESEL,20,62.8,2.1
GLA Class,2019,17800,MANUAL,21865,PETROL,145,40.9,1.6
C Class,2017,16000,AUTOMATIC,54011,OTHER,0,134.5,2
E Class,2017,18600,AUTOMATIC,37581,DIESEL,30,65.7,2
E Class,2016,16900,AUTOMATIC,46915,DIESEL,20,72.4,2
CLA Class,2017,17000,AUTOMATIC,17932,PETROL,150,53.3,1.6
E Class,2016,15000,AUTOMATIC,48317,DIESEL,125,56.5,2.1
C Class,2016,15900,AUTOMATIC,21606,DIESEL,20,64.2,2.1
GLA Class,2018,17800,AUTOMATIC,18740,DIESEL,150,64.2,2.1
GLA Class,2016,15400,AUTOMATIC,57315,DIESEL,125,56.5,2.1
GLA Class,2017,15000,AUTOMATIC,58268,DIESEL,30,64.2,2.1
A Class,2019,19450,MANUAL,8947,PETROL,150,28.5,1.3
C Class,2017,13700,AUTOMATIC,43020,DIESEL,20,65.7,2.1
C Class,2016,14700,AUTOMATIC,28593,DIESEL,20,65.7,2.1
CLS Class,2016,17500,AUTOMATIC,44753,DIESEL,125,57.7,2.1
C Class,2016,17500,AUTOMATIC,17198,DIESEL,30,62.8,2.1
CLA Class,2016,16000,MANUAL,33231,PETROL,125,51.4,1.6
E Class,2017,17500,AUTOMATIC,38473,DIESEL,20,72.4,2
E Class,2017,19000,AUTOMATIC,42476,DIESEL,30,65.7,2
GLE Class,2016,22000,AUTOMATIC,52798,DIESEL,200,47.9,2.1
C Class,2018,21000,AUTOMATIC,29911,DIESEL,150,58.9,2.1
A Class,2014,11200,AUTOMATIC,40685,DIESEL,20,68.9,2.1
GLA Class,2016,16400,AUTOMATIC,35787,DIESEL,125,55.4,2.1
A Class,2017,12900,MANUAL,16410,DIESEL,145,80.7,1.5
CLA Class,2015,15000,AUTOMATIC,27778,DIESEL,20,62.8,2.1
A Class,2016,17700,AUTOMATIC,42865,PETROL,200,42.8,2
GLC Class,2017,21600,AUTOMATIC,54609,DIESEL,125,56.5,2.1
A Class,2016,13900,MANUAL,37360,DIESEL,30,62.8,2.1
E Class,2017,16800,AUTOMATIC,58035,DIESEL,145,61.4,2
C Class,2018,17100,AUTOMATIC,22655,DIESEL,145,64.2,2.1
S Class,2015,27000,AUTOMATIC,30782,HYBRID,20,64.2,2.1
GLA Class,2015,16250,AUTOMATIC,55582,DIESEL,125,56.5,2.1
A Class,2017,12900,MANUAL,19464,PETROL,145,52.3,1.6
A Class,2016,12200,MANUAL,33692,DIESEL,20,72.4,1.5
A Class,2016,16400,AUTOMATIC,28076,DIESEL,20,74.3,1.5
C Class,2015,15700,AUTOMATIC,21695,DIESEL,20,64.2,2.1
E Class,2016,15100,AUTOMATIC,58287,DIESEL,125,61.4,2.1
A Class,2014,12700,AUTOMATIC,33703,DIESEL,20,64.2,2.1
C Class,2017,16400,AUTOMATIC,31681,DIESEL,145,64.2,2.1
CLA Class,2017,17200,AUTOMATIC,10626,PETROL,145,53.3,1.6
C Class,2017,20100,AUTOMATIC,24348,DIESEL,20,67.3,2.1
GLA Class,2016,16200,AUTOMATIC,40584,DIESEL,125,56.5,2.1
GLA Class,2018,18400,AUTOMATIC,19523,DIESEL,145,67.3,2.1
A Class,2018,15000,MANUAL,16350,PETROL,145,50.4,1.6
C Class,2017,17100,AUTOMATIC,21388,DIESEL,30,64.2,2.1
C Class,2017,16700,AUTOMATIC,32912,DIESEL,30,61.4,2.1
A Class,2018,15500,MANUAL,19531,PETROL,150,51.4,1.6
E Class,2018,22250,AUTOMATIC,16189,DIESEL,150,65.7,2
E Class,2018,19000,AUTOMATIC,32143,DIESEL,145,72.4,2
A Class,2015,13500,AUTOMATIC,21817,DIESEL,20,74.3,1.5
C Class,2017,17800,AUTOMATIC,28042,PETROL,145,50.4,2
A Class,2018,16000,MANUAL,21112,PETROL,150,49.6,1.6
A Class,2018,16600,AUTOMATIC,17005,DIESEL,150,74.3,1.5
GLA Class,2019,21000,AUTOMATIC,11361,PETROL,150,50.4,1.6
CLA Class,2017,20000,AUTOMATIC,24107,DIESEL,150,67.3,2.1
E Class,2018,20000,AUTOMATIC,28000,DIESEL,150,72.4,2
E Class,2017,19000,AUTOMATIC,27400,DIESEL,30,65.7,2
C Class,2015,15000,AUTOMATIC,44939,DIESEL,30,64.2,2.1
A Class,2018,16000,AUTOMATIC,22015,DIESEL,150,74.3,1.5
A Class,2015,12900,MANUAL,57230,DIESEL,30,62.8,2.1
C Class,2014,17000,AUTOMATIC,36115,DIESEL,125,60.1,2.1
A Class,2018,15900,MANUAL,22894,PETROL,145,49.6,1.6
E Class,2017,20700,AUTOMATIC,9150,DIESEL,30,65.7,2
E Class,2017,16800,AUTOMATIC,56338,DIESEL,145,61.4,2
C Class,2016,16200,AUTOMATIC,37843,DIESEL,30,64.2,2.1
CLS Class,2015,17100,AUTOMATIC,34063,DIESEL,145,56.5,2.1
C Class,2017,17200,AUTOMATIC,20876,DIESEL,30,64.2,2.1
C Class,2018,17900,AUTOMATIC,28446,DIESEL,145,61.4,2.1
A Class,2017,13500,MANUAL,21410,DIESEL,150,72.4,1.5
C Class,2015,11400,MANUAL,25698,DIESEL,20,72.4,1.6
A Class,2015,10500,MANUAL,58437,DIESEL,30,64.2,2.1
C Class,2017,20000,AUTOMATIC,30128,DIESEL,20,68.9,2.1
GLA Class,2016,17000,AUTOMATIC,30419,DIESEL,125,56.5,2.1
A Class,2018,16000,AUTOMATIC,23376,DIESEL,150,74.3,1.5
E Class,2017,20250,AUTOMATIC,24639,DIESEL,20,72.4,2
C Class,2017,19000,AUTOMATIC,33891,DIESEL,30,61.4,2.1
C Class,2016,20500,AUTOMATIC,25113,DIESEL,30,64.2,2.1
E Class,2017,19500,AUTOMATIC,30918,DIESEL,30,65.7,2
C Class,2016,13000,MANUAL,22886,DIESEL,20,70.6,2.1
C Class,2016,15900,AUTOMATIC,51208,DIESEL,30,64.2,2.1
E Class,2018,24500,AUTOMATIC,25150,DIESEL,145,70.6,2
E Class,2017,18700,AUTOMATIC,37554,DIESEL,145,72.4,2
E Class,2018,19000,AUTOMATIC,32555,DIESEL,145,72.4,2
E Class,2017,19500,AUTOMATIC,37132,DIESEL,30,65.7,2
A Class,2018,14750,MANUAL,31149,PETROL,150,51.4,1.6
C Class,2016,21000,AUTOMATIC,32442,PETROL,150,49.6,2
E Class,2018,20800,AUTOMATIC,31255,DIESEL,150,72.4,2
A Class,2018,15000,MANUAL,18841,PETROL,150,51.4,1.6
A Class,2017,13500,AUTOMATIC,37014,DIESEL,150,74.3,1.5
C Class,2016,17500,AUTOMATIC,23112,DIESEL,30,64.2,2.1
E Class,2017,20300,AUTOMATIC,21531,DIESEL,30,61.4,2
A Class,2017,14500,MANUAL,23966,DIESEL,145,68.9,1.5
C Class,2017,17500,AUTOMATIC,30297,DIESEL,30,64.2,2.1
C Class,2017,16600,AUTOMATIC,27447,DIESEL,30,64.2,2.1
A Class,2017,13100,MANUAL,34758,DIESEL,145,65.7,2.1
C Class,2014,14200,MANUAL,31543,DIESEL,20,68.9,2.1
C Class,2016,17100,AUTOMATIC,42427,DIESEL,125,60.1,2.1
CLA Class,2016,18700,AUTOMATIC,25726,PETROL,200,41.5,2
C Class,2015,11200,AUTOMATIC,34799,DIESEL,145,53.3,2.1
CLA Class,2018,18100,AUTOMATIC,11751,PETROL,145,52.3,1.6
C Class,2016,13000,MANUAL,69385,DIESEL,20,68.9,2.1
A Class,2017,14250,MANUAL,36620,PETROL,150,51.4,1.6
A Class,2018,14500,MANUAL,25414,PETROL,150,51.4,1.6
A Class,2018,16800,AUTOMATIC,16056,PETROL,150,52.3,1.6
A Class,2015,10500,AUTOMATIC,97937,DIESEL,20,64.2,2.1
E Class,2018,19900,AUTOMATIC,35657,DIESEL,145,67.3,2
C Class,2017,16450,AUTOMATIC,29219,DIESEL,145,64.2,2.1
GLA Class,2017,19000,AUTOMATIC,22163,DIESEL,125,56.5,2.1
A Class,2017,13500,MANUAL,30909,DIESEL,150,72.4,1.5
C Class,2016,19900,AUTOMATIC,59256,DIESEL,30,65.7,2.1
A Class,2017,13500,AUTOMATIC,33069,DIESEL,150,76.4,1.5
A Class,2017,12400,MANUAL,47351,DIESEL,20,72.4,1.5
A Class,2017,12600,MANUAL,25535,DIESEL,0,80.7,1.5
CLA Class,2017,17000,AUTOMATIC,7392,PETROL,150,53.3,1.6
A Class,2018,16700,AUTOMATIC,19212,DIESEL,150,74.3,1.5
E Class,2015,12500,AUTOMATIC,44261,DIESEL,30,64.2,2.1
E Class,2017,19250,AUTOMATIC,33369,DIESEL,150,65.7,2
CLA Class,2017,15600,MANUAL,22171,PETROL,145,51.4,1.6
C Class,2018,16600,AUTOMATIC,29296,DIESEL,145,64.2,2.1
GLA Class,2017,16400,AUTOMATIC,53622,DIESEL,125,56.5,2.1
C Class,2017,15700,AUTOMATIC,40285,DIESEL,145,64.2,2.1
C Class,2015,15000,AUTOMATIC,53400,OTHER,0,134.5,2
A Class,2014,10800,AUTOMATIC,58848,DIESEL,20,68.9,2.1
GLA Class,2015,15800,AUTOMATIC,12641,DIESEL,20,62.8,2.1
C Class,2017,17800,AUTOMATIC,29831,DIESEL,145,61.4,2.1
A Class,2017,10900,MANUAL,54448,DIESEL,0,80.7,1.5
CLA Class,2017,15500,MANUAL,31875,DIESEL,145,67.3,2.1
C Class,2018,18900,AUTOMATIC,25569,DIESEL,145,58.9,2.1
M Class,2015,19900,AUTOMATIC,32245,DIESEL,205,46.3,2.1
A Class,2016,16750,AUTOMATIC,38253,DIESEL,20,68.9,2.1
A Class,2018,16000,AUTOMATIC,22773,DIESEL,150,74.3,1.5
C Class,2018,18750,AUTOMATIC,20512,PETROL,150,48.7,2
A Class,2018,14000,MANUAL,20393,DIESEL,150,65.7,2.1
A Class,2017,16000,MANUAL,23280,DIESEL,150,68.9,1.5
A Class,2018,16500,AUTOMATIC,27589,DIESEL,150,74.3,1.5
A Class,2018,17250,AUTOMATIC,16031,DIESEL,150,74.3,1.5
C Class,2015,15750,AUTOMATIC,28953,DIESEL,20,64.2,2.1
A Class,2018,15800,MANUAL,18770,PETROL,150,51.4,1.6
GLA Class,2018,20000,AUTOMATIC,23974,DIESEL,150,56.5,2.1
GLA Class,2018,20250,AUTOMATIC,23861,DIESEL,150,56.5,2.1
C Class,2018,19250,AUTOMATIC,20275,DIESEL,150,60.1,2.1
A Class,2017,15500,AUTOMATIC,19029,PETROL,145,53.3,1.6
A Class,2017,15200,AUTOMATIC,12587,PETROL,145,55.4,1.6
C Class,2016,16600,AUTOMATIC,56827,DIESEL,20,67.3,2.1
CLA Class,2013,13000,AUTOMATIC,74194,DIESEL,30,62.8,2.1
E Class,2017,16950,AUTOMATIC,92173,DIESEL,20,72.4,2
E Class,2017,18400,AUTOMATIC,45266,DIESEL,20,72.4,2
E Class,2016,17950,AUTOMATIC,30264,DIESEL,20,72.4,2
C Class,2016,15500,AUTOMATIC,36584,DIESEL,30,65.7,1.6
C Class,2015,17450,AUTOMATIC,42377,HYBRID,0,76.4,2.1
GLA Class,2017,19750,AUTOMATIC,27213,DIESEL,150,56.5,2.1
CLA Class,2018,19950,AUTOMATIC,6466,PETROL,150,52.3,1.6
C Class,2017,19500,AUTOMATIC,42157,DIESEL,145,67.3,2.1
E Class,2015,21900,AUTOMATIC,83079,PETROL,555,28.8,5.5
CLA Class,2017,16000,AUTOMATIC,57763,DIESEL,20,67.3,2.1
C Class,2017,13100,MANUAL,22716,PETROL,125,53.3,2
A Class,2017,14000,MANUAL,55255,DIESEL,145,62.8,2.1
C Class,2016,13800,AUTOMATIC,69505,DIESEL,125,60.1,2.1
A Class,2016,12400,MANUAL,23700,DIESEL,20,72.4,1.5
C Class,2016,13900,MANUAL,26108,PETROL,125,52.3,2
A Class,2018,14900,MANUAL,20257,PETROL,150,50.4,1.6
GLA Class,2016,17000,AUTOMATIC,22142,DIESEL,125,56.5,2.1
SLK,2012,10800,AUTOMATIC,51703,DIESEL,145,56.5,2.1
A Class,2018,14300,AUTOMATIC,16347,DIESEL,150,74.3,1.5
GLC Class,2016,21000,AUTOMATIC,57454,DIESEL,125,56.5,2.1
SLK,2015,14900,AUTOMATIC,21078,DIESEL,30,70.6,2.1
GLA Class,2017,17500,MANUAL,35069,PETROL,145,47.1,1.6
C Class,2017,13900,MANUAL,20524,PETROL,145,53.3,2
C Class,2016,14700,AUTOMATIC,58070,DIESEL,30,62.8,2.1
S Class,2017,28000,AUTOMATIC,31582,DIESEL,150,50.4,3
GLC Class,2015,21000,AUTOMATIC,48445,DIESEL,125,56.5,2.1
GLA Class,2015,15900,AUTOMATIC,26619,DIESEL,125,56.5,2.1
A Class,2014,13000,AUTOMATIC,35613,DIESEL,20,68.9,2.1
C Class,2017,17400,AUTOMATIC,30744,DIESEL,145,61.4,2.1
B Class,2014,9800,AUTOMATIC,31963,DIESEL,30,64.2,1.5
GLA Class,2017,16800,MANUAL,22526,PETROL,145,48.7,1.6
A Class,2017,16000,AUTOMATIC,7273,PETROL,145,53.3,1.6
A Class,2017,14500,MANUAL,34866,DIESEL,150,68.9,1.5
C Class,2018,18700,AUTOMATIC,16414,DIESEL,150,61.4,2.1
C Class,2018,19000,AUTOMATIC,22291,DIESEL,150,60.1,2.1
C Class,2018,19750,AUTOMATIC,19443,DIESEL,150,60.1,2.1
CLA Class,2017,16850,AUTOMATIC,20182,DIESEL,150,67.3,2.1
E Class,2015,13999,AUTOMATIC,44387,DIESEL,150,55.4,2.1
A Class,2016,13800,AUTOMATIC,80987,DIESEL,20,67.3,2.1
A Class,2016,11900,MANUAL,78772,DIESEL,30,62.8,2.1
A Class,2017,14300,MANUAL,37021,DIESEL,145,68.9,1.5
A Class,2018,15800,MANUAL,22698,PETROL,150,49.6,1.6
A Class,2018,15800,MANUAL,22907,PETROL,150,49.6,1.6
A Class,2014,9500,MANUAL,52220,DIESEL,0,78.5,1.5
A Class,2015,12700,MANUAL,27085,DIESEL,20,72.4,1.5
E Class,2017,20200,AUTOMATIC,20043,DIESEL,145,61.4,2
A Class,2017,13000,MANUAL,40082,DIESEL,20,72.4,1.5
E Class,2017,18000,AUTOMATIC,32347,DIESEL,20,72.4,2
C Class,2016,12450,MANUAL,52656,DIESEL,20,65.7,2.1
C Class,2016,18450,AUTOMATIC,17050,DIESEL,30,64.2,2.1
A Class,2017,16750,AUTOMATIC,24597,PETROL,145,53.3,1.6
E Class,2017,15800,AUTOMATIC,72462,DIESEL,145,67.3,2
E Class,2018,20800,AUTOMATIC,32712,DIESEL,150,72.4,2
E Class,2018,20800,AUTOMATIC,31165,DIESEL,150,72.4,2
E Class,2018,20800,AUTOMATIC,31629,DIESEL,150,72.4,2
C Class,2016,14000,MANUAL,47140,DIESEL,30,64.2,2.1
A Class,2015,11750,AUTOMATIC,74016,DIESEL,20,64.2,2.1
B Class,2016,13000,AUTOMATIC,36418,DIESEL,20,68.9,1.5
A Class,2018,15400,AUTOMATIC,25888,DIESEL,150,70.6,2.1
A Class,2016,14500,MANUAL,27474,DIESEL,20,68.9,1.5
CLA Class,2016,14750,MANUAL,60872,DIESEL,20,67.3,2.1
A Class,2016,10500,MANUAL,62528,DIESEL,30,64.2,2.1
C Class,2018,21800,AUTOMATIC,7540,PETROL,145,45.6,1.5
A Class,2016,12600,MANUAL,22940,DIESEL,30,65.7,2.1
A Class,2018,15700,MANUAL,20073,PETROL,145,51.4,1.6
E Class,2014,13100,AUTOMATIC,44488,DIESEL,145,58.9,2.1
E Class,2017,19200,AUTOMATIC,21494,DIESEL,20,72.4,2
A Class,2016,11900,MANUAL,69891,DIESEL,20,68.9,1.5
C Class,2016,15400,AUTOMATIC,23881,DIESEL,20,64.2,2.1
A Class,2013,10700,AUTOMATIC,46414,DIESEL,30,64.2,1.8
C Class,2016,17500,AUTOMATIC,35444,DIESEL,125,60.1,2.1
A Class,2016,12600,MANUAL,51752,DIESEL,30,62.8,2.1
A Class,2016,11900,MANUAL,19036,PETROL,125,52.3,1.6
E Class,2017,17700,AUTOMATIC,41926,DIESEL,145,72.4,2
A Class,2017,13100,MANUAL,31784,DIESEL,20,72.4,1.5
E Class,2018,20000,AUTOMATIC,21513,DIESEL,145,61.4,2
E Class,2018,19000,AUTOMATIC,32250,DIESEL,145,72.4,2
E Class,2015,15300,AUTOMATIC,50126,DIESEL,145,53.3,3
C Class,2016,18600,AUTOMATIC,32897,DIESEL,125,60.1,2.1
C Class,2015,15750,MANUAL,34672,DIESEL,30,64.2,2.1
C Class,2017,16600,AUTOMATIC,45277,DIESEL,30,61.4,2.1
E Class,2016,15200,AUTOMATIC,52938,DIESEL,125,58.9,2.1
C Class,2015,12800,MANUAL,41945,DIESEL,20,68.9,2.1
C Class,2016,17600,AUTOMATIC,28389,DIESEL,30,64.2,2.1
A Class,2014,9700,MANUAL,52251,DIESEL,20,72.4,1.5
C Class,2016,15300,AUTOMATIC,48507,DIESEL,30,62.8,2.1
GLA Class,2018,19300,AUTOMATIC,21553,DIESEL,145,56.5,2.1
A Class,2014,12000,AUTOMATIC,34626,DIESEL,20,68.9,2.1
C Class,2017,19200,AUTOMATIC,29695,DIESEL,30,64.2,2.1
C Class,2018,18500,AUTOMATIC,24277,DIESEL,145,61.4,2.1
E Class,2015,12750,AUTOMATIC,69664,DIESEL,30,64.2,2.1
C Class,2017,14700,MANUAL,31357,DIESEL,150,70.6,1.6
M Class,2015,20500,AUTOMATIC,44529,DIESEL,205,39.2,2.1
A Class,2017,11500,MANUAL,67265,DIESEL,20,72.4,1.5
A Class,2016,12800,MANUAL,53691,DIESEL,30,62.8,2.1
C Class,2014,11900,MANUAL,48055,DIESEL,20,65.7,2.1
C Class,2014,11300,AUTOMATIC,49865,DIESEL,145,56.5,2.1
C Class,2014,14800,AUTOMATIC,55445,DIESEL,30,64.2,2.1
C Class,2015,17500,AUTOMATIC,45566,DIESEL,30,64.2,2.1
A Class,2015,13700,AUTOMATIC,38412,DIESEL,20,64.2,2.1
GLC Class,2017,28800,AUTOMATIC,28152,DIESEL,235,45.6,3
A Class,2015,10400,MANUAL,49695,DIESEL,20,70.6,1.5
A Class,2015,13300,MANUAL,37421,DIESEL,30,62.8,2.1
A Class,2014,11400,MANUAL,23016,DIESEL,30,64.2,2.1
A Class,2015,10700,MANUAL,39884,DIESEL,30,64.2,2.1
CL Class,2015,22200,AUTOMATIC,40564,PETROL,200,39.8,2
GLA Class,2015,16300,AUTOMATIC,40066,DIESEL,125,55.4,2.1
GLA Class,2014,14800,AUTOMATIC,26111,DIESEL,145,55.4,2.1
C Class,2018,17600,AUTOMATIC,22749,PETROL,145,49.6,2
GLA Class,2015,16500,AUTOMATIC,29011,DIESEL,125,56.5,2.1
CLA Class,2016,12400,MANUAL,70869,DIESEL,20,67.3,2.1
C Class,2017,14200,AUTOMATIC,53528,DIESEL,20,65.7,2.1
GLA Class,2019,23950,AUTOMATIC,5345,PETROL,145,36.2,1.6
CL Class,2014,20500,AUTOMATIC,56137,PETROL,200,39.8,2
A Class,2018,15000,MANUAL,20022,PETROL,145,51.4,1.6
C Class,2014,14600,AUTOMATIC,42949,DIESEL,125,60.1,2.1
A Class,2016,11500,MANUAL,47866,DIESEL,20,72.4,1.5
GLA Class,2014,15000,AUTOMATIC,40723,DIESEL,145,55.4,2.1
E Class,2017,17800,AUTOMATIC,45729,DIESEL,150,72.4,2
CLA Class,2017,14800,AUTOMATIC,27941,DIESEL,145,68.9,2.1
A Class,2014,13000,AUTOMATIC,17363,PETROL,145,50.4,1.6
C Class,2017,18900,AUTOMATIC,31674,PETROL,145,47.9,2
C Class,2015,15500,AUTOMATIC,32967,DIESEL,30,64.2,2.1
GLA Class,2014,13000,AUTOMATIC,64469,DIESEL,145,55.4,2.1
A Class,2016,13300,MANUAL,33723,DIESEL,20,68.9,1.5
C Class,2015,13400,AUTOMATIC,51245,DIESEL,20,64.2,2.1
E Class,2016,16000,AUTOMATIC,28569,DIESEL,125,58.9,2.1
SLK,2015,14400,AUTOMATIC,27630,DIESEL,30,70.6,2.1
C Class,2014,14000,MANUAL,14436,PETROL,125,52.3,2
C Class,2017,17000,AUTOMATIC,29905,DIESEL,145,61.4,2.1
A Class,2016,11500,MANUAL,38698,DIESEL,0,80.7,1.5
A Class,2017,14500,MANUAL,22751,PETROL,145,51.4,1.6
A Class,2017,14400,MANUAL,35389,DIESEL,20,68.9,1.5
A Class,2016,15500,MANUAL,32046,DIESEL,20,68.9,1.5
GLA Class,2018,16950,MANUAL,29334,DIESEL,145,67.3,2.1
GLA Class,2017,16800,AUTOMATIC,21599,DIESEL,30,64.2,2.1
C Class,2016,13800,AUTOMATIC,47915,DIESEL,20,65.7,2.1
C Class,2018,23600,AUTOMATIC,18834,PETROL,145,42.2,2
E Class,2017,15700,AUTOMATIC,82342,DIESEL,30,61.4,2
E Class,2019,23950,AUTOMATIC,16916,DIESEL,145,65.7,2
E Class,2019,24000,AUTOMATIC,16431,DIESEL,145,65.7,2
E Class,2017,17800,AUTOMATIC,40566,DIESEL,150,72.4,2
E Class,2016,18500,AUTOMATIC,20698,DIESEL,20,72.4,2
E Class,2017,20500,AUTOMATIC,22142,DIESEL,20,72.4,2
E Class,2017,17800,AUTOMATIC,42783,DIESEL,145,72.4,2
E Class,2017,18500,AUTOMATIC,52329,DIESEL,145,67.3,2
E Class,2017,18500,AUTOMATIC,48950,DIESEL,145,67.3,2
E Class,2018,19000,AUTOMATIC,34150,DIESEL,145,72.4,2
E Class,2017,17800,AUTOMATIC,42081,DIESEL,145,72.4,2
GLC Class,2017,23900,AUTOMATIC,21969,DIESEL,145,56.5,2.1
X-CLASS,2018,27995,AUTOMATIC,21000,DIESEL,260,35.8,2.3
X-CLASS,2019,40990,AUTOMATIC,22000,DIESEL,260,31.4,3
C Class,2016,17995,AUTOMATIC,11000,DIESEL,30,65.7,1.6
A Class,2019,23995,AUTOMATIC,6000,PETROL,150,53.3,1.3
C Class,2015,10200,AUTOMATIC,47392,DIESEL,145,53.3,2.1
C Class,2017,18000,AUTOMATIC,16747,DIESEL,145,60.1,2.1
E Class,2017,17500,AUTOMATIC,43837,DIESEL,145,67.3,2
E Class,2015,13000,AUTOMATIC,56678,DIESEL,145,55.4,2.1
CLS Class,2017,19000,AUTOMATIC,39040,DIESEL,145,57.7,2.1
E Class,2014,14000,AUTOMATIC,40262,DIESEL,125,57.7,2.1
CL Class,2014,12000,MANUAL,62479,DIESEL,30,64.2,1.8
E Class,2017,18500,AUTOMATIC,37596,DIESEL,145,65.7,2
A Class,2017,16500,AUTOMATIC,17920,DIESEL,20,74.3,1.5
GLA Class,2017,16400,AUTOMATIC,45529,DIESEL,125,56.5,2.1
C Class,2014,8200,MANUAL,80047,DIESEL,160,52.3,2.1
B Class,2014,11500,AUTOMATIC,10200,DIESEL,20,68.9,1.5
C Class,2015,12000,AUTOMATIC,40005,DIESEL,150,53.3,2.1
SL CLASS,2016,18000,AUTOMATIC,18922,DIESEL,30,70.6,2.1
A Class,2018,15000,MANUAL,28257,DIESEL,150,68.9,1.5
C Class,2018,19000,AUTOMATIC,23280,PETROL,150,48.7,2
E Class,2017,21000,AUTOMATIC,30892,DIESEL,30,65.7,2
GLA Class,2017,16850,AUTOMATIC,39023,DIESEL,150,64.2,2.1
C Class,2018,19000,AUTOMATIC,19542,PETROL,150,48.7,2
E Class,2018,20000,AUTOMATIC,19419,DIESEL,150,61.4,2
A Class,2017,14250,MANUAL,28584,DIESEL,20,68.9,1.5
E Class,2015,14700,AUTOMATIC,55283,DIESEL,125,56.5,2.1
CLA Class,2016,16450,MANUAL,21722,DIESEL,20,67.3,2.1
E Class,2017,20000,AUTOMATIC,29274,DIESEL,30,65.7,2
C Class,2018,14600,MANUAL,15950,PETROL,145,53.3,2
GLA Class,2015,14995,MANUAL,23000,DIESEL,20,67.3,2.1
C Class,2015,13995,AUTOMATIC,96000,DIESEL,30,62.8,2.1
C Class,2004,1495,MANUAL,119000,PETROL,300,34.5,1.8
X-CLASS,2017,24990,AUTOMATIC,23219,DIESEL,140,35.8,2.3
X-CLASS,2018,21990,AUTOMATIC,53000,DIESEL,260,35.8,2.3
X-CLASS,2018,29990,AUTOMATIC,42000,DIESEL,260,31.4,3
GLC Class,2018,28944,AUTOMATIC,29790,DIESEL,145,56.5,2.1
E Class,2016,21672,AUTOMATIC,20568,DIESEL,165,50.4,3
S Class,2016,26059,AUTOMATIC,49397,DIESEL,205,47.9,3
E Class,2016,20264,AUTOMATIC,26644,DIESEL,165,50.4,3
E Class,2017,20905,AUTOMATIC,28431,DIESEL,165,52.3,3
C Class,2019,39894,AUTOMATIC,10585,PETROL,145,30.4,3
M Class,2014,21944,AUTOMATIC,34525,DIESEL,305,39.2,3
SL CLASS,2017,20681,AUTOMATIC,25082,DIESEL,150,70.6,2.1
SL CLASS,2017,18460,AUTOMATIC,21882,DIESEL,30,70.6,2.1
A Class,2019,27994,AUTOMATIC,2367,PETROL,150,53.3,1.3
SL CLASS,2017,20995,AUTOMATIC,7182,DIESEL,150,70.6,2.1
CLS Class,2017,22646,AUTOMATIC,21494,DIESEL,165,51.4,3
E Class,2016,20184,AUTOMATIC,16725,DIESEL,150,53.3,3
CLA Class,2016,15944,AUTOMATIC,32754,DIESEL,20,67.3,2.1
CLA Class,2016,28944,AUTOMATIC,30500,PETROL,205,40.9,2
C Class,2019,28450,AUTOMATIC,6011,DIESEL,150,64.2,2
E Class,2016,19290,AUTOMATIC,31514,DIESEL,165,51.4,3
A Class,2019,33450,AUTOMATIC,6724,PETROL,150,35.3,2
A Class,2016,14400,MANUAL,15325,DIESEL,20,72.4,1.5
SLK,2016,15100,AUTOMATIC,41509,DIESEL,30,70.6,2.1
SLK,2015,14800,AUTOMATIC,31576,DIESEL,30,70.6,2.1
A Class,2016,16200,AUTOMATIC,55730,DIESEL,20,67.3,2.1
B Class,2017,13000,MANUAL,6437,DIESEL,145,65.7,2.1
C Class,2015,13900,AUTOMATIC,57081,DIESEL,30,61.4,2.1
A Class,2015,11200,AUTOMATIC,38776,DIESEL,20,68.9,2.1
A Class,2015,12500,MANUAL,32713,DIESEL,20,72.4,1.5
A Class,2017,15100,MANUAL,43666,PETROL,145,49.6,1.6
A Class,2016,12750,MANUAL,20458,DIESEL,0,80.7,1.5
A Class,2016,11400,MANUAL,44277,DIESEL,0,80.7,1.5
C Class,2016,27444,AUTOMATIC,36815,PETROL,260,35.8,3
C Class,2019,24244,AUTOMATIC,10804,PETROL,145,46.3,1.5
SL CLASS,2017,20444,AUTOMATIC,17825,DIESEL,145,70.6,2.1
CLA Class,2017,18944,AUTOMATIC,39950,DIESEL,20,67.3,2.1
GLE Class,2019,48444,AUTOMATIC,8112,DIESEL,145,36.7,3
C Class,2019,29444,AUTOMATIC,15707,DIESEL,145,61.4,2
C Class,2019,24944,AUTOMATIC,13538,DIESEL,145,58.9,2
GLS Class,2018,44444,AUTOMATIC,6285,DIESEL,145,37.2,3
GLC Class,2019,35444,AUTOMATIC,2870,DIESEL,145,44.8,2
C Class,2016,20990,AUTOMATIC,23000,DIESEL,30,64.2,2.1
CLS Class,2019,38444,AUTOMATIC,2611,DIESEL,145,48.7,2.9
GLC Class,2019,34350,AUTOMATIC,12623,DIESEL,145,44.8,2
B Class,2012,11995,AUTOMATIC,22348,PETROL,145,45.6,1.6
GLC Class,2020,44995,AUTOMATIC,6000,DIESEL,145,40.9,2
GLA Class,2018,31990,AUTOMATIC,23573,PETROL,150,38.2,2
CLA Class,2020,32995,AUTOMATIC,6000,PETROL,145,44.8,1.3
E Class,2020,44995,AUTOMATIC,6000,DIESEL,145,70.6,2
A Class,2019,22995,AUTOMATIC,4023,PETROL,150,53.3,1.3
A Class,2018,20944,AUTOMATIC,12786,PETROL,145,52.3,1.6
SLK,2011,10995,AUTOMATIC,40000,PETROL,200,43.5,1.8
C Class,2013,11995,AUTOMATIC,40000,DIESEL,145,53.3,2.1
C Class,2007,3695,AUTOMATIC,160000,DIESEL,290,39.2,2.2
E Class,2012,9995,AUTOMATIC,73000,DIESEL,140,57.6,2.1
B Class,2009,4695,AUTOMATIC,64000,PETROL,240,40.9,1.5
C Class,2019,30444,AUTOMATIC,3360,DIESEL,145,54.3,1.6
B Class,2020,25244,AUTOMATIC,6000,DIESEL,145,55.4,2
A Class,2020,26444,AUTOMATIC,6000,PETROL,145,28.5,2
C Class,2019,29944,AUTOMATIC,3500,PETROL,145,47.1,1.5
A Class,2016,16890,AUTOMATIC,29456,DIESEL,20,68.9,2.1
A Class,2020,27890,AUTOMATIC,2511,PETROL,145,53.3,1.3
E Class,2016,18480,AUTOMATIC,19639,DIESEL,125,58.9,2.1
C Class,2017,17890,AUTOMATIC,36000,PETROL,150,50.4,2
CLS Class,2016,18980,AUTOMATIC,46728,DIESEL,125,57.7,2.1
A Class,2017,16780,AUTOMATIC,34416,DIESEL,20,74.3,1.5
A Class,2016,19480,AUTOMATIC,13413,DIESEL,20,67.3,2.1
GLA Class,2017,21890,AUTOMATIC,22816,PETROL,150,50.4,1.6
A Class,2017,15980,AUTOMATIC,11607,PETROL,150,55.4,1.6
A Class,2019,24000,MANUAL,4513,PETROL,150,47.1,1.3
GL Class,2014,35989,AUTOMATIC,55000,PETROL,570,23,5.5
A Class,2020,26944,AUTOMATIC,6000,PETROL,145,53.3,1.3
CLS Class,2019,35850,AUTOMATIC,7289,DIESEL,145,48.7,2.9
GLE Class,2017,29990,AUTOMATIC,29472,DIESEL,145,47.9,2.1
S Class,2019,54994,AUTOMATIC,3715,DIESEL,145,52.3,2.9
GLC Class,2016,26250,AUTOMATIC,29529,DIESEL,125,56.5,2.1
GLC Class,2017,29440,AUTOMATIC,2017,DIESEL,145,56.5,2.1
B Class,2019,21890,AUTOMATIC,11789,PETROL,145,45.6,1.3
B Class,2019,25850,AUTOMATIC,15901,DIESEL,145,54.3,2
A Class,2018,18470,AUTOMATIC,14291,PETROL,145,52.3,1.6
A Class,2017,29890,AUTOMATIC,8272,PETROL,145,40.9,2
GLA Class,2017,22750,AUTOMATIC,11837,DIESEL,125,56.5,2.1
E Class,2017,21890,AUTOMATIC,26000,DIESEL,145,72.4,2
A Class,2017,15480,AUTOMATIC,42609,DIESEL,20,74.3,1.5
E Class,2016,17250,AUTOMATIC,40830,DIESEL,125,61.4,2.1
C Class,2016,16890,AUTOMATIC,47850,DIESEL,30,61.4,2.1
E Class,2018,26000,AUTOMATIC,11790,DIESEL,145,58.9,2
A Class,2016,16480,AUTOMATIC,39938,DIESEL,20,68.9,2.1
E Class,2019,35890,AUTOMATIC,8797,HYBRID,135,134.5,2
CLS Class,2015,21000,AUTOMATIC,17957,DIESEL,125,57.7,2.1
C Class,2020,41450,AUTOMATIC,3897,PETROL,145,44.1,1.5
A Class,2017,28890,AUTOMATIC,17632,PETROL,145,40.9,2
C Class,2017,17480,AUTOMATIC,47019,HYBRID,0,134.5,2
V Class,2019,42980,AUTOMATIC,3226,DIESEL,150,44.8,2.1
CLA Class,2016,18980,AUTOMATIC,32150,DIESEL,20,67.3,2.1
E Class,2017,19980,AUTOMATIC,35905,DIESEL,20,67.3,2
SL CLASS,2018,27890,AUTOMATIC,1565,PETROL,145,47.1,2
C Class,2015,19780,AUTOMATIC,15629,DIESEL,125,60.1,2.1
C Class,2019,34890,AUTOMATIC,21927,PETROL,145,29.4,3
B Class,2019,20480,AUTOMATIC,14122,PETROL,150,45.6,1.3
A Class,2019,23980,AUTOMATIC,6945,PETROL,150,28.5,1.3
A Class,2019,22480,MANUAL,11683,PETROL,150,28.5,1.3
E Class,2016,20800,AUTOMATIC,24279,DIESEL,30,65.7,2
CLS Class,2019,36890,AUTOMATIC,2500,DIESEL,145,45.6,2
V Class,2019,40890,AUTOMATIC,4170,DIESEL,145,44.1,2.1
C Class,2016,32890,AUTOMATIC,23485,PETROL,300,34,3
C Class,2019,37890,AUTOMATIC,4404,PETROL,145,30.4,3
C Class,2019,27890,AUTOMATIC,10091,DIESEL,145,57.7,2
CLA Class,2019,25480,AUTOMATIC,14024,DIESEL,145,51.4,2.1
GLA Class,2016,17890,AUTOMATIC,23337,DIESEL,125,56.5,2.1
S Class,2018,47480,AUTOMATIC,11876,PETROL,145,38.2,3
C Class,2018,20250,AUTOMATIC,84205,DIESEL,145,58.9,1.6
S Class,2019,56890,AUTOMATIC,2931,HYBRID,135,100.9,3
C Class,2015,13890,MANUAL,36006,DIESEL,20,70.6,2.1
SL CLASS,2001,12999,AUTOMATIC,122000,PETROL,305,22.3,5
C Class,2006,1695,AUTOMATIC,153000,PETROL,300,33.6,1.8
C Class,2016,17850,AUTOMATIC,20296,DIESEL,20,64.2,2.1
E Class,2019,32890,AUTOMATIC,5807,DIESEL,150,57.7,2
C Class,2017,20480,AUTOMATIC,30053,HYBRID,0,134.5,2
B Class,2019,20980,AUTOMATIC,14345,PETROL,150,45.6,1.3
C Class,2016,28890,AUTOMATIC,35550,PETROL,260,35.8,3
E Class,2019,25480,AUTOMATIC,2000,DIESEL,145,67.3,2
A Class,2016,13890,MANUAL,35933,PETROL,125,51.4,1.6
C Class,2019,27480,AUTOMATIC,8248,DIESEL,145,57.7,2
SL CLASS,2017,18898,AUTOMATIC,15096,DIESEL,30,70.6,2.1
SL CLASS,2017,19828,AUTOMATIC,18455,DIESEL,30,70.6,2.1
CLS Class,2017,23166,AUTOMATIC,35625,DIESEL,165,49.6,3
GLS Class,2016,35168,AUTOMATIC,27844,DIESEL,305,37.2,3
GLE Class,2016,34975,AUTOMATIC,42102,DIESEL,305,39.2,3
GLE Class,2016,29579,AUTOMATIC,23606,DIESEL,265,42.8,3
CLA Class,2019,25744,AUTOMATIC,13500,DIESEL,145,51.4,2.1
GL Class,2016,31988,AUTOMATIC,37989,DIESEL,330,36.2,3
E Class,2016,18314,AUTOMATIC,33367,DIESEL,150,54.3,3
M Class,2015,21643,AUTOMATIC,46023,DIESEL,205,39.2,2.1
C Class,2019,23444,AUTOMATIC,13279,DIESEL,145,61.4,2
B Class,2019,25444,AUTOMATIC,3113,DIESEL,145,55.4,2
GLE Class,2020,57995,AUTOMATIC,6000,DIESEL,145,36.7,2
A Class,2020,23444,AUTOMATIC,708,DIESEL,145,56.5,2
A Class,2020,25644,AUTOMATIC,2983,PETROL,145,53.3,1.3
C Class,2018,27244,AUTOMATIC,12054,DIESEL,145,67.3,2.1
C Class,2016,20444,AUTOMATIC,24357,DIESEL,30,64.2,2.1
E Class,2019,24944,AUTOMATIC,11997,DIESEL,145,67.3,2
C Class,2019,24244,AUTOMATIC,11907,PETROL,145,44.1,1.5
B Class,2019,27890,AUTOMATIC,11162,DIESEL,145,53.3,2
C Class,2019,28480,AUTOMATIC,3600,DIESEL,145,60.1,2
B Class,2019,23480,AUTOMATIC,2255,DIESEL,145,55.4,2
S Class,2019,57890,AUTOMATIC,7125,DIESEL,145,48.7,3
E Class,2016,16950,AUTOMATIC,33473,DIESEL,20,72.4,2
C Class,2015,12800,AUTOMATIC,79011,DIESEL,30,61.4,2.1
A Class,2016,11900,MANUAL,39122,DIESEL,20,72.4,1.5
C Class,2015,17200,AUTOMATIC,40961,DIESEL,125,60.1,2.1
C Class,2016,12800,MANUAL,40595,DIESEL,20,70.6,2.1
A Class,2017,15000,MANUAL,29737,DIESEL,145,62.8,2.1
C Class,2018,18500,AUTOMATIC,17771,DIESEL,145,61.4,2.1
E Class,2018,19000,AUTOMATIC,34788,DIESEL,145,72.4,2
C Class,2017,20000,MANUAL,28831,DIESEL,145,65.7,2.1
A Class,2014,11000,AUTOMATIC,51332,DIESEL,20,68.9,2.1
S Class,2017,29890,AUTOMATIC,40952,DIESEL,160,50.4,3
B Class,2019,20880,AUTOMATIC,14045,PETROL,145,45.6,1.3
E Class,2016,17780,AUTOMATIC,31726,PETROL,160,46.3,2
CLA Class,2019,32890,AUTOMATIC,6571,DIESEL,145,55.4,2
CLS Class,2012,10990,AUTOMATIC,107000,DIESEL,205,46.3,3
C Class,2011,7995,AUTOMATIC,83000,PETROL,235,38.2,1.8
C Class,2015,13495,MANUAL,33000,PETROL,125,53.3,2
C Class,2013,9995,AUTOMATIC,69000,PETROL,145,47.9,1.6
M Class,2013,16000,AUTOMATIC,80000,DIESEL,200,44.8,2.1
B Class,2015,10995,MANUAL,28000,DIESEL,20,67.3,1.5
SLK,2015,12995,OTHER,39000,DIESEL,150,56.5,2.1
SL CLASS,2014,20000,AUTOMATIC,57000,PETROL,240,37.7,3.5
GL Class,2016,31750,AUTOMATIC,42000,DIESEL,260,42.8,3
CLK,2004,2495,AUTOMATIC,104000,PETROL,325,31.7,1.8
C Class,2004,1780,AUTOMATIC,118000,DIESEL,265,41.5,2.2
SLK,2004,5000,AUTOMATIC,86000,PETROL,325,28,3.5
CLS Class,2013,14790,AUTOMATIC,58000,DIESEL,200,47.1,3
G Class,2012,44990,AUTOMATIC,43000,DIESEL,570,25.2,3
S Class,2010,26990,AUTOMATIC,38000,PETROL,570,19.5,6.2
E Class,2016,21317,AUTOMATIC,21316,DIESEL,165,50.4,3
SL CLASS,2017,19329,AUTOMATIC,8556,DIESEL,30,70.6,2.1
S Class,2015,29029,AUTOMATIC,12687,DIESEL,205,48.7,3
CLA Class,2020,32995,AUTOMATIC,2000,PETROL,150,44.8,1.3
GLC Class,2018,31995,AUTOMATIC,16176,DIESEL,150,56.5,2.1
E Class,2015,17165,AUTOMATIC,36959,DIESEL,150,53.3,3
GLE Class,2018,29490,AUTOMATIC,45900,DIESEL,150,37.7,3
GLC Class,2017,29990,AUTOMATIC,13919,DIESEL,150,56.5,2.1
S Class,2016,29267,AUTOMATIC,9521,DIESEL,165,50.4,3
C Class,2015,29900,AUTOMATIC,33521,PETROL,300,34.5,4
V Class,2018,35000,AUTOMATIC,8900,DIESEL,145,45.6,2.1
V Class,2018,34000,AUTOMATIC,13000,DIESEL,145,45.6,2.1
CL Class,2016,15000,SEMI-AUTO,84000,DIESEL,20,67.3,2.1
M Class,2014,19495,AUTOMATIC,50974,DIESEL,300,39.2,3
C Class,2013,8250,AUTOMATIC,63555,PETROL,150,47.9,1.6
C Class,2014,21495,AUTOMATIC,56444,PETROL,580,23.5,6.2
GLC Class,2016,22390,AUTOMATIC,41351,DIESEL,125,56.5,2.1
B Class,2019,24990,AUTOMATIC,5653,DIESEL,145,55.4,2
GLE Class,2016,27990,AUTOMATIC,33493,DIESEL,205,47.9,2.1
C Class,2016,17590,AUTOMATIC,32719,DIESEL,30,64.2,1.6
GLC Class,2017,33990,AUTOMATIC,18500,PETROL,305,34,3
C Class,2018,23790,AUTOMATIC,16500,PETROL,145,47.1,2
E Class,2016,17990,AUTOMATIC,37778,DIESEL,125,56.5,2.1
E Class,2016,25629,AUTOMATIC,17943,DIESEL,165,51.4,3
GLS Class,2016,34763,AUTOMATIC,32505,DIESEL,305,37.2,3
SL CLASS,2017,21450,AUTOMATIC,19220,DIESEL,150,70.6,2.1
GLC Class,2020,52990,AUTOMATIC,4000,PETROL,145,31.7,2
A Class,2020,26590,AUTOMATIC,2563,PETROL,145,53.3,1.3
B Class,2020,27490,AUTOMATIC,2563,DIESEL,145,55.4,2
B Class,2020,27490,AUTOMATIC,2563,DIESEL,145,55.4,2
A Class,2020,26590,AUTOMATIC,2563,PETROL,145,53.3,1.3
A Class,2018,19790,AUTOMATIC,13100,PETROL,145,53.3,1.3
C Class,2019,24790,AUTOMATIC,10637,DIESEL,150,64.2,2
GLC Class,2019,31990,AUTOMATIC,10334,DIESEL,150,41.5,2.1
GLC Class,2017,33995,AUTOMATIC,24752,DIESEL,150,45.6,3
E Class,2017,19500,AUTOMATIC,36347,DIESEL,145,65.7,2
C Class,2019,22740,AUTOMATIC,17132,DIESEL,145,61.4,2
V Class,2017,36990,AUTOMATIC,14311,DIESEL,235,44.8,2.1
C Class,2016,19990,AUTOMATIC,31090,DIESEL,125,61.4,2.1
CLS Class,2015,20490,AUTOMATIC,29766,DIESEL,160,51.4,3
C Class,2019,42990,AUTOMATIC,5545,PETROL,145,29.7,3
C Class,2019,27490,AUTOMATIC,5479,DIESEL,145,61.4,2
GLA Class,2016,26995,AUTOMATIC,31211,PETROL,235,37.7,2
GLE Class,2016,27190,AUTOMATIC,37236,DIESEL,200,47.9,2.1
GLC Class,2019,35394,AUTOMATIC,11190,DIESEL,150,56.5,2.1
GLA Class,2018,22990,AUTOMATIC,14000,DIESEL,145,56.5,2.2
E Class,2016,18995,AUTOMATIC,11000,DIESEL,125,58.9,2.1
B Class,2014,11250,AUTOMATIC,31251,DIESEL,30,61.4,2.1
GLC Class,2020,38995,AUTOMATIC,3652,PETROL,145,40.9,2
C Class,2019,28750,AUTOMATIC,9156,DIESEL,145,57.7,2
B Class,2019,21190,AUTOMATIC,14846,PETROL,145,45.6,1.3
A Class,2017,15790,MANUAL,23364,DIESEL,145,62.8,2.1
C Class,2020,31590,AUTOMATIC,1452,DIESEL,145,64.2,2
CLS Class,2018,33740,AUTOMATIC,6710,DIESEL,145,48.7,2.9
A Class,2019,19250,AUTOMATIC,10632,DIESEL,145,65.7,1.5
GLA Class,2015,15800,AUTOMATIC,55906,DIESEL,125,55.4,2.1
C Class,2017,19900,AUTOMATIC,13659,PETROL,145,50.4,2
C Class,2017,22900,AUTOMATIC,15384,PETROL,145,47.1,2
GLE Class,2017,28900,AUTOMATIC,25475,DIESEL,145,47.9,2.1
GLA Class,2018,22490,AUTOMATIC,31604,DIESEL,150,56.5,2.1
SL CLASS,2016,29900,AUTOMATIC,23400,PETROL,265,36.7,3
E Class,2019,24800,AUTOMATIC,3318,DIESEL,145,67.3,2
E Class,2019,24800,AUTOMATIC,4537,DIESEL,145,67.3,2
C Class,2016,21900,AUTOMATIC,48448,DIESEL,125,61.4,2.1
E Class,2018,23900,AUTOMATIC,25320,DIESEL,145,58.9,2
GLC Class,2019,31900,AUTOMATIC,5100,DIESEL,150,42.2,2.1
C Class,2016,19400,AUTOMATIC,19292,DIESEL,30,64.2,2.1
C Class,2012,8000,MANUAL,41982,PETROL,200,42.2,1.8
GLC Class,2020,35900,AUTOMATIC,4582,DIESEL,145,44.8,2
C Class,2017,17300,AUTOMATIC,17980,DIESEL,20,65.7,2.1
GLA Class,2018,18500,MANUAL,12347,PETROL,145,40.9,1.6
C Class,2017,20900,AUTOMATIC,34408,PETROL,145,47.1,2
A Class,2017,15800,MANUAL,24602,DIESEL,30,62.8,2.1
C Class,2017,18900,AUTOMATIC,58304,DIESEL,30,64.2,2.1
A Class,2020,29900,AUTOMATIC,661,PETROL,150,53.3,1.3
CLA Class,2013,14400,AUTOMATIC,66000,DIESEL,30,62.8,2.1
CLA Class,2017,23490,AUTOMATIC,9970,PETROL,150,41.5,2
C Class,2014,13800,AUTOMATIC,46310,PETROL,125,50.4,2
C Class,2019,26500,AUTOMATIC,6995,DIESEL,145,57.7,2
E Class,2016,20106,AUTOMATIC,17703,DIESEL,150,53.3,3
E Class,2015,20258,AUTOMATIC,31968,DIESEL,165,51.4,3
C Class,2019,19750,AUTOMATIC,12498,PETROL,145,46.3,1.5
C Class,2019,24690,AUTOMATIC,14864,DIESEL,145,61.4,2
GLC Class,2018,29190,AUTOMATIC,12523,DIESEL,145,56.5,2.1
CLS Class,2019,43490,AUTOMATIC,4011,DIESEL,145,47.9,2.9
CLA Class,2020,31150,AUTOMATIC,3653,DIESEL,145,55.4,2
GLE Class,2020,55290,AUTOMATIC,2242,DIESEL,145,32.8,2.9
C Class,2019,29650,AUTOMATIC,5653,DIESEL,145,54.3,1.6
C Class,2017,20300,AUTOMATIC,21650,DIESEL,30,64.2,2.1
A Class,2016,14750,MANUAL,16741,PETROL,125,51.4,1.6
E Class,2016,17900,AUTOMATIC,53275,DIESEL,30,65.7,2
C Class,2015,17900,AUTOMATIC,34797,DIESEL,30,64.2,2.1
C Class,2018,14900,AUTOMATIC,33805,DIESEL,145,65.7,2.1
C Class,2019,27900,AUTOMATIC,4507,DIESEL,145,54.3,2
A Class,2017,17900,AUTOMATIC,10880,PETROL,145,52.3,1.6
SLK,2013,10900,AUTOMATIC,73000,DIESEL,150,56.5,2.1
S Class,2017,36890,AUTOMATIC,22657,HYBRID,20,61.4,2.1
GL Class,2015,28700,AUTOMATIC,61289,DIESEL,330,35.3,3
A Class,2017,15650,AUTOMATIC,28079,PETROL,145,53.3,1.6
CLA Class,2020,28900,AUTOMATIC,4308,PETROL,145,44.1,1.3
A Class,2020,23900,MANUAL,2006,PETROL,145,28.5,1.3
A Class,2019,22250,MANUAL,4866,PETROL,150,28.5,1.3
C Class,2016,18800,AUTOMATIC,54000,DIESEL,30,65.7,2.1
E Class,2017,21900,AUTOMATIC,35598,DIESEL,145,61.4,2
A Class,2017,14830,AUTOMATIC,39432,DIESEL,20,74.3,1.5
C Class,2016,20900,AUTOMATIC,21466,DIESEL,30,61.4,2.1
GLE Class,2019,59700,AUTOMATIC,7500,DIESEL,145,32.5,3
C Class,2017,24900,AUTOMATIC,21000,DIESEL,30,65.7,2.1
C Class,2017,14900,AUTOMATIC,27287,PETROL,125,53.3,2
S Class,2011,10950,AUTOMATIC,66000,DIESEL,265,41.5,3
GLA Class,2018,20900,AUTOMATIC,20020,DIESEL,150,56.5,2.1
GLA Class,2017,17699,MANUAL,28500,PETROL,145,47.1,1.6
C Class,2016,17299,AUTOMATIC,52400,DIESEL,30,61.4,2.1
C Class,2016,14000,AUTOMATIC,45000,DIESEL,20,65.7,2.1
B Class,2017,15995,AUTOMATIC,6000,DIESEL,145,67.3,2.2
GLC Class,2019,37900,AUTOMATIC,4500,DIESEL,145,40.9,2
GLC Class,2020,38900,AUTOMATIC,1000,DIESEL,145,40.9,2
GLC Class,2019,68900,AUTOMATIC,6007,PETROL,145,22.1,4
CLA Class,2016,18250,AUTOMATIC,13379,DIESEL,20,67.3,2.1
CLA Class,2019,20700,MANUAL,3794,PETROL,145,42.8,1.6
GLA Class,2016,16375,AUTOMATIC,47972,DIESEL,125,56.5,2.1
E Class,2016,18750,AUTOMATIC,33500,DIESEL,20,67.3,2
C Class,2019,30900,AUTOMATIC,8000,PETROL,145,46.3,1.5
C Class,2020,40999,AUTOMATIC,400,OTHER,135,217.3,2
GLC Class,2019,31490,AUTOMATIC,14681,DIESEL,145,41.5,2.1
A Class,2018,18799,MANUAL,22000,PETROL,145,49.6,1.6
A Class,2019,23549,AUTOMATIC,8854,PETROL,145,53.3,1.3
GLA Class,2019,24999,AUTOMATIC,10104,PETROL,145,36.2,1.6
GLC Class,2019,38499,AUTOMATIC,10330,DIESEL,145,43.5,2
A Class,2020,25799,AUTOMATIC,2500,DIESEL,145,56.5,2
B Class,2020,25199,AUTOMATIC,2500,DIESEL,145,55.4,2
C Class,2019,25799,AUTOMATIC,10892,PETROL,145,47.1,1.5
C Class,2019,26349,AUTOMATIC,8999,DIESEL,145,60.1,1.6
A Class,2016,16249,AUTOMATIC,240494,DIESEL,20,68.9,2.1
A Class,2019,32445,AUTOMATIC,5411,PETROL,150,35.3,2
GLC Class,2017,37995,AUTOMATIC,25975,PETROL,150,34,3
C Class,2017,20699,AUTOMATIC,38000,DIESEL,150,58.9,2.1
SL CLASS,2019,35699,AUTOMATIC,4500,PETROL,150,36.2,3
C Class,2019,29999,AUTOMATIC,4988,PETROL,150,44.8,1.6
C Class,2015,18299,AUTOMATIC,31369,DIESEL,30,61.4,2.1
CLS Class,2016,21591,AUTOMATIC,17730,DIESEL,165,51.4,3
E Class,2016,20042,AUTOMATIC,25262,DIESEL,150,54.3,3
CLA Class,2016,16649,AUTOMATIC,49847,DIESEL,20,70.6,2.1
E Class,2017,21323,AUTOMATIC,23448,DIESEL,165,52.3,3
SL CLASS,2017,19590,AUTOMATIC,18061,DIESEL,30,70.6,2.1
GLS Class,2016,35390,AUTOMATIC,25306,DIESEL,305,37.2,3
SL CLASS,2016,17808,AUTOMATIC,20618,DIESEL,30,70.6,2.1
A Class,2017,19999,AUTOMATIC,28243,PETROL,160,45.6,2
C Class,2019,23999,AUTOMATIC,9323,PETROL,145,47.1,1.5
SLK,2016,16299,AUTOMATIC,39820,DIESEL,30,70.6,2.1
GLS Class,2019,59999,AUTOMATIC,10000,DIESEL,145,34,3
A Class,2018,29500,AUTOMATIC,13500,PETROL,145,40.9,2
CLA Class,2019,25239,AUTOMATIC,13968,DIESEL,145,51.4,2.1
A Class,2019,33995,AUTOMATIC,3109,PETROL,150,35.8,2
C Class,2014,17250,AUTOMATIC,34772,DIESEL,125,60.1,2.1
GLC Class,2020,44950,AUTOMATIC,2500,PETROL,145,31.7,2
C Class,2019,30999,AUTOMATIC,1497,PETROL,145,46.3,1.5
CLA Class,2019,26899,AUTOMATIC,3138,PETROL,145,44.1,1.3
GLE Class,2020,54999,AUTOMATIC,2900,DIESEL,145,32.8,2.9
C Class,2019,31999,AUTOMATIC,3000,DIESEL,145,48.7,2
C Class,2017,18339,AUTOMATIC,49000,DIESEL,30,61.4,2.1
GLC Class,2019,38995,AUTOMATIC,2500,DIESEL,150,40.9,2
C Class,2019,25499,AUTOMATIC,13155,PETROL,145,46.3,1.5
B Class,2018,15799,MANUAL,10076,DIESEL,145,68.9,1.5
GLE Class,2017,30999,AUTOMATIC,18398,DIESEL,145,47.9,2.1
E Class,2017,20999,AUTOMATIC,11404,DIESEL,160,52.3,3
E Class,2020,45995,AUTOMATIC,2500,DIESEL,150,70.6,2
E Class,2016,19811,AUTOMATIC,21423,DIESEL,150,53.3,3
C Class,2019,24999,AUTOMATIC,5448,DIESEL,145,60.1,2.1
SL CLASS,2016,18100,AUTOMATIC,21505,DIESEL,30,70.6,2.1
CLS Class,2016,22315,AUTOMATIC,19366,DIESEL,165,51.4,3
GLE Class,2016,35402,AUTOMATIC,39739,DIESEL,305,39.2,3
S Class,2015,25460,AUTOMATIC,46757,DIESEL,205,47.9,3
A Class,2019,23745,AUTOMATIC,10929,DIESEL,145,56.5,2
GLA Class,2019,24995,AUTOMATIC,5048,PETROL,145,36.2,1.6
C Class,2016,17999,AUTOMATIC,25108,DIESEL,30,64.2,2.1
A Class,2016,16499,AUTOMATIC,21701,DIESEL,20,74.3,1.5
GLC Class,2018,29995,AUTOMATIC,10300,PETROL,145,43.5,2
SL CLASS,2016,18995,AUTOMATIC,26996,DIESEL,30,70.6,2.1
SL CLASS,2017,20450,AUTOMATIC,15580,DIESEL,30,70.6,2.1
E Class,2020,44500,AUTOMATIC,3365,DIESEL,145,47.1,2.9
SL CLASS,2019,54790,AUTOMATIC,6655,PETROL,150,29.4,3
GLC Class,2020,44950,AUTOMATIC,4000,DIESEL,145,40.9,2
GLC Class,2019,31990,AUTOMATIC,7352,DIESEL,145,41.5,2.1
E Class,2016,18995,AUTOMATIC,23772,DIESEL,125,58.9,2.1
A Class,2018,19250,AUTOMATIC,11500,DIESEL,145,68.9,2.1
C Class,2019,29690,AUTOMATIC,8000,DIESEL,145,64.2,2
GLA Class,2016,15990,AUTOMATIC,48074,DIESEL,20,67.3,2.1
M Class,2009,9990,AUTOMATIC,59000,DIESEL,555,30.4,3
SLK,2012,10990,AUTOMATIC,55000,PETROL,200,43.5,1.8
A Class,2019,19888,MANUAL,9071,PETROL,145,53.3,1.3
C Class,2020,34790,AUTOMATIC,2653,DIESEL,145,55.4,2
E Class,2019,24990,AUTOMATIC,14715,DIESEL,145,72.4,2
B Class,2019,21290,AUTOMATIC,10651,PETROL,145,45.6,1.3
E Class,2019,24990,AUTOMATIC,14908,DIESEL,145,72.4,2
C Class,2019,26350,AUTOMATIC,7712,DIESEL,145,60.1,1.6
GLC Class,2019,31490,AUTOMATIC,9545,DIESEL,145,41.5,2.1
C Class,2020,35490,AUTOMATIC,2690,DIESEL,145,48.7,2
B Class,2019,23290,AUTOMATIC,2653,DIESEL,145,55.4,2
GLC Class,2019,27495,AUTOMATIC,5809,DIESEL,145,41.5,2.1
GLE Class,2018,43995,AUTOMATIC,14286,DIESEL,145,36.7,3
E Class,2017,19495,AUTOMATIC,17890,DIESEL,125,58.9,2.1
C Class,2017,15995,AUTOMATIC,29489,DIESEL,20,65.7,2.1
SL CLASS,2017,19995,AUTOMATIC,13582,DIESEL,145,70.6,2.1
A Class,2019,23495,AUTOMATIC,2633,DIESEL,145,62.8,1.5
GLC Class,2019,29995,AUTOMATIC,16283,DIESEL,145,41.5,2.1
C Class,2019,23250,AUTOMATIC,15349,DIESEL,145,61.4,2
CLA Class,2019,25440,AUTOMATIC,10193,DIESEL,145,51.4,2.1
C Class,2019,25999,AUTOMATIC,10405,PETROL,150,47.1,1.5
GLC Class,2018,29999,AUTOMATIC,12000,DIESEL,150,56.5,2.1
GLC Class,2016,23999,AUTOMATIC,35655,DIESEL,125,56.5,2.1
B Class,2017,14995,AUTOMATIC,39535,DIESEL,150,68.9,2.1
GLA Class,2015,17899,AUTOMATIC,42740,DIESEL,125,55.4,2.1
CLS Class,2019,34979,AUTOMATIC,3130,DIESEL,145,48.7,2.9
CLS Class,2016,22421,AUTOMATIC,26236,DIESEL,165,51.4,3
B Class,2019,26440,AUTOMATIC,3803,DIESEL,145,54.3,2
B Class,2019,23998,AUTOMATIC,2420,DIESEL,145,55.4,2
B Class,2020,24264,AUTOMATIC,2430,DIESEL,145,55.4,2
C Class,2017,17395,AUTOMATIC,25917,DIESEL,20,64.2,2.1
GLE Class,2017,55995,AUTOMATIC,7000,PETROL,145,29.5,5.5
C Class,2017,32995,AUTOMATIC,10750,PETROL,260,35.3,3
GLA Class,2019,23150,AUTOMATIC,10251,PETROL,150,36.2,1.6
B Class,2019,19345,AUTOMATIC,14082,PETROL,145,45.6,1.3
GLE Class,2019,47995,AUTOMATIC,7848,DIESEL,150,36.7,2
E Class,2019,40995,AUTOMATIC,7512,DIESEL,150,41.5,2.9
C Class,2019,25599,AUTOMATIC,11664,PETROL,145,47.1,1.5
GLC Class,2019,34999,AUTOMATIC,10094,DIESEL,145,44.8,2
A Class,2019,22250,MANUAL,3434,PETROL,145,28.5,1.3
C Class,2016,15999,AUTOMATIC,66077,HYBRID,0,134.5,2
A Class,2018,16500,SEMI-AUTO,14289,PETROL,150,49.6,1.6
V Class,2019,47990,AUTOMATIC,1000,DIESEL,150,36.7,2
GLE Class,2018,66974,AUTOMATIC,16592,PETROL,145,23.7,5.5
C Class,2017,15600,AUTOMATIC,62498,DIESEL,145,60.1,2.1
A Class,2017,15000,AUTOMATIC,12891,PETROL,145,55.4,1.6
E Class,2014,16000,AUTOMATIC,66921,PETROL,260,35.8,3
E Class,2014,17000,AUTOMATIC,22190,DIESEL,160,51.4,3
M Class,2012,14400,AUTOMATIC,61898,DIESEL,300,39.2,3
E Class,2013,14000,AUTOMATIC,39872,DIESEL,160,52.3,2.1
C Class,2014,13000,AUTOMATIC,56346,DIESEL,20,64.2,2.1
SLK,2015,13400,MANUAL,47003,PETROL,205,41.5,1.8
V Class,2013,20000,MANUAL,58518,DIESEL,305,38.7,2.1
A Class,2017,13850,AUTOMATIC,28250,DIESEL,150,74.3,1.5
B Class,2018,17995,AUTOMATIC,6025,DIESEL,145,68.9,2.1
B Class,2017,13950,MANUAL,5878,DIESEL,20,68.9,1.5
GLA Class,2017,17000,MANUAL,26000,PETROL,145,48.7,1.6
GLC Class,2017,27000,AUTOMATIC,14819,DIESEL,150,56.5,2.1
C Class,2016,17800,AUTOMATIC,26866,DIESEL,20,64.2,2.1
A Class,2018,17600,AUTOMATIC,15893,PETROL,145,52.3,1.6
B Class,2019,20900,AUTOMATIC,12819,PETROL,145,45.6,1.3
C Class,2016,16900,AUTOMATIC,18107,DIESEL,20,64.2,2.1
C Class,2018,25900,AUTOMATIC,12072,DIESEL,145,57.7,2
B Class,2016,12900,AUTOMATIC,25792,DIESEL,20,68.9,2.1
C Class,2016,21400,AUTOMATIC,17268,DIESEL,125,60.1,2.1
A Class,2016,16500,MANUAL,16984,DIESEL,30,62.8,2.1
C Class,2019,28900,AUTOMATIC,11530,DIESEL,145,57.7,2
C Class,2020,38400,AUTOMATIC,2384,DIESEL,145,46.3,2
GLC Class,2015,21999,AUTOMATIC,48500,DIESEL,125,56.5,2.1
A Class,2019,23750,AUTOMATIC,2501,DIESEL,145,62.8,1.5
B Class,2019,23899,AUTOMATIC,1000,DIESEL,145,55.4,2
C Class,2017,19399,AUTOMATIC,20408,DIESEL,145,64.2,2.1
B Class,2019,22749,AUTOMATIC,10101,DIESEL,145,60.1,1.5
C Class,2019,28479,AUTOMATIC,2000,PETROL,145,46.3,1.5
B Class,2016,14599,AUTOMATIC,28156,DIESEL,20,68.9,2.1
A Class,2017,13391,MANUAL,38172,DIESEL,145,72.4,1.5
CL Class,2018,21738,SEMI-AUTO,14000,PETROL,145,53.3,1.6
SL CLASS,2000,11750,AUTOMATIC,68709,PETROL,270,24.6,3.2
C Class,2019,30294,AUTOMATIC,500,DIESEL,145,61.4,2
C Class,2020,68995,AUTOMATIC,2000,PETROL,145,28,4
GL Class,2016,35000,AUTOMATIC,18091,DIESEL,330,36.2,3
E Class,2016,21064,AUTOMATIC,24927,DIESEL,165,51.4,3
SL CLASS,2017,20019,AUTOMATIC,11782,DIESEL,30,70.6,2.1
C Class,2017,18490,AUTOMATIC,8060,PETROL,150,50.4,2
GL Class,2015,29865,AUTOMATIC,45712,DIESEL,330,36.2,3
GLS Class,2016,37094,AUTOMATIC,23083,DIESEL,305,37.2,3
GLE Class,2017,26245,AUTOMATIC,27130,DIESEL,205,47.9,2.1
SL CLASS,2016,19250,AUTOMATIC,19525,DIESEL,30,70.6,2.1
S Class,2015,28086,AUTOMATIC,38347,DIESEL,205,48.7,3
C Class,2019,37990,AUTOMATIC,750,PETROL,150,30.4,3
GLC Class,2019,36995,AUTOMATIC,3000,DIESEL,145,40.9,2
CLA Class,2019,31500,AUTOMATIC,2500,DIESEL,145,55.4,2
C Class,2020,30395,AUTOMATIC,2500,DIESEL,145,64.2,2
CLA Class,2020,29498,AUTOMATIC,1200,PETROL,145,44.1,1.3
A Class,2020,27995,AUTOMATIC,2500,DIESEL,145,67.3,1.5
A Class,2019,23450,AUTOMATIC,2300,DIESEL,145,56.5,2
GLA Class,2017,20495,AUTOMATIC,29138,DIESEL,145,56.5,2.1
GLE Class,2020,58450,AUTOMATIC,1159,DIESEL,150,32.8,2.9
CLS Class,2016,17999,AUTOMATIC,47156,DIESEL,125,57.7,2.1
S Class,2015,51990,AUTOMATIC,23156,PETROL,555,28,5.5
E Class,2018,28499,AUTOMATIC,14391,DIESEL,145,70.6,2
A Class,2017,109495,AUTOMATIC,1755,PETROL,145,24.8,4
V Class,2019,46995,AUTOMATIC,3179,DIESEL,145,36.2,2
C Class,2019,28990,AUTOMATIC,3569,DIESEL,145,61.4,2
C Class,2019,28990,AUTOMATIC,3635,DIESEL,145,64.2,2
GLE Class,2016,23995,AUTOMATIC,38000,DIESEL,200,47.9,2.1
C Class,2019,27950,AUTOMATIC,6024,DIESEL,145,56.5,2
A Class,2019,23440,AUTOMATIC,10124,PETROL,145,53.3,1.3
V Class,2018,38995,AUTOMATIC,14777,DIESEL,145,44.8,2.1
SL CLASS,2016,19995,AUTOMATIC,13626,DIESEL,30,70.6,2.1
E Class,2019,24440,AUTOMATIC,16313,DIESEL,150,72.4,2
SL CLASS,2017,19995,AUTOMATIC,18403,DIESEL,30,70.6,2.1
GLA Class,2014,16995,AUTOMATIC,29450,DIESEL,150,55.4,2.1
C Class,2017,18995,AUTOMATIC,54000,PETROL,150,48.7,2
B Class,2019,19350,AUTOMATIC,13674,PETROL,145,45.6,1.3
C Class,2019,42490,AUTOMATIC,10027,PETROL,145,29.1,3
V Class,2019,39995,AUTOMATIC,1659,DIESEL,145,44.8,2.1
C Class,2019,23948,AUTOMATIC,16496,PETROL,145,46.3,1.5
C Class,2019,27999,AUTOMATIC,4447,PETROL,145,44.1,2
SL CLASS,2017,19889,AUTOMATIC,17564,DIESEL,30,70.6,2.1
E Class,2016,22636,AUTOMATIC,12902,DIESEL,165,50.4,3
E Class,2015,18135,AUTOMATIC,18849,DIESEL,150,54.3,3
GLE Class,2017,37477,AUTOMATIC,25662,DIESEL,305,39.2,3
GLC Class,2019,34990,AUTOMATIC,4106,DIESEL,150,40.9,2
GL Class,2015,31723,AUTOMATIC,31112,DIESEL,330,36.2,3
E Class,2015,18049,AUTOMATIC,30410,DIESEL,150,54.3,3
CLS Class,2016,22684,AUTOMATIC,32611,DIESEL,165,49.6,3
E Class,2015,20374,AUTOMATIC,30288,DIESEL,165,51.4,3
E Class,2017,21237,AUTOMATIC,24463,DIESEL,165,52.3,3
SL CLASS,2017,18048,AUTOMATIC,24529,DIESEL,30,70.6,2.1
SL CLASS,2017,20659,AUTOMATIC,6573,DIESEL,150,70.6,2.1
A Class,2015,12995,AUTOMATIC,34665,DIESEL,20,70.6,1.5
GLS Class,2017,38343,AUTOMATIC,26452,DIESEL,305,37.2,3
GLE Class,2016,30045,AUTOMATIC,18524,DIESEL,240,42.8,3
C Class,2019,23999,AUTOMATIC,6328,PETROL,145,46.3,1.5
GLC Class,2017,30999,AUTOMATIC,12376,DIESEL,145,56.5,2.1
CLS Class,2016,20399,AUTOMATIC,16107,DIESEL,160,51.4,3
GLE Class,2016,27999,AUTOMATIC,27804,DIESEL,260,42.8,3
GLC Class,2019,34459,AUTOMATIC,9250,DIESEL,145,56.5,2.1
C Class,2019,24499,AUTOMATIC,10635,PETROL,145,44.1,1.5
C Class,2019,23994,AUTOMATIC,12794,PETROL,145,46.3,1.5
C Class,2019,25829,AUTOMATIC,9924,DIESEL,145,60.1,2
GLC Class,2016,23999,AUTOMATIC,14000,DIESEL,125,56.5,2.1
GLC Class,2017,35999,AUTOMATIC,18507,PETROL,150,34,3
C Class,2019,23444,AUTOMATIC,10284,DIESEL,145,61.4,2
E Class,2019,24249,AUTOMATIC,10860,DIESEL,145,72.4,2
C Class,2019,27899,AUTOMATIC,8273,DIESEL,145,56.5,2
C Class,2019,27999,AUTOMATIC,6537,PETROL,145,44.1,2
C Class,2019,24999,AUTOMATIC,6064,DIESEL,145,61.4,2
SLK,2016,17499,AUTOMATIC,30128,DIESEL,30,70.6,2.1
A Class,2017,16499,AUTOMATIC,20477,DIESEL,145,68.9,2.1
CLA Class,2019,25499,AUTOMATIC,11442,DIESEL,145,51.4,2.1
B Class,2019,19344,AUTOMATIC,15257,PETROL,145,45.6,1.3
C Class,2019,30399,AUTOMATIC,5000,DIESEL,145,61.4,2
C Class,2020,30999,AUTOMATIC,1000,DIESEL,145,64.2,2
C Class,2020,35999,AUTOMATIC,500,DIESEL,145,55.4,2
B Class,2020,24699,AUTOMATIC,2500,DIESEL,145,55.4,2
GLC Class,2019,30999,AUTOMATIC,11612,DIESEL,145,41.5,2.1
CLS Class,2019,37990,AUTOMATIC,2426,DIESEL,145,45.6,2
S Class,2019,54999,AUTOMATIC,2075,DIESEL,145,52.3,2.9
