CAR_ID,MODEL_KEY,MODEL,YEAR_KEY,PRICE,MILEAGE,TAX,MPG,ENGINE_SIZE,TRANSMISSION,FUEL_TYPE
1,1,180,2014,10799,39240,20,72.4,1.5,MANUAL,DIESEL
2,2,200,2018,19495,15113,145,64.2,2.2,MANUAL,DIESEL
3,3,220,2018,19995,9814,145,61.4,2,AUTOMATIC,DIESEL
4,4,230,2007,4500,94000,520,29.4,0,AUTOMATIC,PETROL
5,5,A Class,2003,650,109090,235,40,1.4,MANUAL,PETROL
6,5,A Class,2006,2880,66000,160,52.3,2,AUTOMATIC,DIESEL
7,5,A Class,2007,1800,84000,200,42.8,1.5,AUTOMATIC,PETROL
8,5,A Class,2007,2478,81000,160,49.6,2,AUTOMATIC,DIESEL
9,5,A Class,2007,2795,79485,200,45.6,1.5,MANUAL,PETROL
10,5,A Class,2007,2995,60000,115,57.6,2,MANUAL,DIESEL
11,5,A Class,2010,1350,116126,145,54.3,2,MANUAL,DIESEL
12,5,A Class,2011,3440,74000,150,54.3,2,MANUAL,DIESEL
13,5,A Class,2011,4995,70000,240,42.8,1.7,AUTOMATIC,PETROL
14,5,A Class,2011,5195,60000,165,52.3,2,AUTOMATIC,DIESEL
15,5,A Class,2011,5499,52235,205,41.5,1.5,AUTOMATIC,PETROL
16,5,A Class,2012,9199,44387,0,74.3,1.5,MANUAL,DIESEL
17,5,A Class,2012,11940,46000,30,64.2,2.1,AUTOMATIC,DIESEL
18,5,A Class,2013,7300,54000,30,65.7,1.8,AUTOMATIC,DIESEL
19,5,A Class,2013,7992,106000,30,62.8,1.8,MANUAL,DIESEL
20,5,A Class,2013,8491,97000,30,65.7,1.8,AUTOMATIC,DIESEL
21,5,A Class,2013,8491,97000,30,65.7,1.8,AUTOMATIC,DIESEL
22,5,A Class,2013,8492,105000,30,62.8,1.8,MANUAL,DIESEL
23,5,A Class,2013,8495,74000,0,74.3,1.5,MANUAL,DIESEL
24,5,A Class,2013,8498,75006,20,72.4,1.5,MANUAL,DIESEL
25,5,A Class,2013,8500,69031,125,51.4,1.6,MANUAL,PETROL
26,5,A Class,2013,8699,70243,20,72.4,1.5,MANUAL,DIESEL
27,5,A Class,2013,8975,60000,20,72.4,1.5,MANUAL,DIESEL
28,5,A Class,2013,9259,74149,20,72.4,1.5,MANUAL,DIESEL
29,5,A Class,2013,9450,50380,125,51.4,1.6,MANUAL,PETROL
30,5,A Class,2013,9450,53000,30,62.8,1.8,MANUAL,DIESEL
31,5,A Class,2013,9480,63922,30,65.7,1.8,SEMI-AUTO,DIESEL
32,5,A Class,2013,9480,74114,20,72.4,1.5,MANUAL,DIESEL
33,5,A Class,2013,9498,80158,30,62.8,1.8,MANUAL,DIESEL
34,5,A Class,2013,9499,67581,30,65.7,1.8,AUTOMATIC,DIESEL
35,5,A Class,2013,9595,57000,20,72.4,1.5,MANUAL,DIESEL
36,5,A Class,2013,9608,41966,0,74.3,1.5,MANUAL,DIESEL
37,5,A Class,2013,9691,57530,145,49.6,1.6,MANUAL,PETROL
38,5,A Class,2013,9770,66484,145,50.4,1.6,SEMI-AUTO,PETROL
39,5,A Class,2013,9795,72000,20,70.6,1.5,MANUAL,DIESEL
40,5,A Class,2013,9950,54000,150,48.7,1.6,MANUAL,PETROL
41,5,A Class,2013,9980,49059,30,65.7,1.8,SEMI-AUTO,DIESEL
42,5,A Class,2013,9990,32713,0,74.3,1.5,MANUAL,DIESEL
43,5,A Class,2013,9995,47000,20,68.9,1.8,SEMI-AUTO,DIESEL
44,5,A Class,2013,9995,74125,20,72.4,1.5,MANUAL,DIESEL
45,5,A Class,2013,9995,83000,20,70.6,1.5,MANUAL,DIESEL
46,5,A Class,2013,9999,58358,20,72.4,1.5,MANUAL,DIESEL
47,5,A Class,2013,10090,45130,145,49.6,1.6,MANUAL,PETROL
48,5,A Class,2013,10122,49517,20,72.4,1.5,MANUAL,DIESEL
49,5,A Class,2013,10190,32457,125,51.4,1.6,MANUAL,PETROL
50,5,A Class,2013,10199,39750,20,72.4,1.5,MANUAL,DIESEL
51,5,A Class,2013,10241,54587,30,62.8,1.8,MANUAL,DIESEL
52,5,A Class,2013,10275,79834,30,65.7,1.8,AUTOMATIC,DIESEL
53,5,A Class,2013,10299,57551,145,50.4,1.6,AUTOMATIC,PETROL
54,5,A Class,2013,10349,50512,145,50.4,1.6,AUTOMATIC,PETROL
55,5,A Class,2013,10495,69197,30,64.2,1.8,AUTOMATIC,DIESEL
56,5,A Class,2013,10559,34408,0,74.3,1.5,MANUAL,DIESEL
57,5,A Class,2013,10599,51140,145,50.4,1.6,AUTOMATIC,PETROL
58,5,A Class,2013,10630,52214,30,65.7,1.8,SEMI-AUTO,DIESEL
59,5,A Class,2013,10650,49000,20,72.4,1.5,MANUAL,DIESEL
60,5,A Class,2013,10662,40104,145,49.6,1.6,MANUAL,PETROL
61,5,A Class,2013,10664,43292,30,65.7,1.8,SEMI-AUTO,DIESEL
62,5,A Class,2013,10700,46414,30,64.2,1.8,AUTOMATIC,DIESEL
63,5,A Class,2013,10800,59135,125,61.4,1.8,MANUAL,DIESEL
64,5,A Class,2013,10891,30308,20,72.4,1.5,MANUAL,DIESEL
65,5,A Class,2013,10950,56000,20,70.6,1.5,MANUAL,DIESEL
66,5,A Class,2013,10980,33876,30,65.7,1.8,SEMI-AUTO,DIESEL
67,5,A Class,2013,10999,55312,125,61.4,1.8,MANUAL,DIESEL
68,5,A Class,2013,11000,55312,125,61.4,1.8,MANUAL,DIESEL
69,5,A Class,2013,11036,50674,125,61.4,1.8,MANUAL,DIESEL
70,5,A Class,2013,11195,69950,30,64.2,1.8,AUTOMATIC,DIESEL
71,5,A Class,2013,11480,19640,30,65.7,1.8,SEMI-AUTO,DIESEL
72,5,A Class,2013,11490,16139,125,52.3,1.6,SEMI-AUTO,PETROL
73,5,A Class,2013,11595,51000,125,61.4,1.8,MANUAL,DIESEL
74,5,A Class,2013,11599,29526,145,50.4,1.6,AUTOMATIC,PETROL
75,5,A Class,2013,11651,61001,30,64.2,1.8,AUTOMATIC,DIESEL
76,5,A Class,2013,11690,52029,145,50.4,1.6,SEMI-AUTO,PETROL
77,5,A Class,2013,11799,18487,125,52.3,1.6,AUTOMATIC,PETROL
78,5,A Class,2013,11800,60032,30,64.2,2.1,AUTOMATIC,DIESEL
79,5,A Class,2013,11878,25151,145,50.4,1.6,SEMI-AUTO,PETROL
80,5,A Class,2013,11998,13680,125,51.4,1.6,MANUAL,PETROL
81,5,A Class,2013,11998,54060,30,64.2,2.1,SEMI-AUTO,DIESEL
82,5,A Class,2013,12000,60369,30,64.2,2.1,AUTOMATIC,DIESEL
83,5,A Class,2013,12362,45166,30,64.2,2.1,AUTOMATIC,DIESEL
84,5,A Class,2013,12490,43507,30,64.2,2.1,SEMI-AUTO,DIESEL
85,5,A Class,2013,12498,38301,150,49.6,1.6,SEMI-AUTO,PETROL
86,5,A Class,2013,12499,51896,125,61.4,1.8,MANUAL,DIESEL
87,5,A Class,2013,12842,16311,145,48.7,1.6,MANUAL,PETROL
88,5,A Class,2013,12999,49737,30,64.2,2.1,AUTOMATIC,DIESEL
89,5,A Class,2013,13595,48000,160,44.1,2,SEMI-AUTO,PETROL
90,5,A Class,2013,13998,29698,30,64.2,2.1,SEMI-AUTO,DIESEL
91,5,A Class,2013,14489,55345,160,44.1,2,AUTOMATIC,PETROL
92,5,A Class,2013,14498,25064,160,45.6,2,SEMI-AUTO,PETROL
93,5,A Class,2013,14990,26038,160,44.1,2,AUTOMATIC,PETROL
94,5,A Class,2013,14991,16724,160,44.1,2,AUTOMATIC,PETROL
95,5,A Class,2013,15498,27415,160,44.1,2,SEMI-AUTO,PETROL
96,5,A Class,2013,16995,16345,165,44.1,2,SEMI-AUTO,PETROL
97,5,A Class,2013,21495,14700,200,40.9,2,SEMI-AUTO,PETROL
98,5,A Class,2014,8499,77859,30,64.2,2.1,MANUAL,DIESEL
99,5,A Class,2014,8795,114310,125,62.8,1.8,MANUAL,DIESEL
100,5,A Class,2014,8990,58000,20,72.4,1.5,MANUAL,DIESEL
101,5,A Class,2014,9480,67569,20,72.4,1.5,MANUAL,DIESEL
102,5,A Class,2014,9490,74000,30,68.9,1.5,AUTOMATIC,DIESEL
103,5,A Class,2014,9500,52220,0,78.5,1.5,MANUAL,DIESEL
104,5,A Class,2014,9500,66237,20,72.4,1.5,MANUAL,DIESEL
105,5,A Class,2014,9688,71000,125,62.8,1.8,MANUAL,DIESEL
106,5,A Class,2014,9700,52251,20,72.4,1.5,MANUAL,DIESEL
107,5,A Class,2014,9742,53120,20,72.4,1.5,MANUAL,DIESEL
108,5,A Class,2014,9761,50116,0,78.5,1.5,MANUAL,DIESEL
109,5,A Class,2014,9799,52000,20,72.4,1.5,MANUAL,DIESEL
110,5,A Class,2014,9800,53553,0,78.5,1.5,MANUAL,DIESEL
111,5,A Class,2014,9853,63381,30,62.8,1.8,MANUAL,DIESEL
112,5,A Class,2014,9914,55058,20,72.4,1.5,MANUAL,DIESEL
113,5,A Class,2014,9929,51743,20,72.4,1.5,MANUAL,DIESEL
114,5,A Class,2014,9977,55000,0,78.5,1.5,MANUAL,DIESEL
115,5,A Class,2014,10000,55000,20,72.4,1.5,MANUAL,DIESEL
116,5,A Class,2014,10171,80870,20,70.6,1.5,MANUAL,DIESEL
117,5,A Class,2014,10300,48167,145,49.6,1.6,MANUAL,PETROL
118,5,A Class,2014,10489,70360,125,61.4,1.8,MANUAL,DIESEL
119,5,A Class,2014,10490,37642,0,78.5,1.5,MANUAL,DIESEL
120,5,A Class,2014,10490,38124,20,72.4,1.5,MANUAL,DIESEL
121,5,A Class,2014,10490,53251,20,68.9,1.5,AUTOMATIC,DIESEL
122,5,A Class,2014,10495,53954,20,70.6,1.5,MANUAL,DIESEL
123,5,A Class,2014,10498,63177,30,64.2,2.1,MANUAL,DIESEL
124,5,A Class,2014,10498,73000,0,78.5,1.5,MANUAL,DIESEL
125,5,A Class,2014,10500,45000,20,72.4,1.5,MANUAL,DIESEL
126,5,A Class,2014,10500,81000,20,72.4,1.5,MANUAL,DIESEL
127,5,A Class,2014,10528,48218,20,72.4,1.5,MANUAL,DIESEL
128,5,A Class,2014,10532,40207,125,51.4,1.6,MANUAL,PETROL
129,5,A Class,2014,10610,41174,125,52.3,1.6,AUTOMATIC,PETROL
130,5,A Class,2014,10620,63212,30,65.7,1.8,AUTOMATIC,DIESEL
131,5,A Class,2014,10649,44140,0,78.5,1.5,MANUAL,DIESEL
132,5,A Class,2014,10650,47280,20,72.4,1.5,MANUAL,DIESEL
133,5,A Class,2014,10759,33403,20,70.6,1.5,AUTOMATIC,DIESEL
134,5,A Class,2014,10765,45000,30,64.2,2.1,MANUAL,DIESEL
135,5,A Class,2014,10775,57456,20,68.9,2.1,AUTOMATIC,DIESEL
136,5,A Class,2014,10788,65000,20,72.4,1.5,MANUAL,DIESEL
137,5,A Class,2014,10790,43613,145,49.6,1.6,MANUAL,PETROL
138,5,A Class,2014,10795,71240,30,62.8,2.1,MANUAL,DIESEL
139,5,A Class,2014,10800,58848,20,68.9,2.1,AUTOMATIC,DIESEL
140,5,A Class,2014,10932,38510,0,78.5,1.5,MANUAL,DIESEL
141,5,A Class,2014,10933,70865,125,61.4,1.8,MANUAL,DIESEL
142,5,A Class,2014,10990,37000,145,48.7,1.6,MANUAL,PETROL
143,5,A Class,2014,10990,42000,20,70.6,1.5,MANUAL,DIESEL
144,5,A Class,2014,10990,48494,150,50.4,1.6,MANUAL,PETROL
145,5,A Class,2014,10990,49799,20,68.9,2.1,SEMI-AUTO,DIESEL
146,5,A Class,2014,10991,53828,20,70.6,1.5,MANUAL,DIESEL
147,5,A Class,2014,10998,49419,30,64.2,2.1,MANUAL,DIESEL
148,5,A Class,2014,10998,58500,30,65.7,1.8,SEMI-AUTO,DIESEL
149,5,A Class,2014,11000,51332,20,68.9,2.1,AUTOMATIC,DIESEL
150,5,A Class,2014,11019,68184,145,50.4,1.6,AUTOMATIC,PETROL
151,5,A Class,2014,11040,31905,20,70.6,1.5,SEMI-AUTO,DIESEL
152,5,A Class,2014,11200,40685,20,68.9,2.1,AUTOMATIC,DIESEL
153,5,A Class,2014,11250,58500,30,65.7,1.5,SEMI-AUTO,DIESEL
154,5,A Class,2014,11340,53484,20,68.9,2.1,AUTOMATIC,DIESEL
155,5,A Class,2014,11353,53520,30,64.2,2.1,MANUAL,DIESEL
156,5,A Class,2014,11400,23016,30,64.2,2.1,MANUAL,DIESEL
157,5,A Class,2014,11495,34101,145,50.4,1.6,SEMI-AUTO,PETROL
158,5,A Class,2014,11498,60321,20,70.6,1.5,MANUAL,DIESEL
159,5,A Class,2014,11499,43830,20,70.6,1.5,MANUAL,DIESEL
160,5,A Class,2014,11500,30914,20,68.9,1.5,AUTOMATIC,DIESEL
161,5,A Class,2014,11595,40000,20,68.9,1.5,SEMI-AUTO,DIESEL
162,5,A Class,2014,11599,52598,20,70.6,1.5,MANUAL,DIESEL
163,5,A Class,2014,11675,63767,30,64.2,1.8,AUTOMATIC,DIESEL
164,5,A Class,2014,11699,60143,20,64.2,2.1,AUTOMATIC,DIESEL
165,5,A Class,2014,11750,40183,20,70.6,1.5,MANUAL,DIESEL
166,5,A Class,2014,11850,54004,30,62.8,2.1,MANUAL,DIESEL
167,5,A Class,2014,11899,61491,30,62.8,2.1,MANUAL,DIESEL
168,5,A Class,2014,11915,12522,0,78.5,1.5,MANUAL,DIESEL
169,5,A Class,2014,11949,62155,30,64.2,1.8,AUTOMATIC,DIESEL
170,5,A Class,2014,11980,40512,145,49.6,1.6,MANUAL,PETROL
171,5,A Class,2014,11980,66690,20,64.2,2.1,AUTOMATIC,DIESEL
172,5,A Class,2014,11988,52000,20,68.9,2.1,SEMI-AUTO,DIESEL
173,5,A Class,2014,11990,61307,20,70.6,1.5,MANUAL,DIESEL
174,5,A Class,2014,11995,35214,125,52.3,1.6,SEMI-AUTO,PETROL
175,5,A Class,2014,11995,41737,20,70.6,1.5,MANUAL,DIESEL
176,5,A Class,2014,12000,34626,20,68.9,2.1,AUTOMATIC,DIESEL
177,5,A Class,2014,12000,43937,20,70.6,1.5,MANUAL,DIESEL
178,5,A Class,2014,12000,68420,20,64.2,2.1,AUTOMATIC,DIESEL
179,5,A Class,2014,12299,34176,20,70.6,1.5,MANUAL,DIESEL
180,5,A Class,2014,12360,24632,20,68.9,2.1,AUTOMATIC,DIESEL
181,5,A Class,2014,12450,55253,30,62.8,2.1,MANUAL,DIESEL
182,5,A Class,2014,12468,33211,30,65.7,1.8,SEMI-AUTO,DIESEL
183,5,A Class,2014,12498,35677,20,68.9,2.1,SEMI-AUTO,DIESEL
184,5,A Class,2014,12498,43904,20,68.9,2.1,SEMI-AUTO,DIESEL
185,5,A Class,2014,12499,46274,20,70.6,1.5,MANUAL,DIESEL
186,5,A Class,2014,12499,48846,30,62.8,2.1,MANUAL,DIESEL
187,5,A Class,2014,12670,41700,30,62.8,2.1,MANUAL,DIESEL
188,5,A Class,2014,12693,30689,30,65.7,1.5,AUTOMATIC,DIESEL
189,5,A Class,2014,12700,33703,20,64.2,2.1,AUTOMATIC,DIESEL
190,5,A Class,2014,12750,37700,125,52.3,1.6,AUTOMATIC,PETROL
191,5,A Class,2014,12799,23657,20,68.9,2.1,AUTOMATIC,DIESEL
192,5,A Class,2014,12900,45844,20,68.9,2.1,SEMI-AUTO,DIESEL
193,5,A Class,2014,12950,59000,195,44.1,2,AUTOMATIC,PETROL
194,5,A Class,2014,12990,20000,20,68.9,1.5,AUTOMATIC,DIESEL
195,5,A Class,2014,12990,41362,145,49.6,1.6,SEMI-AUTO,PETROL
196,5,A Class,2014,12995,35000,30,65.7,1.8,SEMI-AUTO,DIESEL
197,5,A Class,2014,12998,39558,20,70.6,1.5,MANUAL,DIESEL
198,5,A Class,2014,13000,17363,145,50.4,1.6,AUTOMATIC,PETROL
199,5,A Class,2014,13000,35613,20,68.9,2.1,AUTOMATIC,DIESEL
200,5,A Class,2014,13250,49211,30,64.2,1.8,AUTOMATIC,DIESEL
201,5,A Class,2014,13251,41700,20,64.2,2.1,SEMI-AUTO,DIESEL
202,5,A Class,2014,13290,48621,20,68.9,2.1,SEMI-AUTO,DIESEL
203,5,A Class,2014,13470,31537,30,64.2,1.8,AUTOMATIC,DIESEL
204,5,A Class,2014,13490,41136,20,64.2,2.1,SEMI-AUTO,DIESEL
205,5,A Class,2014,13495,61500,145,49.6,1.6,SEMI-AUTO,PETROL
206,5,A Class,2014,13500,38313,30,64.2,1.8,AUTOMATIC,DIESEL
207,5,A Class,2014,13532,31279,20,64.2,2.1,SEMI-AUTO,DIESEL
208,5,A Class,2014,13750,37066,20,64.2,2.1,AUTOMATIC,DIESEL
209,5,A Class,2014,13750,49211,30,64.2,1.8,AUTOMATIC,DIESEL
210,5,A Class,2014,13799,52311,20,64.2,2.1,SEMI-AUTO,DIESEL
211,5,A Class,2014,13998,29670,20,68.9,2.1,SEMI-AUTO,DIESEL
212,5,A Class,2014,13999,35000,20,64.2,2.1,SEMI-AUTO,DIESEL
213,5,A Class,2014,14199,24941,20,64.2,2.1,AUTOMATIC,DIESEL
214,5,A Class,2014,14999,54533,145,44.1,2,AUTOMATIC,PETROL
215,5,A Class,2014,15323,63998,200,42.8,2,AUTOMATIC,PETROL
216,5,A Class,2014,15750,35596,145,45.6,2,SEMI-AUTO,PETROL
217,5,A Class,2014,16860,20011,145,45.6,2,AUTOMATIC,PETROL
218,5,A Class,2014,19985,33620,205,40.9,2,AUTOMATIC,PETROL
219,5,A Class,2014,20000,58677,200,40.9,2,SEMI-AUTO,PETROL
220,5,A Class,2014,20860,31033,200,40.9,2,AUTOMATIC,PETROL
221,5,A Class,2014,20965,23776,200,40.9,2,SEMI-AUTO,PETROL
222,5,A Class,2015,7792,138000,20,68.9,2.1,MANUAL,DIESEL
223,5,A Class,2015,8491,124000,20,70.6,1.5,MANUAL,DIESEL
224,5,A Class,2015,8491,124000,20,70.6,1.5,MANUAL,DIESEL
225,5,A Class,2015,9391,89079,30,64.2,2.1,MANUAL,DIESEL
226,5,A Class,2015,9940,69010,20,72.4,1.5,MANUAL,DIESEL
227,5,A Class,2015,10000,81520,20,70.6,1.5,MANUAL,DIESEL
228,5,A Class,2015,10354,78058,30,65.7,2.1,MANUAL,DIESEL
229,5,A Class,2015,10400,49695,20,70.6,1.5,MANUAL,DIESEL
230,5,A Class,2015,10490,49816,0,70.6,1.5,SEMI-AUTO,DIESEL
231,5,A Class,2015,10490,64000,20,68.9,1.5,AUTOMATIC,DIESEL
232,5,A Class,2015,10490,82000,30,62.8,2.1,MANUAL,DIESEL
233,5,A Class,2015,10491,94000,20,70.6,2.1,AUTOMATIC,DIESEL
234,5,A Class,2015,10500,58437,30,64.2,2.1,MANUAL,DIESEL
235,5,A Class,2015,10500,70610,20,72.4,1.5,MANUAL,DIESEL
236,5,A Class,2015,10500,97937,20,64.2,2.1,AUTOMATIC,DIESEL
237,5,A Class,2015,10700,39884,30,64.2,2.1,MANUAL,DIESEL
238,5,A Class,2015,10795,61626,20,72.4,1.5,MANUAL,DIESEL
239,5,A Class,2015,10799,46966,125,51.4,1.6,MANUAL,PETROL
240,5,A Class,2015,10900,47290,20,70.6,1.5,MANUAL,DIESEL
241,5,A Class,2015,10914,61659,30,64.2,2.1,MANUAL,DIESEL
242,5,A Class,2015,10985,59875,20,70.6,1.5,MANUAL,DIESEL
243,5,A Class,2015,10991,67865,20,68.9,2.1,SEMI-AUTO,DIESEL
244,5,A Class,2015,10995,77000,20,70.6,1.5,MANUAL,DIESEL
245,5,A Class,2015,10998,79131,20,70.6,1.5,AUTOMATIC,DIESEL
246,5,A Class,2015,10999,45416,125,51.4,1.6,MANUAL,PETROL
247,5,A Class,2015,10999,70571,20,68.9,1.5,AUTOMATIC,DIESEL
248,5,A Class,2015,11000,64002,30,65.7,2.1,MANUAL,DIESEL
249,5,A Class,2015,11040,58856,20,68.9,1.5,SEMI-AUTO,DIESEL
250,5,A Class,2015,11195,42830,20,72.4,1.5,MANUAL,DIESEL
251,5,A Class,2015,11199,86662,20,64.2,2.1,AUTOMATIC,DIESEL
252,5,A Class,2015,11200,38776,20,68.9,2.1,AUTOMATIC,DIESEL
253,5,A Class,2015,11234,30100,20,72.4,1.5,MANUAL,DIESEL
254,5,A Class,2015,11249,45659,20,72.4,1.5,MANUAL,DIESEL
255,5,A Class,2015,11281,49316,30,64.2,2.1,MANUAL,DIESEL
256,5,A Class,2015,11295,86890,20,64.2,2.1,AUTOMATIC,DIESEL
257,5,A Class,2015,11444,27000,0,74.3,1.5,MANUAL,DIESEL
258,5,A Class,2015,11479,84521,30,62.8,2.1,MANUAL,DIESEL
259,5,A Class,2015,11480,47552,0,80.7,1.5,MANUAL,DIESEL
260,5,A Class,2015,11490,26000,20,70.6,1.5,MANUAL,DIESEL
261,5,A Class,2015,11490,49000,20,70.6,1.5,MANUAL,DIESEL
262,5,A Class,2015,11490,83000,20,67.3,2.1,AUTOMATIC,DIESEL
263,5,A Class,2015,11498,32648,0,74.3,1.5,MANUAL,DIESEL
264,5,A Class,2015,11499,40373,0,70.6,1.5,AUTOMATIC,DIESEL
265,5,A Class,2015,11499,48120,20,72.4,1.5,MANUAL,DIESEL
266,5,A Class,2015,11500,67060,20,68.9,2.1,AUTOMATIC,DIESEL
267,5,A Class,2015,11500,80140,30,62.8,2.1,MANUAL,DIESEL
268,5,A Class,2015,11623,61884,20,68.9,2.1,AUTOMATIC,DIESEL
269,5,A Class,2015,11632,37883,20,70.6,1.5,MANUAL,DIESEL
270,5,A Class,2015,11680,55067,20,68.9,1.5,SEMI-AUTO,DIESEL
271,5,A Class,2015,11710,22171,125,51.4,1.6,MANUAL,PETROL
272,5,A Class,2015,11750,74016,20,64.2,2.1,AUTOMATIC,DIESEL
273,5,A Class,2015,11772,47320,20,70.6,1.5,MANUAL,DIESEL
274,5,A Class,2015,11869,42379,20,72.4,1.5,MANUAL,DIESEL
275,5,A Class,2015,11899,35325,20,72.4,1.5,MANUAL,DIESEL
276,5,A Class,2015,11899,46835,30,64.2,2.1,MANUAL,DIESEL
277,5,A Class,2015,11990,42600,30,68.9,1.5,SEMI-AUTO,DIESEL
278,5,A Class,2015,11995,51087,30,64.2,2.1,MANUAL,DIESEL
279,5,A Class,2015,11995,66037,20,68.9,2.1,SEMI-AUTO,DIESEL
280,5,A Class,2015,11998,50244,20,68.9,1.5,SEMI-AUTO,DIESEL
281,5,A Class,2015,11999,35153,20,70.6,1.5,SEMI-AUTO,DIESEL
282,5,A Class,2015,12199,34849,30,62.8,2.1,MANUAL,DIESEL
283,5,A Class,2015,12199,42624,20,68.9,2.1,AUTOMATIC,DIESEL
284,5,A Class,2015,12200,34320,20,70.6,1.5,MANUAL,DIESEL
285,5,A Class,2015,12233,40246,20,68.9,1.5,SEMI-AUTO,DIESEL
286,5,A Class,2015,12245,25620,20,72.4,1.5,MANUAL,DIESEL
287,5,A Class,2015,12299,37274,20,70.6,1.5,MANUAL,DIESEL
288,5,A Class,2015,12299,43610,20,72.4,1.5,MANUAL,DIESEL
289,5,A Class,2015,12299,46499,20,68.9,2.1,AUTOMATIC,DIESEL
290,5,A Class,2015,12380,34119,20,70.6,1.5,MANUAL,DIESEL
291,5,A Class,2015,12490,35000,30,62.8,2.1,MANUAL,DIESEL
292,5,A Class,2015,12490,35104,20,68.9,1.5,SEMI-AUTO,DIESEL
293,5,A Class,2015,12495,24744,125,50.4,1.5,AUTOMATIC,DIESEL
294,5,A Class,2015,12498,27680,30,64.2,2.1,MANUAL,DIESEL
295,5,A Class,2015,12500,32713,20,72.4,1.5,MANUAL,DIESEL
296,5,A Class,2015,12519,32259,30,52.3,1.6,AUTOMATIC,PETROL
297,5,A Class,2015,12595,49757,20,68.9,1.5,AUTOMATIC,DIESEL
298,5,A Class,2015,12699,34950,20,70.6,1.5,MANUAL,DIESEL
299,5,A Class,2015,12700,27085,20,72.4,1.5,MANUAL,DIESEL
300,5,A Class,2015,12790,28445,20,68.9,1.5,SEMI-AUTO,DIESEL
301,5,A Class,2015,12795,42420,20,65.7,1.5,AUTOMATIC,DIESEL
302,5,A Class,2015,12798,54859,20,70.6,1.5,MANUAL,DIESEL
303,5,A Class,2015,12900,22369,20,68.9,1.5,SEMI-AUTO,DIESEL
304,5,A Class,2015,12900,57230,30,62.8,2.1,MANUAL,DIESEL
305,5,A Class,2015,12950,33080,20,68.9,2.1,SEMI-AUTO,DIESEL
306,5,A Class,2015,12995,34665,20,70.6,1.5,AUTOMATIC,DIESEL
307,5,A Class,2015,12998,42724,20,68.9,2.1,SEMI-AUTO,DIESEL
308,5,A Class,2015,12999,25301,20,72.4,1.5,MANUAL,DIESEL
309,5,A Class,2015,13000,19561,145,48.7,1.6,MANUAL,PETROL
310,5,A Class,2015,13022,32230,20,68.9,1.5,SEMI-AUTO,DIESEL
311,5,A Class,2015,13046,43531,20,70.6,1.5,MANUAL,DIESEL
312,5,A Class,2015,13109,24091,20,68.9,2.1,SEMI-AUTO,DIESEL
313,5,A Class,2015,13177,18284,125,50.4,1.6,AUTOMATIC,PETROL
314,5,A Class,2015,13299,20233,20,68.9,1.5,AUTOMATIC,DIESEL
315,5,A Class,2015,13300,27850,20,68.9,1.5,AUTOMATIC,DIESEL
316,5,A Class,2015,13300,37421,30,62.8,2.1,MANUAL,DIESEL
317,5,A Class,2015,13300,40599,20,68.9,2.1,AUTOMATIC,DIESEL
318,5,A Class,2015,13400,25300,20,68.9,1.5,SEMI-AUTO,DIESEL
319,5,A Class,2015,13400,39578,30,62.8,2.1,MANUAL,DIESEL
320,5,A Class,2015,13469,36050,30,62.8,2.1,MANUAL,DIESEL
321,5,A Class,2015,13480,32971,20,68.9,2.1,AUTOMATIC,DIESEL
322,5,A Class,2015,13491,42331,30,65.7,1.5,SEMI-AUTO,DIESEL
323,5,A Class,2015,13500,21817,20,74.3,1.5,AUTOMATIC,DIESEL
324,5,A Class,2015,13500,35343,20,68.9,2.1,SEMI-AUTO,DIESEL
325,5,A Class,2015,13680,45376,20,72.4,1.5,MANUAL,DIESEL
326,5,A Class,2015,13699,30035,20,68.9,1.5,MANUAL,DIESEL
327,5,A Class,2015,13700,38412,20,64.2,2.1,AUTOMATIC,DIESEL
328,5,A Class,2015,13799,67917,20,68.9,2.1,AUTOMATIC,DIESEL
329,5,A Class,2015,13822,27467,20,74.3,1.5,AUTOMATIC,DIESEL
330,5,A Class,2015,13959,28051,145,49.6,1.6,MANUAL,PETROL
331,5,A Class,2015,13995,31103,20,74.3,1.5,SEMI-AUTO,DIESEL
332,5,A Class,2015,14000,20682,20,68.9,2.1,SEMI-AUTO,DIESEL
333,5,A Class,2015,14000,26956,20,68.9,2.1,AUTOMATIC,DIESEL
334,5,A Class,2015,14000,27938,20,68.9,2.1,AUTOMATIC,DIESEL
335,5,A Class,2015,14092,47275,20,64.2,2.1,SEMI-AUTO,DIESEL
336,5,A Class,2015,14099,33730,20,68.9,2.1,AUTOMATIC,DIESEL
337,5,A Class,2015,14143,52115,20,67.3,2.1,AUTOMATIC,DIESEL
338,5,A Class,2015,14270,51364,20,68.9,2.1,SEMI-AUTO,DIESEL
339,5,A Class,2015,14298,30084,20,64.2,2.1,SEMI-AUTO,DIESEL
340,5,A Class,2015,14400,27442,20,70.6,1.5,MANUAL,DIESEL
341,5,A Class,2015,14499,14807,20,68.9,2.1,SEMI-AUTO,DIESEL
342,5,A Class,2015,14499,59558,30,62.8,2.1,MANUAL,DIESEL
343,5,A Class,2015,14599,19227,20,70.6,2.1,AUTOMATIC,DIESEL
344,5,A Class,2015,14999,38938,20,68.9,2.1,SEMI-AUTO,DIESEL
345,5,A Class,2015,15000,20275,125,53.3,1.6,AUTOMATIC,PETROL
346,5,A Class,2015,15175,19511,20,64.2,2.1,AUTOMATIC,DIESEL
347,5,A Class,2015,15390,23000,20,64.2,2.1,SEMI-AUTO,DIESEL
348,5,A Class,2015,15481,33000,20,64.2,2.1,SEMI-AUTO,DIESEL
349,5,A Class,2015,15500,20275,125,53.3,1.6,AUTOMATIC,PETROL
350,5,A Class,2015,15500,23542,20,70.6,1.5,MANUAL,DIESEL
351,5,A Class,2015,15500,33330,20,68.9,2.1,SEMI-AUTO,DIESEL
352,5,A Class,2015,15500,48266,20,67.3,2.1,AUTOMATIC,DIESEL
353,5,A Class,2015,15980,3587,20,74.3,1.5,SEMI-AUTO,DIESEL
354,5,A Class,2015,16499,40366,200,42.8,2,AUTOMATIC,PETROL
355,5,A Class,2015,16689,42100,200,42.8,2,SEMI-AUTO,PETROL
356,5,A Class,2015,16998,39587,200,42.8,2,SEMI-AUTO,PETROL
357,5,A Class,2015,17498,14221,125,58.9,2.1,SEMI-AUTO,DIESEL
358,5,A Class,2015,18495,12498,200,41.5,2,MANUAL,PETROL
359,5,A Class,2015,18500,29917,160,45.6,2,SEMI-AUTO,PETROL
360,5,A Class,2015,18500,29917,160,45.6,2,AUTOMATIC,PETROL
361,5,A Class,2015,18998,23247,200,42.8,2,SEMI-AUTO,PETROL
362,5,A Class,2015,19149,12390,200,42.8,2,SEMI-AUTO,PETROL
363,5,A Class,2015,19600,29917,160,45.6,2,AUTOMATIC,PETROL
364,5,A Class,2015,19600,29917,160,45.6,2,AUTOMATIC,PETROL
365,5,A Class,2015,20749,43509,205,40.9,2,AUTOMATIC,PETROL
366,5,A Class,2015,21745,33112,200,40.9,2,AUTOMATIC,PETROL
367,5,A Class,2015,22553,25191,200,40.9,2,AUTOMATIC,PETROL
368,5,A Class,2015,22995,37500,200,40.9,2,SEMI-AUTO,PETROL
369,5,A Class,2015,24499,24632,200,40.9,2,AUTOMATIC,PETROL
370,5,A Class,2015,59991,20750,325,30.1,4,AUTOMATIC,PETROL
371,5,A Class,2016,9295,111410,0,80.7,1.5,MANUAL,DIESEL
372,5,A Class,2016,9391,108000,20,72.4,1.5,MANUAL,DIESEL
373,5,A Class,2016,9891,116000,20,68.9,2.1,MANUAL,DIESEL
374,5,A Class,2016,9891,116000,20,68.9,2.1,MANUAL,DIESEL
375,5,A Class,2016,9895,105430,20,72.4,1.5,MANUAL,DIESEL
376,5,A Class,2016,9990,82000,0,80.7,1.5,MANUAL,DIESEL
377,5,A Class,2016,10490,63000,0,80.7,1.5,MANUAL,DIESEL
378,5,A Class,2016,10493,99000,30,65.7,2.1,MANUAL,DIESEL
379,5,A Class,2016,10500,62528,30,64.2,2.1,MANUAL,DIESEL
380,5,A Class,2016,10691,65631,20,72.4,1.5,MANUAL,DIESEL
381,5,A Class,2016,10699,57924,0,80.7,1.5,MANUAL,DIESEL
382,5,A Class,2016,10799,81475,20,72.4,1.5,MANUAL,DIESEL
383,5,A Class,2016,11000,39119,20,72.4,1.5,MANUAL,DIESEL
384,5,A Class,2016,11400,44277,0,80.7,1.5,MANUAL,DIESEL
385,5,A Class,2016,11500,38698,0,80.7,1.5,MANUAL,DIESEL
386,5,A Class,2016,11500,45882,0,80.7,1.5,MANUAL,DIESEL
387,5,A Class,2016,11500,47866,20,72.4,1.5,MANUAL,DIESEL
388,5,A Class,2016,11599,54045,20,72.4,1.5,MANUAL,DIESEL
389,5,A Class,2016,11724,54585,0,80.7,1.5,MANUAL,DIESEL
390,5,A Class,2016,11795,81150,20,68.9,1.5,MANUAL,DIESEL
391,5,A Class,2016,11849,27958,0,80.7,1.5,MANUAL,DIESEL
392,5,A Class,2016,11900,19036,125,52.3,1.6,MANUAL,PETROL
393,5,A Class,2016,11900,39122,20,72.4,1.5,MANUAL,DIESEL
394,5,A Class,2016,11900,52178,30,65.7,2.1,MANUAL,DIESEL
395,5,A Class,2016,11900,69891,20,68.9,1.5,MANUAL,DIESEL
396,5,A Class,2016,11900,78772,30,62.8,2.1,MANUAL,DIESEL
397,5,A Class,2016,11970,65164,20,74.3,1.5,SEMI-AUTO,DIESEL
398,5,A Class,2016,11990,39853,20,72.4,1.5,MANUAL,DIESEL
399,5,A Class,2016,11994,40826,20,72.4,1.5,MANUAL,DIESEL
400,5,A Class,2016,11999,40276,0,80.7,1.5,MANUAL,DIESEL
401,5,A Class,2016,11999,46183,20,72.4,1.5,MANUAL,DIESEL
402,5,A Class,2016,11999,51831,125,53.3,1.6,SEMI-AUTO,PETROL
403,5,A Class,2016,11999,58223,20,72.4,1.5,MANUAL,DIESEL
404,5,A Class,2016,12000,33469,0,80.7,1.5,MANUAL,DIESEL
405,5,A Class,2016,12000,41496,150,50.4,1.6,MANUAL,PETROL
406,5,A Class,2016,12000,41497,150,50.4,1.6,MANUAL,PETROL
407,5,A Class,2016,12000,72310,30,65.7,2.1,MANUAL,DIESEL
408,5,A Class,2016,12149,36001,0,80.7,1.5,MANUAL,DIESEL
409,5,A Class,2016,12149,60687,30,65.7,2.1,MANUAL,DIESEL
410,5,A Class,2016,12200,33692,20,72.4,1.5,MANUAL,DIESEL
411,5,A Class,2016,12390,49846,20,72.4,1.5,MANUAL,DIESEL
412,5,A Class,2016,12400,23700,20,72.4,1.5,MANUAL,DIESEL
413,5,A Class,2016,12400,54697,20,74.3,1.5,SEMI-AUTO,DIESEL
414,5,A Class,2016,12400,72000,0,76.4,1.5,SEMI-AUTO,DIESEL
415,5,A Class,2016,12456,49436,20,72.4,1.5,MANUAL,DIESEL
416,5,A Class,2016,12490,18000,0,80.7,1.5,MANUAL,DIESEL
417,5,A Class,2016,12490,37000,20,74.3,1.5,AUTOMATIC,DIESEL
418,5,A Class,2016,12490,43000,20,68.9,1.5,MANUAL,DIESEL
419,5,A Class,2016,12498,54544,20,72.4,1.5,MANUAL,DIESEL
420,5,A Class,2016,12499,42406,20,70.6,1.5,AUTOMATIC,DIESEL
421,5,A Class,2016,12500,24810,0,80.7,1.5,MANUAL,DIESEL
422,5,A Class,2016,12600,21572,20,72.4,1.5,MANUAL,DIESEL
423,5,A Class,2016,12600,22940,30,65.7,2.1,MANUAL,DIESEL
424,5,A Class,2016,12600,41816,20,74.3,1.5,AUTOMATIC,DIESEL
425,5,A Class,2016,12600,51752,30,62.8,2.1,MANUAL,DIESEL
426,5,A Class,2016,12690,48924,20,72.4,1.5,MANUAL,DIESEL
427,5,A Class,2016,12699,45252,30,65.7,2.1,MANUAL,DIESEL
428,5,A Class,2016,12732,45526,20,74.3,1.5,AUTOMATIC,DIESEL
429,5,A Class,2016,12750,20458,0,80.7,1.5,MANUAL,DIESEL
430,5,A Class,2016,12750,27539,125,51.4,1.6,MANUAL,PETROL
431,5,A Class,2016,12780,42769,20,72.4,1.5,MANUAL,DIESEL
432,5,A Class,2016,12790,54803,20,74.3,1.5,SEMI-AUTO,DIESEL
433,5,A Class,2016,12795,80470,20,68.9,2.1,AUTOMATIC,DIESEL
434,5,A Class,2016,12799,35699,20,72.4,1.5,MANUAL,DIESEL
435,5,A Class,2016,12800,53691,30,62.8,2.1,MANUAL,DIESEL
436,5,A Class,2016,12862,34458,145,50.4,1.6,MANUAL,PETROL
437,5,A Class,2016,12900,31000,20,72.4,1.5,MANUAL,DIESEL
438,5,A Class,2016,12900,60404,30,62.8,2.1,MANUAL,DIESEL
439,5,A Class,2016,12990,34000,0,74.3,2.1,AUTOMATIC,DIESEL
440,5,A Class,2016,12990,35000,20,68.9,1.5,MANUAL,DIESEL
441,5,A Class,2016,12990,36000,20,68.9,1.5,MANUAL,DIESEL
442,5,A Class,2016,12990,42000,145,49.6,1.6,MANUAL,PETROL
443,5,A Class,2016,12990,44000,20,68.9,1.5,MANUAL,DIESEL
444,5,A Class,2016,12990,44000,20,74.3,1.5,AUTOMATIC,DIESEL
445,5,A Class,2016,12990,45000,20,68.9,1.5,MANUAL,DIESEL
446,5,A Class,2016,12990,48000,20,74.3,1.5,AUTOMATIC,DIESEL
447,5,A Class,2016,12995,28000,20,72.4,1.5,MANUAL,DIESEL
448,5,A Class,2016,12999,18593,0,80.7,1.5,MANUAL,DIESEL
449,5,A Class,2016,12999,22786,0,80.7,1.5,MANUAL,DIESEL
450,5,A Class,2016,12999,24764,20,72.4,1.5,MANUAL,DIESEL
451,5,A Class,2016,12999,35642,20,72.4,1.5,MANUAL,DIESEL
452,5,A Class,2016,12999,44504,20,70.6,2.1,AUTOMATIC,DIESEL
453,5,A Class,2016,12999,56986,30,62.8,2.1,MANUAL,DIESEL
454,5,A Class,2016,13000,24627,20,72.4,1.5,MANUAL,DIESEL
455,5,A Class,2016,13049,26523,125,51.4,1.6,MANUAL,PETROL
456,5,A Class,2016,13119,20765,125,51.4,1.6,MANUAL,PETROL
457,5,A Class,2016,13150,39000,0,76.4,1.5,AUTOMATIC,DIESEL
458,5,A Class,2016,13186,43529,30,65.7,2.1,MANUAL,DIESEL
459,5,A Class,2016,13200,50521,20,68.9,1.5,MANUAL,DIESEL
460,5,A Class,2016,13200,61000,20,68.9,1.5,MANUAL,DIESEL
461,5,A Class,2016,13290,36892,20,72.4,1.5,MANUAL,DIESEL
462,5,A Class,2016,13295,42400,20,74.3,1.5,SEMI-AUTO,DIESEL
463,5,A Class,2016,13298,85627,20,68.9,2.1,AUTOMATIC,DIESEL
464,5,A Class,2016,13299,21052,20,72.4,1.5,MANUAL,DIESEL
465,5,A Class,2016,13299,28315,20,74.3,1.5,AUTOMATIC,DIESEL
466,5,A Class,2016,13299,35883,20,72.4,1.5,MANUAL,DIESEL
467,5,A Class,2016,13299,44553,20,68.9,1.5,MANUAL,DIESEL
468,5,A Class,2016,13300,33723,20,68.9,1.5,MANUAL,DIESEL
469,5,A Class,2016,13349,36531,20,72.4,1.5,MANUAL,DIESEL
470,5,A Class,2016,13399,15307,125,51.4,1.6,MANUAL,PETROL
471,5,A Class,2016,13450,39266,20,74.3,1.5,SEMI-AUTO,DIESEL
472,5,A Class,2016,13450,43000,20,72.4,1.5,MANUAL,DIESEL
473,5,A Class,2016,13480,58150,30,62.8,2.1,MANUAL,DIESEL
474,5,A Class,2016,13490,33530,20,74.3,1.5,SEMI-AUTO,DIESEL
475,5,A Class,2016,13490,35000,145,49.6,1.6,MANUAL,PETROL
476,5,A Class,2016,13490,39000,20,74.3,1.5,AUTOMATIC,DIESEL
477,5,A Class,2016,13490,47000,20,74.3,1.5,AUTOMATIC,DIESEL
478,5,A Class,2016,13499,15722,20,74.3,1.5,AUTOMATIC,DIESEL
479,5,A Class,2016,13499,19043,20,72.4,1.5,MANUAL,DIESEL
480,5,A Class,2016,13499,23453,20,72.4,1.5,MANUAL,DIESEL
481,5,A Class,2016,13499,28121,30,65.7,2.1,MANUAL,DIESEL
482,5,A Class,2016,13550,18304,20,72.4,1.5,MANUAL,DIESEL
483,5,A Class,2016,13599,20146,20,68.9,2.1,MANUAL,DIESEL
484,5,A Class,2016,13599,29214,125,53.3,1.6,AUTOMATIC,PETROL
485,5,A Class,2016,13599,29917,0,74.3,2.1,AUTOMATIC,DIESEL
486,5,A Class,2016,13695,41600,0,80.7,1.5,MANUAL,DIESEL
487,5,A Class,2016,13699,31817,0,76.4,1.5,AUTOMATIC,DIESEL
488,5,A Class,2016,13740,44062,125,53.3,1.6,SEMI-AUTO,PETROL
489,5,A Class,2016,13742,30313,20,72.4,1.5,MANUAL,DIESEL
490,5,A Class,2016,13776,32412,20,68.9,1.5,MANUAL,DIESEL
491,5,A Class,2016,13799,23000,20,72.4,1.5,MANUAL,DIESEL
492,5,A Class,2016,13799,23646,20,72.4,1.5,MANUAL,DIESEL
493,5,A Class,2016,13799,25776,20,72.4,1.5,MANUAL,DIESEL
494,5,A Class,2016,13799,26721,30,55.4,1.6,AUTOMATIC,PETROL
495,5,A Class,2016,13800,80987,20,67.3,2.1,AUTOMATIC,DIESEL
496,5,A Class,2016,13823,25151,0,76.4,1.5,AUTOMATIC,DIESEL
497,5,A Class,2016,13890,35933,125,51.4,1.6,MANUAL,PETROL
498,5,A Class,2016,13891,36046,125,53.3,1.6,SEMI-AUTO,PETROL
499,5,A Class,2016,13899,48649,20,68.9,1.5,MANUAL,DIESEL
500,5,A Class,2016,13900,16349,20,72.4,1.5,MANUAL,DIESEL
501,5,A Class,2016,13900,31400,30,65.7,2.1,MANUAL,DIESEL
502,5,A Class,2016,13900,37360,30,62.8,2.1,MANUAL,DIESEL
503,5,A Class,2016,13900,47275,125,51.4,1.6,MANUAL,PETROL
504,5,A Class,2016,13940,37531,20,68.9,1.5,MANUAL,DIESEL
505,5,A Class,2016,13950,40000,20,74.3,1.5,AUTOMATIC,DIESEL
506,5,A Class,2016,13950,62000,20,68.9,1.5,MANUAL,DIESEL
507,5,A Class,2016,13990,26000,20,68.9,1.5,MANUAL,DIESEL
508,5,A Class,2016,13990,34000,30,62.8,2.1,MANUAL,DIESEL
509,5,A Class,2016,13990,40000,20,68.9,2.1,AUTOMATIC,DIESEL
510,5,A Class,2016,13990,40000,20,74.3,1.5,AUTOMATIC,DIESEL
511,5,A Class,2016,13990,63000,30,62.8,2.1,MANUAL,DIESEL
512,5,A Class,2016,13991,26386,20,72.4,1.5,MANUAL,DIESEL
513,5,A Class,2016,13995,64168,20,67.3,2.1,SEMI-AUTO,DIESEL
514,5,A Class,2016,13995,66000,20,68.9,2.1,SEMI-AUTO,DIESEL
515,5,A Class,2016,13999,12602,20,72.4,1.5,MANUAL,DIESEL
516,5,A Class,2016,13999,21396,20,72.4,1.5,MANUAL,DIESEL
517,5,A Class,2016,13999,28024,20,72.4,1.5,MANUAL,DIESEL
518,5,A Class,2016,13999,34033,20,68.9,1.5,MANUAL,DIESEL
519,5,A Class,2016,13999,38425,20,68.9,1.5,MANUAL,DIESEL
520,5,A Class,2016,13999,43225,20,74.3,1.5,AUTOMATIC,DIESEL
521,5,A Class,2016,13999,52443,30,62.8,2.1,MANUAL,DIESEL
522,5,A Class,2016,14038,27511,20,72.4,1.5,MANUAL,DIESEL
523,5,A Class,2016,14056,32846,20,68.9,1.5,MANUAL,DIESEL
524,5,A Class,2016,14099,18262,20,72.4,1.5,MANUAL,DIESEL
525,5,A Class,2016,14162,30792,20,74.3,1.5,AUTOMATIC,DIESEL
526,5,A Class,2016,14180,20841,145,49.6,1.6,MANUAL,PETROL
527,5,A Class,2016,14190,35500,20,68.9,1.5,MANUAL,DIESEL
528,5,A Class,2016,14200,60036,20,68.9,2.1,AUTOMATIC,DIESEL
529,5,A Class,2016,14250,33660,30,62.8,2.1,MANUAL,DIESEL
530,5,A Class,2016,14250,54446,20,68.9,1.5,MANUAL,DIESEL
531,5,A Class,2016,14299,39726,125,53.3,1.6,AUTOMATIC,PETROL
532,5,A Class,2016,14299,43748,30,62.8,2.1,MANUAL,DIESEL
533,5,A Class,2016,14299,45991,20,74.3,1.5,AUTOMATIC,DIESEL
534,5,A Class,2016,14312,27925,150,50.4,1.6,MANUAL,PETROL
535,5,A Class,2016,14400,15325,20,72.4,1.5,MANUAL,DIESEL
536,5,A Class,2016,14400,29488,30,62.8,2.1,MANUAL,DIESEL
537,5,A Class,2016,14401,49776,125,51.4,1.6,MANUAL,PETROL
538,5,A Class,2016,14459,43132,20,68.9,1.5,MANUAL,DIESEL
539,5,A Class,2016,14475,35847,30,62.8,2.1,MANUAL,DIESEL
540,5,A Class,2016,14480,21547,20,72.4,1.5,MANUAL,DIESEL
541,5,A Class,2016,14480,24089,20,72.4,1.5,MANUAL,DIESEL
542,5,A Class,2016,14490,33626,145,49.6,1.6,MANUAL,PETROL
543,5,A Class,2016,14495,25605,20,72.4,1.5,MANUAL,DIESEL
544,5,A Class,2016,14495,55769,20,68.9,2.1,SEMI-AUTO,DIESEL
545,5,A Class,2016,14499,22181,20,68.9,1.5,MANUAL,DIESEL
546,5,A Class,2016,14499,26544,125,53.3,1.6,SEMI-AUTO,PETROL
547,5,A Class,2016,14499,27240,20,68.9,1.5,MANUAL,DIESEL
548,5,A Class,2016,14499,31143,30,62.8,2.1,MANUAL,DIESEL
549,5,A Class,2016,14499,36063,20,70.6,2.1,SEMI-AUTO,DIESEL
550,5,A Class,2016,14500,20960,20,72.4,1.5,MANUAL,DIESEL
551,5,A Class,2016,14500,27474,20,68.9,1.5,MANUAL,DIESEL
552,5,A Class,2016,14500,54276,20,68.9,2.1,AUTOMATIC,DIESEL
553,5,A Class,2016,14521,35005,30,62.8,2.1,MANUAL,DIESEL
554,5,A Class,2016,14541,17474,20,72.4,1.5,MANUAL,DIESEL
555,5,A Class,2016,14552,25653,0,76.4,1.5,SEMI-AUTO,DIESEL
556,5,A Class,2016,14555,31865,20,68.9,1.5,MANUAL,DIESEL
557,5,A Class,2016,14580,13232,30,65.7,2.1,MANUAL,DIESEL
558,5,A Class,2016,14581,51284,125,53.3,1.6,SEMI-AUTO,PETROL
559,5,A Class,2016,14590,12995,20,72.4,1.5,MANUAL,DIESEL
560,5,A Class,2016,14600,27450,20,72.4,1.5,MANUAL,DIESEL
561,5,A Class,2016,14600,34089,30,62.8,2.1,MANUAL,DIESEL
562,5,A Class,2016,14606,51398,20,68.9,1.5,MANUAL,DIESEL
563,5,A Class,2016,14646,14307,20,68.9,1.5,MANUAL,DIESEL
564,5,A Class,2016,14700,28732,20,68.9,1.5,MANUAL,DIESEL
565,5,A Class,2016,14722,12544,20,72.4,1.5,MANUAL,DIESEL
566,5,A Class,2016,14722,36416,20,68.9,1.5,MANUAL,DIESEL
567,5,A Class,2016,14740,37600,30,62.8,2.1,MANUAL,DIESEL
568,5,A Class,2016,14750,16741,125,51.4,1.6,MANUAL,PETROL
569,5,A Class,2016,14789,37006,20,68.9,1.5,MANUAL,DIESEL
570,5,A Class,2016,14799,16307,20,74.3,1.5,AUTOMATIC,DIESEL
571,5,A Class,2016,14799,27636,20,68.9,1.5,MANUAL,DIESEL
572,5,A Class,2016,14799,33202,30,62.8,2.1,MANUAL,DIESEL
573,5,A Class,2016,14799,47130,20,67.3,2.1,AUTOMATIC,DIESEL
574,5,A Class,2016,14800,31623,20,68.9,1.5,MANUAL,DIESEL
575,5,A Class,2016,14800,43461,30,62.8,2.1,MANUAL,DIESEL
576,5,A Class,2016,14806,30859,20,68.9,1.5,MANUAL,DIESEL
577,5,A Class,2016,14868,24658,20,68.9,1.5,MANUAL,DIESEL
578,5,A Class,2016,14899,17204,20,68.9,1.5,MANUAL,DIESEL
579,5,A Class,2016,14980,38014,30,65.7,2.1,MANUAL,DIESEL
580,5,A Class,2016,14990,22350,20,70.6,2.1,SEMI-AUTO,DIESEL
581,5,A Class,2016,14990,28000,30,62.8,2.1,MANUAL,DIESEL
582,5,A Class,2016,14990,31000,30,62.8,2.1,MANUAL,DIESEL
583,5,A Class,2016,14990,39473,30,62.8,2.1,MANUAL,DIESEL
584,5,A Class,2016,14991,37092,20,68.9,2.1,SEMI-AUTO,DIESEL
585,5,A Class,2016,14991,59080,125,58.9,2.1,SEMI-AUTO,DIESEL
586,5,A Class,2016,14995,27270,20,74.3,1.5,AUTOMATIC,DIESEL
587,5,A Class,2016,14995,31800,125,53.3,1.6,AUTOMATIC,PETROL
588,5,A Class,2016,14998,24569,20,68.9,1.5,MANUAL,DIESEL
589,5,A Class,2016,14999,12500,30,55.4,1.6,SEMI-AUTO,PETROL
590,5,A Class,2016,14999,12891,125,53.3,1.6,SEMI-AUTO,PETROL
591,5,A Class,2016,14999,15700,125,51.4,1.6,MANUAL,PETROL
592,5,A Class,2016,14999,17971,125,51.4,1.6,MANUAL,PETROL
593,5,A Class,2016,14999,19286,125,53.3,1.6,SEMI-AUTO,PETROL
594,5,A Class,2016,14999,22433,20,74.3,1.5,SEMI-AUTO,DIESEL
595,5,A Class,2016,14999,23974,20,68.9,1.5,MANUAL,DIESEL
596,5,A Class,2016,14999,28201,125,52.3,1.6,AUTOMATIC,PETROL
597,5,A Class,2016,14999,48188,20,70.6,2.1,SEMI-AUTO,DIESEL
598,5,A Class,2016,14999,48430,20,67.3,2.1,AUTOMATIC,DIESEL
599,5,A Class,2016,15000,30761,30,62.8,2.1,MANUAL,DIESEL
600,5,A Class,2016,15000,45000,20,70.6,2.1,AUTOMATIC,DIESEL
601,5,A Class,2016,15012,20339,20,74.3,1.5,SEMI-AUTO,DIESEL
602,5,A Class,2016,15071,27663,20,74.3,1.5,SEMI-AUTO,DIESEL
603,5,A Class,2016,15096,40576,30,62.8,2.1,MANUAL,DIESEL
604,5,A Class,2016,15100,40297,115,58.9,2.1,AUTOMATIC,DIESEL
605,5,A Class,2016,15124,23461,20,68.9,1.5,MANUAL,DIESEL
606,5,A Class,2016,15150,48418,30,62.8,2.1,MANUAL,DIESEL
607,5,A Class,2016,15190,13359,20,68.9,1.5,MANUAL,DIESEL
608,5,A Class,2016,15199,29850,20,68.9,1.5,MANUAL,DIESEL
609,5,A Class,2016,15200,23286,20,68.9,2.1,SEMI-AUTO,DIESEL
610,5,A Class,2016,15200,39057,20,74.3,1.5,SEMI-AUTO,DIESEL
611,5,A Class,2016,15200,51970,20,68.9,2.1,SEMI-AUTO,DIESEL
612,5,A Class,2016,15200,53500,160,45.6,2,AUTOMATIC,PETROL
613,5,A Class,2016,15277,46473,20,74.3,1.5,SEMI-AUTO,DIESEL
614,5,A Class,2016,15290,39162,30,62.8,2.1,MANUAL,DIESEL
615,5,A Class,2016,15291,10730,20,70.6,2.1,SEMI-AUTO,DIESEL
616,5,A Class,2016,15291,18217,20,68.9,2.1,AUTOMATIC,DIESEL
617,5,A Class,2016,15295,34595,20,74.3,1.5,AUTOMATIC,DIESEL
618,5,A Class,2016,15299,18577,20,68.9,1.5,MANUAL,DIESEL
619,5,A Class,2016,15299,20781,20,70.6,2.1,AUTOMATIC,DIESEL
620,5,A Class,2016,15299,28963,20,74.3,1.5,AUTOMATIC,DIESEL
621,5,A Class,2016,15339,19046,20,68.9,1.5,MANUAL,DIESEL
622,5,A Class,2016,15351,27744,30,62.8,2.1,MANUAL,DIESEL
623,5,A Class,2016,15378,21256,30,62.8,2.1,MANUAL,DIESEL
624,5,A Class,2016,15400,30596,20,68.9,2.1,AUTOMATIC,DIESEL
625,5,A Class,2016,15400,36999,20,68.9,2.1,SEMI-AUTO,DIESEL
626,5,A Class,2016,15480,30202,20,74.3,1.5,AUTOMATIC,DIESEL
627,5,A Class,2016,15490,35000,125,52.3,1.6,AUTOMATIC,PETROL
628,5,A Class,2016,15495,24078,20,70.6,2.1,SEMI-AUTO,DIESEL
629,5,A Class,2016,15495,37129,20,68.9,2.1,SEMI-AUTO,DIESEL
630,5,A Class,2016,15498,63402,20,68.9,2.1,SEMI-AUTO,DIESEL
631,5,A Class,2016,15498,63454,20,74.3,1.5,SEMI-AUTO,DIESEL
632,5,A Class,2016,15499,7772,20,72.4,1.5,MANUAL,DIESEL
633,5,A Class,2016,15499,24487,20,68.9,1.5,MANUAL,DIESEL
634,5,A Class,2016,15500,32046,20,68.9,1.5,MANUAL,DIESEL
635,5,A Class,2016,15502,20250,20,68.9,1.5,MANUAL,DIESEL
636,5,A Class,2016,15549,45809,20,68.9,2.1,SEMI-AUTO,DIESEL
637,5,A Class,2016,15562,32984,20,68.9,1.5,MANUAL,DIESEL
638,5,A Class,2016,15572,45902,125,52.3,1.6,SEMI-AUTO,PETROL
639,5,A Class,2016,15595,19891,20,68.9,1.5,MANUAL,DIESEL
640,5,A Class,2016,15597,20866,20,70.6,2.1,SEMI-AUTO,DIESEL
641,5,A Class,2016,15599,32246,20,68.9,2.1,AUTOMATIC,DIESEL
642,5,A Class,2016,15650,31976,20,74.3,1.5,AUTOMATIC,DIESEL
643,5,A Class,2016,15699,22500,20,68.9,2.1,SEMI-AUTO,DIESEL
644,5,A Class,2016,15699,24623,30,62.8,2.1,MANUAL,DIESEL
645,5,A Class,2016,15699,42506,20,68.9,2.1,AUTOMATIC,DIESEL
646,5,A Class,2016,15700,23924,30,62.8,2.1,MANUAL,DIESEL
647,5,A Class,2016,15703,51841,20,68.9,2.1,SEMI-AUTO,DIESEL
648,5,A Class,2016,15740,25036,30,62.8,2.1,MANUAL,DIESEL
649,5,A Class,2016,15750,52964,20,67.3,2.1,SEMI-AUTO,DIESEL
650,5,A Class,2016,15765,17678,20,68.9,1.5,MANUAL,DIESEL
651,5,A Class,2016,15770,31711,20,67.3,2.1,SEMI-AUTO,DIESEL
652,5,A Class,2016,15790,20565,30,62.8,2.1,MANUAL,DIESEL
653,5,A Class,2016,15799,18749,145,49.6,1.6,MANUAL,PETROL
654,5,A Class,2016,15799,24053,20,74.3,1.5,SEMI-AUTO,DIESEL
655,5,A Class,2016,15800,19829,20,68.9,1.5,MANUAL,DIESEL
656,5,A Class,2016,15890,18853,20,74.3,1.5,SEMI-AUTO,DIESEL
657,5,A Class,2016,15899,34995,20,68.9,2.1,SEMI-AUTO,DIESEL
658,5,A Class,2016,15900,17000,30,62.8,2.1,MANUAL,DIESEL
659,5,A Class,2016,15900,31281,20,68.9,2.1,AUTOMATIC,DIESEL
660,5,A Class,2016,15905,42886,20,68.9,2.1,AUTOMATIC,DIESEL
661,5,A Class,2016,15921,20952,20,68.9,1.5,MANUAL,DIESEL
662,5,A Class,2016,15921,27472,125,53.3,1.6,SEMI-AUTO,PETROL
663,5,A Class,2016,15939,16489,20,68.9,1.5,MANUAL,DIESEL
664,5,A Class,2016,15950,48000,20,74.3,1.5,SEMI-AUTO,DIESEL
665,5,A Class,2016,15990,17071,30,62.8,2.1,MANUAL,DIESEL
666,5,A Class,2016,15990,19715,30,62.8,2.1,MANUAL,DIESEL
667,5,A Class,2016,15990,52518,20,67.3,2.1,SEMI-AUTO,DIESEL
668,5,A Class,2016,15999,16900,20,68.9,2.1,AUTOMATIC,DIESEL
669,5,A Class,2016,15999,19022,20,68.9,1.5,MANUAL,DIESEL
670,5,A Class,2016,15999,24017,145,49.6,1.6,MANUAL,PETROL
671,5,A Class,2016,15999,34651,20,74.3,1.5,AUTOMATIC,DIESEL
672,5,A Class,2016,15999,52000,20,68.9,2.1,SEMI-AUTO,DIESEL
673,5,A Class,2016,15999,55316,20,67.3,2.1,AUTOMATIC,DIESEL
674,5,A Class,2016,16000,19596,20,68.9,1.5,MANUAL,DIESEL
675,5,A Class,2016,16091,37172,20,68.9,2.1,AUTOMATIC,DIESEL
676,5,A Class,2016,16099,30703,20,68.9,2.1,SEMI-AUTO,DIESEL
677,5,A Class,2016,16120,22125,20,68.9,1.5,MANUAL,DIESEL
678,5,A Class,2016,16200,55730,20,67.3,2.1,AUTOMATIC,DIESEL
679,5,A Class,2016,16232,15048,145,49.6,1.6,MANUAL,PETROL
680,5,A Class,2016,16249,240494,20,68.9,2.1,AUTOMATIC,DIESEL
681,5,A Class,2016,16260,23216,20,74.3,1.5,SEMI-AUTO,DIESEL
682,5,A Class,2016,16299,20738,20,68.9,1.5,MANUAL,DIESEL
683,5,A Class,2016,16399,16088,30,62.8,2.1,MANUAL,DIESEL
684,5,A Class,2016,16400,28076,20,74.3,1.5,AUTOMATIC,DIESEL
685,5,A Class,2016,16411,18914,20,68.9,2.1,SEMI-AUTO,DIESEL
686,5,A Class,2016,16425,36173,20,67.3,2.1,SEMI-AUTO,DIESEL
687,5,A Class,2016,16450,20924,125,52.3,1.6,SEMI-AUTO,PETROL
688,5,A Class,2016,16450,25623,200,41.5,2,MANUAL,PETROL
689,5,A Class,2016,16480,39938,20,68.9,2.1,AUTOMATIC,DIESEL
690,5,A Class,2016,16490,27189,20,68.9,2.1,SEMI-AUTO,DIESEL
691,5,A Class,2016,16490,34856,20,74.3,1.5,SEMI-AUTO,DIESEL
692,5,A Class,2016,16499,14253,30,62.8,2.1,MANUAL,DIESEL
693,5,A Class,2016,16499,17634,20,68.9,2.1,SEMI-AUTO,DIESEL
694,5,A Class,2016,16499,21000,20,74.3,1.5,SEMI-AUTO,DIESEL
695,5,A Class,2016,16499,21701,20,74.3,1.5,AUTOMATIC,DIESEL
696,5,A Class,2016,16500,16984,30,62.8,2.1,MANUAL,DIESEL
697,5,A Class,2016,16500,28507,20,68.9,2.1,AUTOMATIC,DIESEL
698,5,A Class,2016,16500,32315,30,62.8,2.1,MANUAL,DIESEL
699,5,A Class,2016,16500,37538,20,74.3,1.5,SEMI-AUTO,DIESEL
700,5,A Class,2016,16512,31011,125,52.3,1.6,SEMI-AUTO,PETROL
701,5,A Class,2016,16549,31035,125,52.3,1.6,SEMI-AUTO,PETROL
702,5,A Class,2016,16585,23216,20,74.3,1.5,SEMI-AUTO,DIESEL
703,5,A Class,2016,16592,18922,20,68.9,1.5,MANUAL,DIESEL
704,5,A Class,2016,16699,23052,20,68.9,1.5,MANUAL,DIESEL
705,5,A Class,2016,16700,26979,20,68.9,2.1,AUTOMATIC,DIESEL
706,5,A Class,2016,16750,38253,20,68.9,2.1,AUTOMATIC,DIESEL
707,5,A Class,2016,16780,15466,145,49.6,1.6,MANUAL,PETROL
708,5,A Class,2016,16798,43586,20,74.3,1.5,AUTOMATIC,DIESEL
709,5,A Class,2016,16799,16145,125,52.3,1.6,SEMI-AUTO,PETROL
710,5,A Class,2016,16799,16145,125,52.3,1.6,SEMI-AUTO,PETROL
711,5,A Class,2016,16800,30876,20,68.9,2.1,AUTOMATIC,DIESEL
712,5,A Class,2016,16820,27227,20,68.9,2.1,SEMI-AUTO,DIESEL
713,5,A Class,2016,16890,29456,20,68.9,2.1,AUTOMATIC,DIESEL
714,5,A Class,2016,16896,11633,20,68.9,1.5,MANUAL,DIESEL
715,5,A Class,2016,16990,32029,20,68.9,2.1,SEMI-AUTO,DIESEL
716,5,A Class,2016,16995,21644,20,68.9,2.1,SEMI-AUTO,DIESEL
717,5,A Class,2016,16995,33900,30,62.8,2.1,MANUAL,DIESEL
718,5,A Class,2016,16998,29160,20,67.3,2.1,SEMI-AUTO,DIESEL
719,5,A Class,2016,16999,30258,30,62.8,2.1,MANUAL,DIESEL
720,5,A Class,2016,17000,21067,20,68.9,2.1,SEMI-AUTO,DIESEL
721,5,A Class,2016,17000,24369,20,68.9,2.1,SEMI-AUTO,DIESEL
722,5,A Class,2016,17000,28142,200,41.5,2,MANUAL,PETROL
723,5,A Class,2016,17102,19843,20,68.9,2.1,SEMI-AUTO,DIESEL
724,5,A Class,2016,17250,14000,125,52.3,1.6,SEMI-AUTO,PETROL
725,5,A Class,2016,17295,21068,20,74.3,1.5,AUTOMATIC,DIESEL
726,5,A Class,2016,17298,31879,200,41.5,2,MANUAL,PETROL
727,5,A Class,2016,17382,29486,20,68.9,2.1,SEMI-AUTO,DIESEL
728,5,A Class,2016,17490,19879,125,52.3,1.6,SEMI-AUTO,PETROL
729,5,A Class,2016,17495,45000,20,67.3,2.1,SEMI-AUTO,DIESEL
730,5,A Class,2016,17500,29712,20,68.9,0,AUTOMATIC,DIESEL
731,5,A Class,2016,17624,16479,20,68.9,2.1,AUTOMATIC,DIESEL
732,5,A Class,2016,17700,42865,200,42.8,2,AUTOMATIC,PETROL
733,5,A Class,2016,17749,42958,20,67.3,2.1,SEMI-AUTO,DIESEL
734,5,A Class,2016,17770,19219,20,67.3,2.1,AUTOMATIC,DIESEL
735,5,A Class,2016,17800,21913,20,68.9,0,AUTOMATIC,DIESEL
736,5,A Class,2016,17890,27404,20,74.3,1.5,SEMI-AUTO,DIESEL
737,5,A Class,2016,17962,17502,200,41.5,2,MANUAL,PETROL
738,5,A Class,2016,17980,38144,20,68.9,2.1,AUTOMATIC,DIESEL
739,5,A Class,2016,17990,29999,125,49.6,1.6,SEMI-AUTO,PETROL
740,5,A Class,2016,17999,13660,125,52.3,1.6,AUTOMATIC,PETROL
741,5,A Class,2016,17999,28530,125,58.9,2.1,AUTOMATIC,DIESEL
742,5,A Class,2016,18290,30998,160,45.6,2,SEMI-AUTO,PETROL
743,5,A Class,2016,18362,19000,20,74.3,1.5,SEMI-AUTO,DIESEL
744,5,A Class,2016,18391,16000,20,68.9,2.1,SEMI-AUTO,DIESEL
745,5,A Class,2016,18490,29474,165,45.6,2,SEMI-AUTO,PETROL
746,5,A Class,2016,18663,18265,20,68.9,2.1,AUTOMATIC,DIESEL
747,5,A Class,2016,18699,13118,125,58.9,2.1,AUTOMATIC,DIESEL
748,5,A Class,2016,18899,21362,160,45.6,2,AUTOMATIC,PETROL
749,5,A Class,2016,18942,27905,20,67.3,2.1,SEMI-AUTO,DIESEL
750,5,A Class,2016,18995,26251,20,68.9,2.1,SEMI-AUTO,DIESEL
751,5,A Class,2016,19100,27208,20,67.3,2.1,AUTOMATIC,DIESEL
752,5,A Class,2016,19480,13413,20,67.3,2.1,AUTOMATIC,DIESEL
753,5,A Class,2016,19491,25550,165,45.6,2,SEMI-AUTO,PETROL
754,5,A Class,2016,19499,7925,200,41.5,2,MANUAL,PETROL
755,5,A Class,2016,19671,17062,160,45.6,2,SEMI-AUTO,PETROL
756,5,A Class,2016,19798,17567,200,42.8,2,AUTOMATIC,PETROL
757,5,A Class,2016,19800,27655,200,42.8,2,AUTOMATIC,PETROL
758,5,A Class,2016,19999,14066,125,58.9,2.1,SEMI-AUTO,DIESEL
759,5,A Class,2016,19999,14066,125,58.9,2.1,SEMI-AUTO,DIESEL
760,5,A Class,2016,20152,19391,200,42.8,2,SEMI-AUTO,PETROL
761,5,A Class,2016,20400,17504,200,42.8,2,SEMI-AUTO,PETROL
762,5,A Class,2016,20495,9897,200,42.8,2,SEMI-AUTO,PETROL
763,5,A Class,2016,20500,15042,200,42.8,2,AUTOMATIC,PETROL
764,5,A Class,2016,21498,14913,205,42.8,2,SEMI-AUTO,PETROL
765,5,A Class,2016,21998,17171,165,45.6,2,SEMI-AUTO,PETROL
766,5,A Class,2016,22299,15550,200,42.8,2,SEMI-AUTO,PETROL
767,5,A Class,2016,25342,55195,200,40.9,2,SEMI-AUTO,PETROL
768,5,A Class,2016,25599,40000,200,40.9,2,SEMI-AUTO,PETROL
769,5,A Class,2016,25998,31500,200,40.9,2,AUTOMATIC,PETROL
770,5,A Class,2016,26789,39044,200,40.9,2,SEMI-AUTO,PETROL
771,5,A Class,2016,27500,37132,200,40.9,2,SEMI-AUTO,PETROL
772,5,A Class,2016,27995,11532,200,40.9,2,SEMI-AUTO,PETROL
773,5,A Class,2016,27995,13000,200,40.9,2,AUTOMATIC,PETROL
774,5,A Class,2016,28652,21848,200,40.9,2,SEMI-AUTO,PETROL
775,5,A Class,2016,34981,13912,240,40.9,2,SEMI-AUTO,PETROL
776,5,A Class,2016,57950,45000,325,30.1,4,AUTOMATIC,PETROL
777,5,A Class,2016,69995,10104,325,30.1,4,SEMI-AUTO,PETROL
778,5,A Class,2017,10900,54448,0,80.7,1.5,MANUAL,DIESEL
779,5,A Class,2017,11393,103000,20,68.9,1.5,MANUAL,DIESEL
780,5,A Class,2017,11393,103000,20,68.9,1.5,MANUAL,DIESEL
781,5,A Class,2017,11499,57424,20,72.4,1.5,MANUAL,DIESEL
782,5,A Class,2017,11500,67265,20,72.4,1.5,MANUAL,DIESEL
783,5,A Class,2017,11750,52641,125,52.3,1.6,MANUAL,PETROL
784,5,A Class,2017,11800,66903,20,72.4,1.5,MANUAL,DIESEL
785,5,A Class,2017,12000,102390,145,62.8,2.1,MANUAL,DIESEL
786,5,A Class,2017,12100,39119,150,80.7,1.5,MANUAL,DIESEL
787,5,A Class,2017,12295,90220,30,62.8,2.1,MANUAL,DIESEL
788,5,A Class,2017,12400,28572,125,52.3,1.6,MANUAL,PETROL
789,5,A Class,2017,12400,47351,20,72.4,1.5,MANUAL,DIESEL
790,5,A Class,2017,12563,43043,145,80.7,1.5,MANUAL,DIESEL
791,5,A Class,2017,12600,25535,0,80.7,1.5,MANUAL,DIESEL
792,5,A Class,2017,12700,21692,125,52.3,1.6,MANUAL,PETROL
793,5,A Class,2017,12750,60294,20,68.9,1.5,MANUAL,DIESEL
794,5,A Class,2017,12800,33102,0,76.4,1.5,AUTOMATIC,DIESEL
795,5,A Class,2017,12900,16410,145,80.7,1.5,MANUAL,DIESEL
796,5,A Class,2017,12900,19464,145,52.3,1.6,MANUAL,PETROL
797,5,A Class,2017,12900,45060,150,76.4,1.5,AUTOMATIC,DIESEL
798,5,A Class,2017,12920,41258,20,72.4,1.5,MANUAL,DIESEL
799,5,A Class,2017,12988,44941,20,74.3,1.5,AUTOMATIC,DIESEL
800,5,A Class,2017,12999,40563,145,72.4,1.5,MANUAL,DIESEL
801,5,A Class,2017,12999,64106,145,70.6,2.1,AUTOMATIC,DIESEL
802,5,A Class,2017,13000,40082,20,72.4,1.5,MANUAL,DIESEL
803,5,A Class,2017,13000,85900,145,62.8,2.1,MANUAL,DIESEL
804,5,A Class,2017,13100,31784,20,72.4,1.5,MANUAL,DIESEL
805,5,A Class,2017,13100,34758,145,65.7,2.1,MANUAL,DIESEL
806,5,A Class,2017,13222,47657,150,76.4,1.5,AUTOMATIC,DIESEL
807,5,A Class,2017,13299,49309,145,68.9,1.5,MANUAL,DIESEL
808,5,A Class,2017,13391,38172,145,72.4,1.5,MANUAL,DIESEL
809,5,A Class,2017,13400,52342,20,70.6,2.1,SEMI-AUTO,DIESEL
810,5,A Class,2017,13477,40000,0,80.7,1.5,MANUAL,DIESEL
811,5,A Class,2017,13477,43000,0,80.7,1.5,MANUAL,DIESEL
812,5,A Class,2017,13495,30000,150,51.4,1.6,MANUAL,PETROL
813,5,A Class,2017,13495,33000,150,51.4,1.6,MANUAL,PETROL
814,5,A Class,2017,13499,15015,145,80.7,1.5,MANUAL,DIESEL
815,5,A Class,2017,13499,22298,145,72.4,1.5,MANUAL,DIESEL
816,5,A Class,2017,13499,26402,145,72.4,1.5,MANUAL,DIESEL
817,5,A Class,2017,13499,27654,145,72.4,1.5,MANUAL,DIESEL
818,5,A Class,2017,13499,27937,145,80.7,1.5,MANUAL,DIESEL
819,5,A Class,2017,13499,48866,0,76.4,1.5,AUTOMATIC,DIESEL
820,5,A Class,2017,13500,21410,150,72.4,1.5,MANUAL,DIESEL
821,5,A Class,2017,13500,25214,150,65.7,2.1,MANUAL,DIESEL
822,5,A Class,2017,13500,30909,150,72.4,1.5,MANUAL,DIESEL
823,5,A Class,2017,13500,33069,150,76.4,1.5,AUTOMATIC,DIESEL
824,5,A Class,2017,13500,37014,150,74.3,1.5,AUTOMATIC,DIESEL
825,5,A Class,2017,13503,30529,145,80.7,1.5,MANUAL,DIESEL
826,5,A Class,2017,13570,79260,20,68.9,2.1,AUTOMATIC,DIESEL
827,5,A Class,2017,13700,21643,150,72.4,1.5,MANUAL,DIESEL
828,5,A Class,2017,13782,20218,0,80.7,1.5,MANUAL,DIESEL
829,5,A Class,2017,13790,18332,125,51.4,1.6,MANUAL,PETROL
830,5,A Class,2017,13790,18727,150,52.3,1.6,MANUAL,PETROL
831,5,A Class,2017,13849,18600,145,68.9,1.5,MANUAL,DIESEL
832,5,A Class,2017,13849,33770,20,72.4,1.5,MANUAL,DIESEL
833,5,A Class,2017,13850,28250,150,74.3,1.5,AUTOMATIC,DIESEL
834,5,A Class,2017,13899,50827,20,72.4,1.5,MANUAL,DIESEL
835,5,A Class,2017,13981,46257,145,53.3,1.6,SEMI-AUTO,PETROL
836,5,A Class,2017,13990,17603,125,53.3,1.6,SEMI-AUTO,PETROL
837,5,A Class,2017,13990,28000,145,68.9,1.5,MANUAL,DIESEL
838,5,A Class,2017,13990,61647,20,74.3,1.5,SEMI-AUTO,DIESEL
839,5,A Class,2017,13999,24556,145,72.4,1.5,MANUAL,DIESEL
840,5,A Class,2017,14000,35552,150,68.9,1.5,MANUAL,DIESEL
841,5,A Class,2017,14000,55255,145,62.8,2.1,MANUAL,DIESEL
842,5,A Class,2017,14089,18977,145,52.3,1.6,MANUAL,PETROL
843,5,A Class,2017,14124,19573,125,52.3,1.6,MANUAL,PETROL
844,5,A Class,2017,14149,22850,145,72.4,1.5,MANUAL,DIESEL
845,5,A Class,2017,14250,28584,20,68.9,1.5,MANUAL,DIESEL
846,5,A Class,2017,14250,29360,145,70.6,2.1,SEMI-AUTO,DIESEL
847,5,A Class,2017,14250,36620,150,51.4,1.6,MANUAL,PETROL
848,5,A Class,2017,14270,65000,20,68.9,2.1,SEMI-AUTO,DIESEL
849,5,A Class,2017,14280,37884,20,72.4,1.5,MANUAL,DIESEL
850,5,A Class,2017,14295,21899,125,51.4,1.6,MANUAL,PETROL
851,5,A Class,2017,14295,25945,150,72.4,1.5,MANUAL,DIESEL
852,5,A Class,2017,14299,21008,145,72.4,1.5,MANUAL,DIESEL
853,5,A Class,2017,14299,21125,145,72.4,1.5,MANUAL,DIESEL
854,5,A Class,2017,14300,37021,145,68.9,1.5,MANUAL,DIESEL
855,5,A Class,2017,14371,18383,20,72.4,1.5,MANUAL,DIESEL
856,5,A Class,2017,14391,45739,20,74.3,1.5,AUTOMATIC,DIESEL
857,5,A Class,2017,14400,35389,20,68.9,1.5,MANUAL,DIESEL
858,5,A Class,2017,14480,23433,20,72.4,1.5,MANUAL,DIESEL
859,5,A Class,2017,14480,46434,20,74.3,1.5,AUTOMATIC,DIESEL
860,5,A Class,2017,14485,15993,145,52.3,1.6,MANUAL,PETROL
861,5,A Class,2017,14486,55094,145,68.9,1.5,MANUAL,DIESEL
862,5,A Class,2017,14490,14122,150,51.4,1.6,MANUAL,PETROL
863,5,A Class,2017,14490,23000,30,62.8,2.1,MANUAL,DIESEL
864,5,A Class,2017,14490,42670,0,74.3,2.1,SEMI-AUTO,DIESEL
865,5,A Class,2017,14495,20675,30,55.4,1.6,SEMI-AUTO,PETROL
866,5,A Class,2017,14495,24391,20,74.3,1.5,SEMI-AUTO,DIESEL
867,5,A Class,2017,14499,13410,145,72.4,1.5,MANUAL,DIESEL
868,5,A Class,2017,14499,18233,145,72.4,1.5,MANUAL,DIESEL
869,5,A Class,2017,14500,17855,150,72.4,1.5,MANUAL,DIESEL
870,5,A Class,2017,14500,21754,150,74.3,1.5,SEMI-AUTO,DIESEL
871,5,A Class,2017,14500,22751,145,51.4,1.6,MANUAL,PETROL
872,5,A Class,2017,14500,23966,145,68.9,1.5,MANUAL,DIESEL
873,5,A Class,2017,14500,26000,150,76.4,1.5,SEMI-AUTO,DIESEL
874,5,A Class,2017,14500,26657,125,53.3,1.6,SEMI-AUTO,PETROL
875,5,A Class,2017,14500,27402,0,76.4,1.5,AUTOMATIC,DIESEL
876,5,A Class,2017,14500,31308,125,53.3,1.6,SEMI-AUTO,PETROL
877,5,A Class,2017,14500,34866,150,68.9,1.5,MANUAL,DIESEL
878,5,A Class,2017,14500,49650,150,74.3,1.5,AUTOMATIC,DIESEL
879,5,A Class,2017,14500,53901,20,68.9,1.5,MANUAL,DIESEL
880,5,A Class,2017,14599,13869,145,80.7,1.5,MANUAL,DIESEL
881,5,A Class,2017,14649,14980,145,72.4,1.5,MANUAL,DIESEL
882,5,A Class,2017,14680,42151,145,74.3,1.5,AUTOMATIC,DIESEL
883,5,A Class,2017,14699,17996,145,72.4,1.5,MANUAL,DIESEL
884,5,A Class,2017,14699,18154,145,65.7,2.1,MANUAL,DIESEL
885,5,A Class,2017,14700,20831,145,74.3,1.5,AUTOMATIC,DIESEL
886,5,A Class,2017,14700,30000,145,51.4,1.6,MANUAL,PETROL
887,5,A Class,2017,14700,56387,20,68.9,2.1,SEMI-AUTO,DIESEL
888,5,A Class,2017,14799,21147,145,51.4,1.6,MANUAL,PETROL
889,5,A Class,2017,14799,25522,145,68.9,1.5,MANUAL,DIESEL
890,5,A Class,2017,14812,20874,145,72.4,1.5,MANUAL,DIESEL
891,5,A Class,2017,14827,17197,145,72.4,1.5,MANUAL,DIESEL
892,5,A Class,2017,14830,39432,20,74.3,1.5,AUTOMATIC,DIESEL
893,5,A Class,2017,14891,24945,20,72.4,1.5,MANUAL,DIESEL
894,5,A Class,2017,14899,27016,145,74.3,1.5,AUTOMATIC,DIESEL
895,5,A Class,2017,14980,36040,20,68.9,1.5,MANUAL,DIESEL
896,5,A Class,2017,14981,39000,150,53.3,1.6,SEMI-AUTO,PETROL
897,5,A Class,2017,14990,12500,150,51.4,1.6,MANUAL,PETROL
898,5,A Class,2017,14990,20184,20,72.4,1.5,MANUAL,DIESEL
899,5,A Class,2017,14990,23000,145,49.6,1.6,MANUAL,PETROL
900,5,A Class,2017,14990,29000,145,49.6,1.6,MANUAL,PETROL
901,5,A Class,2017,14990,39000,145,68.9,2.1,AUTOMATIC,DIESEL
902,5,A Class,2017,14995,26843,20,68.9,1.5,MANUAL,DIESEL
903,5,A Class,2017,14995,34000,20,74.3,1.5,SEMI-AUTO,DIESEL
904,5,A Class,2017,14995,38907,150,74.3,1.5,SEMI-AUTO,DIESEL
905,5,A Class,2017,14998,30626,150,74.3,1.5,SEMI-AUTO,DIESEL
906,5,A Class,2017,14999,11373,145,65.7,2.1,MANUAL,DIESEL
907,5,A Class,2017,14999,18791,125,51.4,1.6,MANUAL,PETROL
908,5,A Class,2017,14999,20454,145,72.4,1.5,MANUAL,DIESEL
909,5,A Class,2017,14999,21733,145,68.9,1.5,MANUAL,DIESEL
910,5,A Class,2017,14999,31350,145,68.9,1.5,MANUAL,DIESEL
911,5,A Class,2017,14999,35510,125,52.3,1.6,AUTOMATIC,PETROL
912,5,A Class,2017,15000,12891,145,55.4,1.6,AUTOMATIC,PETROL
913,5,A Class,2017,15000,24496,20,74.3,1.5,AUTOMATIC,DIESEL
914,5,A Class,2017,15000,27842,150,68.9,1.5,MANUAL,DIESEL
915,5,A Class,2017,15000,29737,145,62.8,2.1,MANUAL,DIESEL
916,5,A Class,2017,15000,34449,150,51.4,1.6,MANUAL,PETROL
917,5,A Class,2017,15001,27289,145,68.9,2.1,MANUAL,DIESEL
918,5,A Class,2017,15012,34099,125,51.4,1.6,MANUAL,PETROL
919,5,A Class,2017,15035,28913,145,74.3,1.5,AUTOMATIC,DIESEL
920,5,A Class,2017,15042,18033,20,72.4,1.5,MANUAL,DIESEL
921,5,A Class,2017,15065,14219,30,55.4,1.6,SEMI-AUTO,PETROL
922,5,A Class,2017,15072,37699,145,49.6,1.6,MANUAL,PETROL
923,5,A Class,2017,15088,13837,145,68.9,1.5,MANUAL,DIESEL
924,5,A Class,2017,15100,43666,145,49.6,1.6,MANUAL,PETROL
925,5,A Class,2017,15122,15036,125,51.4,1.6,MANUAL,PETROL
926,5,A Class,2017,15124,15080,145,72.4,1.5,MANUAL,DIESEL
927,5,A Class,2017,15165,37762,20,74.3,1.5,AUTOMATIC,DIESEL
928,5,A Class,2017,15178,21470,20,74.3,1.5,SEMI-AUTO,DIESEL
929,5,A Class,2017,15199,17467,145,74.3,1.5,AUTOMATIC,DIESEL
930,5,A Class,2017,15199,34243,20,68.9,1.5,MANUAL,DIESEL
931,5,A Class,2017,15200,8624,150,68.9,2.1,MANUAL,DIESEL
932,5,A Class,2017,15200,12587,145,55.4,1.6,AUTOMATIC,PETROL
933,5,A Class,2017,15200,13774,150,74.3,1.5,SEMI-AUTO,DIESEL
934,5,A Class,2017,15200,22289,125,51.4,1.6,MANUAL,PETROL
935,5,A Class,2017,15200,43741,20,68.9,2.1,SEMI-AUTO,DIESEL
936,5,A Class,2017,15245,22969,145,68.9,1.5,MANUAL,DIESEL
937,5,A Class,2017,15249,30761,145,68.9,1.5,MANUAL,DIESEL
938,5,A Class,2017,15280,24767,145,65.7,2.1,MANUAL,DIESEL
939,5,A Class,2017,15281,13943,145,51.4,1.6,MANUAL,PETROL
940,5,A Class,2017,15285,14156,145,74.3,2.1,AUTOMATIC,DIESEL
941,5,A Class,2017,15299,11000,30,55.4,1.6,SEMI-AUTO,PETROL
942,5,A Class,2017,15361,29941,30,62.8,2.1,MANUAL,DIESEL
943,5,A Class,2017,15399,14074,145,74.3,1.5,AUTOMATIC,DIESEL
944,5,A Class,2017,15399,14174,145,65.7,2.1,MANUAL,DIESEL
945,5,A Class,2017,15450,20500,150,51.4,1.6,MANUAL,PETROL
946,5,A Class,2017,15472,24475,145,68.9,1.5,MANUAL,DIESEL
947,5,A Class,2017,15475,43436,20,74.3,1.5,SEMI-AUTO,DIESEL
948,5,A Class,2017,15480,42609,20,74.3,1.5,AUTOMATIC,DIESEL
949,5,A Class,2017,15490,23000,145,68.9,2.1,AUTOMATIC,DIESEL
950,5,A Class,2017,15490,40014,30,62.8,2.1,MANUAL,DIESEL
951,5,A Class,2017,15490,40014,30,62.8,2.1,MANUAL,DIESEL
952,5,A Class,2017,15495,30434,125,52.3,1.6,AUTOMATIC,PETROL
953,5,A Class,2017,15498,35295,20,68.9,1.5,MANUAL,DIESEL
954,5,A Class,2017,15498,47412,20,68.9,1.5,MANUAL,DIESEL
955,5,A Class,2017,15499,18138,125,53.3,1.6,SEMI-AUTO,PETROL
956,5,A Class,2017,15499,20645,145,68.9,1.5,MANUAL,DIESEL
957,5,A Class,2017,15499,20753,145,68.9,1.5,MANUAL,DIESEL
958,5,A Class,2017,15499,23697,145,68.9,1.5,MANUAL,DIESEL
959,5,A Class,2017,15500,19029,145,53.3,1.6,AUTOMATIC,PETROL
960,5,A Class,2017,15500,32568,20,68.9,2.1,AUTOMATIC,DIESEL
961,5,A Class,2017,15590,34553,145,68.9,2.1,SEMI-AUTO,DIESEL
962,5,A Class,2017,15591,13803,20,74.3,1.5,AUTOMATIC,DIESEL
963,5,A Class,2017,15599,11665,145,65.7,2.1,MANUAL,DIESEL
964,5,A Class,2017,15599,13027,145,51.4,1.6,MANUAL,PETROL
965,5,A Class,2017,15600,24476,30,62.8,2.1,MANUAL,DIESEL
966,5,A Class,2017,15637,19733,125,51.4,1.6,MANUAL,PETROL
967,5,A Class,2017,15648,23032,145,62.8,2.1,MANUAL,DIESEL
968,5,A Class,2017,15649,24524,145,68.9,1.5,MANUAL,DIESEL
969,5,A Class,2017,15650,28079,145,53.3,1.6,AUTOMATIC,PETROL
970,5,A Class,2017,15680,12239,145,65.7,2.1,MANUAL,DIESEL
971,5,A Class,2017,15691,20875,145,65.7,2.1,MANUAL,DIESEL
972,5,A Class,2017,15695,24866,150,49.6,1.6,MANUAL,PETROL
973,5,A Class,2017,15699,21107,145,51.4,1.6,MANUAL,PETROL
974,5,A Class,2017,15700,19286,145,74.3,1.5,AUTOMATIC,DIESEL
975,5,A Class,2017,15700,24460,20,74.3,1.5,AUTOMATIC,DIESEL
976,5,A Class,2017,15718,32365,125,51.4,1.6,MANUAL,PETROL
977,5,A Class,2017,15739,13049,145,74.3,1.5,AUTOMATIC,DIESEL
978,5,A Class,2017,15750,21000,145,74.3,1.5,SEMI-AUTO,DIESEL
979,5,A Class,2017,15781,17743,145,72.4,1.5,MANUAL,DIESEL
980,5,A Class,2017,15787,24092,20,70.6,2.1,AUTOMATIC,DIESEL
981,5,A Class,2017,15789,19572,125,53.3,1.6,SEMI-AUTO,PETROL
982,5,A Class,2017,15790,23364,145,62.8,2.1,MANUAL,DIESEL
983,5,A Class,2017,15790,26993,20,68.9,1.5,MANUAL,DIESEL
984,5,A Class,2017,15799,9330,145,51.4,1.6,MANUAL,PETROL
985,5,A Class,2017,15799,17284,145,68.9,1.5,MANUAL,DIESEL
986,5,A Class,2017,15799,24105,20,68.9,1.5,MANUAL,DIESEL
987,5,A Class,2017,15799,24105,20,68.9,1.5,MANUAL,DIESEL
988,5,A Class,2017,15800,24602,30,62.8,2.1,MANUAL,DIESEL
989,5,A Class,2017,15824,12050,20,74.3,1.5,SEMI-AUTO,DIESEL
990,5,A Class,2017,15840,24814,145,62.8,2.1,MANUAL,DIESEL
991,5,A Class,2017,15850,19275,145,62.8,2.1,MANUAL,DIESEL
992,5,A Class,2017,15870,15656,125,51.4,1.6,MANUAL,PETROL
993,5,A Class,2017,15889,21891,145,62.8,2.1,MANUAL,DIESEL
994,5,A Class,2017,15892,29785,145,68.9,1.5,MANUAL,DIESEL
995,5,A Class,2017,15896,11072,145,74.3,1.5,AUTOMATIC,DIESEL
996,5,A Class,2017,15900,44944,20,67.3,2.1,AUTOMATIC,DIESEL
997,5,A Class,2017,15924,25450,145,53.3,1.6,SEMI-AUTO,PETROL
998,5,A Class,2017,15943,19130,145,70.6,2.1,SEMI-AUTO,DIESEL
999,5,A Class,2017,15949,14632,145,68.9,1.5,MANUAL,DIESEL
1000,5,A Class,2017,15949,27500,145,62.8,2.1,MANUAL,DIESEL
1001,5,A Class,2017,15950,20013,145,51.4,1.6,MANUAL,PETROL
1002,5,A Class,2017,15975,20932,150,70.6,2.1,SEMI-AUTO,DIESEL
1003,5,A Class,2017,15978,16500,145,74.3,1.5,AUTOMATIC,DIESEL
1004,5,A Class,2017,15980,11100,145,53.3,1.6,AUTOMATIC,PETROL
1005,5,A Class,2017,15980,11607,150,55.4,1.6,AUTOMATIC,PETROL
1006,5,A Class,2017,15981,15000,150,76.4,1.5,SEMI-AUTO,DIESEL
1007,5,A Class,2017,15981,17210,150,74.3,1.5,SEMI-AUTO,DIESEL
1008,5,A Class,2017,15989,10973,150,51.4,1.6,MANUAL,PETROL
1009,5,A Class,2017,15990,22231,145,49.6,1.6,MANUAL,PETROL
1010,5,A Class,2017,15991,13733,145,74.3,1.5,SEMI-AUTO,DIESEL
1011,5,A Class,2017,15993,9756,145,74.3,1.5,AUTOMATIC,DIESEL
1012,5,A Class,2017,15995,10839,145,55.4,1.6,SEMI-AUTO,PETROL
1013,5,A Class,2017,15995,10839,145,55.4,1.6,SEMI-AUTO,PETROL
1014,5,A Class,2017,15995,38530,145,68.9,2.1,SEMI-AUTO,DIESEL
1015,5,A Class,2017,15995,42500,125,52.3,1.6,SEMI-AUTO,PETROL
1016,5,A Class,2017,15998,38457,20,68.9,2.1,SEMI-AUTO,DIESEL
1017,5,A Class,2017,15999,7000,145,55.4,1.6,SEMI-AUTO,PETROL
1018,5,A Class,2017,15999,7493,145,74.3,1.5,AUTOMATIC,DIESEL
1019,5,A Class,2017,15999,8213,145,68.9,1.5,MANUAL,DIESEL
1020,5,A Class,2017,15999,12279,20,68.9,1.5,MANUAL,DIESEL
1021,5,A Class,2017,15999,23224,20,74.3,1.5,AUTOMATIC,DIESEL
1022,5,A Class,2017,15999,40862,20,68.9,1.5,MANUAL,DIESEL
1023,5,A Class,2017,16000,7273,145,53.3,1.6,AUTOMATIC,PETROL
1024,5,A Class,2017,16000,14255,145,50.4,1.6,MANUAL,PETROL
1025,5,A Class,2017,16000,18247,150,51.4,1.6,MANUAL,PETROL
1026,5,A Class,2017,16000,23280,150,68.9,1.5,MANUAL,DIESEL
1027,5,A Class,2017,16000,27938,20,68.9,1.5,MANUAL,DIESEL
1028,5,A Class,2017,16000,32000,20,74.3,1.5,SEMI-AUTO,DIESEL
1029,5,A Class,2017,16015,25428,145,51.4,1.6,MANUAL,PETROL
1030,5,A Class,2017,16019,15147,150,49.6,1.6,MANUAL,PETROL
1031,5,A Class,2017,16045,17301,145,62.8,2.1,MANUAL,DIESEL
1032,5,A Class,2017,16065,12272,145,74.3,1.5,SEMI-AUTO,DIESEL
1033,5,A Class,2017,16099,17930,145,68.9,1.5,MANUAL,DIESEL
1034,5,A Class,2017,16124,25141,20,74.3,1.5,SEMI-AUTO,DIESEL
1035,5,A Class,2017,16162,34726,30,62.8,2.1,MANUAL,DIESEL
1036,5,A Class,2017,16177,20699,145,74.3,1.5,SEMI-AUTO,DIESEL
1037,5,A Class,2017,16190,33912,20,68.9,1.5,MANUAL,DIESEL
1038,5,A Class,2017,16199,35969,145,74.3,1.5,AUTOMATIC,DIESEL
1039,5,A Class,2017,16249,3951,145,74.3,1.5,SEMI-AUTO,DIESEL
1040,5,A Class,2017,16249,32396,20,68.9,2.1,AUTOMATIC,DIESEL
1041,5,A Class,2017,16250,24155,150,51.4,1.6,MANUAL,PETROL
1042,5,A Class,2017,16250,43865,145,68.9,2.1,SEMI-AUTO,DIESEL
1043,5,A Class,2017,16290,15720,150,68.9,1.5,MANUAL,DIESEL
1044,5,A Class,2017,16294,12086,20,74.3,1.5,AUTOMATIC,DIESEL
1045,5,A Class,2017,16299,16200,145,68.9,1.5,MANUAL,DIESEL
1046,5,A Class,2017,16299,23857,145,74.3,1.5,AUTOMATIC,DIESEL
1047,5,A Class,2017,16299,25799,20,68.9,1.5,MANUAL,DIESEL
1048,5,A Class,2017,16300,13489,145,74.3,1.5,SEMI-AUTO,DIESEL
1049,5,A Class,2017,16300,25652,30,62.8,2.1,MANUAL,DIESEL
1050,5,A Class,2017,16311,57206,20,68.9,2.1,SEMI-AUTO,DIESEL
1051,5,A Class,2017,16349,33501,20,68.9,1.5,MANUAL,DIESEL
1052,5,A Class,2017,16392,18969,145,68.9,1.5,MANUAL,DIESEL
1053,5,A Class,2017,16450,17000,20,68.9,1.5,MANUAL,DIESEL
1054,5,A Class,2017,16450,27888,30,55.4,1.6,SEMI-AUTO,PETROL
1055,5,A Class,2017,16450,37112,20,68.9,2.1,SEMI-AUTO,DIESEL
1056,5,A Class,2017,16475,17500,145,62.8,2.1,MANUAL,DIESEL
1057,5,A Class,2017,16480,11456,20,70.6,2.1,SEMI-AUTO,DIESEL
1058,5,A Class,2017,16480,11456,20,70.6,2.1,SEMI-AUTO,DIESEL
1059,5,A Class,2017,16489,10192,145,68.9,1.5,MANUAL,DIESEL
1060,5,A Class,2017,16490,41445,20,74.3,1.5,SEMI-AUTO,DIESEL
1061,5,A Class,2017,16495,14427,145,53.3,1.6,SEMI-AUTO,PETROL
1062,5,A Class,2017,16495,29062,145,74.3,1.5,SEMI-AUTO,DIESEL
1063,5,A Class,2017,16498,37010,145,68.9,2.1,SEMI-AUTO,DIESEL
1064,5,A Class,2017,16499,17490,145,68.9,2.1,AUTOMATIC,DIESEL
1065,5,A Class,2017,16499,19425,145,68.9,2.1,AUTOMATIC,DIESEL
1066,5,A Class,2017,16499,20477,145,68.9,2.1,AUTOMATIC,DIESEL
1067,5,A Class,2017,16499,40381,20,74.3,1.5,AUTOMATIC,DIESEL
1068,5,A Class,2017,16500,17920,20,74.3,1.5,AUTOMATIC,DIESEL
1069,5,A Class,2017,16500,18969,145,51.4,1.6,MANUAL,PETROL
1070,5,A Class,2017,16500,23431,20,74.3,1.5,AUTOMATIC,DIESEL
1071,5,A Class,2017,16500,27000,125,51.4,1.6,MANUAL,PETROL
1072,5,A Class,2017,16501,11849,145,50.4,1.6,MANUAL,PETROL
1073,5,A Class,2017,16550,11460,145,49.6,1.6,MANUAL,PETROL
1074,5,A Class,2017,16565,18398,145,53.3,1.6,SEMI-AUTO,PETROL
1075,5,A Class,2017,16591,24321,145,74.3,1.5,AUTOMATIC,DIESEL
1076,5,A Class,2017,16592,28082,145,70.6,2.1,SEMI-AUTO,DIESEL
1077,5,A Class,2017,16599,13848,125,51.4,1.6,MANUAL,PETROL
1078,5,A Class,2017,16599,21000,125,53.3,1.6,SEMI-AUTO,PETROL
1079,5,A Class,2017,16601,14145,145,51.4,1.6,MANUAL,PETROL
1080,5,A Class,2017,16633,23979,145,68.9,2.1,AUTOMATIC,DIESEL
1081,5,A Class,2017,16699,17537,145,68.9,1.5,MANUAL,DIESEL
1082,5,A Class,2017,16722,18894,145,51.4,1.6,MANUAL,PETROL
1083,5,A Class,2017,16722,23644,145,49.6,1.6,MANUAL,PETROL
1084,5,A Class,2017,16750,24469,125,53.3,1.6,AUTOMATIC,PETROL
1085,5,A Class,2017,16750,24597,145,53.3,1.6,AUTOMATIC,PETROL
1086,5,A Class,2017,16750,30000,20,68.9,2.1,SEMI-AUTO,DIESEL
1087,5,A Class,2017,16750,31913,145,68.9,1.5,MANUAL,DIESEL
1088,5,A Class,2017,16770,9321,145,53.3,1.6,SEMI-AUTO,PETROL
1089,5,A Class,2017,16780,34416,20,74.3,1.5,AUTOMATIC,DIESEL
1090,5,A Class,2017,16781,27781,145,49.6,1.6,MANUAL,PETROL
1091,5,A Class,2017,16790,23899,145,68.9,1.5,MANUAL,DIESEL
1092,5,A Class,2017,16795,25112,150,49.6,1.6,MANUAL,PETROL
1093,5,A Class,2017,16798,24388,20,68.9,1.5,MANUAL,DIESEL
1094,5,A Class,2017,16799,14129,145,49.6,1.6,MANUAL,PETROL
1095,5,A Class,2017,16800,27459,125,51.4,1.6,MANUAL,PETROL
1096,5,A Class,2017,16835,25363,145,62.8,2.1,MANUAL,DIESEL
1097,5,A Class,2017,16850,17606,145,62.8,2.1,MANUAL,DIESEL
1098,5,A Class,2017,16850,28206,20,67.3,2.1,SEMI-AUTO,DIESEL
1099,5,A Class,2017,16862,21047,145,49.6,1.6,MANUAL,PETROL
1100,5,A Class,2017,16868,18254,150,74.3,1.5,SEMI-AUTO,DIESEL
1101,5,A Class,2017,16898,24093,150,62.8,2.1,MANUAL,DIESEL
1102,5,A Class,2017,16899,11750,145,53.3,1.6,SEMI-AUTO,PETROL
1103,5,A Class,2017,16912,12717,145,70.6,2.1,SEMI-AUTO,DIESEL
1104,5,A Class,2017,16919,8961,20,68.9,1.5,MANUAL,DIESEL
1105,5,A Class,2017,16950,29262,145,68.9,2.1,AUTOMATIC,DIESEL
1106,5,A Class,2017,16975,14578,145,68.9,2.1,SEMI-AUTO,DIESEL
1107,5,A Class,2017,16979,11811,20,68.9,1.5,MANUAL,DIESEL
1108,5,A Class,2017,16980,15734,145,62.8,2.1,MANUAL,DIESEL
1109,5,A Class,2017,16980,21430,145,52.3,1.6,AUTOMATIC,PETROL
1110,5,A Class,2017,16995,22929,145,68.9,2.1,AUTOMATIC,DIESEL
1111,5,A Class,2017,16995,25800,150,68.9,2.1,SEMI-AUTO,DIESEL
1112,5,A Class,2017,16995,35095,30,62.8,2.1,MANUAL,DIESEL
1113,5,A Class,2017,16998,17196,145,62.8,2.1,MANUAL,DIESEL
1114,5,A Class,2017,16998,19321,150,68.9,2.1,SEMI-AUTO,DIESEL
1115,5,A Class,2017,16999,8771,145,68.9,1.5,MANUAL,DIESEL
1116,5,A Class,2017,16999,12200,20,68.9,1.5,MANUAL,DIESEL
1117,5,A Class,2017,16999,17781,145,49.6,1.6,MANUAL,PETROL
1118,5,A Class,2017,17000,10634,150,49.6,1.6,MANUAL,PETROL
1119,5,A Class,2017,17047,14951,145,68.9,2.1,SEMI-AUTO,DIESEL
1120,5,A Class,2017,17049,15001,145,68.9,2.1,SEMI-AUTO,DIESEL
1121,5,A Class,2017,17100,15046,145,51.4,1.6,MANUAL,PETROL
1122,5,A Class,2017,17100,16365,125,53.3,1.6,AUTOMATIC,PETROL
1123,5,A Class,2017,17107,21050,145,67.3,2.1,AUTOMATIC,DIESEL
1124,5,A Class,2017,17149,17834,145,68.9,2.1,SEMI-AUTO,DIESEL
1125,5,A Class,2017,17150,18750,145,68.9,2.1,SEMI-AUTO,DIESEL
1126,5,A Class,2017,17192,31611,20,74.3,1.5,SEMI-AUTO,DIESEL
1127,5,A Class,2017,17200,23593,145,53.3,1.6,AUTOMATIC,PETROL
1128,5,A Class,2017,17200,48709,20,74.3,1.5,SEMI-AUTO,DIESEL
1129,5,A Class,2017,17250,35000,20,68.9,2.1,SEMI-AUTO,DIESEL
1130,5,A Class,2017,17259,13615,145,68.9,2.1,AUTOMATIC,DIESEL
1131,5,A Class,2017,17272,32000,20,74.3,1.5,AUTOMATIC,DIESEL
1132,5,A Class,2017,17295,15686,145,53.3,1.6,AUTOMATIC,PETROL
1133,5,A Class,2017,17295,16813,145,68.9,2.1,AUTOMATIC,DIESEL
1134,5,A Class,2017,17300,24154,20,68.9,2.1,AUTOMATIC,DIESEL
1135,5,A Class,2017,17360,16005,20,68.9,2.1,SEMI-AUTO,DIESEL
1136,5,A Class,2017,17399,10707,145,68.9,2.1,AUTOMATIC,DIESEL
1137,5,A Class,2017,17400,18200,145,49.6,1.6,MANUAL,PETROL
1138,5,A Class,2017,17420,8168,145,51.4,1.6,MANUAL,PETROL
1139,5,A Class,2017,17462,22164,145,70.6,2.1,SEMI-AUTO,DIESEL
1140,5,A Class,2017,17490,12355,145,68.9,2.1,AUTOMATIC,DIESEL
1141,5,A Class,2017,17495,21000,150,74.3,1.5,SEMI-AUTO,DIESEL
1142,5,A Class,2017,17495,24500,145,68.9,2.1,SEMI-AUTO,DIESEL
1143,5,A Class,2017,17498,9663,30,62.8,2.1,MANUAL,DIESEL
1144,5,A Class,2017,17498,15665,145,68.9,2.1,AUTOMATIC,DIESEL
1145,5,A Class,2017,17498,16244,145,74.3,1.5,SEMI-AUTO,DIESEL
1146,5,A Class,2017,17498,48931,20,68.9,2.1,AUTOMATIC,DIESEL
1147,5,A Class,2017,17500,19000,125,53.3,1.6,SEMI-AUTO,PETROL
1148,5,A Class,2017,17500,24000,145,49.6,1.6,MANUAL,PETROL
1149,5,A Class,2017,17500,26986,145,74.3,1.5,AUTOMATIC,DIESEL
1150,5,A Class,2017,17548,19741,145,74.3,1.5,SEMI-AUTO,DIESEL
1151,5,A Class,2017,17595,13081,145,52.3,1.6,AUTOMATIC,PETROL
1152,5,A Class,2017,17600,11000,145,51.4,1.6,MANUAL,PETROL
1153,5,A Class,2017,17600,12343,145,68.9,1.5,MANUAL,DIESEL
1154,5,A Class,2017,17695,7145,145,74.3,1.5,AUTOMATIC,DIESEL
1155,5,A Class,2017,17695,7145,150,74.3,1.5,SEMI-AUTO,DIESEL
1156,5,A Class,2017,17699,6498,145,52.3,1.6,SEMI-AUTO,PETROL
1157,5,A Class,2017,17712,28663,125,52.3,1.6,SEMI-AUTO,PETROL
1158,5,A Class,2017,17761,18275,145,49.6,1.6,MANUAL,PETROL
1159,5,A Class,2017,17795,24175,20,70.6,2.1,SEMI-AUTO,DIESEL
1160,5,A Class,2017,17880,5667,20,74.3,1.5,AUTOMATIC,DIESEL
1161,5,A Class,2017,17880,7615,145,68.9,2.1,SEMI-AUTO,DIESEL
1162,5,A Class,2017,17891,19850,145,52.3,1.6,SEMI-AUTO,PETROL
1163,5,A Class,2017,17891,21844,150,68.9,2.1,SEMI-AUTO,DIESEL
1164,5,A Class,2017,17899,19300,145,68.9,1.5,MANUAL,DIESEL
1165,5,A Class,2017,17900,10880,145,52.3,1.6,AUTOMATIC,PETROL
1166,5,A Class,2017,17901,30000,150,62.8,2.1,MANUAL,DIESEL
1167,5,A Class,2017,17981,24315,150,52.3,1.6,SEMI-AUTO,PETROL
1168,5,A Class,2017,17990,25000,145,49.6,1.6,MANUAL,PETROL
1169,5,A Class,2017,17995,26647,145,67.3,2.1,SEMI-AUTO,DIESEL
1170,5,A Class,2017,17999,30000,145,52.3,1.6,SEMI-AUTO,PETROL
1171,5,A Class,2017,18000,10227,20,67.3,2.1,SEMI-AUTO,DIESEL
1172,5,A Class,2017,18000,33282,145,68.9,0,AUTOMATIC,DIESEL
1173,5,A Class,2017,18012,27999,20,67.3,2.1,SEMI-AUTO,DIESEL
1174,5,A Class,2017,18162,14823,145,68.9,2.1,SEMI-AUTO,DIESEL
1175,5,A Class,2017,18192,23600,125,52.3,1.6,SEMI-AUTO,PETROL
1176,5,A Class,2017,18199,15000,145,68.9,2.1,SEMI-AUTO,DIESEL
1177,5,A Class,2017,18248,14439,20,68.9,1.5,MANUAL,DIESEL
1178,5,A Class,2017,18298,7919,145,68.9,2.1,SEMI-AUTO,DIESEL
1179,5,A Class,2017,18400,22486,20,67.3,2.1,SEMI-AUTO,DIESEL
1180,5,A Class,2017,18401,26891,150,74.3,1.5,SEMI-AUTO,DIESEL
1181,5,A Class,2017,18450,27363,20,67.3,2.1,SEMI-AUTO,DIESEL
1182,5,A Class,2017,18480,15071,145,80.7,1.5,MANUAL,DIESEL
1183,5,A Class,2017,18495,15734,145,68.9,2.1,SEMI-AUTO,DIESEL
1184,5,A Class,2017,18495,21075,145,67.3,2.1,SEMI-AUTO,DIESEL
1185,5,A Class,2017,18498,15478,145,53.3,1.6,SEMI-AUTO,PETROL
1186,5,A Class,2017,18500,20571,145,52.3,1.6,AUTOMATIC,PETROL
1187,5,A Class,2017,18599,15197,145,68.9,2.1,SEMI-AUTO,DIESEL
1188,5,A Class,2017,18740,8461,125,52.3,1.6,SEMI-AUTO,PETROL
1189,5,A Class,2017,18749,7100,145,52.3,1.6,SEMI-AUTO,PETROL
1190,5,A Class,2017,18790,19079,145,52.3,1.6,SEMI-AUTO,PETROL
1191,5,A Class,2017,18890,7875,150,53.3,1.6,AUTOMATIC,PETROL
1192,5,A Class,2017,18890,20805,145,68.9,2.1,SEMI-AUTO,DIESEL
1193,5,A Class,2017,18898,11388,20,67.3,2.1,SEMI-AUTO,DIESEL
1194,5,A Class,2017,18961,10351,150,68.9,2.1,SEMI-AUTO,DIESEL
1195,5,A Class,2017,18981,13366,145,52.3,1.6,SEMI-AUTO,PETROL
1196,5,A Class,2017,18991,13667,125,52.3,1.6,AUTOMATIC,PETROL
1197,5,A Class,2017,18995,23130,20,68.9,2.1,SEMI-AUTO,DIESEL
1198,5,A Class,2017,18998,22199,145,62.8,2.1,MANUAL,DIESEL
1199,5,A Class,2017,18999,18032,145,68.9,2.1,SEMI-AUTO,DIESEL
1200,5,A Class,2017,19019,35048,150,68.9,1.5,MANUAL,DIESEL
1201,5,A Class,2017,19231,23174,145,68.9,2.1,AUTOMATIC,DIESEL
1202,5,A Class,2017,19300,25838,20,67.3,2.1,AUTOMATIC,DIESEL
1203,5,A Class,2017,19450,20271,145,68.9,2.1,SEMI-AUTO,DIESEL
1204,5,A Class,2017,19480,22000,145,68.9,2.1,SEMI-AUTO,DIESEL
1205,5,A Class,2017,19495,23645,125,52.3,1.6,SEMI-AUTO,PETROL
1206,5,A Class,2017,19500,6482,145,68.9,2.1,AUTOMATIC,DIESEL
1207,5,A Class,2017,19690,20124,20,67.3,2.1,SEMI-AUTO,DIESEL
1208,5,A Class,2017,19998,22755,145,45.6,2,AUTOMATIC,PETROL
1209,5,A Class,2017,19998,28129,145,45.6,2,SEMI-AUTO,PETROL
1210,5,A Class,2017,19998,37572,150,45.6,2,AUTOMATIC,PETROL
1211,5,A Class,2017,19999,28243,160,45.6,2,AUTOMATIC,PETROL
1212,5,A Class,2017,20000,13685,145,41.5,2,MANUAL,PETROL
1213,5,A Class,2017,20392,4597,125,52.3,1.6,SEMI-AUTO,PETROL
1214,5,A Class,2017,20795,19400,160,45.6,2,SEMI-AUTO,PETROL
1215,5,A Class,2017,26498,33133,200,40.9,2,AUTOMATIC,PETROL
1216,5,A Class,2017,26950,21940,150,40.9,2,SEMI-AUTO,PETROL
1217,5,A Class,2017,27248,26155,145,40.9,2,AUTOMATIC,PETROL
1218,5,A Class,2017,27490,31775,145,40.9,2,SEMI-AUTO,PETROL
1219,5,A Class,2017,27750,17726,145,40.9,2,AUTOMATIC,PETROL
1220,5,A Class,2017,27990,17299,200,40.9,2,SEMI-AUTO,PETROL
1221,5,A Class,2017,28499,33024,145,40.9,2,SEMI-AUTO,PETROL
1222,5,A Class,2017,28582,18957,145,40.9,2,SEMI-AUTO,PETROL
1223,5,A Class,2017,28890,17632,145,40.9,2,AUTOMATIC,PETROL
1224,5,A Class,2017,28980,24906,145,40.9,2,AUTOMATIC,PETROL
1225,5,A Class,2017,29090,25965,200,40.9,2,SEMI-AUTO,PETROL
1226,5,A Class,2017,29750,14892,200,40.9,2,SEMI-AUTO,PETROL
1227,5,A Class,2017,29840,23786,145,40.9,2,SEMI-AUTO,PETROL
1228,5,A Class,2017,29890,8272,145,40.9,2,AUTOMATIC,PETROL
1229,5,A Class,2017,29990,8789,145,40.9,2,AUTOMATIC,PETROL
1230,5,A Class,2017,29995,7000,145,40.9,2,AUTOMATIC,PETROL
1231,5,A Class,2017,31022,25803,200,40.9,2,AUTOMATIC,PETROL
1232,5,A Class,2017,31112,14687,145,40.9,2,SEMI-AUTO,PETROL
1233,5,A Class,2017,31342,9872,145,40.9,2,SEMI-AUTO,PETROL
1234,5,A Class,2017,31352,14268,145,40.9,2,SEMI-AUTO,PETROL
1235,5,A Class,2017,31400,12609,150,40.9,2,AUTOMATIC,PETROL
1236,5,A Class,2017,31980,28210,145,40.9,2,SEMI-AUTO,PETROL
1237,5,A Class,2017,31989,29852,150,40.9,2,SEMI-AUTO,PETROL
1238,5,A Class,2017,32222,23975,145,40.9,2,SEMI-AUTO,PETROL
1239,5,A Class,2017,32981,25600,150,40.9,2,SEMI-AUTO,PETROL
1240,5,A Class,2017,75089,5226,145,30.4,4,SEMI-AUTO,PETROL
1241,5,A Class,2017,79999,13781,145,30.1,4,SEMI-AUTO,PETROL
1242,5,A Class,2017,100124,439,145,24.8,4,AUTOMATIC,PETROL
1243,5,A Class,2017,109495,1755,145,24.8,4,AUTOMATIC,PETROL
1244,5,A Class,2018,14000,20393,150,65.7,2.1,MANUAL,DIESEL
1245,5,A Class,2018,14300,16347,150,74.3,1.5,AUTOMATIC,DIESEL
1246,5,A Class,2018,14450,36619,145,51.4,1.6,MANUAL,PETROL
1247,5,A Class,2018,14500,20001,150,65.7,2.1,MANUAL,DIESEL
1248,5,A Class,2018,14500,25414,150,51.4,1.6,MANUAL,PETROL
1249,5,A Class,2018,14750,31149,150,51.4,1.6,MANUAL,PETROL
1250,5,A Class,2018,14900,20257,150,50.4,1.6,MANUAL,PETROL
1251,5,A Class,2018,14975,17000,145,74.3,1.5,SEMI-AUTO,DIESEL
1252,5,A Class,2018,14990,41000,145,68.9,1.5,MANUAL,DIESEL
1253,5,A Class,2018,15000,16350,145,50.4,1.6,MANUAL,PETROL
1254,5,A Class,2018,15000,18841,150,51.4,1.6,MANUAL,PETROL
1255,5,A Class,2018,15000,20022,145,51.4,1.6,MANUAL,PETROL
1256,5,A Class,2018,15000,28257,150,68.9,1.5,MANUAL,DIESEL
1257,5,A Class,2018,15095,13000,145,51.4,1.6,MANUAL,PETROL
1258,5,A Class,2018,15121,9598,145,72.4,1.5,MANUAL,DIESEL
1259,5,A Class,2018,15400,25888,150,70.6,2.1,AUTOMATIC,DIESEL
1260,5,A Class,2018,15491,28014,150,68.9,1.5,MANUAL,DIESEL
1261,5,A Class,2018,15495,26848,145,68.9,1.5,MANUAL,DIESEL
1262,5,A Class,2018,15500,19531,150,51.4,1.6,MANUAL,PETROL
1263,5,A Class,2018,15694,43396,145,68.9,1.5,MANUAL,DIESEL
1264,5,A Class,2018,15700,19479,145,49.6,1.6,MANUAL,PETROL
1265,5,A Class,2018,15700,20073,145,51.4,1.6,MANUAL,PETROL
1266,5,A Class,2018,15732,19281,145,74.3,1.5,AUTOMATIC,DIESEL
1267,5,A Class,2018,15799,22971,145,70.6,2.1,AUTOMATIC,DIESEL
1268,5,A Class,2018,15799,24969,145,70.6,2.1,AUTOMATIC,DIESEL
1269,5,A Class,2018,15800,17667,150,49.6,1.6,MANUAL,PETROL
1270,5,A Class,2018,15800,18770,150,51.4,1.6,MANUAL,PETROL
1271,5,A Class,2018,15800,22106,150,70.6,2.1,AUTOMATIC,DIESEL
1272,5,A Class,2018,15800,22698,150,49.6,1.6,MANUAL,PETROL
1273,5,A Class,2018,15800,22907,150,49.6,1.6,MANUAL,PETROL
1274,5,A Class,2018,15800,23051,150,62.8,2.1,MANUAL,DIESEL
1275,5,A Class,2018,15899,31130,150,53.3,1.3,AUTOMATIC,PETROL
1276,5,A Class,2018,15900,22894,145,49.6,1.6,MANUAL,PETROL
1277,5,A Class,2018,15990,14000,145,74.3,1.5,AUTOMATIC,DIESEL
1278,5,A Class,2018,15990,16000,145,51.4,1.6,MANUAL,PETROL
1279,5,A Class,2018,15995,16782,145,72.4,1.5,MANUAL,DIESEL
1280,5,A Class,2018,16000,21112,150,49.6,1.6,MANUAL,PETROL
1281,5,A Class,2018,16000,22015,150,74.3,1.5,AUTOMATIC,DIESEL
1282,5,A Class,2018,16000,22773,150,74.3,1.5,AUTOMATIC,DIESEL
1283,5,A Class,2018,16000,23376,150,74.3,1.5,AUTOMATIC,DIESEL
1284,5,A Class,2018,16047,20495,145,52.3,1.6,AUTOMATIC,PETROL
1285,5,A Class,2018,16130,18570,145,68.9,1.5,MANUAL,DIESEL
1286,5,A Class,2018,16195,22000,145,52.3,1.6,AUTOMATIC,PETROL
1287,5,A Class,2018,16289,14229,145,51.4,1.6,MANUAL,PETROL
1288,5,A Class,2018,16299,25698,145,70.6,2.1,AUTOMATIC,DIESEL
1289,5,A Class,2018,16396,16321,145,51.4,1.6,MANUAL,PETROL
1290,5,A Class,2018,16450,10148,145,68.9,1.5,MANUAL,DIESEL
1291,5,A Class,2018,16450,22883,145,68.9,1.5,MANUAL,DIESEL
1292,5,A Class,2018,16492,21232,145,68.9,1.5,MANUAL,DIESEL
1293,5,A Class,2018,16495,12089,145,68.9,1.5,MANUAL,DIESEL
1294,5,A Class,2018,16499,30066,150,68.9,1.5,MANUAL,DIESEL
1295,5,A Class,2018,16500,14289,150,49.6,1.6,SEMI-AUTO,PETROL
1296,5,A Class,2018,16500,27589,150,74.3,1.5,AUTOMATIC,DIESEL
1297,5,A Class,2018,16552,14230,150,74.3,1.5,SEMI-AUTO,DIESEL
1298,5,A Class,2018,16571,20289,150,72.4,1.5,MANUAL,DIESEL
1299,5,A Class,2018,16600,17005,150,74.3,1.5,AUTOMATIC,DIESEL
1300,5,A Class,2018,16600,19825,145,74.3,1.5,SEMI-AUTO,DIESEL
1301,5,A Class,2018,16607,20247,145,52.3,1.6,AUTOMATIC,PETROL
1302,5,A Class,2018,16699,14779,145,51.4,1.6,MANUAL,PETROL
1303,5,A Class,2018,16699,25000,145,65.7,1.5,SEMI-AUTO,DIESEL
1304,5,A Class,2018,16699,26758,145,51.4,1.6,MANUAL,PETROL
1305,5,A Class,2018,16700,19212,150,74.3,1.5,AUTOMATIC,DIESEL
1306,5,A Class,2018,16740,23000,150,74.3,1.5,AUTOMATIC,DIESEL
1307,5,A Class,2018,16750,20536,150,49.6,1.6,MANUAL,PETROL
1308,5,A Class,2018,16780,14675,145,68.9,1.5,MANUAL,DIESEL
1309,5,A Class,2018,16798,17553,145,68.9,2.1,AUTOMATIC,DIESEL
1310,5,A Class,2018,16799,15155,145,68.9,1.5,MANUAL,DIESEL
1311,5,A Class,2018,16800,16056,150,52.3,1.6,AUTOMATIC,PETROL
1312,5,A Class,2018,16869,24117,145,62.8,2.1,MANUAL,DIESEL
1313,5,A Class,2018,16898,16787,150,52.3,1.6,SEMI-AUTO,PETROL
1314,5,A Class,2018,16970,11447,145,49.6,1.6,MANUAL,PETROL
1315,5,A Class,2018,16980,14909,145,65.7,1.5,SEMI-AUTO,DIESEL
1316,5,A Class,2018,16982,21402,145,52.3,1.6,SEMI-AUTO,PETROL
1317,5,A Class,2018,16990,27590,145,65.7,1.5,AUTOMATIC,DIESEL
1318,5,A Class,2018,16991,13324,145,51.4,1.6,MANUAL,PETROL
1319,5,A Class,2018,16998,23951,150,49.6,1.6,SEMI-AUTO,PETROL
1320,5,A Class,2018,16999,21033,145,65.7,1.5,AUTOMATIC,DIESEL
1321,5,A Class,2018,16999,23362,145,51.4,1.6,MANUAL,PETROL
1322,5,A Class,2018,17000,8688,150,49.6,1.6,SEMI-AUTO,PETROL
1323,5,A Class,2018,17092,27272,145,65.7,1.5,SEMI-AUTO,DIESEL
1324,5,A Class,2018,17132,29686,145,53.3,1.6,SEMI-AUTO,PETROL
1325,5,A Class,2018,17149,18828,145,51.4,1.6,MANUAL,PETROL
1326,5,A Class,2018,17209,21015,145,65.7,1.5,AUTOMATIC,DIESEL
1327,5,A Class,2018,17218,16141,145,70.6,2.1,SEMI-AUTO,DIESEL
1328,5,A Class,2018,17244,30817,145,65.7,1.5,AUTOMATIC,DIESEL
1329,5,A Class,2018,17249,20278,145,68.9,2.1,SEMI-AUTO,DIESEL
1330,5,A Class,2018,17250,16031,150,74.3,1.5,AUTOMATIC,DIESEL
1331,5,A Class,2018,17291,17250,145,51.4,1.6,MANUAL,PETROL
1332,5,A Class,2018,17299,12450,145,52.3,1.6,SEMI-AUTO,PETROL
1333,5,A Class,2018,17320,18821,145,74.3,1.5,SEMI-AUTO,DIESEL
1334,5,A Class,2018,17349,18855,145,68.9,2.1,SEMI-AUTO,DIESEL
1335,5,A Class,2018,17369,24114,145,68.9,2.1,AUTOMATIC,DIESEL
1336,5,A Class,2018,17399,12564,145,68.9,2.1,AUTOMATIC,DIESEL
1337,5,A Class,2018,17400,16135,150,68.9,2.1,AUTOMATIC,DIESEL
1338,5,A Class,2018,17490,13297,145,51.4,1.6,MANUAL,PETROL
1339,5,A Class,2018,17490,15049,145,62.8,2.1,MANUAL,DIESEL
1340,5,A Class,2018,17495,8717,150,49.6,1.6,MANUAL,PETROL
1341,5,A Class,2018,17495,31953,145,51.4,1.6,MANUAL,PETROL
1342,5,A Class,2018,17498,8601,145,51.4,1.6,MANUAL,PETROL
1343,5,A Class,2018,17498,15316,145,49.6,1.6,SEMI-AUTO,PETROL
1344,5,A Class,2018,17498,15597,145,68.9,2.1,SEMI-AUTO,DIESEL
1345,5,A Class,2018,17499,21548,145,65.7,1.5,AUTOMATIC,DIESEL
1346,5,A Class,2018,17499,22767,145,65.7,1.5,AUTOMATIC,DIESEL
1347,5,A Class,2018,17500,19796,145,74.3,0,AUTOMATIC,DIESEL
1348,5,A Class,2018,17549,16321,145,68.9,2.1,SEMI-AUTO,DIESEL
1349,5,A Class,2018,17550,9520,145,52.3,1.6,AUTOMATIC,PETROL
1350,5,A Class,2018,17572,15899,145,68.9,2.1,SEMI-AUTO,DIESEL
1351,5,A Class,2018,17599,16371,145,65.7,1.5,AUTOMATIC,DIESEL
1352,5,A Class,2018,17600,15893,145,52.3,1.6,AUTOMATIC,PETROL
1353,5,A Class,2018,17600,17561,150,65.7,1.5,AUTOMATIC,DIESEL
1354,5,A Class,2018,17649,14983,145,68.9,2.1,SEMI-AUTO,DIESEL
1355,5,A Class,2018,17689,11791,145,68.9,2.1,AUTOMATIC,DIESEL
1356,5,A Class,2018,17699,6580,145,51.4,1.6,MANUAL,PETROL
1357,5,A Class,2018,17699,9488,145,49.6,1.6,AUTOMATIC,PETROL
1358,5,A Class,2018,17699,13267,145,65.7,1.5,AUTOMATIC,DIESEL
1359,5,A Class,2018,17699,17237,150,74.3,1.5,AUTOMATIC,DIESEL
1360,5,A Class,2018,17702,15905,145,68.9,1.5,AUTOMATIC,DIESEL
1361,5,A Class,2018,17799,10172,145,53.3,1.3,AUTOMATIC,PETROL
1362,5,A Class,2018,17800,13717,145,68.9,1.5,AUTOMATIC,DIESEL
1363,5,A Class,2018,17851,13079,145,65.7,1.5,AUTOMATIC,DIESEL
1364,5,A Class,2018,17889,18584,145,65.7,1.5,AUTOMATIC,DIESEL
1365,5,A Class,2018,17894,11578,145,68.9,1.5,SEMI-AUTO,DIESEL
1366,5,A Class,2018,17900,10610,145,68.9,1.5,AUTOMATIC,DIESEL
1367,5,A Class,2018,17906,8396,145,53.3,1.3,AUTOMATIC,PETROL
1368,5,A Class,2018,17938,13994,145,68.9,1.5,SEMI-AUTO,DIESEL
1369,5,A Class,2018,17950,10498,150,65.7,1.5,AUTOMATIC,DIESEL
1370,5,A Class,2018,17980,15135,145,68.9,2.1,SEMI-AUTO,DIESEL
1371,5,A Class,2018,17990,15907,145,65.7,1.5,SEMI-AUTO,DIESEL
1372,5,A Class,2018,17990,16196,145,65.7,1.5,SEMI-AUTO,DIESEL
1373,5,A Class,2018,17990,20238,145,53.3,1.3,SEMI-AUTO,PETROL
1374,5,A Class,2018,17990,30807,150,74.3,1.5,SEMI-AUTO,DIESEL
1375,5,A Class,2018,17991,10881,145,74.3,1.5,SEMI-AUTO,DIESEL
1376,5,A Class,2018,17998,15724,145,70.6,2.1,AUTOMATIC,DIESEL
1377,5,A Class,2018,17999,4136,145,70.6,2.1,AUTOMATIC,DIESEL
1378,5,A Class,2018,17999,8078,145,65.7,1.5,AUTOMATIC,DIESEL
1379,5,A Class,2018,17999,9827,145,65.7,1.5,AUTOMATIC,DIESEL
1380,5,A Class,2018,17999,12168,145,68.9,2.1,AUTOMATIC,DIESEL
1381,5,A Class,2018,17999,12752,145,65.7,1.5,AUTOMATIC,DIESEL
1382,5,A Class,2018,17999,18101,150,53.3,1.6,SEMI-AUTO,PETROL
1383,5,A Class,2018,18000,12124,150,65.7,1.5,AUTOMATIC,DIESEL
1384,5,A Class,2018,18000,18347,150,65.7,0,AUTOMATIC,DIESEL
1385,5,A Class,2018,18192,48501,145,52.3,1.6,SEMI-AUTO,PETROL
1386,5,A Class,2018,18200,10669,145,65.7,1.5,AUTOMATIC,DIESEL
1387,5,A Class,2018,18220,10361,145,68.9,1.5,AUTOMATIC,DIESEL
1388,5,A Class,2018,18249,8074,145,68.9,2.1,AUTOMATIC,DIESEL
1389,5,A Class,2018,18249,18618,145,65.7,1.5,AUTOMATIC,DIESEL
1390,5,A Class,2018,18250,22239,145,52.3,1.6,SEMI-AUTO,PETROL
1391,5,A Class,2018,18290,7034,145,68.9,1.5,SEMI-AUTO,DIESEL
1392,5,A Class,2018,18298,25000,145,68.9,1.5,MANUAL,DIESEL
1393,5,A Class,2018,18299,10944,145,28.5,1.3,AUTOMATIC,PETROL
1394,5,A Class,2018,18399,7168,145,65.7,1.5,AUTOMATIC,DIESEL
1395,5,A Class,2018,18399,8804,145,28.5,1.3,AUTOMATIC,PETROL
1396,5,A Class,2018,18411,12158,145,65.7,1.5,SEMI-AUTO,DIESEL
1397,5,A Class,2018,18436,7756,145,68.9,1.5,SEMI-AUTO,DIESEL
1398,5,A Class,2018,18470,14291,145,52.3,1.6,AUTOMATIC,PETROL
1399,5,A Class,2018,18480,14843,145,68.9,2.1,SEMI-AUTO,DIESEL
1400,5,A Class,2018,18490,5034,150,52.3,1.6,SEMI-AUTO,PETROL
1401,5,A Class,2018,18490,8245,145,65.7,1.5,AUTOMATIC,DIESEL
1402,5,A Class,2018,18490,10857,145,53.3,1.3,SEMI-AUTO,PETROL
1403,5,A Class,2018,18499,13505,145,65.7,1.5,AUTOMATIC,DIESEL
1404,5,A Class,2018,18499,16872,145,65.7,1.5,AUTOMATIC,DIESEL
1405,5,A Class,2018,18500,13402,145,68.9,2.1,SEMI-AUTO,DIESEL
1406,5,A Class,2018,18500,35121,150,68.9,2.1,SEMI-AUTO,DIESEL
1407,5,A Class,2018,18551,14444,145,65.7,1.5,SEMI-AUTO,DIESEL
1408,5,A Class,2018,18560,14378,145,65.7,1.5,SEMI-AUTO,DIESEL
1409,5,A Class,2018,18562,18905,145,65.7,1.5,SEMI-AUTO,DIESEL
1410,5,A Class,2018,18590,8297,145,68.9,1.5,AUTOMATIC,DIESEL
1411,5,A Class,2018,18600,14826,145,28.5,1.3,AUTOMATIC,PETROL
1412,5,A Class,2018,18640,12801,145,65.7,1.5,SEMI-AUTO,DIESEL
1413,5,A Class,2018,18680,20000,145,65.7,1.5,AUTOMATIC,DIESEL
1414,5,A Class,2018,18691,12043,145,65.7,1.5,SEMI-AUTO,DIESEL
1415,5,A Class,2018,18699,1502,145,65.7,1.5,SEMI-AUTO,DIESEL
1416,5,A Class,2018,18699,11825,145,65.7,1.5,AUTOMATIC,DIESEL
1417,5,A Class,2018,18750,8759,145,52.3,1.6,SEMI-AUTO,PETROL
1418,5,A Class,2018,18750,10020,145,28.5,1.3,AUTOMATIC,PETROL
1419,5,A Class,2018,18750,21715,145,65.7,1.5,SEMI-AUTO,DIESEL
1420,5,A Class,2018,18798,12697,145,68.9,1.5,AUTOMATIC,DIESEL
1421,5,A Class,2018,18799,10359,145,65.7,1.5,AUTOMATIC,DIESEL
1422,5,A Class,2018,18799,22000,145,49.6,1.6,MANUAL,PETROL
1423,5,A Class,2018,18816,7855,145,28.5,1.3,AUTOMATIC,PETROL
1424,5,A Class,2018,18870,8459,145,65.7,1.5,SEMI-AUTO,DIESEL
1425,5,A Class,2018,18885,7047,145,53.3,1.3,AUTOMATIC,PETROL
1426,5,A Class,2018,18888,11565,145,67.3,1.5,AUTOMATIC,DIESEL
1427,5,A Class,2018,18890,13900,150,68.9,2.1,SEMI-AUTO,DIESEL
1428,5,A Class,2018,18920,9171,145,65.7,1.5,SEMI-AUTO,DIESEL
1429,5,A Class,2018,18927,15013,145,65.7,1.5,SEMI-AUTO,DIESEL
1430,5,A Class,2018,18949,10979,145,65.7,1.5,AUTOMATIC,DIESEL
1431,5,A Class,2018,18950,9717,145,28.5,1.3,AUTOMATIC,PETROL
1432,5,A Class,2018,18972,24340,145,52.3,1.6,SEMI-AUTO,PETROL
1433,5,A Class,2018,18990,5020,145,53.3,1.3,SEMI-AUTO,PETROL
1434,5,A Class,2018,18990,12449,145,53.3,1.3,SEMI-AUTO,PETROL
1435,5,A Class,2018,18990,14645,145,68.9,2.1,AUTOMATIC,DIESEL
1436,5,A Class,2018,18990,17423,145,67.3,1.5,SEMI-AUTO,DIESEL
1437,5,A Class,2018,18991,7519,145,68.9,1.5,AUTOMATIC,DIESEL
1438,5,A Class,2018,18995,10064,145,65.7,1.5,AUTOMATIC,DIESEL
1439,5,A Class,2018,18995,13189,145,52.3,1.6,SEMI-AUTO,PETROL
1440,5,A Class,2018,18995,16857,150,65.7,1.5,SEMI-AUTO,DIESEL
1441,5,A Class,2018,18998,12386,145,68.9,1.5,SEMI-AUTO,DIESEL
1442,5,A Class,2018,18998,14232,145,65.7,1.5,SEMI-AUTO,DIESEL
1443,5,A Class,2018,18999,6941,145,28.5,1.3,AUTOMATIC,PETROL
1444,5,A Class,2018,19012,14314,145,53.3,1.6,SEMI-AUTO,PETROL
1445,5,A Class,2018,19097,7456,145,53.3,1.3,SEMI-AUTO,PETROL
1446,5,A Class,2018,19097,7844,145,53.3,1.3,SEMI-AUTO,PETROL
1447,5,A Class,2018,19097,9753,145,53.3,1.3,SEMI-AUTO,PETROL
1448,5,A Class,2018,19097,10494,145,53.3,1.3,SEMI-AUTO,PETROL
1449,5,A Class,2018,19127,15116,145,65.7,1.5,SEMI-AUTO,DIESEL
1450,5,A Class,2018,19250,3214,145,74.3,1.5,SEMI-AUTO,DIESEL
1451,5,A Class,2018,19250,11500,145,68.9,2.1,AUTOMATIC,DIESEL
1452,5,A Class,2018,19250,12038,145,67.3,1.5,AUTOMATIC,DIESEL
1453,5,A Class,2018,19250,12451,145,68.9,1.5,AUTOMATIC,DIESEL
1454,5,A Class,2018,19297,7236,145,53.3,1.3,AUTOMATIC,PETROL
1455,5,A Class,2018,19299,11648,145,28.5,1.3,AUTOMATIC,PETROL
1456,5,A Class,2018,19350,14792,145,67.3,1.5,SEMI-AUTO,DIESEL
1457,5,A Class,2018,19385,9122,145,65.7,1.5,AUTOMATIC,DIESEL
1458,5,A Class,2018,19399,11423,145,65.7,1.5,AUTOMATIC,DIESEL
1459,5,A Class,2018,19403,8657,145,67.3,1.5,AUTOMATIC,DIESEL
1460,5,A Class,2018,19412,4578,145,65.7,1.5,AUTOMATIC,DIESEL
1461,5,A Class,2018,19439,9385,145,28.5,1.3,AUTOMATIC,PETROL
1462,5,A Class,2018,19470,8970,145,53.3,1.3,SEMI-AUTO,PETROL
1463,5,A Class,2018,19480,16548,145,65.7,1.5,SEMI-AUTO,DIESEL
1464,5,A Class,2018,19480,19281,145,65.7,1.5,SEMI-AUTO,DIESEL
1465,5,A Class,2018,19490,6731,145,53.3,1.3,AUTOMATIC,PETROL
1466,5,A Class,2018,19490,7286,145,53.3,1.3,AUTOMATIC,PETROL
1467,5,A Class,2018,19490,10131,145,68.9,1.5,SEMI-AUTO,DIESEL
1468,5,A Class,2018,19491,4265,145,65.7,1.5,SEMI-AUTO,DIESEL
1469,5,A Class,2018,19498,12353,145,53.3,1.3,SEMI-AUTO,PETROL
1470,5,A Class,2018,19499,4350,145,68.9,2.1,AUTOMATIC,DIESEL
1471,5,A Class,2018,19499,10413,145,67.3,1.5,AUTOMATIC,DIESEL
1472,5,A Class,2018,19500,10412,145,53.3,1.3,AUTOMATIC,PETROL
1473,5,A Class,2018,19530,7439,145,65.7,1.5,AUTOMATIC,DIESEL
1474,5,A Class,2018,19549,12194,145,28.5,1.3,AUTOMATIC,PETROL
1475,5,A Class,2018,19599,6405,145,65.7,1.5,AUTOMATIC,DIESEL
1476,5,A Class,2018,19660,5177,145,53.3,1.3,AUTOMATIC,PETROL
1477,5,A Class,2018,19699,8456,145,65.7,1.5,AUTOMATIC,DIESEL
1478,5,A Class,2018,19750,9805,145,53.3,1.3,AUTOMATIC,PETROL
1479,5,A Class,2018,19790,13100,145,53.3,1.3,AUTOMATIC,PETROL
1480,5,A Class,2018,19860,11149,145,65.7,1.5,SEMI-AUTO,DIESEL
1481,5,A Class,2018,19879,12215,145,28.5,1.3,AUTOMATIC,PETROL
1482,5,A Class,2018,19890,13693,150,53.3,1.3,SEMI-AUTO,PETROL
1483,5,A Class,2018,19891,25677,150,53.3,1.3,SEMI-AUTO,PETROL
1484,5,A Class,2018,19950,89,145,65.7,1.5,AUTOMATIC,DIESEL
1485,5,A Class,2018,19950,89,145,65.7,1.5,AUTOMATIC,DIESEL
1486,5,A Class,2018,19950,4997,145,65.7,1.5,AUTOMATIC,DIESEL
1487,5,A Class,2018,19990,16000,145,67.3,1.5,AUTOMATIC,DIESEL
1488,5,A Class,2018,19995,2348,145,53.3,1.3,SEMI-AUTO,PETROL
1489,5,A Class,2018,19995,6419,145,65.7,1.5,AUTOMATIC,DIESEL
1490,5,A Class,2018,19995,9000,145,52.3,1.6,SEMI-AUTO,PETROL
1491,5,A Class,2018,19998,4888,145,53.3,1.3,SEMI-AUTO,PETROL
1492,5,A Class,2018,19998,6340,145,53.3,1.3,SEMI-AUTO,PETROL
1493,5,A Class,2018,19999,4187,145,65.7,1.5,SEMI-AUTO,DIESEL
1494,5,A Class,2018,19999,8510,145,68.9,2.1,AUTOMATIC,DIESEL
1495,5,A Class,2018,19999,11766,145,28.5,1.3,AUTOMATIC,PETROL
1496,5,A Class,2018,20000,7575,145,65.7,1.5,SEMI-AUTO,DIESEL
1497,5,A Class,2018,20000,11922,145,53.3,1.3,AUTOMATIC,PETROL
1498,5,A Class,2018,20099,10261,145,67.3,1.5,SEMI-AUTO,DIESEL
1499,5,A Class,2018,20199,11331,145,68.9,2.1,SEMI-AUTO,DIESEL
1500,5,A Class,2018,20250,3545,145,68.9,2.1,AUTOMATIC,DIESEL
1501,5,A Class,2018,20260,6401,145,53.3,1.3,AUTOMATIC,PETROL
1502,5,A Class,2018,20280,15677,145,53.3,1.3,AUTOMATIC,PETROL
1503,5,A Class,2018,20295,9748,145,53.3,1.3,SEMI-AUTO,PETROL
1504,5,A Class,2018,20298,5700,145,65.7,1.5,SEMI-AUTO,DIESEL
1505,5,A Class,2018,20370,14729,145,53.3,1.3,SEMI-AUTO,PETROL
1506,5,A Class,2018,20389,10427,145,68.9,2.1,AUTOMATIC,DIESEL
1507,5,A Class,2018,20450,6511,150,65.7,1.5,AUTOMATIC,DIESEL
1508,5,A Class,2018,20490,640,145,53.3,1.3,SEMI-AUTO,PETROL
1509,5,A Class,2018,20490,7024,145,67.3,1.5,SEMI-AUTO,DIESEL
1510,5,A Class,2018,20490,7148,145,67.3,1.5,AUTOMATIC,DIESEL
1511,5,A Class,2018,20495,18000,145,53.3,1.3,AUTOMATIC,PETROL
1512,5,A Class,2018,20500,13386,145,53.3,0,AUTOMATIC,PETROL
1513,5,A Class,2018,20570,1468,145,53.3,1.3,SEMI-AUTO,PETROL
1514,5,A Class,2018,20599,5394,145,68.9,2.1,SEMI-AUTO,DIESEL
1515,5,A Class,2018,20599,6285,145,53.3,1.3,SEMI-AUTO,PETROL
1516,5,A Class,2018,20599,9956,145,53.3,1.3,SEMI-AUTO,PETROL
1517,5,A Class,2018,20682,3568,145,28.5,1.3,SEMI-AUTO,PETROL
1518,5,A Class,2018,20750,10236,145,53.3,1.3,AUTOMATIC,PETROL
1519,5,A Class,2018,20855,8279,145,53.3,1.3,SEMI-AUTO,PETROL
1520,5,A Class,2018,20899,3166,145,53.3,1.3,SEMI-AUTO,PETROL
1521,5,A Class,2018,20899,3200,145,53.3,1.3,SEMI-AUTO,PETROL
1522,5,A Class,2018,20944,12786,145,52.3,1.6,AUTOMATIC,PETROL
1523,5,A Class,2018,20991,5322,145,53.3,1.3,SEMI-AUTO,PETROL
1524,5,A Class,2018,20991,19561,150,45.6,2,SEMI-AUTO,PETROL
1525,5,A Class,2018,20995,9654,145,53.3,1.3,SEMI-AUTO,PETROL
1526,5,A Class,2018,20995,9965,145,53.3,1.3,SEMI-AUTO,PETROL
1527,5,A Class,2018,20995,14900,145,53.3,1.3,SEMI-AUTO,PETROL
1528,5,A Class,2018,20999,8551,145,53.3,1.3,SEMI-AUTO,PETROL
1529,5,A Class,2018,21282,11923,145,53.3,1.3,SEMI-AUTO,PETROL
1530,5,A Class,2018,21390,9571,145,53.3,1.3,AUTOMATIC,PETROL
1531,5,A Class,2018,21399,3278,145,53.3,1.3,SEMI-AUTO,PETROL
1532,5,A Class,2018,21450,4658,150,74.3,1.5,AUTOMATIC,DIESEL
1533,5,A Class,2018,21455,13435,145,52.3,1.6,SEMI-AUTO,PETROL
1534,5,A Class,2018,21480,10048,145,67.3,1.5,SEMI-AUTO,DIESEL
1535,5,A Class,2018,21495,3701,145,67.3,1.5,AUTOMATIC,DIESEL
1536,5,A Class,2018,21526,11716,150,53.3,1.3,SEMI-AUTO,PETROL
1537,5,A Class,2018,21780,7606,150,67.3,1.5,SEMI-AUTO,DIESEL
1538,5,A Class,2018,21780,11034,145,67.3,1.5,SEMI-AUTO,DIESEL
1539,5,A Class,2018,21950,28000,145,42.8,2,SEMI-AUTO,PETROL
1540,5,A Class,2018,21980,5162,145,67.3,1.5,SEMI-AUTO,DIESEL
1541,5,A Class,2018,21980,5975,145,67.3,1.5,SEMI-AUTO,DIESEL
1542,5,A Class,2018,21991,25951,150,53.3,1.3,SEMI-AUTO,PETROL
1543,5,A Class,2018,21995,12236,150,53.3,1.3,SEMI-AUTO,PETROL
1544,5,A Class,2018,21998,15450,150,53.3,1.3,SEMI-AUTO,PETROL
1545,5,A Class,2018,21999,5567,145,53.3,1.3,AUTOMATIC,PETROL
1546,5,A Class,2018,22022,3512,145,53.3,1.3,SEMI-AUTO,PETROL
1547,5,A Class,2018,22031,13842,145,53.3,1.3,SEMI-AUTO,PETROL
1548,5,A Class,2018,22495,10856,145,53.3,1.3,SEMI-AUTO,PETROL
1549,5,A Class,2018,22599,8297,145,53.3,1.3,SEMI-AUTO,PETROL
1550,5,A Class,2018,22980,5999,145,65.7,1.5,SEMI-AUTO,DIESEL
1551,5,A Class,2018,22990,5491,145,45.6,2,SEMI-AUTO,PETROL
1552,5,A Class,2018,22995,7009,145,53.3,1.3,SEMI-AUTO,PETROL
1553,5,A Class,2018,23199,8762,145,53.3,1.3,SEMI-AUTO,PETROL
1554,5,A Class,2018,23202,8261,145,53.3,1.3,SEMI-AUTO,PETROL
1555,5,A Class,2018,23355,4669,145,53.3,1.3,SEMI-AUTO,PETROL
1556,5,A Class,2018,23399,2332,145,53.3,1.3,SEMI-AUTO,PETROL
1557,5,A Class,2018,23399,7216,145,53.3,1.3,SEMI-AUTO,PETROL
1558,5,A Class,2018,23399,8882,145,53.3,1.3,SEMI-AUTO,PETROL
1559,5,A Class,2018,23498,5189,150,53.3,1.3,SEMI-AUTO,PETROL
1560,5,A Class,2018,23599,1850,145,53.3,1.3,SEMI-AUTO,PETROL
1561,5,A Class,2018,23780,7939,145,53.3,1.3,SEMI-AUTO,PETROL
1562,5,A Class,2018,23799,4618,145,53.3,1.3,AUTOMATIC,PETROL
1563,5,A Class,2018,24499,5500,145,67.3,1.5,SEMI-AUTO,DIESEL
1564,5,A Class,2018,24995,5250,145,53.3,1.3,SEMI-AUTO,PETROL
1565,5,A Class,2018,26995,29724,145,40.9,2,SEMI-AUTO,PETROL
1566,5,A Class,2018,28350,29724,145,40.9,2,SEMI-AUTO,PETROL
1567,5,A Class,2018,29399,33125,145,40.9,2,SEMI-AUTO,PETROL
1568,5,A Class,2018,29500,13500,145,40.9,2,AUTOMATIC,PETROL
1569,5,A Class,2018,29990,22923,150,40.9,2,SEMI-AUTO,PETROL
1570,5,A Class,2018,30881,9840,145,40.9,2,SEMI-AUTO,PETROL
1571,5,A Class,2018,30949,11910,145,40.9,2,SEMI-AUTO,PETROL
1572,5,A Class,2018,31299,4396,145,40.9,2,AUTOMATIC,PETROL
1573,5,A Class,2018,32999,11000,145,40.9,2,SEMI-AUTO,PETROL
1574,5,A Class,2018,77500,3600,145,30.1,4,SEMI-AUTO,PETROL
1575,5,A Class,2018,77850,7880,145,30.1,4,AUTOMATIC,PETROL
1576,5,A Class,2018,78995,8420,145,30.1,4,SEMI-AUTO,PETROL
1577,5,A Class,2018,80124,6741,145,30.4,4,AUTOMATIC,PETROL
1578,5,A Class,2018,84500,3695,145,24.8,4,AUTOMATIC,PETROL
1579,5,A Class,2018,89990,6800,145,24.8,4,AUTOMATIC,PETROL
1580,5,A Class,2018,90900,9141,145,24.8,4,AUTOMATIC,PETROL
1581,5,A Class,2018,94522,1736,145,24.8,4,AUTOMATIC,PETROL
1582,5,A Class,2018,109989,2122,145,24.8,4,SEMI-AUTO,PETROL
1583,5,A Class,2019,13498,30200,145,67.3,1.5,SEMI-AUTO,DIESEL
1584,5,A Class,2019,17096,13393,145,65.7,1.5,AUTOMATIC,DIESEL
1585,5,A Class,2019,17499,14243,145,28.5,1.3,MANUAL,PETROL
1586,5,A Class,2019,17690,13081,145,28.5,1.3,MANUAL,PETROL
1587,5,A Class,2019,17702,17843,145,68.9,1.5,AUTOMATIC,DIESEL
1588,5,A Class,2019,17728,15025,145,65.7,1.5,AUTOMATIC,DIESEL
1589,5,A Class,2019,17810,907,145,28.5,1.3,MANUAL,PETROL
1590,5,A Class,2019,17895,14757,145,68.9,1.5,AUTOMATIC,DIESEL
1591,5,A Class,2019,17980,17842,145,65.7,1.5,SEMI-AUTO,DIESEL
1592,5,A Class,2019,17990,14783,145,65.7,1.5,AUTOMATIC,DIESEL
1593,5,A Class,2019,18085,14669,145,68.9,1.5,SEMI-AUTO,DIESEL
1594,5,A Class,2019,18118,15561,145,68.9,1.5,AUTOMATIC,DIESEL
1595,5,A Class,2019,18138,15356,145,65.7,1.5,AUTOMATIC,DIESEL
1596,5,A Class,2019,18141,15689,145,65.7,1.5,AUTOMATIC,DIESEL
1597,5,A Class,2019,18190,12162,145,65.7,1.5,SEMI-AUTO,DIESEL
1598,5,A Class,2019,18190,13264,145,68.9,1.5,AUTOMATIC,DIESEL
1599,5,A Class,2019,18200,12473,145,68.9,1.5,AUTOMATIC,DIESEL
1600,5,A Class,2019,18240,15806,145,68.9,1.5,AUTOMATIC,DIESEL
1601,5,A Class,2019,18241,15722,145,65.7,1.5,AUTOMATIC,DIESEL
1602,5,A Class,2019,18276,22964,145,65.7,1.5,SEMI-AUTO,DIESEL
1603,5,A Class,2019,18300,13877,145,68.9,1.5,AUTOMATIC,DIESEL
1604,5,A Class,2019,18381,15228,145,65.7,1.5,SEMI-AUTO,DIESEL
1605,5,A Class,2019,18429,12010,145,68.9,1.5,SEMI-AUTO,DIESEL
1606,5,A Class,2019,18450,15371,145,68.9,1.5,AUTOMATIC,DIESEL
1607,5,A Class,2019,18480,17131,145,65.7,1.5,SEMI-AUTO,DIESEL
1608,5,A Class,2019,18480,17551,145,65.7,1.5,SEMI-AUTO,DIESEL
1609,5,A Class,2019,18480,17820,150,65.7,1.5,AUTOMATIC,DIESEL
1610,5,A Class,2019,18480,17945,145,65.7,1.5,SEMI-AUTO,DIESEL
1611,5,A Class,2019,18480,18086,145,65.7,1.5,SEMI-AUTO,DIESEL
1612,5,A Class,2019,18480,18447,145,65.7,1.5,SEMI-AUTO,DIESEL
1613,5,A Class,2019,18480,20973,145,65.7,1.5,SEMI-AUTO,DIESEL
1614,5,A Class,2019,18490,6725,145,68.9,1.5,SEMI-AUTO,DIESEL
1615,5,A Class,2019,18490,14146,145,65.7,1.5,SEMI-AUTO,DIESEL
1616,5,A Class,2019,18498,2810,145,28.5,1.3,MANUAL,PETROL
1617,5,A Class,2019,18498,12432,145,68.9,1.5,AUTOMATIC,DIESEL
1618,5,A Class,2019,18499,14521,145,65.7,1.5,SEMI-AUTO,DIESEL
1619,5,A Class,2019,18499,14736,145,65.7,1.5,SEMI-AUTO,DIESEL
1620,5,A Class,2019,18499,14978,145,65.7,1.5,SEMI-AUTO,DIESEL
1621,5,A Class,2019,18499,15383,145,65.7,1.5,SEMI-AUTO,DIESEL
1622,5,A Class,2019,18499,16467,145,65.7,1.5,SEMI-AUTO,DIESEL
1623,5,A Class,2019,18499,17160,145,65.7,1.5,SEMI-AUTO,DIESEL
1624,5,A Class,2019,18499,18585,145,65.7,1.5,SEMI-AUTO,DIESEL
1625,5,A Class,2019,18499,18588,145,65.7,1.5,SEMI-AUTO,DIESEL
1626,5,A Class,2019,18672,15471,145,65.7,1.5,AUTOMATIC,DIESEL
1627,5,A Class,2019,18690,14055,145,65.7,1.5,SEMI-AUTO,DIESEL
1628,5,A Class,2019,18718,14825,145,68.9,1.5,SEMI-AUTO,DIESEL
1629,5,A Class,2019,18748,11363,145,68.9,1.5,AUTOMATIC,DIESEL
1630,5,A Class,2019,18748,11426,145,68.9,1.5,AUTOMATIC,DIESEL
1631,5,A Class,2019,18748,11670,145,68.9,1.5,AUTOMATIC,DIESEL
1632,5,A Class,2019,18748,12032,145,68.9,1.5,AUTOMATIC,DIESEL
1633,5,A Class,2019,18748,14153,145,68.9,1.5,AUTOMATIC,DIESEL
1634,5,A Class,2019,18748,14587,145,68.9,1.5,AUTOMATIC,DIESEL
1635,5,A Class,2019,18748,14687,145,68.9,1.5,AUTOMATIC,DIESEL
1636,5,A Class,2019,18760,16060,145,68.9,1.5,AUTOMATIC,DIESEL
1637,5,A Class,2019,18780,16757,145,65.7,1.5,SEMI-AUTO,DIESEL
1638,5,A Class,2019,18780,17341,145,65.7,1.5,SEMI-AUTO,DIESEL
1639,5,A Class,2019,18780,17417,145,65.7,1.5,SEMI-AUTO,DIESEL
1640,5,A Class,2019,18780,17615,145,65.7,1.5,SEMI-AUTO,DIESEL
1641,5,A Class,2019,18780,17676,145,65.7,1.5,SEMI-AUTO,DIESEL
1642,5,A Class,2019,18780,17814,145,65.7,1.5,SEMI-AUTO,DIESEL
1643,5,A Class,2019,18780,18529,145,65.7,1.5,SEMI-AUTO,DIESEL
1644,5,A Class,2019,18780,19885,145,65.7,1.5,SEMI-AUTO,DIESEL
1645,5,A Class,2019,18798,11288,145,68.9,1.5,AUTOMATIC,DIESEL
1646,5,A Class,2019,18800,8478,145,65.7,1.5,AUTOMATIC,DIESEL
1647,5,A Class,2019,18800,9725,145,65.7,1.5,AUTOMATIC,DIESEL
1648,5,A Class,2019,18844,15446,145,68.9,1.5,AUTOMATIC,DIESEL
1649,5,A Class,2019,18849,2000,145,68.9,1.5,MANUAL,DIESEL
1650,5,A Class,2019,18890,7379,145,68.9,1.5,SEMI-AUTO,DIESEL
1651,5,A Class,2019,18900,8170,145,65.7,1.5,AUTOMATIC,DIESEL
1652,5,A Class,2019,18900,8925,145,68.9,1.5,SEMI-AUTO,DIESEL
1653,5,A Class,2019,18900,9533,145,65.7,1.5,AUTOMATIC,DIESEL
1654,5,A Class,2019,18900,9906,145,65.7,1.5,AUTOMATIC,DIESEL
1655,5,A Class,2019,18904,7848,145,68.9,1.5,SEMI-AUTO,DIESEL
1656,5,A Class,2019,18946,15443,145,65.7,1.5,SEMI-AUTO,DIESEL
1657,5,A Class,2019,18949,16222,145,68.9,1.5,SEMI-AUTO,DIESEL
1658,5,A Class,2019,18964,15303,145,65.7,1.5,SEMI-AUTO,DIESEL
1659,5,A Class,2019,18990,7679,145,68.9,1.5,SEMI-AUTO,DIESEL
1660,5,A Class,2019,18990,8831,145,65.7,1.5,SEMI-AUTO,DIESEL
1661,5,A Class,2019,18990,13145,145,68.9,1.5,SEMI-AUTO,DIESEL
1662,5,A Class,2019,18990,14576,145,68.9,1.5,SEMI-AUTO,DIESEL
1663,5,A Class,2019,18991,18576,150,65.7,1.5,SEMI-AUTO,DIESEL
1664,5,A Class,2019,18995,3150,145,65.7,1.5,SEMI-AUTO,DIESEL
1665,5,A Class,2019,18995,12072,145,65.7,1.5,SEMI-AUTO,DIESEL
1666,5,A Class,2019,18995,21400,145,53.3,1.3,SEMI-AUTO,PETROL
1667,5,A Class,2019,18999,7800,145,68.9,1.5,SEMI-AUTO,DIESEL
1668,5,A Class,2019,18999,13476,145,65.7,1.5,SEMI-AUTO,DIESEL
1669,5,A Class,2019,19099,14708,145,68.9,1.5,SEMI-AUTO,DIESEL
1670,5,A Class,2019,19110,8445,145,65.7,1.5,SEMI-AUTO,DIESEL
1671,5,A Class,2019,19114,12069,145,65.7,1.5,SEMI-AUTO,DIESEL
1672,5,A Class,2019,19182,7807,145,65.7,1.5,SEMI-AUTO,DIESEL
1673,5,A Class,2019,19199,13341,145,68.9,1.5,SEMI-AUTO,DIESEL
1674,5,A Class,2019,19200,7325,145,65.7,1.5,AUTOMATIC,DIESEL
1675,5,A Class,2019,19245,15047,145,68.9,1.5,AUTOMATIC,DIESEL
1676,5,A Class,2019,19248,9837,145,65.7,1.5,AUTOMATIC,DIESEL
1677,5,A Class,2019,19250,10632,145,65.7,1.5,AUTOMATIC,DIESEL
1678,5,A Class,2019,19250,11381,145,28.5,1.3,MANUAL,PETROL
1679,5,A Class,2019,19250,14666,145,68.9,1.5,SEMI-AUTO,DIESEL
1680,5,A Class,2019,19250,14965,145,68.9,1.5,SEMI-AUTO,DIESEL
1681,5,A Class,2019,19250,15016,145,68.9,1.5,SEMI-AUTO,DIESEL
1682,5,A Class,2019,19284,12198,145,65.7,1.5,SEMI-AUTO,DIESEL
1683,5,A Class,2019,19290,14408,145,65.7,1.5,AUTOMATIC,DIESEL
1684,5,A Class,2019,19302,14123,145,65.7,1.5,SEMI-AUTO,DIESEL
1685,5,A Class,2019,19410,129,145,47.1,1.3,MANUAL,PETROL
1686,5,A Class,2019,19424,8276,145,28.5,1.3,MANUAL,PETROL
1687,5,A Class,2019,19450,8947,150,28.5,1.3,MANUAL,PETROL
1688,5,A Class,2019,19480,10969,145,68.9,1.5,SEMI-AUTO,DIESEL
1689,5,A Class,2019,19490,12604,145,68.9,1.5,SEMI-AUTO,DIESEL
1690,5,A Class,2019,19490,13845,145,68.9,1.5,SEMI-AUTO,DIESEL
1691,5,A Class,2019,19490,15221,145,68.9,1.5,AUTOMATIC,DIESEL
1692,5,A Class,2019,19491,7057,145,68.9,1.5,AUTOMATIC,DIESEL
1693,5,A Class,2019,19493,2869,145,28.5,1.3,AUTOMATIC,PETROL
1694,5,A Class,2019,19498,6453,145,68.9,1.5,AUTOMATIC,DIESEL
1695,5,A Class,2019,19498,14899,145,68.9,1.5,SEMI-AUTO,DIESEL
1696,5,A Class,2019,19499,10391,145,68.9,1.5,SEMI-AUTO,DIESEL
1697,5,A Class,2019,19499,10440,145,68.9,1.5,SEMI-AUTO,DIESEL
1698,5,A Class,2019,19499,12755,150,68.9,1.5,SEMI-AUTO,DIESEL
1699,5,A Class,2019,19500,15892,150,28.5,1.3,AUTOMATIC,PETROL
1700,5,A Class,2019,19511,10543,145,68.9,1.5,SEMI-AUTO,DIESEL
1701,5,A Class,2019,19520,7863,145,68.9,1.5,SEMI-AUTO,DIESEL
1702,5,A Class,2019,19531,17447,145,28.5,1.3,MANUAL,PETROL
1703,5,A Class,2019,19546,11661,145,68.9,1.5,AUTOMATIC,DIESEL
1704,5,A Class,2019,19549,10180,145,68.9,1.5,SEMI-AUTO,DIESEL
1705,5,A Class,2019,19549,10180,150,68.9,1.5,SEMI-AUTO,DIESEL
1706,5,A Class,2019,19560,16578,145,65.7,1.5,SEMI-AUTO,DIESEL
1707,5,A Class,2019,19592,11245,145,28.5,1.3,MANUAL,PETROL
1708,5,A Class,2019,19599,5201,145,65.7,1.5,AUTOMATIC,DIESEL
1709,5,A Class,2019,19599,12067,145,68.9,1.5,SEMI-AUTO,DIESEL
1710,5,A Class,2019,19599,13993,145,28.5,1.3,MANUAL,PETROL
1711,5,A Class,2019,19649,9153,145,68.9,1.5,SEMI-AUTO,DIESEL
1712,5,A Class,2019,19649,9218,145,68.9,1.5,SEMI-AUTO,DIESEL
1713,5,A Class,2019,19649,14071,145,28.5,1.3,MANUAL,PETROL
1714,5,A Class,2019,19680,9931,145,68.9,1.5,SEMI-AUTO,DIESEL
1715,5,A Class,2019,19720,14780,145,28.5,1.3,MANUAL,PETROL
1716,5,A Class,2019,19746,10263,145,68.9,1.5,AUTOMATIC,DIESEL
1717,5,A Class,2019,19786,3704,145,65.7,1.5,SEMI-AUTO,DIESEL
1718,5,A Class,2019,19840,6781,145,28.5,1.3,AUTOMATIC,PETROL
1719,5,A Class,2019,19840,12066,145,53.3,1.3,AUTOMATIC,PETROL
1720,5,A Class,2019,19849,7149,145,68.9,1.5,SEMI-AUTO,DIESEL
1721,5,A Class,2019,19849,12187,145,28.5,1.3,MANUAL,PETROL
1722,5,A Class,2019,19888,9071,145,53.3,1.3,MANUAL,PETROL
1723,5,A Class,2019,19899,11527,145,28.5,1.3,MANUAL,PETROL
1724,5,A Class,2019,19899,11605,145,28.5,1.3,MANUAL,PETROL
1725,5,A Class,2019,19980,11249,150,28.5,1.3,MANUAL,PETROL
1726,5,A Class,2019,19980,14430,145,65.7,1.5,SEMI-AUTO,DIESEL
1727,5,A Class,2019,19980,14976,145,65.7,1.5,SEMI-AUTO,DIESEL
1728,5,A Class,2019,19980,15388,145,68.9,1.5,SEMI-AUTO,DIESEL
1729,5,A Class,2019,19980,15460,145,68.9,1.5,SEMI-AUTO,DIESEL
1730,5,A Class,2019,19980,16675,145,68.9,1.5,SEMI-AUTO,DIESEL
1731,5,A Class,2019,19990,8293,145,53.3,1.3,SEMI-AUTO,PETROL
1732,5,A Class,2019,19990,9191,145,53.3,1.3,SEMI-AUTO,PETROL
1733,5,A Class,2019,19990,9980,145,67.3,1.5,SEMI-AUTO,DIESEL
1734,5,A Class,2019,19990,11500,145,28.5,1.3,MANUAL,PETROL
1735,5,A Class,2019,19990,12456,145,53.3,1.3,SEMI-AUTO,PETROL
1736,5,A Class,2019,19990,12503,145,53.3,1.3,SEMI-AUTO,PETROL
1737,5,A Class,2019,19990,13862,145,28.5,1.3,MANUAL,PETROL
1738,5,A Class,2019,19990,14210,145,28.5,1.3,MANUAL,PETROL
1739,5,A Class,2019,19990,14502,145,65.7,1.5,SEMI-AUTO,DIESEL
1740,5,A Class,2019,19991,13570,145,53.3,1.3,SEMI-AUTO,PETROL
1741,5,A Class,2019,19995,14110,145,28.5,1.3,MANUAL,PETROL
1742,5,A Class,2019,19998,5355,145,53.3,1.3,SEMI-AUTO,PETROL
1743,5,A Class,2019,19999,7709,150,28.5,1.3,MANUAL,PETROL
1744,5,A Class,2019,19999,8760,150,28.5,1.3,SEMI-AUTO,PETROL
1745,5,A Class,2019,20001,3900,145,28.5,1.3,SEMI-AUTO,PETROL
1746,5,A Class,2019,20080,12291,145,53.3,1.3,SEMI-AUTO,PETROL
1747,5,A Class,2019,20096,7032,145,68.9,1.5,AUTOMATIC,DIESEL
1748,5,A Class,2019,20130,5263,145,53.3,1.3,SEMI-AUTO,PETROL
1749,5,A Class,2019,20149,9203,145,28.5,1.3,MANUAL,PETROL
1750,5,A Class,2019,20150,12763,145,53.3,1.3,AUTOMATIC,PETROL
1751,5,A Class,2019,20160,10472,145,47.1,1.3,MANUAL,PETROL
1752,5,A Class,2019,20199,3653,145,68.9,1.5,SEMI-AUTO,DIESEL
1753,5,A Class,2019,20199,3653,150,68.9,1.5,SEMI-AUTO,DIESEL
1754,5,A Class,2019,20199,7929,145,68.9,1.5,SEMI-AUTO,DIESEL
1755,5,A Class,2019,20270,7289,145,53.3,1.3,SEMI-AUTO,PETROL
1756,5,A Class,2019,20280,11335,145,65.7,1.5,SEMI-AUTO,DIESEL
1757,5,A Class,2019,20280,13191,145,65.7,1.5,SEMI-AUTO,DIESEL
1758,5,A Class,2019,20280,13632,145,65.7,1.5,SEMI-AUTO,DIESEL
1759,5,A Class,2019,20290,8607,145,65.7,1.5,AUTOMATIC,DIESEL
1760,5,A Class,2019,20295,9469,150,28.5,1.3,SEMI-AUTO,PETROL
1761,5,A Class,2019,20340,5902,145,28.5,1.3,MANUAL,PETROL
1762,5,A Class,2019,20380,12326,145,65.7,1.5,SEMI-AUTO,DIESEL
1763,5,A Class,2019,20389,3628,145,53.3,1.3,SEMI-AUTO,PETROL
1764,5,A Class,2019,20398,8901,145,56.5,2,AUTOMATIC,DIESEL
1765,5,A Class,2019,20399,7370,145,28.5,1.3,SEMI-AUTO,PETROL
1766,5,A Class,2019,20449,11056,150,28.5,1.3,SEMI-AUTO,PETROL
1767,5,A Class,2019,20449,11655,145,53.3,1.3,SEMI-AUTO,PETROL
1768,5,A Class,2019,20450,8428,145,28.5,1.3,MANUAL,PETROL
1769,5,A Class,2019,20461,14658,145,53.3,1.3,SEMI-AUTO,PETROL
1770,5,A Class,2019,20480,3551,145,28.5,1.3,SEMI-AUTO,PETROL
1771,5,A Class,2019,20480,9411,145,65.7,1.5,SEMI-AUTO,DIESEL
1772,5,A Class,2019,20480,10247,145,65.7,1.5,SEMI-AUTO,DIESEL
1773,5,A Class,2019,20480,10291,145,65.7,1.5,SEMI-AUTO,DIESEL
1774,5,A Class,2019,20480,10371,145,65.7,1.5,SEMI-AUTO,DIESEL
1775,5,A Class,2019,20480,10859,145,65.7,1.5,SEMI-AUTO,DIESEL
1776,5,A Class,2019,20490,4493,145,68.9,1.5,SEMI-AUTO,DIESEL
1777,5,A Class,2019,20499,10258,145,28.5,1.3,SEMI-AUTO,PETROL
1778,5,A Class,2019,20499,10488,145,28.5,1.3,SEMI-AUTO,PETROL
1779,5,A Class,2019,20549,10342,145,53.3,1.3,SEMI-AUTO,PETROL
1780,5,A Class,2019,20549,10517,150,53.3,1.3,SEMI-AUTO,PETROL
1781,5,A Class,2019,20549,10517,145,53.3,1.3,SEMI-AUTO,PETROL
1782,5,A Class,2019,20590,6498,145,53.3,1.3,AUTOMATIC,PETROL
1783,5,A Class,2019,20596,7655,145,53.3,1.3,AUTOMATIC,PETROL
1784,5,A Class,2019,20599,10088,145,53.3,1.3,SEMI-AUTO,PETROL
1785,5,A Class,2019,20640,5864,145,53.3,1.3,SEMI-AUTO,PETROL
1786,5,A Class,2019,20640,10208,145,53.3,1.3,AUTOMATIC,PETROL
1787,5,A Class,2019,20690,4212,145,47.1,1.3,MANUAL,PETROL
1788,5,A Class,2019,20699,8936,150,28.5,1.3,SEMI-AUTO,PETROL
1789,5,A Class,2019,20699,12082,145,28.5,1.3,SEMI-AUTO,PETROL
1790,5,A Class,2019,20700,11709,145,53.3,1.3,AUTOMATIC,PETROL
1791,5,A Class,2019,20741,11112,145,53.3,1.3,SEMI-AUTO,PETROL
1792,5,A Class,2019,20750,3915,145,47.9,1.3,SEMI-AUTO,PETROL
1793,5,A Class,2019,20776,6722,150,65.7,1.5,SEMI-AUTO,DIESEL
1794,5,A Class,2019,20776,6722,145,65.7,1.5,SEMI-AUTO,DIESEL
1795,5,A Class,2019,20780,8043,145,65.7,1.5,SEMI-AUTO,DIESEL
1796,5,A Class,2019,20780,11324,145,53.3,1.3,SEMI-AUTO,PETROL
1797,5,A Class,2019,20799,3099,145,28.5,1.3,MANUAL,PETROL
1798,5,A Class,2019,20799,11452,145,53.3,1.3,SEMI-AUTO,PETROL
1799,5,A Class,2019,20850,12220,145,53.3,1.3,SEMI-AUTO,PETROL
1800,5,A Class,2019,20859,1000,145,47.1,1.3,MANUAL,PETROL
1801,5,A Class,2019,20888,14725,145,45.6,2,SEMI-AUTO,PETROL
1802,5,A Class,2019,20890,6588,145,65.7,1.5,SEMI-AUTO,DIESEL
1803,5,A Class,2019,20890,13119,145,53.3,1.3,AUTOMATIC,PETROL
1804,5,A Class,2019,20899,11587,145,53.3,1.3,AUTOMATIC,PETROL
1805,5,A Class,2019,20950,4692,145,65.7,1.3,SEMI-AUTO,DIESEL
1806,5,A Class,2019,20980,8655,145,68.9,1.5,SEMI-AUTO,DIESEL
1807,5,A Class,2019,20980,9298,145,68.9,1.5,AUTOMATIC,DIESEL
1808,5,A Class,2019,20980,9767,145,53.3,1.3,SEMI-AUTO,PETROL
1809,5,A Class,2019,20990,1677,145,56.5,2,SEMI-AUTO,DIESEL
1810,5,A Class,2019,20990,2158,145,47.1,1.3,MANUAL,PETROL
1811,5,A Class,2019,20990,2900,145,53.3,1.3,SEMI-AUTO,PETROL
1812,5,A Class,2019,20990,3234,145,68.9,1.5,AUTOMATIC,DIESEL
1813,5,A Class,2019,20990,14975,145,67.3,1.5,SEMI-AUTO,DIESEL
1814,5,A Class,2019,20990,15059,145,67.3,1.5,SEMI-AUTO,DIESEL
1815,5,A Class,2019,20990,15762,145,67.3,1.5,SEMI-AUTO,DIESEL
1816,5,A Class,2019,20991,2513,145,65.7,1.5,SEMI-AUTO,DIESEL
1817,5,A Class,2019,20991,8728,145,53.3,1.3,SEMI-AUTO,PETROL
1818,5,A Class,2019,20995,5000,145,65.7,1.5,SEMI-AUTO,DIESEL
1819,5,A Class,2019,20998,3720,150,28.5,1.3,SEMI-AUTO,PETROL
1820,5,A Class,2019,20998,6354,145,65.7,1.5,SEMI-AUTO,DIESEL
1821,5,A Class,2019,20998,9651,145,56.5,2,SEMI-AUTO,DIESEL
1822,5,A Class,2019,20998,18881,145,67.3,1.5,SEMI-AUTO,DIESEL
1823,5,A Class,2019,20999,440,145,45.6,1.3,MANUAL,PETROL
1824,5,A Class,2019,20999,6234,145,53.3,1.3,SEMI-AUTO,PETROL
1825,5,A Class,2019,21035,3166,145,47.9,1.3,AUTOMATIC,PETROL
1826,5,A Class,2019,21099,2477,145,65.7,1.5,AUTOMATIC,DIESEL
1827,5,A Class,2019,21099,3670,145,65.7,1.5,SEMI-AUTO,DIESEL
1828,5,A Class,2019,21099,3854,145,65.7,1.5,SEMI-AUTO,DIESEL
1829,5,A Class,2019,21099,5475,145,53.3,1.3,SEMI-AUTO,PETROL
1830,5,A Class,2019,21099,5475,150,53.3,1.3,SEMI-AUTO,PETROL
1831,5,A Class,2019,21099,11706,145,53.3,1.3,SEMI-AUTO,PETROL
1832,5,A Class,2019,21190,14703,145,67.3,1.5,SEMI-AUTO,DIESEL
1833,5,A Class,2019,21199,4784,145,53.3,1.3,SEMI-AUTO,PETROL
1834,5,A Class,2019,21199,9869,145,53.3,1.3,SEMI-AUTO,PETROL
1835,5,A Class,2019,21210,16753,145,28.5,1.3,MANUAL,PETROL
1836,5,A Class,2019,21250,4878,145,53.3,1.3,SEMI-AUTO,PETROL
1837,5,A Class,2019,21250,5132,145,47.1,1.3,MANUAL,PETROL
1838,5,A Class,2019,21250,8673,145,47.1,1.3,MANUAL,PETROL
1839,5,A Class,2019,21290,8783,150,53.3,1.3,SEMI-AUTO,PETROL
1840,5,A Class,2019,21290,12046,145,67.3,1.5,AUTOMATIC,DIESEL
1841,5,A Class,2019,21291,13361,145,67.3,1.5,SEMI-AUTO,DIESEL
1842,5,A Class,2019,21299,1759,145,65.7,1.5,AUTOMATIC,DIESEL
1843,5,A Class,2019,21299,6604,145,53.3,1.3,SEMI-AUTO,PETROL
1844,5,A Class,2019,21349,3345,145,53.3,1.3,SEMI-AUTO,PETROL
1845,5,A Class,2019,21399,9085,145,53.3,1.3,SEMI-AUTO,PETROL
1846,5,A Class,2019,21400,5153,145,28.5,1.3,MANUAL,PETROL
1847,5,A Class,2019,21450,11597,145,67.3,1.5,SEMI-AUTO,DIESEL
1848,5,A Class,2019,21450,11712,145,67.3,1.5,SEMI-AUTO,DIESEL
1849,5,A Class,2019,21480,10,145,56.5,2,SEMI-AUTO,DIESEL
1850,5,A Class,2019,21480,150,145,56.5,2,AUTOMATIC,DIESEL
1851,5,A Class,2019,21490,2717,145,53.3,1.3,SEMI-AUTO,PETROL
1852,5,A Class,2019,21490,3206,145,65.7,1.5,AUTOMATIC,DIESEL
1853,5,A Class,2019,21490,23000,145,67.3,1.5,AUTOMATIC,DIESEL
1854,5,A Class,2019,21495,10847,145,28.5,1.3,SEMI-AUTO,PETROL
1855,5,A Class,2019,21498,4138,145,65.7,1.5,SEMI-AUTO,DIESEL
1856,5,A Class,2019,21498,5685,145,65.7,1.5,SEMI-AUTO,DIESEL
1857,5,A Class,2019,21498,6324,145,65.7,1.5,SEMI-AUTO,DIESEL
1858,5,A Class,2019,21499,6690,145,53.3,1.3,SEMI-AUTO,PETROL
1859,5,A Class,2019,21499,8125,145,53.3,1.3,AUTOMATIC,PETROL
1860,5,A Class,2019,21499,9198,150,56.5,2,SEMI-AUTO,DIESEL
1861,5,A Class,2019,21530,14817,145,67.3,1.5,SEMI-AUTO,DIESEL
1862,5,A Class,2019,21599,1557,145,65.7,1.5,SEMI-AUTO,DIESEL
1863,5,A Class,2019,21599,5000,145,53.3,1.3,SEMI-AUTO,PETROL
1864,5,A Class,2019,21599,9085,145,53.3,1.3,SEMI-AUTO,PETROL
1865,5,A Class,2019,21630,9931,145,62.8,1.5,AUTOMATIC,DIESEL
1866,5,A Class,2019,21656,2980,145,65.7,1.5,AUTOMATIC,DIESEL
1867,5,A Class,2019,21658,1000,150,47.1,1.3,MANUAL,PETROL
1868,5,A Class,2019,21660,15228,145,67.3,1.5,SEMI-AUTO,DIESEL
1869,5,A Class,2019,21690,11309,145,56.5,2,AUTOMATIC,DIESEL
1870,5,A Class,2019,21699,5126,145,53.3,1.3,SEMI-AUTO,PETROL
1871,5,A Class,2019,21795,11758,145,47.9,1.3,SEMI-AUTO,PETROL
1872,5,A Class,2019,21799,3253,145,28.5,1.3,MANUAL,PETROL
1873,5,A Class,2019,21835,9422,145,67.3,1.5,SEMI-AUTO,DIESEL
1874,5,A Class,2019,21840,10904,145,67.3,1.5,SEMI-AUTO,DIESEL
1875,5,A Class,2019,21895,9,145,47.1,1.3,MANUAL,PETROL
1876,5,A Class,2019,21895,408,145,47.1,1.3,MANUAL,PETROL
1877,5,A Class,2019,21895,520,145,47.1,1.3,MANUAL,PETROL
1878,5,A Class,2019,21899,5282,145,53.3,1.3,SEMI-AUTO,PETROL
1879,5,A Class,2019,21950,2151,145,56.5,2,SEMI-AUTO,DIESEL
1880,5,A Class,2019,21980,16,145,28.5,1.3,MANUAL,PETROL
1881,5,A Class,2019,21980,4015,145,65.7,1.5,SEMI-AUTO,DIESEL
1882,5,A Class,2019,21990,120,145,56.5,2,AUTOMATIC,DIESEL
1883,5,A Class,2019,21990,6954,145,67.3,1.5,AUTOMATIC,DIESEL
1884,5,A Class,2019,21991,9389,145,28.5,1.3,SEMI-AUTO,PETROL
1885,5,A Class,2019,21995,8122,145,56.5,2,SEMI-AUTO,DIESEL
1886,5,A Class,2019,21998,3270,150,28.5,1.3,MANUAL,PETROL
1887,5,A Class,2019,21998,11578,150,53.3,1.3,SEMI-AUTO,PETROL
1888,5,A Class,2019,21998,19324,150,53.3,1.3,SEMI-AUTO,PETROL
1889,5,A Class,2019,21999,1448,145,47.1,1.3,MANUAL,PETROL
1890,5,A Class,2019,21999,1738,145,47.1,1.3,MANUAL,PETROL
1891,5,A Class,2019,21999,4004,145,65.7,1.5,SEMI-AUTO,DIESEL
1892,5,A Class,2019,21999,4025,145,65.7,1.5,SEMI-AUTO,DIESEL
1893,5,A Class,2019,22000,6686,145,67.3,1.5,SEMI-AUTO,DIESEL
1894,5,A Class,2019,22056,4711,145,47.9,1.3,SEMI-AUTO,PETROL
1895,5,A Class,2019,22096,12272,145,67.3,1.5,AUTOMATIC,DIESEL
1896,5,A Class,2019,22199,2889,145,65.7,1.5,SEMI-AUTO,DIESEL
1897,5,A Class,2019,22250,3434,145,28.5,1.3,MANUAL,PETROL
1898,5,A Class,2019,22250,4866,150,28.5,1.3,MANUAL,PETROL
1899,5,A Class,2019,22250,8338,145,67.3,1.5,SEMI-AUTO,DIESEL
1900,5,A Class,2019,22276,3477,145,67.3,1.5,AUTOMATIC,DIESEL
1901,5,A Class,2019,22280,13284,145,56.5,2,SEMI-AUTO,DIESEL
1902,5,A Class,2019,22299,2750,145,65.7,1.5,SEMI-AUTO,DIESEL
1903,5,A Class,2019,22299,4554,145,62.8,1.5,AUTOMATIC,DIESEL
1904,5,A Class,2019,22299,6571,145,65.7,1.5,SEMI-AUTO,DIESEL
1905,5,A Class,2019,22306,9722,145,67.3,1.5,AUTOMATIC,DIESEL
1906,5,A Class,2019,22339,1000,145,65.7,1.5,SEMI-AUTO,DIESEL
1907,5,A Class,2019,22339,2392,145,65.7,1.5,SEMI-AUTO,DIESEL
1908,5,A Class,2019,22339,2560,145,65.7,1.5,SEMI-AUTO,DIESEL
1909,5,A Class,2019,22339,2815,145,65.7,1.5,SEMI-AUTO,DIESEL
1910,5,A Class,2019,22339,4040,145,65.7,1.5,SEMI-AUTO,DIESEL
1911,5,A Class,2019,22350,4194,150,28.5,1.3,MANUAL,PETROL
1912,5,A Class,2019,22360,9546,145,56.5,2,AUTOMATIC,DIESEL
1913,5,A Class,2019,22399,3994,145,62.8,1.5,AUTOMATIC,DIESEL
1914,5,A Class,2019,22399,4028,145,56.5,2,SEMI-AUTO,DIESEL
1915,5,A Class,2019,22399,4122,145,56.5,2,SEMI-AUTO,DIESEL
1916,5,A Class,2019,22399,12193,145,67.3,1.5,SEMI-AUTO,DIESEL
1917,5,A Class,2019,22450,5090,145,65.7,1.5,AUTOMATIC,DIESEL
1918,5,A Class,2019,22480,16,145,53.3,1.3,SEMI-AUTO,PETROL
1919,5,A Class,2019,22480,9460,150,28.5,1.3,AUTOMATIC,PETROL
1920,5,A Class,2019,22480,10282,145,56.5,2,SEMI-AUTO,DIESEL
1921,5,A Class,2019,22480,10604,145,56.5,2,SEMI-AUTO,DIESEL
1922,5,A Class,2019,22480,11683,150,28.5,1.3,MANUAL,PETROL
1923,5,A Class,2019,22480,14469,145,67.3,1.5,SEMI-AUTO,DIESEL
1924,5,A Class,2019,22490,12564,145,67.3,1.5,SEMI-AUTO,DIESEL
1925,5,A Class,2019,22495,251,145,45.6,1.3,MANUAL,PETROL
1926,5,A Class,2019,22499,3273,145,56.5,2,SEMI-AUTO,DIESEL
1927,5,A Class,2019,22524,10772,145,67.3,1.5,SEMI-AUTO,DIESEL
1928,5,A Class,2019,22569,1000,145,53.3,1.3,SEMI-AUTO,PETROL
1929,5,A Class,2019,22570,101,145,65.7,1.5,AUTOMATIC,DIESEL
1930,5,A Class,2019,22570,101,145,65.7,1.5,AUTOMATIC,DIESEL
1931,5,A Class,2019,22590,1683,145,62.8,1.5,AUTOMATIC,DIESEL
1932,5,A Class,2019,22596,5382,145,62.8,1.5,AUTOMATIC,DIESEL
1933,5,A Class,2019,22599,2314,145,62.8,1.5,SEMI-AUTO,DIESEL
1934,5,A Class,2019,22599,2672,145,62.8,1.5,SEMI-AUTO,DIESEL
1935,5,A Class,2019,22599,2823,145,62.8,1.5,AUTOMATIC,DIESEL
1936,5,A Class,2019,22625,6153,145,53.3,1.3,AUTOMATIC,PETROL
1937,5,A Class,2019,22691,8000,145,62.8,1.5,AUTOMATIC,DIESEL
1938,5,A Class,2019,22699,1683,145,62.8,1.5,AUTOMATIC,DIESEL
1939,5,A Class,2019,22699,1770,145,62.8,1.5,AUTOMATIC,DIESEL
1940,5,A Class,2019,22699,1877,145,62.8,1.5,SEMI-AUTO,DIESEL
1941,5,A Class,2019,22699,2046,145,56.5,2,SEMI-AUTO,DIESEL
1942,5,A Class,2019,22699,3252,145,65.7,1.5,SEMI-AUTO,DIESEL
1943,5,A Class,2019,22699,3561,145,65.7,1.5,SEMI-AUTO,DIESEL
1944,5,A Class,2019,22700,11411,150,53.3,1.3,SEMI-AUTO,PETROL
1945,5,A Class,2019,22702,11615,145,67.3,1.5,SEMI-AUTO,DIESEL
1946,5,A Class,2019,22730,1521,145,56.5,2,AUTOMATIC,DIESEL
1947,5,A Class,2019,22760,6543,145,67.3,1.5,SEMI-AUTO,DIESEL
1948,5,A Class,2019,22780,9060,145,56.5,2,SEMI-AUTO,DIESEL
1949,5,A Class,2019,22790,7333,150,28.5,1.3,SEMI-AUTO,PETROL
1950,5,A Class,2019,22795,1499,145,62.8,1.5,AUTOMATIC,DIESEL
1951,5,A Class,2019,22799,66,145,28.5,1.3,MANUAL,PETROL
1952,5,A Class,2019,22799,116,145,28.5,1.3,MANUAL,PETROL
1953,5,A Class,2019,22799,326,145,28.5,1.3,MANUAL,PETROL
1954,5,A Class,2019,22799,999,145,47.1,1.3,MANUAL,PETROL
1955,5,A Class,2019,22799,2015,145,53.3,1.3,SEMI-AUTO,PETROL
1956,5,A Class,2019,22799,13727,145,53.3,1.3,SEMI-AUTO,PETROL
1957,5,A Class,2019,22850,6202,145,56.5,2,AUTOMATIC,DIESEL
1958,5,A Class,2019,22890,999,145,47.1,1.3,MANUAL,PETROL
1959,5,A Class,2019,22899,320,145,56.5,2,SEMI-AUTO,DIESEL
1960,5,A Class,2019,22899,405,145,56.5,2,SEMI-AUTO,DIESEL
1961,5,A Class,2019,22899,442,145,62.8,1.5,AUTOMATIC,DIESEL
1962,5,A Class,2019,22899,1381,145,53.3,1.3,SEMI-AUTO,PETROL
1963,5,A Class,2019,22899,1835,145,65.7,1.5,SEMI-AUTO,DIESEL
1964,5,A Class,2019,22899,4042,145,56.5,2,SEMI-AUTO,DIESEL
1965,5,A Class,2019,22899,4264,145,56.5,2,SEMI-AUTO,DIESEL
1966,5,A Class,2019,22899,5499,145,47.1,1.3,MANUAL,PETROL
1967,5,A Class,2019,22907,1000,150,47.1,1.3,MANUAL,PETROL
1968,5,A Class,2019,22926,7159,145,62.8,1.5,SEMI-AUTO,DIESEL
1969,5,A Class,2019,22940,4040,145,62.8,1.5,AUTOMATIC,DIESEL
1970,5,A Class,2019,22950,3212,145,62.8,1.5,AUTOMATIC,DIESEL
1971,5,A Class,2019,22966,3535,145,53.3,1.3,AUTOMATIC,PETROL
1972,5,A Class,2019,22969,3486,145,56.5,2,SEMI-AUTO,DIESEL
1973,5,A Class,2019,22980,9,145,65.7,1.5,SEMI-AUTO,DIESEL
1974,5,A Class,2019,22980,16,145,56.5,2,SEMI-AUTO,DIESEL
1975,5,A Class,2019,22980,7148,145,67.3,1.5,SEMI-AUTO,DIESEL
1976,5,A Class,2019,22980,8204,145,56.5,2,SEMI-AUTO,DIESEL
1977,5,A Class,2019,22980,8899,145,67.3,1.5,SEMI-AUTO,DIESEL
1978,5,A Class,2019,22980,10562,145,67.3,1.5,SEMI-AUTO,DIESEL
1979,5,A Class,2019,22980,11464,145,67.3,1.5,SEMI-AUTO,DIESEL
1980,5,A Class,2019,22980,12710,145,67.3,1.5,AUTOMATIC,DIESEL
1981,5,A Class,2019,22980,13115,145,67.3,1.5,AUTOMATIC,DIESEL
1982,5,A Class,2019,22980,13793,145,67.3,1.5,AUTOMATIC,DIESEL
1983,5,A Class,2019,22980,13854,145,67.3,1.5,SEMI-AUTO,DIESEL
1984,5,A Class,2019,22980,14814,145,67.3,1.5,SEMI-AUTO,DIESEL
1985,5,A Class,2019,22980,14868,145,67.3,1.5,SEMI-AUTO,DIESEL
1986,5,A Class,2019,22980,14983,145,67.3,1.5,SEMI-AUTO,DIESEL
1987,5,A Class,2019,22990,3055,145,56.5,2,AUTOMATIC,DIESEL
1988,5,A Class,2019,22990,5679,145,65.7,1.5,AUTOMATIC,DIESEL
1989,5,A Class,2019,22990,11520,145,53.3,1.3,SEMI-AUTO,PETROL
1990,5,A Class,2019,22995,4023,150,53.3,1.3,AUTOMATIC,PETROL
1991,5,A Class,2019,22995,10231,145,53.3,1.3,SEMI-AUTO,PETROL
1992,5,A Class,2019,22998,3770,150,53.3,1.3,SEMI-AUTO,PETROL
1993,5,A Class,2019,22998,4459,150,53.3,1.3,SEMI-AUTO,PETROL
1994,5,A Class,2019,22999,510,145,53.3,1.3,SEMI-AUTO,PETROL
1995,5,A Class,2019,23000,5563,150,67.3,1.5,SEMI-AUTO,DIESEL
1996,5,A Class,2019,23000,7864,145,53.3,1.3,SEMI-AUTO,PETROL
1997,5,A Class,2019,23184,1173,145,44.8,1.3,MANUAL,PETROL
1998,5,A Class,2019,23199,2301,145,53.3,1.3,SEMI-AUTO,PETROL
1999,5,A Class,2019,23199,2563,145,56.5,2,SEMI-AUTO,DIESEL
2000,5,A Class,2019,23199,3380,145,56.5,2,AUTOMATIC,DIESEL
2001,5,A Class,2019,23200,5258,145,47.1,1.3,MANUAL,PETROL
2002,5,A Class,2019,23214,4001,145,65.7,1.5,AUTOMATIC,DIESEL
2003,5,A Class,2019,23280,7097,145,53.3,1.3,SEMI-AUTO,PETROL
2004,5,A Class,2019,23299,975,145,67.3,1.5,SEMI-AUTO,DIESEL
2005,5,A Class,2019,23299,2078,145,47.1,1.3,MANUAL,PETROL
2006,5,A Class,2019,23314,14634,145,53.3,1.3,SEMI-AUTO,PETROL
2007,5,A Class,2019,23338,2009,150,28.5,1.3,SEMI-AUTO,PETROL
2008,5,A Class,2019,23340,10355,145,53.3,1.3,AUTOMATIC,PETROL
2009,5,A Class,2019,23349,1000,145,67.3,1.5,SEMI-AUTO,DIESEL
2010,5,A Class,2019,23350,9762,145,67.3,1.5,SEMI-AUTO,DIESEL
2011,5,A Class,2019,23399,965,145,47.1,1.3,MANUAL,PETROL
2012,5,A Class,2019,23399,1043,145,47.1,1.3,MANUAL,PETROL
2013,5,A Class,2019,23399,1198,145,47.1,1.3,MANUAL,PETROL
2014,5,A Class,2019,23399,1200,145,47.1,1.3,MANUAL,PETROL
2015,5,A Class,2019,23440,10124,145,53.3,1.3,AUTOMATIC,PETROL
2016,5,A Class,2019,23450,2300,145,56.5,2,AUTOMATIC,DIESEL
2017,5,A Class,2019,23450,3521,145,67.3,1.5,AUTOMATIC,DIESEL
2018,5,A Class,2019,23450,8036,145,47.9,1.3,AUTOMATIC,PETROL
2019,5,A Class,2019,23480,3174,150,28.5,1.3,AUTOMATIC,PETROL
2020,5,A Class,2019,23480,5200,145,62.8,1.5,AUTOMATIC,DIESEL
2021,5,A Class,2019,23480,10191,145,67.3,1.5,SEMI-AUTO,DIESEL
2022,5,A Class,2019,23480,13322,145,67.3,1.5,SEMI-AUTO,DIESEL
2023,5,A Class,2019,23490,300,145,47.1,1.3,MANUAL,PETROL
2024,5,A Class,2019,23490,2245,145,28.5,1.3,AUTOMATIC,PETROL
2025,5,A Class,2019,23490,3692,145,47.1,1.3,MANUAL,PETROL
2026,5,A Class,2019,23490,5999,145,67.3,1.5,AUTOMATIC,DIESEL
2027,5,A Class,2019,23495,2633,145,62.8,1.5,AUTOMATIC,DIESEL
2028,5,A Class,2019,23495,5931,145,28.5,1.3,SEMI-AUTO,PETROL
2029,5,A Class,2019,23495,12056,150,53.3,1.3,SEMI-AUTO,PETROL
2030,5,A Class,2019,23498,4000,145,56.5,2,AUTOMATIC,DIESEL
2031,5,A Class,2019,23498,5800,150,65.7,1.5,SEMI-AUTO,DIESEL
2032,5,A Class,2019,23499,277,145,47.1,1.3,MANUAL,PETROL
2033,5,A Class,2019,23499,296,145,47.1,1.3,MANUAL,PETROL
2034,5,A Class,2019,23499,504,145,47.1,1.3,MANUAL,PETROL
2035,5,A Class,2019,23499,1718,145,67.3,1.5,SEMI-AUTO,DIESEL
2036,5,A Class,2019,23499,4149,145,56.5,2,AUTOMATIC,DIESEL
2037,5,A Class,2019,23499,6919,145,28.5,1.3,MANUAL,PETROL
2038,5,A Class,2019,23500,2500,145,56.5,2,SEMI-AUTO,DIESEL
2039,5,A Class,2019,23500,7261,150,53.3,1.3,SEMI-AUTO,PETROL
2040,5,A Class,2019,23500,8678,150,53.3,1.3,SEMI-AUTO,PETROL
2041,5,A Class,2019,23500,10617,150,53.3,1.3,SEMI-AUTO,PETROL
2042,5,A Class,2019,23509,1000,145,67.3,1.5,SEMI-AUTO,DIESEL
2043,5,A Class,2019,23509,1000,145,67.3,1.5,SEMI-AUTO,DIESEL
2044,5,A Class,2019,23509,5260,145,67.3,1.5,SEMI-AUTO,DIESEL
2045,5,A Class,2019,23549,8854,145,53.3,1.3,AUTOMATIC,PETROL
2046,5,A Class,2019,23599,3072,145,56.5,2,AUTOMATIC,DIESEL
2047,5,A Class,2019,23632,9599,145,53.3,1.3,AUTOMATIC,PETROL
2048,5,A Class,2019,23680,8090,145,53.3,1.3,SEMI-AUTO,PETROL
2049,5,A Class,2019,23680,8756,145,53.3,1.3,SEMI-AUTO,PETROL
2050,5,A Class,2019,23699,3405,145,28.5,2,SEMI-AUTO,PETROL
2051,5,A Class,2019,23699,7645,145,62.8,1.5,SEMI-AUTO,DIESEL
2052,5,A Class,2019,23700,3114,145,53.3,1.3,SEMI-AUTO,PETROL
2053,5,A Class,2019,23700,8829,145,62.8,1.5,SEMI-AUTO,DIESEL
2054,5,A Class,2019,23745,2751,145,56.5,2,AUTOMATIC,DIESEL
2055,5,A Class,2019,23745,10929,145,56.5,2,AUTOMATIC,DIESEL
2056,5,A Class,2019,23750,2501,145,62.8,1.5,AUTOMATIC,DIESEL
2057,5,A Class,2019,23800,7000,145,67.3,1.5,SEMI-AUTO,DIESEL
2058,5,A Class,2019,23849,5036,145,53.3,1.3,SEMI-AUTO,PETROL
2059,5,A Class,2019,23880,6515,145,53.3,1.3,SEMI-AUTO,PETROL
2060,5,A Class,2019,23885,6001,145,67.3,1.5,AUTOMATIC,DIESEL
2061,5,A Class,2019,23890,6367,145,53.3,1.3,SEMI-AUTO,PETROL
2062,5,A Class,2019,23899,6917,145,28.5,1.3,MANUAL,PETROL
2063,5,A Class,2019,23900,12678,145,53.3,1.3,SEMI-AUTO,PETROL
2064,5,A Class,2019,23904,1963,145,56.5,2,AUTOMATIC,DIESEL
2065,5,A Class,2019,23969,1000,145,62.8,1.5,AUTOMATIC,DIESEL
2066,5,A Class,2019,23979,16,145,56.5,2,SEMI-AUTO,DIESEL
2067,5,A Class,2019,23980,9,145,28.5,1.3,SEMI-AUTO,PETROL
2068,5,A Class,2019,23980,9,145,65.7,1.5,SEMI-AUTO,DIESEL
2069,5,A Class,2019,23980,16,145,65.7,1.5,SEMI-AUTO,DIESEL
2070,5,A Class,2019,23980,2555,145,47.9,1.3,SEMI-AUTO,PETROL
2071,5,A Class,2019,23980,6945,150,28.5,1.3,AUTOMATIC,PETROL
2072,5,A Class,2019,23987,3855,145,28.5,1.3,AUTOMATIC,PETROL
2073,5,A Class,2019,23990,2875,145,53.3,1.3,AUTOMATIC,PETROL
2074,5,A Class,2019,23995,3500,145,65.7,1.5,AUTOMATIC,DIESEL
2075,5,A Class,2019,23995,6000,150,53.3,1.3,AUTOMATIC,PETROL
2076,5,A Class,2019,23995,6429,150,53.3,1.3,SEMI-AUTO,PETROL
2077,5,A Class,2019,23999,1816,145,56.5,2,AUTOMATIC,DIESEL
2078,5,A Class,2019,23999,3948,145,53.3,1.3,SEMI-AUTO,PETROL
2079,5,A Class,2019,23999,5999,145,47.9,1.3,AUTOMATIC,PETROL
2080,5,A Class,2019,23999,8780,145,53.3,1.3,SEMI-AUTO,PETROL
2081,5,A Class,2019,24000,3000,145,53.3,1.3,SEMI-AUTO,PETROL
2082,5,A Class,2019,24000,4513,150,47.1,1.3,MANUAL,PETROL
2083,5,A Class,2019,24000,4772,145,28.5,2,SEMI-AUTO,PETROL
2084,5,A Class,2019,24000,4899,150,53.3,1.3,SEMI-AUTO,PETROL
2085,5,A Class,2019,24000,7366,150,53.3,1.3,SEMI-AUTO,PETROL
2086,5,A Class,2019,24049,3607,145,53.3,1.3,SEMI-AUTO,PETROL
2087,5,A Class,2019,24050,8118,145,53.3,1.3,SEMI-AUTO,PETROL
2088,5,A Class,2019,24059,1000,145,65.7,1.5,SEMI-AUTO,DIESEL
2089,5,A Class,2019,24059,3031,145,65.7,1.5,SEMI-AUTO,DIESEL
2090,5,A Class,2019,24059,4664,145,56.5,2,SEMI-AUTO,DIESEL
2091,5,A Class,2019,24065,8615,145,53.3,1.3,SEMI-AUTO,PETROL
2092,5,A Class,2019,24094,5889,145,53.3,1.3,SEMI-AUTO,PETROL
2093,5,A Class,2019,24099,3131,145,53.3,1.3,SEMI-AUTO,PETROL
2094,5,A Class,2019,24099,4297,145,53.3,1.3,SEMI-AUTO,PETROL
2095,5,A Class,2019,24099,5424,145,67.3,1.5,SEMI-AUTO,DIESEL
2096,5,A Class,2019,24109,1000,145,67.3,1.5,SEMI-AUTO,DIESEL
2097,5,A Class,2019,24124,1637,145,47.9,1.3,SEMI-AUTO,PETROL
2098,5,A Class,2019,24172,9999,145,53.3,1.3,SEMI-AUTO,PETROL
2099,5,A Class,2019,24199,2885,145,67.3,1.5,SEMI-AUTO,DIESEL
2100,5,A Class,2019,24202,5856,145,53.3,1.3,SEMI-AUTO,PETROL
2101,5,A Class,2019,24250,3981,145,53.3,1.3,AUTOMATIC,PETROL
2102,5,A Class,2019,24299,2106,145,67.3,1.5,SEMI-AUTO,DIESEL
2103,5,A Class,2019,24299,3389,145,28.5,2,SEMI-AUTO,PETROL
2104,5,A Class,2019,24299,5359,145,53.3,1.3,SEMI-AUTO,PETROL
2105,5,A Class,2019,24349,3189,150,47.9,1.3,SEMI-AUTO,PETROL
2106,5,A Class,2019,24399,1750,145,56.5,2,AUTOMATIC,DIESEL
2107,5,A Class,2019,24399,2113,145,56.5,2,SEMI-AUTO,DIESEL
2108,5,A Class,2019,24399,5310,145,53.3,1.3,SEMI-AUTO,PETROL
2109,5,A Class,2019,24399,5321,145,53.3,1.3,SEMI-AUTO,PETROL
2110,5,A Class,2019,24400,6000,145,47.9,1.3,AUTOMATIC,PETROL
2111,5,A Class,2019,24439,1000,145,62.8,1.5,SEMI-AUTO,DIESEL
2112,5,A Class,2019,24451,12001,145,65.7,1.5,AUTOMATIC,DIESEL
2113,5,A Class,2019,24462,4846,145,53.3,1.3,SEMI-AUTO,PETROL
2114,5,A Class,2019,24480,9,145,67.3,1.5,SEMI-AUTO,DIESEL
2115,5,A Class,2019,24480,16,145,67.3,1.5,SEMI-AUTO,DIESEL
2116,5,A Class,2019,24490,2476,145,65.7,1.5,AUTOMATIC,DIESEL
2117,5,A Class,2019,24495,8411,150,67.3,1.5,SEMI-AUTO,DIESEL
2118,5,A Class,2019,24495,10783,150,53.3,1.3,SEMI-AUTO,PETROL
2119,5,A Class,2019,24500,8092,145,62.8,1.5,SEMI-AUTO,DIESEL
2120,5,A Class,2019,24508,1000,145,65.7,1.5,SEMI-AUTO,DIESEL
2121,5,A Class,2019,24519,1000,145,56.5,2,SEMI-AUTO,DIESEL
2122,5,A Class,2019,24519,1000,145,56.5,2,SEMI-AUTO,DIESEL
2123,5,A Class,2019,24519,2486,145,56.5,2,SEMI-AUTO,DIESEL
2124,5,A Class,2019,24519,2882,145,56.5,2,SEMI-AUTO,DIESEL
2125,5,A Class,2019,24519,4897,145,56.5,2,SEMI-AUTO,DIESEL
2126,5,A Class,2019,24562,3836,145,53.3,1.3,SEMI-AUTO,PETROL
2127,5,A Class,2019,24599,277,145,56.5,2,SEMI-AUTO,DIESEL
2128,5,A Class,2019,24599,576,145,56.5,2,SEMI-AUTO,DIESEL
2129,5,A Class,2019,24599,1907,145,62.8,1.5,AUTOMATIC,DIESEL
2130,5,A Class,2019,24599,2162,145,67.3,1.5,SEMI-AUTO,DIESEL
2131,5,A Class,2019,24652,3377,145,53.3,1.3,SEMI-AUTO,PETROL
2132,5,A Class,2019,24660,5406,150,53.3,1.3,SEMI-AUTO,PETROL
2133,5,A Class,2019,24669,1000,145,65.7,1.5,SEMI-AUTO,DIESEL
2134,5,A Class,2019,24669,1000,145,28.5,2,SEMI-AUTO,PETROL
2135,5,A Class,2019,24669,1000,145,65.7,1.5,SEMI-AUTO,DIESEL
2136,5,A Class,2019,24682,3899,145,53.3,1.3,SEMI-AUTO,PETROL
2137,5,A Class,2019,24700,6000,145,47.1,1.3,MANUAL,PETROL
2138,5,A Class,2019,24711,3653,150,53.3,1.3,SEMI-AUTO,PETROL
2139,5,A Class,2019,24780,2343,145,56.5,2,SEMI-AUTO,DIESEL
2140,5,A Class,2019,24795,4499,145,28.5,1.3,SEMI-AUTO,PETROL
2141,5,A Class,2019,24795,12166,150,53.3,1.3,SEMI-AUTO,PETROL
2142,5,A Class,2019,24799,440,145,67.3,1.5,AUTOMATIC,DIESEL
2143,5,A Class,2019,24799,5292,145,47.1,1.3,MANUAL,PETROL
2144,5,A Class,2019,24890,1440,145,56.5,2,AUTOMATIC,DIESEL
2145,5,A Class,2019,24890,7301,145,56.5,2,SEMI-AUTO,DIESEL
2146,5,A Class,2019,24900,5662,145,53.3,1.3,SEMI-AUTO,PETROL
2147,5,A Class,2019,24919,2904,145,53.3,1.3,SEMI-AUTO,PETROL
2148,5,A Class,2019,24919,5000,145,53.3,1.3,SEMI-AUTO,PETROL
2149,5,A Class,2019,24980,9,145,53.3,1.3,SEMI-AUTO,PETROL
2150,5,A Class,2019,24980,16,145,47.1,1.3,MANUAL,PETROL
2151,5,A Class,2019,24980,249,145,56.5,2,SEMI-AUTO,DIESEL
2152,5,A Class,2019,24987,2841,145,47.1,1.3,MANUAL,PETROL
2153,5,A Class,2019,24989,4765,145,67.3,1.5,AUTOMATIC,DIESEL
2154,5,A Class,2019,24990,2814,145,56.5,2,AUTOMATIC,DIESEL
2155,5,A Class,2019,24990,20000,145,62.8,1.5,AUTOMATIC,DIESEL
2156,5,A Class,2019,24995,9,145,44.1,1.3,MANUAL,PETROL
2157,5,A Class,2019,24995,4500,145,67.3,1.5,SEMI-AUTO,DIESEL
2158,5,A Class,2019,24995,7750,145,56.5,2,AUTOMATIC,DIESEL
2159,5,A Class,2019,24995,10846,150,28.5,2,SEMI-AUTO,PETROL
2160,5,A Class,2019,24998,3000,145,62.8,1.5,AUTOMATIC,DIESEL
2161,5,A Class,2019,24999,1000,145,56.5,2,SEMI-AUTO,DIESEL
2162,5,A Class,2019,24999,1720,145,53.3,1.3,AUTOMATIC,PETROL
2163,5,A Class,2019,24999,2163,145,53.3,1.3,AUTOMATIC,PETROL
2164,5,A Class,2019,24999,2691,145,56.5,2,SEMI-AUTO,DIESEL
2165,5,A Class,2019,24999,3897,145,56.5,2,SEMI-AUTO,DIESEL
2166,5,A Class,2019,24999,5582,145,53.3,1.3,SEMI-AUTO,PETROL
2167,5,A Class,2019,24999,5738,145,53.3,1.3,SEMI-AUTO,PETROL
2168,5,A Class,2019,25000,7800,145,53.3,1.3,SEMI-AUTO,PETROL
2169,5,A Class,2019,25079,1000,145,53.3,1.3,SEMI-AUTO,PETROL
2170,5,A Class,2019,25099,4215,145,28.5,2,SEMI-AUTO,PETROL
2171,5,A Class,2019,25149,3890,145,56.5,2,SEMI-AUTO,DIESEL
2172,5,A Class,2019,25185,8294,145,53.3,1.3,SEMI-AUTO,PETROL
2173,5,A Class,2019,25190,2471,145,56.5,2,AUTOMATIC,DIESEL
2174,5,A Class,2019,25199,1947,145,47.1,1.3,MANUAL,PETROL
2175,5,A Class,2019,25299,1010,145,47.1,1.3,MANUAL,PETROL
2176,5,A Class,2019,25299,1077,145,47.1,1.3,MANUAL,PETROL
2177,5,A Class,2019,25299,7775,145,56.5,2,AUTOMATIC,DIESEL
2178,5,A Class,2019,25300,4200,150,53.3,1.3,SEMI-AUTO,PETROL
2179,5,A Class,2019,25399,415,145,47.1,1.3,MANUAL,PETROL
2180,5,A Class,2019,25399,486,145,47.1,1.3,MANUAL,PETROL
2181,5,A Class,2019,25399,4059,145,28.5,2,SEMI-AUTO,PETROL
2182,5,A Class,2019,25399,4059,150,28.5,2,SEMI-AUTO,PETROL
2183,5,A Class,2019,25399,5976,145,56.5,2,AUTOMATIC,DIESEL
2184,5,A Class,2019,25440,7000,145,47.1,1.3,MANUAL,PETROL
2185,5,A Class,2019,25469,1000,145,28.5,2,SEMI-AUTO,PETROL
2186,5,A Class,2019,25480,16,145,56.5,2,SEMI-AUTO,DIESEL
2187,5,A Class,2019,25480,16,145,65.7,1.5,SEMI-AUTO,DIESEL
2188,5,A Class,2019,25480,16,145,28.5,1.3,SEMI-AUTO,PETROL
2189,5,A Class,2019,25490,999,145,53.3,1.3,SEMI-AUTO,PETROL
2190,5,A Class,2019,25490,1304,145,56.5,2,AUTOMATIC,DIESEL
2191,5,A Class,2019,25490,1700,145,56.5,2,AUTOMATIC,DIESEL
2192,5,A Class,2019,25490,1895,145,56.5,2,AUTOMATIC,DIESEL
2193,5,A Class,2019,25490,1949,145,53.3,1.3,SEMI-AUTO,PETROL
2194,5,A Class,2019,25490,2425,145,53.3,1.3,SEMI-AUTO,PETROL
2195,5,A Class,2019,25490,5499,150,45.6,2,SEMI-AUTO,PETROL
2196,5,A Class,2019,25490,6108,145,56.5,2,AUTOMATIC,DIESEL
2197,5,A Class,2019,25490,6224,145,56.5,2,AUTOMATIC,DIESEL
2198,5,A Class,2019,25490,8812,145,62.8,1.5,AUTOMATIC,DIESEL
2199,5,A Class,2019,25495,9,145,53.3,1.3,AUTOMATIC,PETROL
2200,5,A Class,2019,25495,1001,145,47.1,1.3,MANUAL,PETROL
2201,5,A Class,2019,25495,4697,145,45.6,2,SEMI-AUTO,PETROL
2202,5,A Class,2019,25495,7196,150,53.3,1.3,SEMI-AUTO,PETROL
2203,5,A Class,2019,25495,7908,145,53.3,1.3,SEMI-AUTO,PETROL
2204,5,A Class,2019,25520,3269,145,47.9,1.3,AUTOMATIC,PETROL
2205,5,A Class,2019,25639,1892,145,56.5,2,SEMI-AUTO,DIESEL
2206,5,A Class,2019,25650,4001,145,62.8,1.5,AUTOMATIC,DIESEL
2207,5,A Class,2019,25690,1499,145,67.3,1.5,AUTOMATIC,DIESEL
2208,5,A Class,2019,25699,3089,145,65.7,1.5,SEMI-AUTO,DIESEL
2209,5,A Class,2019,25699,3328,145,56.5,2,SEMI-AUTO,DIESEL
2210,5,A Class,2019,25701,11000,150,56.5,2,AUTOMATIC,DIESEL
2211,5,A Class,2019,25777,7200,145,56.5,2,SEMI-AUTO,DIESEL
2212,5,A Class,2019,25799,1106,145,67.3,1.5,SEMI-AUTO,DIESEL
2213,5,A Class,2019,25799,2644,150,56.5,2,SEMI-AUTO,DIESEL
2214,5,A Class,2019,25799,2940,145,56.5,2,SEMI-AUTO,DIESEL
2215,5,A Class,2019,25799,3136,145,56.5,2,AUTOMATIC,DIESEL
2216,5,A Class,2019,25879,1753,145,53.3,1.3,SEMI-AUTO,PETROL
2217,5,A Class,2019,25890,1499,145,62.8,1.5,AUTOMATIC,DIESEL
2218,5,A Class,2019,25890,1657,145,53.3,1.3,AUTOMATIC,PETROL
2219,5,A Class,2019,25890,2858,145,47.9,1.3,AUTOMATIC,PETROL
2220,5,A Class,2019,25890,2981,145,56.5,2,AUTOMATIC,DIESEL
2221,5,A Class,2019,25899,1413,145,65.7,1.5,SEMI-AUTO,DIESEL
2222,5,A Class,2019,25899,1892,145,56.5,2,SEMI-AUTO,DIESEL
2223,5,A Class,2019,25899,2099,145,56.5,2,SEMI-AUTO,DIESEL
2224,5,A Class,2019,25899,2354,145,56.5,2,SEMI-AUTO,DIESEL
2225,5,A Class,2019,25950,3737,145,28.5,2,AUTOMATIC,PETROL
2226,5,A Class,2019,25980,200,145,53.3,1.3,SEMI-AUTO,PETROL
2227,5,A Class,2019,25980,5666,145,67.3,1.5,SEMI-AUTO,DIESEL
2228,5,A Class,2019,25991,4837,145,53.3,1.3,AUTOMATIC,PETROL
2229,5,A Class,2019,26014,2891,145,53.3,1.3,SEMI-AUTO,PETROL
2230,5,A Class,2019,26089,1000,145,56.5,2,AUTOMATIC,DIESEL
2231,5,A Class,2019,26089,1000,145,56.5,2,SEMI-AUTO,DIESEL
2232,5,A Class,2019,26099,350,145,56.5,2,SEMI-AUTO,DIESEL
2233,5,A Class,2019,26099,487,145,65.7,1.5,SEMI-AUTO,DIESEL
2234,5,A Class,2019,26100,4000,145,28.5,2,SEMI-AUTO,PETROL
2235,5,A Class,2019,26199,11702,145,53.3,1.3,SEMI-AUTO,PETROL
2236,5,A Class,2019,26250,499,145,53.3,1.3,AUTOMATIC,PETROL
2237,5,A Class,2019,26420,4001,145,56.5,2,AUTOMATIC,DIESEL
2238,5,A Class,2019,26455,1001,145,62.8,1.5,AUTOMATIC,DIESEL
2239,5,A Class,2019,26470,5120,145,56.5,2,AUTOMATIC,DIESEL
2240,5,A Class,2019,26480,1129,145,56.5,2,SEMI-AUTO,DIESEL
2241,5,A Class,2019,26480,1998,145,28.5,2,SEMI-AUTO,PETROL
2242,5,A Class,2019,26480,2856,145,47.9,1.3,AUTOMATIC,PETROL
2243,5,A Class,2019,26487,3256,145,53.3,1.3,AUTOMATIC,PETROL
2244,5,A Class,2019,26490,12984,150,53.3,1.3,SEMI-AUTO,PETROL
2245,5,A Class,2019,26499,3825,145,56.5,2,SEMI-AUTO,DIESEL
2246,5,A Class,2019,26599,5244,145,56.5,2,SEMI-AUTO,DIESEL
2247,5,A Class,2019,26699,998,145,53.3,1.3,SEMI-AUTO,PETROL
2248,5,A Class,2019,26699,4352,145,56.5,2,SEMI-AUTO,DIESEL
2249,5,A Class,2019,26750,4481,145,62.8,1.5,SEMI-AUTO,DIESEL
2250,5,A Class,2019,26799,3895,145,56.5,2,SEMI-AUTO,DIESEL
2251,5,A Class,2019,26899,2662,145,56.5,2,SEMI-AUTO,DIESEL
2252,5,A Class,2019,26899,2729,145,56.5,2,SEMI-AUTO,DIESEL
2253,5,A Class,2019,26979,2850,145,28.5,2,SEMI-AUTO,PETROL
2254,5,A Class,2019,26980,16,145,28.5,2,SEMI-AUTO,PETROL
2255,5,A Class,2019,26980,16,145,28.5,2,SEMI-AUTO,PETROL
2256,5,A Class,2019,26980,16,145,28.5,2,SEMI-AUTO,PETROL
2257,5,A Class,2019,26980,16,145,28.5,2,SEMI-AUTO,PETROL
2258,5,A Class,2019,26980,1987,145,47.9,1.3,SEMI-AUTO,PETROL
2259,5,A Class,2019,26980,1987,145,47.9,1.3,SEMI-AUTO,PETROL
2260,5,A Class,2019,26990,2380,145,62.8,1.5,AUTOMATIC,DIESEL
2261,5,A Class,2019,26991,1662,145,53.3,1.3,AUTOMATIC,PETROL
2262,5,A Class,2019,26991,1998,150,47.1,1.3,MANUAL,PETROL
2263,5,A Class,2019,26992,4930,145,62.8,1.5,SEMI-AUTO,DIESEL
2264,5,A Class,2019,26999,2315,145,56.5,2,SEMI-AUTO,DIESEL
2265,5,A Class,2019,26999,3496,145,56.5,2,AUTOMATIC,DIESEL
2266,5,A Class,2019,26999,4105,145,56.5,2,AUTOMATIC,DIESEL
2267,5,A Class,2019,27495,3719,145,47.1,1.3,SEMI-AUTO,PETROL
2268,5,A Class,2019,27495,10000,145,65.7,1.5,AUTOMATIC,DIESEL
2269,5,A Class,2019,27799,565,145,28.5,2,SEMI-AUTO,PETROL
2270,5,A Class,2019,27990,3500,145,56.5,2,SEMI-AUTO,DIESEL
2271,5,A Class,2019,27994,2367,150,53.3,1.3,AUTOMATIC,PETROL
2272,5,A Class,2019,27995,1989,150,45.6,2,SEMI-AUTO,PETROL
2273,5,A Class,2019,28490,1987,145,56.5,2,AUTOMATIC,DIESEL
2274,5,A Class,2019,28490,3826,145,53.3,1.3,AUTOMATIC,PETROL
2275,5,A Class,2019,28490,5064,145,56.5,2,AUTOMATIC,DIESEL
2276,5,A Class,2019,28681,5977,145,53.3,1.3,AUTOMATIC,PETROL
2277,5,A Class,2019,28800,4672,145,62.8,1.5,AUTOMATIC,DIESEL
2278,5,A Class,2019,29991,3608,145,53.3,1.3,AUTOMATIC,PETROL
2279,5,A Class,2019,30481,9485,145,40.9,2,AUTOMATIC,PETROL
2280,5,A Class,2019,30581,3209,145,47.9,1.3,AUTOMATIC,PETROL
2281,5,A Class,2019,31399,2351,145,35.3,2,SEMI-AUTO,PETROL
2282,5,A Class,2019,31699,1000,145,35.8,2,SEMI-AUTO,PETROL
2283,5,A Class,2019,31699,1000,145,35.8,2,SEMI-AUTO,PETROL
2284,5,A Class,2019,31980,4309,145,35.8,2,SEMI-AUTO,PETROL
2285,5,A Class,2019,31980,6512,145,35.3,2,SEMI-AUTO,PETROL
2286,5,A Class,2019,31991,2934,145,35.3,2,AUTOMATIC,PETROL
2287,5,A Class,2019,32300,9509,145,35.8,2,AUTOMATIC,PETROL
2288,5,A Class,2019,32445,5411,150,35.3,2,AUTOMATIC,PETROL
2289,5,A Class,2019,32690,4104,150,35.3,2,SEMI-AUTO,PETROL
2290,5,A Class,2019,32995,7000,145,35.3,2,AUTOMATIC,PETROL
2291,5,A Class,2019,33199,600,145,35.8,2,SEMI-AUTO,PETROL
2292,5,A Class,2019,33450,6724,150,35.3,2,AUTOMATIC,PETROL
2293,5,A Class,2019,33559,4639,145,35.3,2,SEMI-AUTO,PETROL
2294,5,A Class,2019,33889,1000,145,36.7,2,SEMI-AUTO,PETROL
2295,5,A Class,2019,33932,69,145,35.3,2,SEMI-AUTO,PETROL
2296,5,A Class,2019,33932,100,145,35.3,2,SEMI-AUTO,PETROL
2297,5,A Class,2019,33995,1550,145,35.3,2,AUTOMATIC,PETROL
2298,5,A Class,2019,33995,3109,150,35.8,2,AUTOMATIC,PETROL
2299,5,A Class,2019,33995,10378,145,35.3,2,SEMI-AUTO,PETROL
2300,5,A Class,2019,34099,2700,145,35.3,2,SEMI-AUTO,PETROL
2301,5,A Class,2019,34799,3778,150,35.3,2,SEMI-AUTO,PETROL
2302,5,A Class,2019,34999,1690,145,36.7,2,SEMI-AUTO,PETROL
2303,5,A Class,2019,35990,3331,145,35.3,2,AUTOMATIC,PETROL
2304,5,A Class,2019,36000,117,145,35.3,2,SEMI-AUTO,PETROL
2305,5,A Class,2019,36292,11324,145,35.3,2,SEMI-AUTO,PETROL
2306,5,A Class,2019,36412,100,145,35.3,2,SEMI-AUTO,PETROL
2307,5,A Class,2019,36412,100,145,35.3,2,SEMI-AUTO,PETROL
2308,5,A Class,2019,36432,1120,145,35.3,2,SEMI-AUTO,PETROL
2309,5,A Class,2019,36987,4399,145,36.7,2,AUTOMATIC,PETROL
2310,5,A Class,2019,36990,4500,145,36.7,2,AUTOMATIC,PETROL
2311,5,A Class,2019,39960,5990,145,35.3,2,AUTOMATIC,PETROL
2312,5,A Class,2019,39995,3618,145,36.7,2,SEMI-AUTO,PETROL
2313,5,A Class,2019,97900,163,145,30.1,4,AUTOMATIC,PETROL
2314,5,A Class,2019,99950,2013,145,22.6,4,AUTOMATIC,PETROL
2315,5,A Class,2019,104999,5822,150,22.6,4,SEMI-AUTO,PETROL
2316,5,A Class,2019,105000,6807,150,22.6,4,SEMI-AUTO,PETROL
2317,5,A Class,2019,109445,195,145,22.6,4,AUTOMATIC,PETROL
2318,5,A Class,2019,114199,891,145,22.6,4,SEMI-AUTO,PETROL
2319,5,A Class,2019,115359,1000,145,30.1,4,SEMI-AUTO,PETROL
2320,5,A Class,2019,123846,2951,145,22.1,4,SEMI-AUTO,PETROL
2321,5,A Class,2019,124366,880,145,24.8,4,SEMI-AUTO,PETROL
2322,5,A Class,2019,125796,637,145,24.8,4,AUTOMATIC,PETROL
2323,5,A Class,2019,126000,250,145,24.6,4,AUTOMATIC,PETROL
2324,5,A Class,2019,129990,1000,145,24.8,4,AUTOMATIC,PETROL
2325,5,A Class,2019,134219,1000,145,24.8,4,SEMI-AUTO,PETROL
2326,5,A Class,2019,139559,1000,145,22.1,4,SEMI-AUTO,PETROL
2327,5,A Class,2019,140319,785,150,22.1,4,SEMI-AUTO,PETROL
2328,5,A Class,2020,16862,29515,150,47.1,1.3,MANUAL,PETROL
2329,5,A Class,2020,21480,1385,145,47.1,1.3,MANUAL,PETROL
2330,5,A Class,2020,21750,2896,145,47.1,1.3,MANUAL,PETROL
2331,5,A Class,2020,21750,4001,145,47.1,1.3,MANUAL,PETROL
2332,5,A Class,2020,21990,151,145,47.1,1.3,MANUAL,PETROL
2333,5,A Class,2020,22200,4020,145,65.7,1.5,SEMI-AUTO,DIESEL
2334,5,A Class,2020,22480,526,145,45.6,1.3,MANUAL,PETROL
2335,5,A Class,2020,22490,3521,145,56.5,2,AUTOMATIC,DIESEL
2336,5,A Class,2020,22559,1000,145,28.5,1.3,MANUAL,PETROL
2337,5,A Class,2020,22559,1000,145,28.5,1.3,MANUAL,PETROL
2338,5,A Class,2020,22990,2125,145,28.5,1.3,MANUAL,PETROL
2339,5,A Class,2020,23444,708,145,56.5,2,AUTOMATIC,DIESEL
2340,5,A Class,2020,23900,2006,145,28.5,1.3,MANUAL,PETROL
2341,5,A Class,2020,23970,1500,145,65.7,1.5,SEMI-AUTO,DIESEL
2342,5,A Class,2020,23980,16,145,47.1,1.3,MANUAL,PETROL
2343,5,A Class,2020,23980,16,145,56.5,2,SEMI-AUTO,DIESEL
2344,5,A Class,2020,23980,287,145,45.6,1.3,MANUAL,PETROL
2345,5,A Class,2020,23999,2000,145,53.3,1.3,SEMI-AUTO,PETROL
2346,5,A Class,2020,23999,2300,145,53.3,1.3,SEMI-AUTO,PETROL
2347,5,A Class,2020,24107,3500,145,62.8,1.5,AUTOMATIC,DIESEL
2348,5,A Class,2020,24109,1000,145,67.3,1.5,SEMI-AUTO,DIESEL
2349,5,A Class,2020,24109,1000,145,67.3,1.5,SEMI-AUTO,DIESEL
2350,5,A Class,2020,24109,1000,145,67.3,1.5,SEMI-AUTO,DIESEL
2351,5,A Class,2020,24260,5501,145,56.5,2,SEMI-AUTO,DIESEL
2352,5,A Class,2020,24298,590,150,53.3,1.3,SEMI-AUTO,PETROL
2353,5,A Class,2020,24409,1000,145,67.3,1.5,SEMI-AUTO,DIESEL
2354,5,A Class,2020,24409,1000,145,67.3,1.5,SEMI-AUTO,DIESEL
2355,5,A Class,2020,24409,1000,145,67.3,1.5,SEMI-AUTO,DIESEL
2356,5,A Class,2020,24480,16,145,28.5,1.3,MANUAL,PETROL
2357,5,A Class,2020,24480,16,145,47.1,1.3,MANUAL,PETROL
2358,5,A Class,2020,24490,800,145,28.5,1.3,MANUAL,PETROL
2359,5,A Class,2020,24490,5560,145,62.8,1.5,SEMI-AUTO,DIESEL
2360,5,A Class,2020,24495,9,145,67.3,1.5,SEMI-AUTO,DIESEL
2361,5,A Class,2020,24495,525,145,67.3,1.5,SEMI-AUTO,DIESEL
2362,5,A Class,2020,24495,2999,145,28.5,1.3,MANUAL,PETROL
2363,5,A Class,2020,24495,3999,145,67.3,1.5,AUTOMATIC,DIESEL
2364,5,A Class,2020,24500,850,145,47.1,1.3,MANUAL,PETROL
2365,5,A Class,2020,24500,1950,145,44.8,1.3,MANUAL,PETROL
2366,5,A Class,2020,24579,1000,145,47.1,1.3,MANUAL,PETROL
2367,5,A Class,2020,24729,1000,145,67.3,1.5,SEMI-AUTO,DIESEL
2368,5,A Class,2020,24729,1000,145,67.3,1.5,SEMI-AUTO,DIESEL
2369,5,A Class,2020,24780,9,145,28.5,1.3,MANUAL,PETROL
2370,5,A Class,2020,24799,1400,145,28.5,1.3,SEMI-AUTO,PETROL
2371,5,A Class,2020,24889,1000,145,62.8,1.5,SEMI-AUTO,DIESEL
2372,5,A Class,2020,24889,1000,145,62.8,1.5,SEMI-AUTO,DIESEL
2373,5,A Class,2020,24889,1000,145,62.8,1.5,SEMI-AUTO,DIESEL
2374,5,A Class,2020,24889,1000,145,62.8,1.5,SEMI-AUTO,DIESEL
2375,5,A Class,2020,24889,1000,145,62.8,1.5,SEMI-AUTO,DIESEL
2376,5,A Class,2020,24889,1000,145,62.8,1.5,SEMI-AUTO,DIESEL
2377,5,A Class,2020,24889,1000,145,62.8,1.5,SEMI-AUTO,DIESEL
2378,5,A Class,2020,24900,400,145,28.5,1.3,AUTOMATIC,PETROL
2379,5,A Class,2020,24980,16,145,45.6,1.3,MANUAL,PETROL
2380,5,A Class,2020,24980,16,145,28.5,1.3,MANUAL,PETROL
2381,5,A Class,2020,24987,3525,145,47.1,1.3,MANUAL,PETROL
2382,5,A Class,2020,24990,208,145,47.1,1.3,MANUAL,PETROL
2383,5,A Class,2020,24990,2044,145,62.8,1.5,SEMI-AUTO,DIESEL
2384,5,A Class,2020,24991,161,145,44.8,1.3,MANUAL,PETROL
2385,5,A Class,2020,24995,9,145,47.1,1.3,MANUAL,PETROL
2386,5,A Class,2020,24995,3800,145,47.9,1.3,SEMI-AUTO,PETROL
2387,5,A Class,2020,25000,4000,145,62.8,1.5,SEMI-AUTO,DIESEL
2388,5,A Class,2020,25000,4000,145,53.3,1.3,SEMI-AUTO,PETROL
2389,5,A Class,2020,25209,1000,145,62.8,1.5,SEMI-AUTO,DIESEL
2390,5,A Class,2020,25298,20,145,47.1,1.3,MANUAL,PETROL
2391,5,A Class,2020,25344,51,150,28.5,1.3,SEMI-AUTO,PETROL
2392,5,A Class,2020,25429,1000,145,62.8,1.5,SEMI-AUTO,DIESEL
2393,5,A Class,2020,25429,1000,145,62.8,1.5,SEMI-AUTO,DIESEL
2394,5,A Class,2020,25479,1000,145,53.3,1.3,SEMI-AUTO,PETROL
2395,5,A Class,2020,25490,1301,145,53.3,1.3,SEMI-AUTO,PETROL
2396,5,A Class,2020,25490,1499,145,44.1,1.3,MANUAL,PETROL
2397,5,A Class,2020,25490,2000,145,45.6,2,SEMI-AUTO,PETROL
2398,5,A Class,2020,25495,1913,145,62.8,1.5,SEMI-AUTO,DIESEL
2399,5,A Class,2020,25500,2902,145,53.3,1.3,SEMI-AUTO,PETROL
2400,5,A Class,2020,25559,1000,145,53.3,1.3,SEMI-AUTO,PETROL
2401,5,A Class,2020,25559,1000,145,53.3,1.3,SEMI-AUTO,PETROL
2402,5,A Class,2020,25559,1000,145,53.3,1.3,SEMI-AUTO,PETROL
2403,5,A Class,2020,25644,2983,145,53.3,1.3,AUTOMATIC,PETROL
2404,5,A Class,2020,25644,6000,145,53.3,1.3,AUTOMATIC,PETROL
2405,5,A Class,2020,25729,1000,145,53.3,1.3,SEMI-AUTO,PETROL
2406,5,A Class,2020,25729,1000,145,53.3,1.3,SEMI-AUTO,PETROL
2407,5,A Class,2020,25729,1000,145,53.3,1.3,SEMI-AUTO,PETROL
2408,5,A Class,2020,25729,1000,145,53.3,1.3,SEMI-AUTO,PETROL
2409,5,A Class,2020,25729,1000,145,53.3,1.3,SEMI-AUTO,PETROL
2410,5,A Class,2020,25729,1000,145,53.3,1.3,SEMI-AUTO,PETROL
2411,5,A Class,2020,25779,1000,145,53.3,1.3,SEMI-AUTO,PETROL
2412,5,A Class,2020,25779,1000,145,53.3,1.3,SEMI-AUTO,PETROL
2413,5,A Class,2020,25799,2500,145,56.5,2,AUTOMATIC,DIESEL
2414,5,A Class,2020,25879,1000,145,53.3,1.3,SEMI-AUTO,PETROL
2415,5,A Class,2020,25879,1000,145,53.3,1.3,SEMI-AUTO,PETROL
2416,5,A Class,2020,25879,1000,145,53.3,1.3,SEMI-AUTO,PETROL
2417,5,A Class,2020,25879,1000,145,53.3,1.3,SEMI-AUTO,PETROL
2418,5,A Class,2020,25879,1000,145,53.3,1.3,SEMI-AUTO,PETROL
2419,5,A Class,2020,25879,1000,145,53.3,1.3,SEMI-AUTO,PETROL
2420,5,A Class,2020,25879,1000,145,53.3,1.3,SEMI-AUTO,PETROL
2421,5,A Class,2020,25879,1000,145,53.3,1.3,SEMI-AUTO,PETROL
2422,5,A Class,2020,25879,1000,145,53.3,1.3,SEMI-AUTO,PETROL
2423,5,A Class,2020,25879,1000,145,53.3,1.3,SEMI-AUTO,PETROL
2424,5,A Class,2020,25879,1000,145,53.3,1.3,SEMI-AUTO,PETROL
2425,5,A Class,2020,25879,1000,145,53.3,1.3,SEMI-AUTO,PETROL
2426,5,A Class,2020,25879,1000,145,53.3,1.3,SEMI-AUTO,PETROL
2427,5,A Class,2020,25879,1000,145,53.3,1.3,SEMI-AUTO,PETROL
2428,5,A Class,2020,25879,1000,145,53.3,1.3,SEMI-AUTO,PETROL
2429,5,A Class,2020,25879,1000,145,53.3,1.3,SEMI-AUTO,PETROL
2430,5,A Class,2020,25879,1000,145,53.3,1.3,SEMI-AUTO,PETROL
2431,5,A Class,2020,25879,1000,145,53.3,1.3,SEMI-AUTO,PETROL
2432,5,A Class,2020,25879,1000,145,53.3,1.3,SEMI-AUTO,PETROL
2433,5,A Class,2020,25879,1000,145,53.3,1.3,SEMI-AUTO,PETROL
2434,5,A Class,2020,25879,1000,145,53.3,1.3,SEMI-AUTO,PETROL
2435,5,A Class,2020,25879,1000,145,53.3,1.3,SEMI-AUTO,PETROL
2436,5,A Class,2020,25879,1000,145,53.3,1.3,SEMI-AUTO,PETROL
2437,5,A Class,2020,25879,1000,145,53.3,1.3,SEMI-AUTO,PETROL
2438,5,A Class,2020,25879,1000,145,53.3,1.3,SEMI-AUTO,PETROL
2439,5,A Class,2020,25879,1000,145,53.3,1.3,SEMI-AUTO,PETROL
2440,5,A Class,2020,25879,1000,145,53.3,1.3,SEMI-AUTO,PETROL
2441,5,A Class,2020,25879,1000,145,53.3,1.3,SEMI-AUTO,PETROL
2442,5,A Class,2020,25879,1000,145,53.3,1.3,SEMI-AUTO,PETROL
2443,5,A Class,2020,25879,1000,145,53.3,1.3,SEMI-AUTO,PETROL
2444,5,A Class,2020,25879,1000,145,53.3,1.3,SEMI-AUTO,PETROL
2445,5,A Class,2020,25879,1000,145,53.3,1.3,SEMI-AUTO,PETROL
2446,5,A Class,2020,25879,1000,145,53.3,1.3,SEMI-AUTO,PETROL
2447,5,A Class,2020,25879,1000,145,53.3,1.3,SEMI-AUTO,PETROL
2448,5,A Class,2020,25879,1000,145,53.3,1.3,SEMI-AUTO,PETROL
2449,5,A Class,2020,25879,1000,145,53.3,1.3,SEMI-AUTO,PETROL
2450,5,A Class,2020,25879,1227,145,53.3,1.3,SEMI-AUTO,PETROL
2451,5,A Class,2020,25890,19,145,47.1,1.3,MANUAL,PETROL
2452,5,A Class,2020,25890,1499,145,53.3,1.3,SEMI-AUTO,PETROL
2453,5,A Class,2020,25890,1499,145,47.1,1.3,MANUAL,PETROL
2454,5,A Class,2020,25890,1499,145,53.3,1.3,SEMI-AUTO,PETROL
2455,5,A Class,2020,25890,1499,145,47.1,1.3,MANUAL,PETROL
2456,5,A Class,2020,25890,3200,145,53.3,1.3,SEMI-AUTO,PETROL
2457,5,A Class,2020,25961,871,145,44.8,1.3,MANUAL,PETROL
2458,5,A Class,2020,25980,347,145,47.1,1.3,MANUAL,PETROL
2459,5,A Class,2020,25980,385,145,44.1,1.3,MANUAL,PETROL
2460,5,A Class,2020,25980,385,145,47.1,1.3,MANUAL,PETROL
2461,5,A Class,2020,25980,942,145,56.5,2,SEMI-AUTO,DIESEL
2462,5,A Class,2020,25980,2502,145,47.1,1.3,MANUAL,PETROL
2463,5,A Class,2020,25990,1399,145,65.7,1.5,SEMI-AUTO,DIESEL
2464,5,A Class,2020,25990,1499,145,56.5,2,SEMI-AUTO,DIESEL
2465,5,A Class,2020,25990,1499,145,47.1,1.3,MANUAL,PETROL
2466,5,A Class,2020,25990,2000,145,47.9,1.3,SEMI-AUTO,PETROL
2467,5,A Class,2020,25991,5797,145,62.8,1.5,SEMI-AUTO,DIESEL
2468,5,A Class,2020,25995,5000,145,62.8,1.5,AUTOMATIC,DIESEL
2469,5,A Class,2020,25998,1000,145,44.8,1.3,MANUAL,PETROL
2470,5,A Class,2020,26000,1000,145,53.3,1.3,SEMI-AUTO,PETROL
2471,5,A Class,2020,26000,4000,145,53.3,1.3,SEMI-AUTO,PETROL
2472,5,A Class,2020,26000,4000,145,44.1,1.3,MANUAL,PETROL
2473,5,A Class,2020,26000,4250,145,53.3,1.3,SEMI-AUTO,PETROL
2474,5,A Class,2020,26000,4500,145,53.3,1.3,SEMI-AUTO,PETROL
2475,5,A Class,2020,26039,4000,145,28.5,2,SEMI-AUTO,PETROL
2476,5,A Class,2020,26049,1000,145,62.8,1.5,SEMI-AUTO,DIESEL
2477,5,A Class,2020,26319,1000,145,53.3,1.3,SEMI-AUTO,PETROL
2478,5,A Class,2020,26325,1550,145,28.5,1.3,SEMI-AUTO,PETROL
2479,5,A Class,2020,26375,1550,145,28.5,1.3,SEMI-AUTO,PETROL
2480,5,A Class,2020,26400,2249,145,53.3,1.3,SEMI-AUTO,PETROL
2481,5,A Class,2020,26444,6000,145,28.5,2,AUTOMATIC,PETROL
2482,5,A Class,2020,26480,3000,145,47.9,1.3,SEMI-AUTO,PETROL
2483,5,A Class,2020,26490,6000,145,28.5,2,AUTOMATIC,PETROL
2484,5,A Class,2020,26495,1700,145,56.5,2,SEMI-AUTO,DIESEL
2485,5,A Class,2020,26498,2000,145,47.9,1.5,AUTOMATIC,DIESEL
2486,5,A Class,2020,26499,2600,145,53.3,1.3,SEMI-AUTO,PETROL
2487,5,A Class,2020,26500,3143,145,53.3,1.3,SEMI-AUTO,PETROL
2488,5,A Class,2020,26500,3500,150,56.5,2,SEMI-AUTO,DIESEL
2489,5,A Class,2020,26519,1000,145,53.3,1.3,SEMI-AUTO,PETROL
2490,5,A Class,2020,26519,1000,145,53.3,1.3,SEMI-AUTO,PETROL
2491,5,A Class,2020,26519,1000,145,53.3,1.3,SEMI-AUTO,PETROL
2492,5,A Class,2020,26590,2563,145,53.3,1.3,AUTOMATIC,PETROL
2493,5,A Class,2020,26590,2563,145,53.3,1.3,AUTOMATIC,PETROL
2494,5,A Class,2020,26841,2284,145,53.3,1.3,SEMI-AUTO,PETROL
2495,5,A Class,2020,26944,6000,145,53.3,1.3,AUTOMATIC,PETROL
2496,5,A Class,2020,26980,9,145,53.3,1.3,SEMI-AUTO,PETROL
2497,5,A Class,2020,26980,9,145,56.5,2,SEMI-AUTO,DIESEL
2498,5,A Class,2020,26980,9,145,56.5,2,SEMI-AUTO,DIESEL
2499,5,A Class,2020,26980,16,145,44.1,1.3,MANUAL,PETROL
2500,5,A Class,2020,26980,16,145,44.8,1.3,MANUAL,PETROL
2501,5,A Class,2020,26980,1000,145,62.8,1.5,AUTOMATIC,DIESEL
2502,5,A Class,2020,26981,1500,145,53.3,1.3,SEMI-AUTO,PETROL
2503,5,A Class,2020,26981,4000,145,56.5,2,SEMI-AUTO,DIESEL
2504,5,A Class,2020,26987,2577,145,53.3,1.3,SEMI-AUTO,PETROL
2505,5,A Class,2020,26990,1499,145,47.1,1.3,MANUAL,PETROL
2506,5,A Class,2020,26995,5000,145,47.1,1.3,MANUAL,PETROL
2507,5,A Class,2020,26998,20,145,65.7,1.5,AUTOMATIC,DIESEL
2508,5,A Class,2020,26999,1000,145,67.3,1.5,SEMI-AUTO,DIESEL
2509,5,A Class,2020,26999,2000,145,62.8,1.5,SEMI-AUTO,DIESEL
2510,5,A Class,2020,27346,1550,145,53.3,1.3,SEMI-AUTO,PETROL
2511,5,A Class,2020,27720,10,145,28.5,1.3,MANUAL,PETROL
2512,5,A Class,2020,27791,4158,145,65.7,1.5,SEMI-AUTO,DIESEL
2513,5,A Class,2020,27890,2511,145,53.3,1.3,AUTOMATIC,PETROL
2514,5,A Class,2020,27900,500,145,56.5,2,AUTOMATIC,DIESEL
2515,5,A Class,2020,27980,16,145,56.5,2,SEMI-AUTO,DIESEL
2516,5,A Class,2020,27987,2369,145,44.1,1.3,MANUAL,PETROL
2517,5,A Class,2020,27990,19,145,28.5,1.3,SEMI-AUTO,PETROL
2518,5,A Class,2020,27990,159,145,53.3,1.3,SEMI-AUTO,PETROL
2519,5,A Class,2020,27990,697,145,53.3,1.3,SEMI-AUTO,PETROL
2520,5,A Class,2020,27990,1499,145,28.5,1.3,SEMI-AUTO,PETROL
2521,5,A Class,2020,27990,1499,145,53.3,1.3,SEMI-AUTO,PETROL
2522,5,A Class,2020,27995,16,145,67.3,1.5,SEMI-AUTO,DIESEL
2523,5,A Class,2020,27995,100,145,62.8,1.5,SEMI-AUTO,DIESEL
2524,5,A Class,2020,27995,2500,145,67.3,1.5,AUTOMATIC,DIESEL
2525,5,A Class,2020,28128,2563,145,47.9,1.3,AUTOMATIC,PETROL
2526,5,A Class,2020,28200,1932,145,28.5,1.3,MANUAL,PETROL
2527,5,A Class,2020,28298,20,145,62.8,1.5,AUTOMATIC,DIESEL
2528,5,A Class,2020,28429,1000,145,56.5,2,SEMI-AUTO,DIESEL
2529,5,A Class,2020,28490,497,145,56.5,2,SEMI-AUTO,DIESEL
2530,5,A Class,2020,28490,768,145,56.5,2,SEMI-AUTO,DIESEL
2531,5,A Class,2020,28900,19,145,28.5,1.3,SEMI-AUTO,PETROL
2532,5,A Class,2020,28900,1060,145,53.3,1.3,AUTOMATIC,PETROL
2533,5,A Class,2020,28989,3150,145,45.6,1.3,MANUAL,PETROL
2534,5,A Class,2020,28991,1585,145,28.5,2,SEMI-AUTO,PETROL
2535,5,A Class,2020,29480,2033,145,28.5,1.3,AUTOMATIC,PETROL
2536,5,A Class,2020,29490,3329,145,67.3,1.5,AUTOMATIC,DIESEL
2537,5,A Class,2020,29490,4850,145,67.3,1.5,SEMI-AUTO,DIESEL
2538,5,A Class,2020,29900,661,150,53.3,1.3,AUTOMATIC,PETROL
2539,5,A Class,2020,29995,2000,145,40.9,2,SEMI-AUTO,PETROL
2540,5,A Class,2020,29995,5000,145,56.5,2,SEMI-AUTO,DIESEL
2541,5,A Class,2020,30231,4000,140,1.1,1.3,SEMI-AUTO,HYBRID
2542,5,A Class,2020,30231,4000,140,1.1,1.3,SEMI-AUTO,HYBRID
2543,5,A Class,2020,31001,60,145,53.3,1.3,SEMI-AUTO,PETROL
2544,5,A Class,2020,31500,1000,135,1.1,1.3,SEMI-AUTO,HYBRID
2545,5,A Class,2020,31699,1000,145,35.8,2,SEMI-AUTO,PETROL
2546,5,A Class,2020,32980,606,145,35.8,2,AUTOMATIC,PETROL
2547,5,A Class,2020,33120,437,145,53.3,1.3,SEMI-AUTO,PETROL
2548,5,A Class,2020,33569,1000,145,35.8,2,SEMI-AUTO,PETROL
2549,5,A Class,2020,33569,1000,145,35.8,2,SEMI-AUTO,PETROL
2550,5,A Class,2020,33900,345,140,1.1,1.3,AUTOMATIC,HYBRID
2551,5,A Class,2020,33980,3999,145,36.7,2,SEMI-AUTO,PETROL
2552,5,A Class,2020,35981,2185,145,35.8,2,SEMI-AUTO,PETROL
2553,5,A Class,2020,37080,2410,145,35.8,2,SEMI-AUTO,PETROL
2554,5,A Class,2020,37981,4004,145,35.3,2,SEMI-AUTO,PETROL
2555,5,A Class,2020,41729,1000,145,32.8,2,SEMI-AUTO,PETROL
2556,5,A Class,2020,42990,4001,150,32.8,2,SEMI-AUTO,PETROL
2557,5,A Class,2020,43400,1750,145,36.7,2,AUTOMATIC,PETROL
2558,5,A Class,2020,43900,6000,145,35.3,2,AUTOMATIC,PETROL
2559,5,A Class,2020,44995,500,145,32.8,2,SEMI-AUTO,PETROL
2560,5,A Class,2020,48790,1499,145,32.8,2,SEMI-AUTO,PETROL
2561,5,A Class,2020,48980,9,145,32.8,2,SEMI-AUTO,PETROL
2562,5,A Class,2020,49298,20,145,32.8,2,AUTOMATIC,PETROL
2563,5,A Class,2020,49980,16,145,32.8,2,SEMI-AUTO,PETROL
2564,5,A Class,2020,49980,16,145,32.8,2,SEMI-AUTO,PETROL
2565,5,A Class,2020,138439,1000,145,22.1,4,SEMI-AUTO,PETROL
2566,6,B Class,2005,2490,101980,200,47.9,2,AUTOMATIC,DIESEL
2567,6,B Class,2007,3990,63787,205,47.9,2,AUTOMATIC,DIESEL
2568,6,B Class,2007,3990,85858,200,47.1,2,AUTOMATIC,DIESEL
2569,6,B Class,2008,3990,52691,235,39.8,1.7,AUTOMATIC,PETROL
2570,6,B Class,2009,3994,64000,145,52.3,2,MANUAL,DIESEL
2571,6,B Class,2009,4695,64000,240,40.9,1.5,AUTOMATIC,PETROL
2572,6,B Class,2010,3495,92573,145,52.3,2,MANUAL,DIESEL
2573,6,B Class,2010,3890,71000,240,40.9,1.5,AUTOMATIC,PETROL
2574,6,B Class,2010,3995,66000,145,50.4,2,MANUAL,DIESEL
2575,6,B Class,2011,3990,90000,240,40.9,1.5,AUTOMATIC,PETROL
2576,6,B Class,2011,4295,61400,200,47.1,2,AUTOMATIC,DIESEL
2577,6,B Class,2011,6595,34000,240,39.8,1.5,AUTOMATIC,PETROL
2578,6,B Class,2012,7499,57386,125,64.2,1.8,AUTOMATIC,DIESEL
2579,6,B Class,2012,7899,74397,145,47.9,1.6,AUTOMATIC,PETROL
2580,6,B Class,2012,7995,65050,125,61.4,1.8,MANUAL,DIESEL
2581,6,B Class,2012,8750,54695,125,61.4,1.8,MANUAL,DIESEL
2582,6,B Class,2012,9995,43000,30,60.1,1.8,AUTOMATIC,DIESEL
2583,6,B Class,2012,11995,22348,145,45.6,1.6,AUTOMATIC,PETROL
2584,6,B Class,2013,7295,65455,125,61.4,1.8,MANUAL,DIESEL
2585,6,B Class,2013,7395,70230,30,64.2,1.8,MANUAL,DIESEL
2586,6,B Class,2013,7491,65514,150,47.9,1.6,MANUAL,PETROL
2587,6,B Class,2013,8080,62702,125,61.4,1.8,MANUAL,DIESEL
2588,6,B Class,2013,8200,54257,30,61.4,1.5,MANUAL,DIESEL
2589,6,B Class,2013,8450,46831,125,61.4,1.8,MANUAL,DIESEL
2590,6,B Class,2013,8899,47000,145,47.9,1.6,AUTOMATIC,PETROL
2591,6,B Class,2013,8990,52000,30,60.1,1.8,AUTOMATIC,DIESEL
2592,6,B Class,2013,8998,46108,30,64.2,1.8,SEMI-AUTO,DIESEL
2593,6,B Class,2013,8998,49674,30,64.2,1.8,SEMI-AUTO,DIESEL
2594,6,B Class,2013,9000,48462,125,61.4,1.8,MANUAL,DIESEL
2595,6,B Class,2013,9499,25221,30,61.4,1.5,MANUAL,DIESEL
2596,6,B Class,2013,9499,34875,30,64.2,1.8,AUTOMATIC,DIESEL
2597,6,B Class,2013,9500,40340,150,47.9,1.6,SEMI-AUTO,PETROL
2598,6,B Class,2013,9750,33706,30,64.2,1.8,SEMI-AUTO,DIESEL
2599,6,B Class,2013,9995,27500,30,64.2,1.8,AUTOMATIC,DIESEL
2600,6,B Class,2013,9995,35000,20,64.2,1.5,MANUAL,DIESEL
2601,6,B Class,2013,9995,42000,20,64.2,1.8,MANUAL,DIESEL
2602,6,B Class,2013,9998,34837,30,64.2,1.8,SEMI-AUTO,DIESEL
2603,6,B Class,2013,12500,42050,30,61.4,2.1,SEMI-AUTO,DIESEL
2604,6,B Class,2014,7495,70122,20,68.9,1.5,SEMI-AUTO,DIESEL
2605,6,B Class,2014,7891,76679,20,68.9,1.5,AUTOMATIC,DIESEL
2606,6,B Class,2014,8160,61800,30,61.4,1.5,MANUAL,DIESEL
2607,6,B Class,2014,8200,39331,0,74.3,1.5,MANUAL,DIESEL
2608,6,B Class,2014,8490,75894,0,74.3,1.5,MANUAL,DIESEL
2609,6,B Class,2014,8699,59587,30,61.4,1.5,MANUAL,DIESEL
2610,6,B Class,2014,8990,50554,30,64.2,1.5,SEMI-AUTO,DIESEL
2611,6,B Class,2014,8990,50554,30,64.2,1.5,SEMI-AUTO,DIESEL
2612,6,B Class,2014,8991,60072,125,61.4,1.8,MANUAL,DIESEL
2613,6,B Class,2014,8995,53676,30,64.2,1.5,AUTOMATIC,DIESEL
2614,6,B Class,2014,9475,49276,30,64.2,1.5,AUTOMATIC,DIESEL
2615,6,B Class,2014,9498,40217,30,64.2,1.5,SEMI-AUTO,DIESEL
2616,6,B Class,2014,9499,63878,30,60.1,1.8,AUTOMATIC,DIESEL
2617,6,B Class,2014,9695,49480,30,64.2,1.5,AUTOMATIC,DIESEL
2618,6,B Class,2014,9701,27430,20,68.9,1.5,SEMI-AUTO,DIESEL
2619,6,B Class,2014,9792,37789,30,61.4,1.5,MANUAL,DIESEL
2620,6,B Class,2014,9800,31963,30,64.2,1.5,AUTOMATIC,DIESEL
2621,6,B Class,2014,9890,41039,30,64.2,1.5,AUTOMATIC,DIESEL
2622,6,B Class,2014,9900,46210,30,64.2,1.5,AUTOMATIC,DIESEL
2623,6,B Class,2014,9998,16378,20,68.9,1.5,SEMI-AUTO,DIESEL
2624,6,B Class,2014,9998,24510,30,61.4,1.5,MANUAL,DIESEL
2625,6,B Class,2014,9999,53516,30,60.1,1.8,SEMI-AUTO,DIESEL
2626,6,B Class,2014,10195,58000,30,60.1,1.8,AUTOMATIC,DIESEL
2627,6,B Class,2014,10500,33000,125,61.4,1.8,MANUAL,DIESEL
2628,6,B Class,2014,10999,29236,30,64.2,1.5,AUTOMATIC,DIESEL
2629,6,B Class,2014,11250,31251,30,61.4,2.1,AUTOMATIC,DIESEL
2630,6,B Class,2014,11500,10200,20,68.9,1.5,AUTOMATIC,DIESEL
2631,6,B Class,2014,12999,22261,200,42.2,2,SEMI-AUTO,PETROL
2632,6,B Class,2015,8800,43543,0,78.5,1.5,MANUAL,DIESEL
2633,6,B Class,2015,9295,80900,20,68.9,1.5,MANUAL,DIESEL
2634,6,B Class,2015,10000,38500,30,65.7,2.1,MANUAL,DIESEL
2635,6,B Class,2015,10291,54719,20,70.6,1.5,SEMI-AUTO,DIESEL
2636,6,B Class,2015,10990,39655,20,67.3,1.5,AUTOMATIC,DIESEL
2637,6,B Class,2015,10991,50501,20,68.9,2.1,SEMI-AUTO,DIESEL
2638,6,B Class,2015,10995,28000,20,67.3,1.5,MANUAL,DIESEL
2639,6,B Class,2015,10999,54349,30,60.1,1.8,AUTOMATIC,DIESEL
2640,6,B Class,2015,11240,47000,125,56.5,2.1,AUTOMATIC,DIESEL
2641,6,B Class,2015,11440,63000,20,68.9,2.1,AUTOMATIC,DIESEL
2642,6,B Class,2015,11499,13437,30,64.2,2.1,MANUAL,DIESEL
2643,6,B Class,2015,11640,34070,30,65.7,2.1,MANUAL,DIESEL
2644,6,B Class,2015,11900,32236,20,70.6,1.5,AUTOMATIC,DIESEL
2645,6,B Class,2015,11991,59492,20,67.3,2.1,SEMI-AUTO,DIESEL
2646,6,B Class,2015,11995,41500,20,67.3,1.5,SEMI-AUTO,DIESEL
2647,6,B Class,2015,12949,34247,20,67.3,2.1,SEMI-AUTO,DIESEL
2648,6,B Class,2015,12995,21578,20,68.9,2.1,SEMI-AUTO,DIESEL
2649,6,B Class,2015,12995,23200,20,68.9,2.1,AUTOMATIC,DIESEL
2650,6,B Class,2015,12998,26125,20,67.3,1.5,SEMI-AUTO,DIESEL
2651,6,B Class,2015,13250,13008,20,68.9,2.1,SEMI-AUTO,DIESEL
2652,6,B Class,2015,13490,19499,30,62.8,2.1,MANUAL,DIESEL
2653,6,B Class,2015,13498,20789,20,67.3,1.5,SEMI-AUTO,DIESEL
2654,6,B Class,2015,13998,34739,125,56.5,2.1,AUTOMATIC,DIESEL
2655,6,B Class,2015,14200,23915,20,68.9,2.1,SEMI-AUTO,DIESEL
2656,6,B Class,2016,8000,91890,20,70.6,1.5,MANUAL,DIESEL
2657,6,B Class,2016,10989,49697,20,68.9,1.5,MANUAL,DIESEL
2658,6,B Class,2016,11450,23563,20,68.9,1.5,MANUAL,DIESEL
2659,6,B Class,2016,11490,58784,30,65.7,2.1,MANUAL,DIESEL
2660,6,B Class,2016,11495,29670,20,70.6,1.5,MANUAL,DIESEL
2661,6,B Class,2016,11495,52803,20,68.9,1.5,MANUAL,DIESEL
2662,6,B Class,2016,11499,19590,20,70.6,1.5,MANUAL,DIESEL
2663,6,B Class,2016,11499,40579,20,68.9,1.5,MANUAL,DIESEL
2664,6,B Class,2016,11701,58313,20,68.9,1.5,SEMI-AUTO,DIESEL
2665,6,B Class,2016,11799,27421,20,68.9,1.5,MANUAL,DIESEL
2666,6,B Class,2016,11900,24468,20,68.9,1.5,MANUAL,DIESEL
2667,6,B Class,2016,12300,39838,20,68.9,1.5,AUTOMATIC,DIESEL
2668,6,B Class,2016,12441,67558,20,67.3,2.1,AUTOMATIC,DIESEL
2669,6,B Class,2016,12490,38336,20,70.6,1.5,SEMI-AUTO,DIESEL
2670,6,B Class,2016,12499,11219,20,68.9,1.5,MANUAL,DIESEL
2671,6,B Class,2016,12500,38536,20,68.9,1.5,AUTOMATIC,DIESEL
2672,6,B Class,2016,12790,21996,20,70.6,1.5,SEMI-AUTO,DIESEL
2673,6,B Class,2016,12800,22544,20,68.9,1.5,MANUAL,DIESEL
2674,6,B Class,2016,12899,15601,145,49.6,1.6,MANUAL,PETROL
2675,6,B Class,2016,12900,25792,20,68.9,2.1,AUTOMATIC,DIESEL
2676,6,B Class,2016,13000,21496,125,49.6,1.6,MANUAL,PETROL
2677,6,B Class,2016,13000,36418,20,68.9,1.5,AUTOMATIC,DIESEL
2678,6,B Class,2016,13291,45250,20,68.9,2.1,SEMI-AUTO,DIESEL
2679,6,B Class,2016,13399,16538,30,65.7,2.1,MANUAL,DIESEL
2680,6,B Class,2016,13498,25726,20,68.9,1.5,MANUAL,DIESEL
2681,6,B Class,2016,13900,51933,125,51.4,1.6,AUTOMATIC,PETROL
2682,6,B Class,2016,13977,34000,20,68.9,1.5,AUTOMATIC,DIESEL
2683,6,B Class,2016,13980,43376,20,68.9,1.5,AUTOMATIC,DIESEL
2684,6,B Class,2016,13990,45782,20,68.9,2.1,SEMI-AUTO,DIESEL
2685,6,B Class,2016,13999,40500,20,68.9,2.1,SEMI-AUTO,DIESEL
2686,6,B Class,2016,13999,40500,20,68.9,2.1,SEMI-AUTO,DIESEL
2687,6,B Class,2016,14152,18245,20,68.9,1.5,MANUAL,DIESEL
2688,6,B Class,2016,14490,13000,20,68.9,1.5,AUTOMATIC,DIESEL
2689,6,B Class,2016,14490,24178,20,68.9,1.5,SEMI-AUTO,DIESEL
2690,6,B Class,2016,14500,26728,145,49.6,1.6,MANUAL,PETROL
2691,6,B Class,2016,14500,30202,20,68.9,2.1,SEMI-AUTO,DIESEL
2692,6,B Class,2016,14599,28156,20,68.9,2.1,AUTOMATIC,DIESEL
2693,6,B Class,2016,14699,21775,20,68.9,2.1,AUTOMATIC,DIESEL
2694,6,B Class,2016,14980,12697,20,68.9,2.1,SEMI-AUTO,DIESEL
2695,6,B Class,2016,14995,19000,125,51.4,1.6,AUTOMATIC,PETROL
2696,6,B Class,2016,14999,15541,20,68.9,1.5,AUTOMATIC,DIESEL
2697,6,B Class,2016,15691,17342,20,68.9,2.1,SEMI-AUTO,DIESEL
2698,6,B Class,2016,16495,11000,20,68.9,2.1,SEMI-AUTO,DIESEL
2699,6,B Class,2017,11849,70371,145,68.9,2.1,AUTOMATIC,DIESEL
2700,6,B Class,2017,11900,43473,145,68.9,1.5,MANUAL,DIESEL
2701,6,B Class,2017,11990,43069,145,68.9,1.5,MANUAL,DIESEL
2702,6,B Class,2017,11998,44480,30,65.7,2.1,MANUAL,DIESEL
2703,6,B Class,2017,12495,10000,145,70.6,1.5,MANUAL,DIESEL
2704,6,B Class,2017,12498,29559,20,68.9,1.5,MANUAL,DIESEL
2705,6,B Class,2017,12499,40219,145,68.9,1.5,MANUAL,DIESEL
2706,6,B Class,2017,12699,12444,145,70.6,1.5,MANUAL,DIESEL
2707,6,B Class,2017,12699,31633,150,70.6,1.5,SEMI-AUTO,DIESEL
2708,6,B Class,2017,12730,14882,150,68.9,1.5,MANUAL,DIESEL
2709,6,B Class,2017,12760,21082,150,68.9,1.5,MANUAL,DIESEL
2710,6,B Class,2017,13000,6437,145,65.7,2.1,MANUAL,DIESEL
2711,6,B Class,2017,13199,17177,145,68.9,1.5,MANUAL,DIESEL
2712,6,B Class,2017,13291,21742,20,70.6,2.1,SEMI-AUTO,DIESEL
2713,6,B Class,2017,13298,31705,150,68.9,1.5,MANUAL,DIESEL
2714,6,B Class,2017,13299,15094,145,68.9,1.5,MANUAL,DIESEL
2715,6,B Class,2017,13449,18683,145,68.9,1.5,MANUAL,DIESEL
2716,6,B Class,2017,13498,35881,20,68.9,1.5,MANUAL,DIESEL
2717,6,B Class,2017,13499,22926,20,68.9,1.5,MANUAL,DIESEL
2718,6,B Class,2017,13500,15500,20,70.6,1.5,SEMI-AUTO,DIESEL
2719,6,B Class,2017,13500,24276,30,65.7,2.1,MANUAL,DIESEL
2720,6,B Class,2017,13500,29836,20,68.9,1.5,MANUAL,DIESEL
2721,6,B Class,2017,13500,34396,20,68.9,1.5,MANUAL,DIESEL
2722,6,B Class,2017,13599,21000,145,68.9,1.5,MANUAL,DIESEL
2723,6,B Class,2017,13600,24549,20,68.9,1.5,AUTOMATIC,DIESEL
2724,6,B Class,2017,13640,52045,20,67.3,2.1,AUTOMATIC,DIESEL
2725,6,B Class,2017,13800,18400,145,68.9,1.5,MANUAL,DIESEL
2726,6,B Class,2017,13800,32374,30,65.7,2.1,MANUAL,DIESEL
2727,6,B Class,2017,13862,16941,145,68.9,1.5,MANUAL,DIESEL
2728,6,B Class,2017,13899,14856,145,68.9,1.5,MANUAL,DIESEL
2729,6,B Class,2017,13899,19842,145,68.9,1.5,MANUAL,DIESEL
2730,6,B Class,2017,13950,5878,20,68.9,1.5,MANUAL,DIESEL
2731,6,B Class,2017,13952,14005,145,65.7,2.1,MANUAL,DIESEL
2732,6,B Class,2017,13980,17403,145,68.9,1.5,MANUAL,DIESEL
2733,6,B Class,2017,13980,20034,145,68.9,1.5,MANUAL,DIESEL
2734,6,B Class,2017,13980,24610,145,65.7,2.1,MANUAL,DIESEL
2735,6,B Class,2017,13991,29643,20,68.9,1.5,SEMI-AUTO,DIESEL
2736,6,B Class,2017,13995,27000,145,68.9,2.1,SEMI-AUTO,DIESEL
2737,6,B Class,2017,13999,16168,145,68.9,1.5,MANUAL,DIESEL
2738,6,B Class,2017,13999,17341,20,67.3,2.1,MANUAL,DIESEL
2739,6,B Class,2017,13999,19622,145,65.7,2.1,MANUAL,DIESEL
2740,6,B Class,2017,13999,26704,145,68.9,2.1,SEMI-AUTO,DIESEL
2741,6,B Class,2017,14000,26993,150,65.7,2.1,MANUAL,DIESEL
2742,6,B Class,2017,14199,9300,145,68.9,1.5,MANUAL,DIESEL
2743,6,B Class,2017,14286,16280,145,68.9,2.1,AUTOMATIC,DIESEL
2744,6,B Class,2017,14298,12349,150,68.9,1.5,MANUAL,DIESEL
2745,6,B Class,2017,14500,11840,145,68.9,1.5,MANUAL,DIESEL
2746,6,B Class,2017,14542,16274,145,68.9,1.5,MANUAL,DIESEL
2747,6,B Class,2017,14799,30431,20,68.9,2.1,AUTOMATIC,DIESEL
2748,6,B Class,2017,14824,24202,145,68.9,2.1,SEMI-AUTO,DIESEL
2749,6,B Class,2017,14900,30285,145,68.9,1.5,SEMI-AUTO,DIESEL
2750,6,B Class,2017,14991,40115,145,68.9,2.1,SEMI-AUTO,DIESEL
2751,6,B Class,2017,14994,29162,125,51.4,1.6,SEMI-AUTO,PETROL
2752,6,B Class,2017,14995,24104,145,68.9,2.1,SEMI-AUTO,DIESEL
2753,6,B Class,2017,14995,26109,20,68.9,2.1,SEMI-AUTO,DIESEL
2754,6,B Class,2017,14995,39535,150,68.9,2.1,AUTOMATIC,DIESEL
2755,6,B Class,2017,14998,35895,150,51.4,1.6,SEMI-AUTO,PETROL
2756,6,B Class,2017,14999,8000,145,65.7,2.1,MANUAL,DIESEL
2757,6,B Class,2017,15000,24000,20,68.9,2.1,SEMI-AUTO,DIESEL
2758,6,B Class,2017,15282,22414,20,67.3,2.1,SEMI-AUTO,DIESEL
2759,6,B Class,2017,15298,18656,20,68.9,1.5,SEMI-AUTO,DIESEL
2760,6,B Class,2017,15480,23290,20,68.9,2.1,AUTOMATIC,DIESEL
2761,6,B Class,2017,15490,28000,145,51.4,1.6,SEMI-AUTO,PETROL
2762,6,B Class,2017,15700,16856,20,68.9,2.1,SEMI-AUTO,DIESEL
2763,6,B Class,2017,15770,8830,150,68.9,1.5,SEMI-AUTO,DIESEL
2764,6,B Class,2017,15890,24841,150,68.9,1.5,AUTOMATIC,DIESEL
2765,6,B Class,2017,15995,6000,145,67.3,2.2,AUTOMATIC,DIESEL
2766,6,B Class,2017,15998,21306,145,68.9,2.1,SEMI-AUTO,DIESEL
2767,6,B Class,2017,15999,13158,150,68.9,2.1,SEMI-AUTO,DIESEL
2768,6,B Class,2017,16000,10445,145,68.9,1.5,AUTOMATIC,DIESEL
2769,6,B Class,2017,16280,10954,20,68.9,1.5,AUTOMATIC,DIESEL
2770,6,B Class,2017,16299,19160,145,68.9,2.1,SEMI-AUTO,DIESEL
2771,6,B Class,2017,16495,15578,145,68.9,2.1,SEMI-AUTO,DIESEL
2772,6,B Class,2017,16495,26847,20,68.9,2.1,SEMI-AUTO,DIESEL
2773,6,B Class,2017,16780,9605,145,68.9,1.5,SEMI-AUTO,DIESEL
2774,6,B Class,2017,16852,30506,20,67.3,2.1,SEMI-AUTO,DIESEL
2775,6,B Class,2017,16900,19817,145,51.4,1.6,AUTOMATIC,PETROL
2776,6,B Class,2017,16924,10133,150,68.9,1.5,SEMI-AUTO,DIESEL
2777,6,B Class,2017,16995,10519,20,68.9,2.1,SEMI-AUTO,DIESEL
2778,6,B Class,2017,16998,2174,150,68.9,2.1,SEMI-AUTO,DIESEL
2779,6,B Class,2017,17480,16345,125,51.4,1.6,SEMI-AUTO,PETROL
2780,6,B Class,2017,17490,8645,125,51.4,1.6,SEMI-AUTO,PETROL
2781,6,B Class,2017,17513,14128,150,68.9,2.1,AUTOMATIC,DIESEL
2782,6,B Class,2018,13449,40908,145,70.6,1.5,SEMI-AUTO,DIESEL
2783,6,B Class,2018,13495,31500,150,70.6,1.5,SEMI-AUTO,DIESEL
2784,6,B Class,2018,14999,9867,145,68.9,2.1,AUTOMATIC,DIESEL
2785,6,B Class,2018,15000,18600,145,49.6,1.6,MANUAL,PETROL
2786,6,B Class,2018,15500,6423,145,68.9,1.5,MANUAL,DIESEL
2787,6,B Class,2018,15799,10076,145,68.9,1.5,MANUAL,DIESEL
2788,6,B Class,2018,15812,2681,145,68.9,1.5,MANUAL,DIESEL
2789,6,B Class,2018,15980,679,145,68.9,1.5,MANUAL,DIESEL
2790,6,B Class,2018,15999,16028,145,68.9,1.5,AUTOMATIC,DIESEL
2791,6,B Class,2018,16299,2300,145,68.9,1.5,MANUAL,DIESEL
2792,6,B Class,2018,16299,6364,145,49.6,1.6,MANUAL,PETROL
2793,6,B Class,2018,16480,3295,145,49.6,1.6,MANUAL,PETROL
2794,6,B Class,2018,16799,18304,145,68.9,2.1,SEMI-AUTO,DIESEL
2795,6,B Class,2018,16990,11714,145,68.9,1.5,AUTOMATIC,DIESEL
2796,6,B Class,2018,16990,14717,150,68.9,2.1,SEMI-AUTO,DIESEL
2797,6,B Class,2018,16999,4275,145,68.9,1.5,AUTOMATIC,DIESEL
2798,6,B Class,2018,17000,16002,145,51.4,1.6,AUTOMATIC,PETROL
2799,6,B Class,2018,17495,6500,150,51.4,1.6,SEMI-AUTO,PETROL
2800,6,B Class,2018,17498,9700,145,68.9,2.1,AUTOMATIC,DIESEL
2801,6,B Class,2018,17499,14890,145,68.9,2.1,SEMI-AUTO,DIESEL
2802,6,B Class,2018,17499,14890,145,68.9,2.1,SEMI-AUTO,DIESEL
2803,6,B Class,2018,17600,8500,145,68.9,2.1,AUTOMATIC,DIESEL
2804,6,B Class,2018,17760,12370,150,68.9,2.1,SEMI-AUTO,DIESEL
2805,6,B Class,2018,17871,4207,145,49.6,1.6,MANUAL,PETROL
2806,6,B Class,2018,17900,15371,145,68.9,2.1,SEMI-AUTO,DIESEL
2807,6,B Class,2018,17990,6217,145,68.9,2.1,AUTOMATIC,DIESEL
2808,6,B Class,2018,17990,11290,145,68.9,2.1,AUTOMATIC,DIESEL
2809,6,B Class,2018,17991,6132,150,50.4,1.6,SEMI-AUTO,PETROL
2810,6,B Class,2018,17991,12550,145,50.4,1.6,SEMI-AUTO,PETROL
2811,6,B Class,2018,17995,6025,145,68.9,2.1,AUTOMATIC,DIESEL
2812,6,B Class,2018,18999,9321,145,56.5,2.1,AUTOMATIC,DIESEL
2813,6,B Class,2018,18999,13868,150,50.4,1.6,SEMI-AUTO,PETROL
2814,6,B Class,2018,19000,7171,145,51.4,1.6,AUTOMATIC,PETROL
2815,6,B Class,2018,19462,6775,145,68.9,2.1,AUTOMATIC,DIESEL
2816,6,B Class,2018,19480,6178,145,68.9,2.1,SEMI-AUTO,DIESEL
2817,6,B Class,2018,19480,7923,145,68.9,2.1,SEMI-AUTO,DIESEL
2818,6,B Class,2018,19980,3945,145,50.4,1.6,SEMI-AUTO,PETROL
2819,6,B Class,2018,19995,9787,150,51.4,1.6,SEMI-AUTO,PETROL
2820,6,B Class,2018,19998,4340,145,68.9,2.1,AUTOMATIC,DIESEL
2821,6,B Class,2018,20000,9723,145,68.9,2.1,SEMI-AUTO,DIESEL
2822,6,B Class,2019,16846,2780,150,49.6,1.6,MANUAL,PETROL
2823,6,B Class,2019,16930,5317,145,49.6,1.6,MANUAL,PETROL
2824,6,B Class,2019,16990,5000,145,49.6,1.6,MANUAL,PETROL
2825,6,B Class,2019,17498,4273,145,49.6,1.6,MANUAL,PETROL
2826,6,B Class,2019,18000,4429,145,49.6,1.6,MANUAL,PETROL
2827,6,B Class,2019,18195,11877,145,68.9,2.1,SEMI-AUTO,DIESEL
2828,6,B Class,2019,19090,5830,145,65.7,2.1,MANUAL,DIESEL
2829,6,B Class,2019,19295,11641,145,45.6,1.3,SEMI-AUTO,PETROL
2830,6,B Class,2019,19344,15257,145,45.6,1.3,AUTOMATIC,PETROL
2831,6,B Class,2019,19345,14082,145,45.6,1.3,AUTOMATIC,PETROL
2832,6,B Class,2019,19350,13674,145,45.6,1.3,AUTOMATIC,PETROL
2833,6,B Class,2019,19424,14118,145,45.6,1.3,AUTOMATIC,PETROL
2834,6,B Class,2019,19424,14118,150,45.6,1.3,SEMI-AUTO,PETROL
2835,6,B Class,2019,19490,7698,145,51.4,1.6,SEMI-AUTO,PETROL
2836,6,B Class,2019,19790,13621,145,45.6,1.3,SEMI-AUTO,PETROL
2837,6,B Class,2019,19790,14554,145,45.6,1.3,SEMI-AUTO,PETROL
2838,6,B Class,2019,19950,14300,145,45.6,1.3,SEMI-AUTO,PETROL
2839,6,B Class,2019,19998,13744,145,45.6,1.3,SEMI-AUTO,PETROL
2840,6,B Class,2019,19998,14922,145,45.6,1.3,SEMI-AUTO,PETROL
2841,6,B Class,2019,20000,11312,145,45.6,1.3,SEMI-AUTO,PETROL
2842,6,B Class,2019,20000,11676,145,45.6,1.3,SEMI-AUTO,PETROL
2843,6,B Class,2019,20000,13330,145,45.6,1.3,SEMI-AUTO,PETROL
2844,6,B Class,2019,20200,9221,145,45.6,1.3,SEMI-AUTO,PETROL
2845,6,B Class,2019,20248,14421,145,45.6,1.3,AUTOMATIC,PETROL
2846,6,B Class,2019,20380,14457,145,45.6,1.3,AUTOMATIC,PETROL
2847,6,B Class,2019,20480,14122,150,45.6,1.3,AUTOMATIC,PETROL
2848,6,B Class,2019,20490,4001,145,45.6,1.3,MANUAL,PETROL
2849,6,B Class,2019,20495,11000,150,58.9,1.5,SEMI-AUTO,DIESEL
2850,6,B Class,2019,20498,15545,145,45.6,1.3,SEMI-AUTO,PETROL
2851,6,B Class,2019,20499,15861,145,45.6,1.3,AUTOMATIC,PETROL
2852,6,B Class,2019,20698,12244,145,45.6,1.3,SEMI-AUTO,PETROL
2853,6,B Class,2019,20700,14931,145,45.6,1.3,AUTOMATIC,PETROL
2854,6,B Class,2019,20749,2472,145,45.6,1.3,MANUAL,PETROL
2855,6,B Class,2019,20880,14045,145,45.6,1.3,AUTOMATIC,PETROL
2856,6,B Class,2019,20882,14257,145,45.6,1.3,AUTOMATIC,PETROL
2857,6,B Class,2019,20890,3166,145,68.9,2.1,SEMI-AUTO,DIESEL
2858,6,B Class,2019,20900,12819,145,45.6,1.3,AUTOMATIC,PETROL
2859,6,B Class,2019,20945,13661,145,45.6,1.3,AUTOMATIC,PETROL
2860,6,B Class,2019,20980,14345,150,45.6,1.3,AUTOMATIC,PETROL
2861,6,B Class,2019,20995,584,145,44.8,1.3,MANUAL,PETROL
2862,6,B Class,2019,20995,11975,145,45.6,1.3,SEMI-AUTO,PETROL
2863,6,B Class,2019,20998,10713,145,45.6,1.3,SEMI-AUTO,PETROL
2864,6,B Class,2019,21190,14846,145,45.6,1.3,AUTOMATIC,PETROL
2865,6,B Class,2019,21250,13545,150,45.6,1.3,SEMI-AUTO,PETROL
2866,6,B Class,2019,21290,10651,145,45.6,1.3,AUTOMATIC,PETROL
2867,6,B Class,2019,21295,13389,150,45.6,1.3,SEMI-AUTO,PETROL
2868,6,B Class,2019,21326,18520,145,45.6,1.3,AUTOMATIC,PETROL
2869,6,B Class,2019,21394,9573,145,45.6,1.3,AUTOMATIC,PETROL
2870,6,B Class,2019,21450,5683,145,55.4,2,AUTOMATIC,DIESEL
2871,6,B Class,2019,21480,13871,145,45.6,1.3,SEMI-AUTO,PETROL
2872,6,B Class,2019,21480,14815,145,45.6,1.3,SEMI-AUTO,PETROL
2873,6,B Class,2019,21490,13122,145,45.6,1.3,SEMI-AUTO,PETROL
2874,6,B Class,2019,21498,4653,145,45.6,1.3,MANUAL,PETROL
2875,6,B Class,2019,21499,14244,145,45.6,1.3,SEMI-AUTO,PETROL
2876,6,B Class,2019,21499,14875,145,45.6,1.3,SEMI-AUTO,PETROL
2877,6,B Class,2019,21499,15120,145,45.6,1.3,SEMI-AUTO,PETROL
2878,6,B Class,2019,21500,10211,150,55.4,2,SEMI-AUTO,DIESEL
2879,6,B Class,2019,21549,14387,145,45.6,1.3,SEMI-AUTO,PETROL
2880,6,B Class,2019,21549,14430,145,45.6,1.3,SEMI-AUTO,PETROL
2881,6,B Class,2019,21549,14443,145,45.6,1.3,SEMI-AUTO,PETROL
2882,6,B Class,2019,21590,7364,145,55.4,2,SEMI-AUTO,DIESEL
2883,6,B Class,2019,21599,10017,145,45.6,1.3,AUTOMATIC,PETROL
2884,6,B Class,2019,21599,14088,145,45.6,1.3,SEMI-AUTO,PETROL
2885,6,B Class,2019,21599,14206,145,45.6,1.3,SEMI-AUTO,PETROL
2886,6,B Class,2019,21690,13690,145,45.6,1.3,SEMI-AUTO,PETROL
2887,6,B Class,2019,21699,13068,145,45.6,1.3,SEMI-AUTO,PETROL
2888,6,B Class,2019,21749,12717,145,45.6,1.3,SEMI-AUTO,PETROL
2889,6,B Class,2019,21856,12617,145,45.6,1.3,AUTOMATIC,PETROL
2890,6,B Class,2019,21880,2544,145,44.8,1.3,MANUAL,PETROL
2891,6,B Class,2019,21890,11789,145,45.6,1.3,AUTOMATIC,PETROL
2892,6,B Class,2019,21890,12247,145,45.6,1.3,SEMI-AUTO,PETROL
2893,6,B Class,2019,21890,13080,145,45.6,1.3,SEMI-AUTO,PETROL
2894,6,B Class,2019,21890,13338,145,45.6,1.3,AUTOMATIC,PETROL
2895,6,B Class,2019,21890,13519,145,45.6,1.3,SEMI-AUTO,PETROL
2896,6,B Class,2019,21906,13374,145,45.6,1.3,SEMI-AUTO,PETROL
2897,6,B Class,2019,21980,7332,145,45.6,1.3,SEMI-AUTO,PETROL
2898,6,B Class,2019,21980,7332,145,45.6,1.3,SEMI-AUTO,PETROL
2899,6,B Class,2019,21980,7744,145,45.6,1.3,SEMI-AUTO,PETROL
2900,6,B Class,2019,21980,7744,145,45.6,1.3,SEMI-AUTO,PETROL
2901,6,B Class,2019,21980,9318,145,45.6,1.3,SEMI-AUTO,PETROL
2902,6,B Class,2019,21980,9318,145,45.6,1.3,SEMI-AUTO,PETROL
2903,6,B Class,2019,21980,9350,145,45.6,1.3,SEMI-AUTO,PETROL
2904,6,B Class,2019,21980,11748,145,45.6,1.3,SEMI-AUTO,PETROL
2905,6,B Class,2019,21980,11748,145,45.6,1.3,SEMI-AUTO,PETROL
2906,6,B Class,2019,21980,12569,145,45.6,1.3,SEMI-AUTO,PETROL
2907,6,B Class,2019,21980,12754,145,45.6,1.3,SEMI-AUTO,PETROL
2908,6,B Class,2019,21980,13765,145,45.6,1.3,AUTOMATIC,PETROL
2909,6,B Class,2019,21990,50,145,44.8,1.3,MANUAL,PETROL
2910,6,B Class,2019,21990,50,145,44.8,1.3,MANUAL,PETROL
2911,6,B Class,2019,21990,50,145,44.8,1.3,MANUAL,PETROL
2912,6,B Class,2019,21990,50,145,44.8,1.3,MANUAL,PETROL
2913,6,B Class,2019,21994,7068,150,60.1,1.5,SEMI-AUTO,DIESEL
2914,6,B Class,2019,21998,7214,145,55.4,2,SEMI-AUTO,DIESEL
2915,6,B Class,2019,21999,8288,145,45.6,1.3,MANUAL,PETROL
2916,6,B Class,2019,22076,11864,145,45.6,1.3,AUTOMATIC,PETROL
2917,6,B Class,2019,22096,11706,145,45.6,1.3,AUTOMATIC,PETROL
2918,6,B Class,2019,22099,13747,145,45.6,1.3,SEMI-AUTO,PETROL
2919,6,B Class,2019,22099,13916,145,45.6,1.3,SEMI-AUTO,PETROL
2920,6,B Class,2019,22099,14022,145,45.6,1.3,SEMI-AUTO,PETROL
2921,6,B Class,2019,22099,14140,145,45.6,1.3,SEMI-AUTO,PETROL
2922,6,B Class,2019,22176,11144,145,45.6,1.3,AUTOMATIC,PETROL
2923,6,B Class,2019,22199,8640,145,45.6,1.3,SEMI-AUTO,PETROL
2924,6,B Class,2019,22199,12733,145,45.6,1.3,SEMI-AUTO,PETROL
2925,6,B Class,2019,22199,12980,145,45.6,1.3,SEMI-AUTO,PETROL
2926,6,B Class,2019,22199,13637,145,45.6,1.3,SEMI-AUTO,PETROL
2927,6,B Class,2019,22199,15798,145,45.6,1.3,SEMI-AUTO,PETROL
2928,6,B Class,2019,22199,24279,145,45.6,1.3,SEMI-AUTO,PETROL
2929,6,B Class,2019,22299,11605,145,45.6,1.3,SEMI-AUTO,PETROL
2930,6,B Class,2019,22299,11643,145,45.6,1.3,SEMI-AUTO,PETROL
2931,6,B Class,2019,22299,12406,145,45.6,1.3,SEMI-AUTO,PETROL
2932,6,B Class,2019,22299,12410,150,45.6,1.3,SEMI-AUTO,PETROL
2933,6,B Class,2019,22299,12410,145,45.6,1.3,AUTOMATIC,PETROL
2934,6,B Class,2019,22299,12429,145,45.6,1.3,SEMI-AUTO,PETROL
2935,6,B Class,2019,22299,12451,145,45.6,1.3,SEMI-AUTO,PETROL
2936,6,B Class,2019,22299,12480,145,45.6,1.3,SEMI-AUTO,PETROL
2937,6,B Class,2019,22299,12832,145,45.6,1.3,SEMI-AUTO,PETROL
2938,6,B Class,2019,22299,13676,145,45.6,1.3,SEMI-AUTO,PETROL
2939,6,B Class,2019,22299,13700,145,45.6,1.3,SEMI-AUTO,PETROL
2940,6,B Class,2019,22299,14700,145,45.6,1.3,SEMI-AUTO,PETROL
2941,6,B Class,2019,22399,11161,145,45.6,1.3,SEMI-AUTO,PETROL
2942,6,B Class,2019,22399,12094,145,45.6,1.3,AUTOMATIC,PETROL
2943,6,B Class,2019,22399,12124,145,45.6,1.3,SEMI-AUTO,PETROL
2944,6,B Class,2019,22399,13969,145,45.6,1.3,SEMI-AUTO,PETROL
2945,6,B Class,2019,22399,14019,145,45.6,1.3,SEMI-AUTO,PETROL
2946,6,B Class,2019,22400,13866,145,45.6,1.3,AUTOMATIC,PETROL
2947,6,B Class,2019,22440,13845,145,45.6,1.3,AUTOMATIC,PETROL
2948,6,B Class,2019,22480,7531,145,45.6,1.3,SEMI-AUTO,PETROL
2949,6,B Class,2019,22480,14791,145,45.6,1.3,SEMI-AUTO,PETROL
2950,6,B Class,2019,22490,169,145,44.8,1.3,MANUAL,PETROL
2951,6,B Class,2019,22490,1378,145,45.6,1.3,SEMI-AUTO,PETROL
2952,6,B Class,2019,22498,664,145,44.8,1.3,SEMI-AUTO,PETROL
2953,6,B Class,2019,22499,1352,145,45.6,1.3,SEMI-AUTO,PETROL
2954,6,B Class,2019,22499,8666,145,45.6,1.3,SEMI-AUTO,PETROL
2955,6,B Class,2019,22499,10478,145,45.6,1.3,SEMI-AUTO,PETROL
2956,6,B Class,2019,22499,12706,145,45.6,1.3,SEMI-AUTO,PETROL
2957,6,B Class,2019,22499,13021,145,45.6,1.3,SEMI-AUTO,PETROL
2958,6,B Class,2019,22499,13743,145,45.6,1.3,SEMI-AUTO,PETROL
2959,6,B Class,2019,22500,13491,145,45.6,1.3,SEMI-AUTO,PETROL
2960,6,B Class,2019,22550,5256,145,55.4,2,AUTOMATIC,DIESEL
2961,6,B Class,2019,22590,50,145,44.8,1.3,MANUAL,PETROL
2962,6,B Class,2019,22590,50,145,44.8,1.3,MANUAL,PETROL
2963,6,B Class,2019,22590,50,145,44.8,1.3,MANUAL,PETROL
2964,6,B Class,2019,22699,8746,145,45.6,1.3,SEMI-AUTO,PETROL
2965,6,B Class,2019,22699,9000,145,45.6,1.3,AUTOMATIC,PETROL
2966,6,B Class,2019,22699,10588,145,45.6,1.3,SEMI-AUTO,PETROL
2967,6,B Class,2019,22699,12706,145,45.6,1.3,SEMI-AUTO,PETROL
2968,6,B Class,2019,22699,13021,145,45.6,1.3,SEMI-AUTO,PETROL
2969,6,B Class,2019,22749,10101,145,60.1,1.5,AUTOMATIC,DIESEL
2970,6,B Class,2019,22889,1552,145,55.4,2,SEMI-AUTO,DIESEL
2971,6,B Class,2019,22890,12250,145,55.4,2,SEMI-AUTO,DIESEL
2972,6,B Class,2019,22899,9288,145,45.6,1.3,SEMI-AUTO,PETROL
2973,6,B Class,2019,22899,9288,145,45.6,1.3,SEMI-AUTO,PETROL
2974,6,B Class,2019,22957,13628,145,45.6,1.3,AUTOMATIC,PETROL
2975,6,B Class,2019,22990,169,145,44.8,1.3,MANUAL,PETROL
2976,6,B Class,2019,22990,169,145,44.8,1.3,MANUAL,PETROL
2977,6,B Class,2019,22990,169,145,44.8,1.3,MANUAL,PETROL
2978,6,B Class,2019,22990,1125,145,55.4,2,AUTOMATIC,DIESEL
2979,6,B Class,2019,22990,1539,145,55.4,2,AUTOMATIC,DIESEL
2980,6,B Class,2019,22990,1606,145,55.4,2,SEMI-AUTO,DIESEL
2981,6,B Class,2019,22990,1649,145,55.4,2,AUTOMATIC,DIESEL
2982,6,B Class,2019,22990,2486,145,55.4,2,AUTOMATIC,DIESEL
2983,6,B Class,2019,22991,3003,145,44.8,1.3,MANUAL,PETROL
2984,6,B Class,2019,22998,2745,145,44.8,1.3,SEMI-AUTO,PETROL
2985,6,B Class,2019,22999,4355,145,55.4,2,SEMI-AUTO,DIESEL
2986,6,B Class,2019,23216,2884,145,55.4,2,SEMI-AUTO,DIESEL
2987,6,B Class,2019,23255,9105,145,45.6,1.3,AUTOMATIC,PETROL
2988,6,B Class,2019,23280,6441,145,44.1,1.3,AUTOMATIC,PETROL
2989,6,B Class,2019,23290,2653,145,55.4,2,AUTOMATIC,DIESEL
2990,6,B Class,2019,23298,5512,145,60.1,1.5,SEMI-AUTO,DIESEL
2991,6,B Class,2019,23299,1650,145,55.4,2,AUTOMATIC,DIESEL
2992,6,B Class,2019,23395,1928,145,55.4,2,SEMI-AUTO,DIESEL
2993,6,B Class,2019,23480,10,145,55.4,2,AUTOMATIC,DIESEL
2994,6,B Class,2019,23480,10,145,55.4,2,AUTOMATIC,DIESEL
2995,6,B Class,2019,23480,150,145,55.4,2,AUTOMATIC,DIESEL
2996,6,B Class,2019,23480,150,145,55.4,2,AUTOMATIC,DIESEL
2997,6,B Class,2019,23480,1992,145,55.4,2,SEMI-AUTO,DIESEL
2998,6,B Class,2019,23480,1998,145,55.4,2,SEMI-AUTO,DIESEL
2999,6,B Class,2019,23480,2010,145,55.4,2,SEMI-AUTO,DIESEL
3000,6,B Class,2019,23480,2255,145,55.4,2,AUTOMATIC,DIESEL
3001,6,B Class,2019,23540,6452,145,55.4,2,SEMI-AUTO,DIESEL
3002,6,B Class,2019,23589,1000,145,55.4,2,AUTOMATIC,DIESEL
3003,6,B Class,2019,23599,5139,145,60.1,1.5,AUTOMATIC,DIESEL
3004,6,B Class,2019,23750,278,145,55.4,2,AUTOMATIC,DIESEL
3005,6,B Class,2019,23795,1500,150,44.1,1.3,AUTOMATIC,PETROL
3006,6,B Class,2019,23799,3475,145,60.1,1.5,SEMI-AUTO,DIESEL
3007,6,B Class,2019,23799,3604,145,60.1,1.5,AUTOMATIC,DIESEL
3008,6,B Class,2019,23799,3617,145,60.1,1.5,AUTOMATIC,DIESEL
3009,6,B Class,2019,23799,4010,145,60.1,1.5,SEMI-AUTO,DIESEL
3010,6,B Class,2019,23899,1000,145,55.4,2,AUTOMATIC,DIESEL
3011,6,B Class,2019,23899,2647,145,60.1,1.5,AUTOMATIC,DIESEL
3012,6,B Class,2019,23899,2856,145,60.1,1.5,SEMI-AUTO,DIESEL
3013,6,B Class,2019,23900,2502,145,44.8,1.3,AUTOMATIC,PETROL
3014,6,B Class,2019,23979,1000,145,55.4,2,SEMI-AUTO,DIESEL
3015,6,B Class,2019,23979,1000,145,55.4,2,SEMI-AUTO,DIESEL
3016,6,B Class,2019,23979,1000,145,55.4,2,SEMI-AUTO,DIESEL
3017,6,B Class,2019,23979,2982,145,55.4,2,SEMI-AUTO,DIESEL
3018,6,B Class,2019,23979,5000,145,55.4,2,SEMI-AUTO,DIESEL
3019,6,B Class,2019,23979,5425,145,55.4,2,SEMI-AUTO,DIESEL
3020,6,B Class,2019,23980,169,145,55.4,2,SEMI-AUTO,DIESEL
3021,6,B Class,2019,23980,2154,145,55.4,2,SEMI-AUTO,DIESEL
3022,6,B Class,2019,23980,2888,145,55.4,2,SEMI-AUTO,DIESEL
3023,6,B Class,2019,23980,4012,145,55.4,2,SEMI-AUTO,DIESEL
3024,6,B Class,2019,23990,2501,145,55.4,2,AUTOMATIC,DIESEL
3025,6,B Class,2019,23998,2420,145,55.4,2,AUTOMATIC,DIESEL
3026,6,B Class,2019,23999,700,145,55.4,2,AUTOMATIC,DIESEL
3027,6,B Class,2019,23999,1019,145,55.4,2,SEMI-AUTO,DIESEL
3028,6,B Class,2019,23999,2067,145,55.4,2,SEMI-AUTO,DIESEL
3029,6,B Class,2019,23999,2184,145,55.4,2,AUTOMATIC,DIESEL
3030,6,B Class,2019,23999,2645,145,55.4,2,SEMI-AUTO,DIESEL
3031,6,B Class,2019,24099,1010,145,60.1,1.5,SEMI-AUTO,DIESEL
3032,6,B Class,2019,24099,1502,145,60.1,1.5,AUTOMATIC,DIESEL
3033,6,B Class,2019,24490,1677,145,55.4,2,AUTOMATIC,DIESEL
3034,6,B Class,2019,24490,1695,145,55.4,2,AUTOMATIC,DIESEL
3035,6,B Class,2019,24490,6000,145,55.4,2,AUTOMATIC,DIESEL
3036,6,B Class,2019,24499,1598,145,55.4,2,AUTOMATIC,DIESEL
3037,6,B Class,2019,24499,1700,145,55.4,2,SEMI-AUTO,DIESEL
3038,6,B Class,2019,24589,1000,145,55.4,2,SEMI-AUTO,DIESEL
3039,6,B Class,2019,24589,1000,145,55.4,2,SEMI-AUTO,DIESEL
3040,6,B Class,2019,24616,3710,145,55.4,2,AUTOMATIC,DIESEL
3041,6,B Class,2019,24649,1000,145,55.4,2,SEMI-AUTO,DIESEL
3042,6,B Class,2019,24699,1583,145,44.8,1.3,SEMI-AUTO,PETROL
3043,6,B Class,2019,24790,7463,145,55.4,2,SEMI-AUTO,DIESEL
3044,6,B Class,2019,24799,3906,145,55.4,2,SEMI-AUTO,DIESEL
3045,6,B Class,2019,24890,4271,145,55.4,2,AUTOMATIC,DIESEL
3046,6,B Class,2019,24899,3752,145,55.4,2,SEMI-AUTO,DIESEL
3047,6,B Class,2019,24950,1440,145,55.4,2,AUTOMATIC,DIESEL
3048,6,B Class,2019,24950,2771,145,58.9,1.5,SEMI-AUTO,DIESEL
3049,6,B Class,2019,24987,7676,145,55.4,2,AUTOMATIC,DIESEL
3050,6,B Class,2019,24990,5653,145,55.4,2,AUTOMATIC,DIESEL
3051,6,B Class,2019,24995,3925,145,55.4,2,SEMI-AUTO,DIESEL
3052,6,B Class,2019,24999,2900,145,55.4,2,SEMI-AUTO,DIESEL
3053,6,B Class,2019,25072,2788,145,44.8,1.3,SEMI-AUTO,PETROL
3054,6,B Class,2019,25300,2662,145,44.8,1.3,SEMI-AUTO,PETROL
3055,6,B Class,2019,25444,3113,145,55.4,2,AUTOMATIC,DIESEL
3056,6,B Class,2019,25500,1000,145,55.4,2,SEMI-AUTO,DIESEL
3057,6,B Class,2019,25699,12090,150,54.3,2,SEMI-AUTO,DIESEL
3058,6,B Class,2019,25699,12090,145,54.3,2,SEMI-AUTO,DIESEL
3059,6,B Class,2019,25799,7562,145,55.4,2,AUTOMATIC,DIESEL
3060,6,B Class,2019,25810,8290,145,55.4,2,SEMI-AUTO,DIESEL
3061,6,B Class,2019,25850,15901,145,54.3,2,AUTOMATIC,DIESEL
3062,6,B Class,2019,25899,6664,145,55.4,2,AUTOMATIC,DIESEL
3063,6,B Class,2019,25900,13682,145,54.3,2,AUTOMATIC,DIESEL
3064,6,B Class,2019,25948,3000,145,44.8,1.3,AUTOMATIC,PETROL
3065,6,B Class,2019,25950,3168,145,55.4,2,AUTOMATIC,DIESEL
3066,6,B Class,2019,25980,16,145,55.4,2,SEMI-AUTO,DIESEL
3067,6,B Class,2019,25995,2001,150,55.4,2,AUTOMATIC,DIESEL
3068,6,B Class,2019,25999,5265,145,55.4,2,SEMI-AUTO,DIESEL
3069,6,B Class,2019,26099,4277,145,55.4,2,SEMI-AUTO,DIESEL
3070,6,B Class,2019,26099,5034,145,55.4,2,AUTOMATIC,DIESEL
3071,6,B Class,2019,26099,5112,145,55.4,2,AUTOMATIC,DIESEL
3072,6,B Class,2019,26199,3999,145,55.4,2,SEMI-AUTO,DIESEL
3073,6,B Class,2019,26199,4331,145,55.4,2,SEMI-AUTO,DIESEL
3074,6,B Class,2019,26199,5690,145,55.4,2,SEMI-AUTO,DIESEL
3075,6,B Class,2019,26299,3127,145,55.4,2,SEMI-AUTO,DIESEL
3076,6,B Class,2019,26299,3607,145,55.4,2,AUTOMATIC,DIESEL
3077,6,B Class,2019,26395,8612,145,54.3,2,SEMI-AUTO,DIESEL
3078,6,B Class,2019,26399,2489,145,55.4,2,SEMI-AUTO,DIESEL
3079,6,B Class,2019,26440,3803,145,54.3,2,AUTOMATIC,DIESEL
3080,6,B Class,2019,26480,8247,145,54.3,2,AUTOMATIC,DIESEL
3081,6,B Class,2019,26480,11645,145,54.3,2,AUTOMATIC,DIESEL
3082,6,B Class,2019,26490,1800,145,58.9,1.5,AUTOMATIC,DIESEL
3083,6,B Class,2019,26599,935,145,55.4,2,SEMI-AUTO,DIESEL
3084,6,B Class,2019,26599,2988,145,55.4,2,SEMI-AUTO,DIESEL
3085,6,B Class,2019,26699,1915,145,55.4,2,AUTOMATIC,DIESEL
3086,6,B Class,2019,26799,1701,145,55.4,2,SEMI-AUTO,DIESEL
3087,6,B Class,2019,26799,2703,145,55.4,2,SEMI-AUTO,DIESEL
3088,6,B Class,2019,26890,7822,145,54.3,2,SEMI-AUTO,DIESEL
3089,6,B Class,2019,26899,807,145,55.4,2,SEMI-AUTO,DIESEL
3090,6,B Class,2019,26899,2369,145,55.4,2,SEMI-AUTO,DIESEL
3091,6,B Class,2019,26900,9373,145,53.3,2,AUTOMATIC,DIESEL
3092,6,B Class,2019,26949,9148,145,54.3,2,SEMI-AUTO,DIESEL
3093,6,B Class,2019,26991,275,145,55.4,2,AUTOMATIC,DIESEL
3094,6,B Class,2019,26995,3000,145,55.4,2,SEMI-AUTO,DIESEL
3095,6,B Class,2019,26999,4999,145,55.4,2,AUTOMATIC,DIESEL
3096,6,B Class,2019,26999,8623,145,54.3,2,SEMI-AUTO,DIESEL
3097,6,B Class,2019,26999,8685,145,54.3,2,SEMI-AUTO,DIESEL
3098,6,B Class,2019,26999,8939,145,54.3,2,SEMI-AUTO,DIESEL
3099,6,B Class,2019,27146,9814,145,54.3,2,SEMI-AUTO,DIESEL
3100,6,B Class,2019,27199,8982,145,54.3,2,SEMI-AUTO,DIESEL
3101,6,B Class,2019,27249,7060,145,54.3,2,SEMI-AUTO,DIESEL
3102,6,B Class,2019,27295,4001,145,55.4,2,AUTOMATIC,DIESEL
3103,6,B Class,2019,27299,1581,145,44.1,1.3,SEMI-AUTO,PETROL
3104,6,B Class,2019,27299,8768,145,54.3,2,SEMI-AUTO,DIESEL
3105,6,B Class,2019,27299,8768,145,54.3,2,SEMI-AUTO,DIESEL
3106,6,B Class,2019,27300,5860,145,37.7,2,SEMI-AUTO,PETROL
3107,6,B Class,2019,27480,5308,145,54.3,2,SEMI-AUTO,DIESEL
3108,6,B Class,2019,27480,7586,145,54.3,2,SEMI-AUTO,DIESEL
3109,6,B Class,2019,27500,4000,145,37.7,2,SEMI-AUTO,PETROL
3110,6,B Class,2019,27890,11162,145,53.3,2,AUTOMATIC,DIESEL
3111,6,B Class,2019,27900,2600,145,55.4,2,AUTOMATIC,DIESEL
3112,6,B Class,2019,27949,1732,145,37.7,2,SEMI-AUTO,PETROL
3113,6,B Class,2019,27950,1870,145,44.1,1.3,SEMI-AUTO,PETROL
3114,6,B Class,2019,27999,2475,145,54.3,2,SEMI-AUTO,DIESEL
3115,6,B Class,2019,28010,5999,145,37.7,2,AUTOMATIC,PETROL
3116,6,B Class,2019,28190,5000,145,37.7,2,SEMI-AUTO,PETROL
3117,6,B Class,2019,28799,226,145,37.7,2,AUTOMATIC,PETROL
3118,6,B Class,2020,19890,2001,145,45.6,1.3,MANUAL,PETROL
3119,6,B Class,2020,20350,1501,145,45.6,1.3,MANUAL,PETROL
3120,6,B Class,2020,20850,3955,145,45.6,1.3,MANUAL,PETROL
3121,6,B Class,2020,21990,4239,145,55.4,2,AUTOMATIC,DIESEL
3122,6,B Class,2020,22390,150,145,45.6,1.3,MANUAL,PETROL
3123,6,B Class,2020,22980,16,145,55.4,2,SEMI-AUTO,DIESEL
3124,6,B Class,2020,22990,1499,145,55.4,2,SEMI-AUTO,DIESEL
3125,6,B Class,2020,23495,2000,145,45.6,1.3,MANUAL,PETROL
3126,6,B Class,2020,23690,3012,145,55.4,2,AUTOMATIC,DIESEL
3127,6,B Class,2020,23990,1499,145,55.4,2,SEMI-AUTO,DIESEL
3128,6,B Class,2020,23995,9,145,44.8,1.3,MANUAL,PETROL
3129,6,B Class,2020,24264,2430,145,55.4,2,AUTOMATIC,DIESEL
3130,6,B Class,2020,24419,1500,145,55.4,2,SEMI-AUTO,DIESEL
3131,6,B Class,2020,24495,100,145,55.4,2,SEMI-AUTO,DIESEL
3132,6,B Class,2020,24495,101,145,55.4,2,SEMI-AUTO,DIESEL
3133,6,B Class,2020,24495,5000,145,55.4,2,SEMI-AUTO,DIESEL
3134,6,B Class,2020,24699,2500,145,55.4,2,AUTOMATIC,DIESEL
3135,6,B Class,2020,24980,1989,145,55.4,2,SEMI-AUTO,DIESEL
3136,6,B Class,2020,24990,19,145,55.4,2,SEMI-AUTO,DIESEL
3137,6,B Class,2020,25199,2500,145,55.4,2,AUTOMATIC,DIESEL
3138,6,B Class,2020,25244,6000,145,55.4,2,AUTOMATIC,DIESEL
3139,6,B Class,2020,25487,3857,145,55.4,2,SEMI-AUTO,DIESEL
3140,6,B Class,2020,25600,4000,145,44.8,1.3,SEMI-AUTO,PETROL
3141,6,B Class,2020,25900,1600,145,55.4,2,AUTOMATIC,DIESEL
3142,6,B Class,2020,25931,10,145,55.4,2,SEMI-AUTO,DIESEL
3143,6,B Class,2020,25940,500,145,55.4,2,AUTOMATIC,DIESEL
3144,6,B Class,2020,25995,648,145,55.4,2,SEMI-AUTO,DIESEL
3145,6,B Class,2020,25999,2000,145,55.4,2,SEMI-AUTO,DIESEL
3146,6,B Class,2020,26000,4000,145,55.4,2,SEMI-AUTO,DIESEL
3147,6,B Class,2020,26029,1000,145,55.4,2,SEMI-AUTO,DIESEL
3148,6,B Class,2020,26491,3378,145,55.4,2,SEMI-AUTO,DIESEL
3149,6,B Class,2020,26495,100,145,55.4,2,SEMI-AUTO,DIESEL
3150,6,B Class,2020,26500,2000,145,55.4,2,SEMI-AUTO,DIESEL
3151,6,B Class,2020,26790,363,145,44.8,1.3,SEMI-AUTO,PETROL
3152,6,B Class,2020,27490,2563,145,55.4,2,AUTOMATIC,DIESEL
3153,6,B Class,2020,27490,2563,145,55.4,2,AUTOMATIC,DIESEL
3154,6,B Class,2020,27798,245,145,55.4,2,AUTOMATIC,DIESEL
3155,6,B Class,2020,28491,1329,145,55.4,2,SEMI-AUTO,DIESEL
3156,6,B Class,2020,33298,20,145,55.4,2,AUTOMATIC,DIESEL
3157,7,C Class,2002,1495,13800,305,39.8,2.7,AUTOMATIC,DIESEL
3158,7,C Class,2002,2140,52700,325,31.4,2,AUTOMATIC,PETROL
3159,7,C Class,2004,1495,119000,300,34.5,1.8,MANUAL,PETROL
3160,7,C Class,2004,1780,118000,265,41.5,2.2,AUTOMATIC,DIESEL
3161,7,C Class,2005,2690,109000,325,32.1,1.8,AUTOMATIC,PETROL
3162,7,C Class,2006,1695,153000,300,33.6,1.8,AUTOMATIC,PETROL
3163,7,C Class,2006,3200,86000,565,28.2,3.5,AUTOMATIC,PETROL
3164,7,C Class,2006,3690,101000,265,41.5,2.2,AUTOMATIC,DIESEL
3165,7,C Class,2007,3495,119168,300,33.6,1.8,AUTOMATIC,PETROL
3166,7,C Class,2007,3695,160000,290,39.2,2.2,AUTOMATIC,DIESEL
3167,7,C Class,2007,3790,99000,555,28.8,2.5,AUTOMATIC,PETROL
3168,7,C Class,2007,3890,87000,325,32.5,1.8,AUTOMATIC,PETROL
3169,7,C Class,2007,5995,50500,300,34.5,1.8,AUTOMATIC,PETROL
3170,7,C Class,2007,5995,62000,260,42.2,2.1,SEMI-AUTO,DIESEL
3171,7,C Class,2008,3995,104000,210,42.2,2.1,AUTOMATIC,DIESEL
3172,7,C Class,2008,3995,123000,265,42.2,2.1,AUTOMATIC,DIESEL
3173,7,C Class,2008,4295,112455,260,42.2,2.1,AUTOMATIC,DIESEL
3174,7,C Class,2008,4995,90000,260,42.2,2.1,AUTOMATIC,DIESEL
3175,7,C Class,2008,5780,67979,260,34.9,1.8,AUTOMATIC,PETROL
3176,7,C Class,2008,5875,70000,305,34.5,1.8,AUTOMATIC,PETROL
3177,7,C Class,2008,5999,91000,230,42.2,2.1,AUTOMATIC,DIESEL
3178,7,C Class,2009,4200,96000,235,42.2,2.1,AUTOMATIC,DIESEL
3179,7,C Class,2009,4343,120000,205,45.6,2.1,AUTOMATIC,DIESEL
3180,7,C Class,2009,4480,130000,300,37.7,3,AUTOMATIC,DIESEL
3181,7,C Class,2009,5295,112000,200,46.3,2.1,AUTOMATIC,DIESEL
3182,7,C Class,2009,6995,42000,235,38.7,1.6,AUTOMATIC,PETROL
3183,7,C Class,2009,6995,60000,265,42.2,2.1,AUTOMATIC,DIESEL
3184,7,C Class,2009,7495,54000,260,36.7,1.6,AUTOMATIC,PETROL
3185,7,C Class,2010,4495,106032,205,39.8,1.8,AUTOMATIC,PETROL
3186,7,C Class,2010,4990,97717,200,43.5,1.6,MANUAL,PETROL
3187,7,C Class,2010,5495,82752,205,42.8,1.6,MANUAL,PETROL
3188,7,C Class,2010,5975,90000,205,47.9,2.1,AUTOMATIC,DIESEL
3189,7,C Class,2010,5993,109000,265,42.8,3,AUTOMATIC,DIESEL
3190,7,C Class,2010,5999,68000,145,56.5,2.1,MANUAL,DIESEL
3191,7,C Class,2010,6999,80000,200,45.6,2.1,AUTOMATIC,DIESEL
3192,7,C Class,2010,7490,60000,205,45.6,2.1,AUTOMATIC,DIESEL
3193,7,C Class,2010,7990,66000,200,46.3,2.1,AUTOMATIC,DIESEL
3194,7,C Class,2011,6995,120899,200,40.4,1.8,AUTOMATIC,PETROL
3195,7,C Class,2011,7449,80268,145,56.5,2.1,AUTOMATIC,DIESEL
3196,7,C Class,2011,7500,91000,125,60.1,2.1,MANUAL,DIESEL
3197,7,C Class,2011,7995,62000,145,56.5,2.1,AUTOMATIC,DIESEL
3198,7,C Class,2011,7995,83000,235,38.2,1.8,AUTOMATIC,PETROL
3199,7,C Class,2011,7999,64000,235,38.7,1.8,MANUAL,PETROL
3200,7,C Class,2011,8894,61242,200,41.5,1.8,AUTOMATIC,PETROL
3201,7,C Class,2011,8995,69250,150,53.3,2.1,AUTOMATIC,DIESEL
3202,7,C Class,2011,9495,39000,160,43.5,1.8,AUTOMATIC,PETROL
3203,7,C Class,2012,5250,170000,145,54.3,2.1,AUTOMATIC,DIESEL
3204,7,C Class,2012,6995,88200,125,58.9,2.1,AUTOMATIC,DIESEL
3205,7,C Class,2012,7490,96000,145,55.4,2.1,AUTOMATIC,DIESEL
3206,7,C Class,2012,7495,115000,145,54.3,2.1,AUTOMATIC,DIESEL
3207,7,C Class,2012,7573,59512,200,42.2,1.8,MANUAL,PETROL
3208,7,C Class,2012,7699,80299,145,56.5,2.1,AUTOMATIC,DIESEL
3209,7,C Class,2012,7990,88000,145,53.3,2.1,AUTOMATIC,DIESEL
3210,7,C Class,2012,8000,41982,200,42.2,1.8,MANUAL,PETROL
3211,7,C Class,2012,8299,72005,145,56.5,2.1,AUTOMATIC,DIESEL
3212,7,C Class,2012,8450,86663,160,44.8,1.6,AUTOMATIC,PETROL
3213,7,C Class,2012,8490,54000,145,56.5,2.1,AUTOMATIC,DIESEL
3214,7,C Class,2012,8495,51122,145,55.4,2.2,AUTOMATIC,DIESEL
3215,7,C Class,2012,8495,51564,160,43.5,1.8,AUTOMATIC,PETROL
3216,7,C Class,2012,8990,91000,145,54.3,2.1,AUTOMATIC,DIESEL
3217,7,C Class,2012,9099,54275,145,56.5,2.1,AUTOMATIC,DIESEL
3218,7,C Class,2012,9124,60586,145,56.5,2.1,AUTOMATIC,DIESEL
3219,7,C Class,2012,9400,50848,200,40.4,1.8,AUTOMATIC,PETROL
3220,7,C Class,2012,9499,64000,145,53.3,2.1,AUTOMATIC,DIESEL
3221,7,C Class,2012,9799,55685,145,54.3,2.1,AUTOMATIC,DIESEL
3222,7,C Class,2012,9850,51737,200,40.4,1.8,AUTOMATIC,PETROL
3223,7,C Class,2012,10499,47200,165,44.8,1.6,AUTOMATIC,PETROL
3224,7,C Class,2012,10899,49029,145,53.3,2.1,AUTOMATIC,DIESEL
3225,7,C Class,2012,10999,41239,160,44.8,1.6,AUTOMATIC,PETROL
3226,7,C Class,2012,11000,43426,160,44.8,1.6,AUTOMATIC,PETROL
3227,7,C Class,2013,7000,109447,20,68.9,2.1,MANUAL,DIESEL
3228,7,C Class,2013,7199,124000,145,53.3,2.1,AUTOMATIC,DIESEL
3229,7,C Class,2013,7250,106000,30,64.2,2.1,MANUAL,DIESEL
3230,7,C Class,2013,7495,77718,30,64.2,2.1,SEMI-AUTO,DIESEL
3231,7,C Class,2013,8099,86136,145,57.7,2.1,AUTOMATIC,DIESEL
3232,7,C Class,2013,8250,63555,150,47.9,1.6,AUTOMATIC,PETROL
3233,7,C Class,2013,8595,82685,30,64.2,2.1,AUTOMATIC,DIESEL
3234,7,C Class,2013,8751,69493,145,56.5,2.1,AUTOMATIC,DIESEL
3235,7,C Class,2013,8751,91046,150,53.3,2.1,SEMI-AUTO,DIESEL
3236,7,C Class,2013,8795,75067,125,60.1,2.1,MANUAL,DIESEL
3237,7,C Class,2013,8799,57172,30,64.2,2.1,AUTOMATIC,DIESEL
3238,7,C Class,2013,8940,66869,125,57.7,2.1,AUTOMATIC,DIESEL
3239,7,C Class,2013,8990,49000,160,46.3,1.6,AUTOMATIC,PETROL
3240,7,C Class,2013,8990,74000,160,44.1,1.6,MANUAL,PETROL
3241,7,C Class,2013,8990,89000,145,54.3,2.1,AUTOMATIC,DIESEL
3242,7,C Class,2013,8991,47334,30,64.2,2.1,SEMI-AUTO,DIESEL
3243,7,C Class,2013,8995,70000,125,55.4,2.1,AUTOMATIC,DIESEL
3244,7,C Class,2013,9000,56544,145,56.5,2.1,AUTOMATIC,DIESEL
3245,7,C Class,2013,9298,80485,145,54.3,2.1,SEMI-AUTO,DIESEL
3246,7,C Class,2013,9490,41921,145,47.9,1.6,SEMI-AUTO,PETROL
3247,7,C Class,2013,9490,68000,145,53.3,2.1,AUTOMATIC,DIESEL
3248,7,C Class,2013,9500,75572,145,54.3,2.1,SEMI-AUTO,DIESEL
3249,7,C Class,2013,9685,76950,145,53.3,2.1,AUTOMATIC,DIESEL
3250,7,C Class,2013,9700,57801,145,53.3,2.1,AUTOMATIC,DIESEL
3251,7,C Class,2013,9750,69700,145,53.3,2.1,AUTOMATIC,DIESEL
3252,7,C Class,2013,9798,60948,150,54.3,2.1,SEMI-AUTO,DIESEL
3253,7,C Class,2013,9881,50591,160,46.3,1.6,AUTOMATIC,PETROL
3254,7,C Class,2013,9990,41841,145,56.5,2.1,SEMI-AUTO,DIESEL
3255,7,C Class,2013,9990,41842,145,56.5,2.1,SEMI-AUTO,DIESEL
3256,7,C Class,2013,9991,39187,160,46.3,1.6,MANUAL,PETROL
3257,7,C Class,2013,9991,66419,165,44.1,1.6,SEMI-AUTO,PETROL
3258,7,C Class,2013,9995,44900,160,46.3,1.6,AUTOMATIC,PETROL
3259,7,C Class,2013,9995,69000,145,47.9,1.6,AUTOMATIC,PETROL
3260,7,C Class,2013,10190,60841,145,53.3,2.1,AUTOMATIC,DIESEL
3261,7,C Class,2013,10199,58654,160,52.3,2.1,MANUAL,DIESEL
3262,7,C Class,2013,10404,42477,160,46.3,1.6,SEMI-AUTO,PETROL
3263,7,C Class,2013,10490,50000,145,54.3,2.1,AUTOMATIC,DIESEL
3264,7,C Class,2013,10490,64498,150,56.5,2.1,AUTOMATIC,DIESEL
3265,7,C Class,2013,10500,90000,145,54.3,2.1,AUTOMATIC,DIESEL
3266,7,C Class,2013,10699,57062,145,54.3,2.1,AUTOMATIC,DIESEL
3267,7,C Class,2013,10977,72000,145,54.3,2.1,AUTOMATIC,DIESEL
3268,7,C Class,2013,10999,49085,145,53.3,2.1,AUTOMATIC,DIESEL
3269,7,C Class,2013,10999,57000,160,52.3,2.1,MANUAL,DIESEL
3270,7,C Class,2013,10999,63930,145,53.3,2.1,AUTOMATIC,DIESEL
3271,7,C Class,2013,11298,37964,165,44.8,1.6,SEMI-AUTO,PETROL
3272,7,C Class,2013,11350,69000,145,54.3,2.1,AUTOMATIC,DIESEL
3273,7,C Class,2013,11499,40490,145,53.3,2.1,AUTOMATIC,DIESEL
3274,7,C Class,2013,11499,69900,140,56.5,2.1,AUTOMATIC,DIESEL
3275,7,C Class,2013,11552,43500,160,44.8,1.6,AUTOMATIC,PETROL
3276,7,C Class,2013,11900,33925,160,44.8,1.6,SEMI-AUTO,PETROL
3277,7,C Class,2013,11995,40000,145,53.3,2.1,AUTOMATIC,DIESEL
3278,7,C Class,2013,11998,30035,160,44.8,1.6,SEMI-AUTO,PETROL
3279,7,C Class,2013,11998,31706,145,53.3,2.1,SEMI-AUTO,DIESEL
3280,7,C Class,2013,11999,25525,160,46.3,1.6,AUTOMATIC,PETROL
3281,7,C Class,2013,12000,37236,160,44.8,1.6,AUTOMATIC,PETROL
3282,7,C Class,2013,12699,23790,145,53.3,2.1,AUTOMATIC,DIESEL
3283,7,C Class,2013,13995,24000,160,44.8,1.6,AUTOMATIC,PETROL
3284,7,C Class,2013,14000,34998,150,53.3,2.1,SEMI-AUTO,DIESEL
3285,7,C Class,2013,21999,41866,570,23.5,6.2,AUTOMATIC,PETROL
3286,7,C Class,2013,22948,39000,570,23.5,6.2,AUTOMATIC,PETROL
3287,7,C Class,2013,22995,49964,570,23,6.2,SEMI-AUTO,PETROL
3288,7,C Class,2013,23000,43442,580,23,6.2,SEMI-AUTO,PETROL
3289,7,C Class,2013,23990,44000,570,23.5,6.2,AUTOMATIC,PETROL
3290,7,C Class,2014,8200,80047,160,52.3,2.1,MANUAL,DIESEL
3291,7,C Class,2014,8990,80000,145,56.5,2.1,AUTOMATIC,DIESEL
3292,7,C Class,2014,8999,85699,30,64.2,2.1,AUTOMATIC,DIESEL
3293,7,C Class,2014,9000,52000,20,64.2,2.1,MANUAL,DIESEL
3294,7,C Class,2014,9891,52500,125,57.7,2.1,SEMI-AUTO,DIESEL
3295,7,C Class,2014,9990,60000,145,53.3,2.1,AUTOMATIC,DIESEL
3296,7,C Class,2014,9990,78000,145,53.3,2.1,AUTOMATIC,DIESEL
3297,7,C Class,2014,10190,62448,150,56.5,2.1,SEMI-AUTO,DIESEL
3298,7,C Class,2014,10290,79216,145,53.3,2.1,SEMI-AUTO,DIESEL
3299,7,C Class,2014,10393,140000,30,62.8,2.1,AUTOMATIC,DIESEL
3300,7,C Class,2014,10393,140000,30,62.8,2.1,AUTOMATIC,DIESEL
3301,7,C Class,2014,10498,51929,145,53.3,2.1,SEMI-AUTO,DIESEL
3302,7,C Class,2014,10500,91430,20,68.9,2.1,MANUAL,DIESEL
3303,7,C Class,2014,10699,50179,145,53.3,2.1,AUTOMATIC,DIESEL
3304,7,C Class,2014,10822,70824,145,56.5,2.1,AUTOMATIC,DIESEL
3305,7,C Class,2014,10990,48100,165,44.8,1.6,AUTOMATIC,PETROL
3306,7,C Class,2014,10995,39802,145,53.3,2.1,SEMI-AUTO,DIESEL
3307,7,C Class,2014,10995,68000,30,62.8,1.8,AUTOMATIC,DIESEL
3308,7,C Class,2014,10995,98000,20,68.9,2.1,MANUAL,DIESEL
3309,7,C Class,2014,10999,53386,145,56.5,2.1,AUTOMATIC,DIESEL
3310,7,C Class,2014,10999,54097,145,56.5,2.1,AUTOMATIC,DIESEL
3311,7,C Class,2014,11000,71892,145,56.5,2.1,SEMI-AUTO,DIESEL
3312,7,C Class,2014,11133,61616,145,56.5,2.1,SEMI-AUTO,DIESEL
3313,7,C Class,2014,11149,39173,145,56.5,2.1,SEMI-AUTO,DIESEL
3314,7,C Class,2014,11290,48000,145,56.5,2.1,AUTOMATIC,DIESEL
3315,7,C Class,2014,11295,45000,160,46.3,1.6,AUTOMATIC,PETROL
3316,7,C Class,2014,11300,49865,145,56.5,2.1,AUTOMATIC,DIESEL
3317,7,C Class,2014,11750,47183,145,56.5,2.1,AUTOMATIC,DIESEL
3318,7,C Class,2014,11750,77043,20,64.2,2.1,SEMI-AUTO,DIESEL
3319,7,C Class,2014,11750,77043,20,64.2,2.1,SEMI-AUTO,DIESEL
3320,7,C Class,2014,11791,42879,145,53.3,2.1,SEMI-AUTO,DIESEL
3321,7,C Class,2014,11795,92840,20,68.9,2.1,MANUAL,DIESEL
3322,7,C Class,2014,11900,48055,20,65.7,2.1,MANUAL,DIESEL
3323,7,C Class,2014,11990,50000,20,65.7,2.1,AUTOMATIC,DIESEL
3324,7,C Class,2014,11999,28000,150,47.9,1.6,SEMI-AUTO,PETROL
3325,7,C Class,2014,11999,46931,145,53.3,2.1,AUTOMATIC,DIESEL
3326,7,C Class,2014,11999,50416,145,53.3,2.1,AUTOMATIC,DIESEL
3327,7,C Class,2014,12100,55731,145,54.3,2.1,SEMI-AUTO,DIESEL
3328,7,C Class,2014,12295,32391,160,44.8,1.6,AUTOMATIC,PETROL
3329,7,C Class,2014,12495,20000,165,44.8,1.6,AUTOMATIC,PETROL
3330,7,C Class,2014,12500,35345,145,53.3,2.1,AUTOMATIC,DIESEL
3331,7,C Class,2014,12500,50364,150,53.3,2.1,AUTOMATIC,DIESEL
3332,7,C Class,2014,12600,52379,125,52.3,2,AUTOMATIC,PETROL
3333,7,C Class,2014,12750,74000,30,62.8,2.1,SEMI-AUTO,DIESEL
3334,7,C Class,2014,12900,24600,160,44.8,1.6,SEMI-AUTO,PETROL
3335,7,C Class,2014,12900,41000,160,44.8,1.6,AUTOMATIC,PETROL
3336,7,C Class,2014,12990,52000,20,68.9,2.1,MANUAL,DIESEL
3337,7,C Class,2014,12990,76000,30,64.2,2.1,AUTOMATIC,DIESEL
3338,7,C Class,2014,12995,36650,150,53.3,2.1,SEMI-AUTO,DIESEL
3339,7,C Class,2014,12998,52712,20,64.2,2.1,SEMI-AUTO,DIESEL
3340,7,C Class,2014,13000,56346,20,64.2,2.1,AUTOMATIC,DIESEL
3341,7,C Class,2014,13100,78845,30,64.2,2.1,SEMI-AUTO,DIESEL
3342,7,C Class,2014,13251,56219,20,64.2,2.1,SEMI-AUTO,DIESEL
3343,7,C Class,2014,13290,46078,125,52.3,2,SEMI-AUTO,PETROL
3344,7,C Class,2014,13295,38644,160,44.8,1.6,SEMI-AUTO,PETROL
3345,7,C Class,2014,13390,43793,125,52.3,2,SEMI-AUTO,PETROL
3346,7,C Class,2014,13490,68422,30,64.2,2.1,SEMI-AUTO,DIESEL
3347,7,C Class,2014,13490,68422,30,64.2,2.1,SEMI-AUTO,DIESEL
3348,7,C Class,2014,13491,56000,20,68.9,2.1,MANUAL,DIESEL
3349,7,C Class,2014,13498,28759,150,54.3,2.1,AUTOMATIC,DIESEL
3350,7,C Class,2014,13500,49409,20,64.2,2.1,AUTOMATIC,DIESEL
3351,7,C Class,2014,13600,80579,30,64.2,2.1,AUTOMATIC,DIESEL
3352,7,C Class,2014,13791,53144,20,64.2,2.1,SEMI-AUTO,DIESEL
3353,7,C Class,2014,13799,62588,30,62.8,2.1,AUTOMATIC,DIESEL
3354,7,C Class,2014,13799,78966,30,64.2,2.1,AUTOMATIC,DIESEL
3355,7,C Class,2014,13800,46310,125,50.4,2,AUTOMATIC,PETROL
3356,7,C Class,2014,13950,39204,20,64.2,2.1,SEMI-AUTO,DIESEL
3357,7,C Class,2014,13950,45527,20,64.2,2.1,SEMI-AUTO,DIESEL
3358,7,C Class,2014,14000,14436,125,52.3,2,MANUAL,PETROL
3359,7,C Class,2014,14199,49241,20,64.2,2.1,AUTOMATIC,DIESEL
3360,7,C Class,2014,14200,31543,20,68.9,2.1,MANUAL,DIESEL
3361,7,C Class,2014,14288,54230,30,64.2,2.1,SEMI-AUTO,DIESEL
3362,7,C Class,2014,14299,47399,20,64.2,2.1,SEMI-AUTO,DIESEL
3363,7,C Class,2014,14399,73598,30,61.4,2.1,AUTOMATIC,DIESEL
3364,7,C Class,2014,14490,31801,20,64.2,2.1,SEMI-AUTO,DIESEL
3365,7,C Class,2014,14491,23000,125,52.3,2,MANUAL,PETROL
3366,7,C Class,2014,14495,56958,30,64.2,2.1,SEMI-AUTO,DIESEL
3367,7,C Class,2014,14498,39442,20,64.2,2.1,SEMI-AUTO,DIESEL
3368,7,C Class,2014,14498,49152,20,64.2,2.1,SEMI-AUTO,DIESEL
3369,7,C Class,2014,14600,42949,125,60.1,2.1,AUTOMATIC,DIESEL
3370,7,C Class,2014,14601,60000,125,60.1,2.1,SEMI-AUTO,DIESEL
3371,7,C Class,2014,14732,38824,20,64.2,2.1,SEMI-AUTO,DIESEL
3372,7,C Class,2014,14780,59884,30,64.2,2.1,SEMI-AUTO,DIESEL
3373,7,C Class,2014,14786,41701,20,64.2,2.1,AUTOMATIC,DIESEL
3374,7,C Class,2014,14795,20417,125,52.3,2,AUTOMATIC,PETROL
3375,7,C Class,2014,14800,55445,30,64.2,2.1,AUTOMATIC,DIESEL
3376,7,C Class,2014,14990,54000,30,64.2,2.1,AUTOMATIC,DIESEL
3377,7,C Class,2014,14990,57499,125,60.1,2.1,SEMI-AUTO,DIESEL
3378,7,C Class,2014,14999,39501,20,64.2,2.1,SEMI-AUTO,DIESEL
3379,7,C Class,2014,14999,42256,20,64.2,2.1,AUTOMATIC,DIESEL
3380,7,C Class,2014,15280,25901,20,64.2,2.1,SEMI-AUTO,DIESEL
3381,7,C Class,2014,15298,41416,30,64.2,2.1,SEMI-AUTO,DIESEL
3382,7,C Class,2014,15399,20047,125,52.3,2,AUTOMATIC,PETROL
3383,7,C Class,2014,15490,50000,30,64.2,2.1,AUTOMATIC,DIESEL
3384,7,C Class,2014,15495,38544,30,64.2,2.1,SEMI-AUTO,DIESEL
3385,7,C Class,2014,15498,23772,20,64.2,2.1,SEMI-AUTO,DIESEL
3386,7,C Class,2014,15498,36243,30,64.2,2.1,SEMI-AUTO,DIESEL
3387,7,C Class,2014,15499,34527,30,61.4,2.1,SEMI-AUTO,DIESEL
3388,7,C Class,2014,15650,32000,20,64.2,2.1,AUTOMATIC,DIESEL
3389,7,C Class,2014,15698,39920,30,64.2,2.1,SEMI-AUTO,DIESEL
3390,7,C Class,2014,15700,33865,125,60.1,2.1,AUTOMATIC,DIESEL
3391,7,C Class,2014,15701,20498,20,64.2,2.1,AUTOMATIC,DIESEL
3392,7,C Class,2014,15802,31000,125,50.4,2,SEMI-AUTO,PETROL
3393,7,C Class,2014,15894,33896,30,64.2,2.1,SEMI-AUTO,DIESEL
3394,7,C Class,2014,15971,14354,125,52.3,2,SEMI-AUTO,PETROL
3395,7,C Class,2014,15981,49552,30,64.2,2.1,SEMI-AUTO,DIESEL
3396,7,C Class,2014,15990,40997,125,60.1,2.1,AUTOMATIC,DIESEL
3397,7,C Class,2014,15998,26216,30,64.2,2.1,SEMI-AUTO,DIESEL
3398,7,C Class,2014,15998,34382,30,64.2,2.1,SEMI-AUTO,DIESEL
3399,7,C Class,2014,15998,66140,125,60.1,2.1,SEMI-AUTO,DIESEL
3400,7,C Class,2014,15999,31273,125,52.3,2,SEMI-AUTO,PETROL
3401,7,C Class,2014,15999,31690,30,64.2,2.1,AUTOMATIC,DIESEL
3402,7,C Class,2014,16300,30819,125,52.3,2,AUTOMATIC,PETROL
3403,7,C Class,2014,16360,46425,30,64.2,2.1,SEMI-AUTO,DIESEL
3404,7,C Class,2014,16450,27032,30,64.2,2.1,SEMI-AUTO,DIESEL
3405,7,C Class,2014,16450,41000,30,64.2,2.1,AUTOMATIC,DIESEL
3406,7,C Class,2014,16499,34032,30,64.2,2.1,AUTOMATIC,DIESEL
3407,7,C Class,2014,16499,35700,30,64.2,2.1,SEMI-AUTO,DIESEL
3408,7,C Class,2014,16699,39807,30,61.4,2.1,AUTOMATIC,DIESEL
3409,7,C Class,2014,16964,20281,30,64.2,2.1,AUTOMATIC,DIESEL
3410,7,C Class,2014,16990,40000,145,49.6,2,SEMI-AUTO,PETROL
3411,7,C Class,2014,16995,31000,30,64.2,2.1,AUTOMATIC,DIESEL
3412,7,C Class,2014,16995,37600,30,64.2,2.1,AUTOMATIC,DIESEL
3413,7,C Class,2014,16999,33593,30,64.2,2.1,SEMI-AUTO,DIESEL
3414,7,C Class,2014,17000,36115,125,60.1,2.1,AUTOMATIC,DIESEL
3415,7,C Class,2014,17250,34772,125,60.1,2.1,AUTOMATIC,DIESEL
3416,7,C Class,2014,17330,32475,30,64.2,2.1,SEMI-AUTO,DIESEL
3417,7,C Class,2014,17990,41011,150,49.6,2,AUTOMATIC,PETROL
3418,7,C Class,2014,20495,10,20,64.2,2.1,AUTOMATIC,DIESEL
3419,7,C Class,2014,21495,56444,580,23.5,6.2,AUTOMATIC,PETROL
3420,7,C Class,2014,25885,37000,570,23.5,6.2,SEMI-AUTO,PETROL
3421,7,C Class,2014,26998,24175,570,23.5,6.2,SEMI-AUTO,PETROL
3422,7,C Class,2014,28990,19562,570,23.5,6.2,SEMI-AUTO,PETROL
3423,7,C Class,2015,8692,150000,20,68.9,2.1,MANUAL,DIESEL
3424,7,C Class,2015,9392,108000,20,70.6,2.1,MANUAL,DIESEL
3425,7,C Class,2015,9791,90000,20,65.7,2.1,MANUAL,DIESEL
3426,7,C Class,2015,9791,90000,20,65.7,2.1,MANUAL,DIESEL
3427,7,C Class,2015,9793,113000,20,70.6,2.1,MANUAL,DIESEL
3428,7,C Class,2015,9793,113000,20,70.6,2.1,MANUAL,DIESEL
3429,7,C Class,2015,10090,57843,150,53.3,2.1,SEMI-AUTO,DIESEL
3430,7,C Class,2015,10200,47392,145,53.3,2.1,AUTOMATIC,DIESEL
3431,7,C Class,2015,10397,79881,20,65.7,2.1,MANUAL,DIESEL
3432,7,C Class,2015,10477,81816,125,53.3,2,SEMI-AUTO,PETROL
3433,7,C Class,2015,10499,79520,145,53.3,2.1,AUTOMATIC,DIESEL
3434,7,C Class,2015,10500,82230,20,65.7,2.1,MANUAL,DIESEL
3435,7,C Class,2015,10610,83047,20,70.6,1.6,MANUAL,DIESEL
3436,7,C Class,2015,10700,58724,145,53.3,2.1,SEMI-AUTO,DIESEL
3437,7,C Class,2015,10700,62439,150,53.3,2.1,AUTOMATIC,DIESEL
3438,7,C Class,2015,10791,129000,20,68.9,2.1,MANUAL,DIESEL
3439,7,C Class,2015,10791,129000,20,68.9,2.1,MANUAL,DIESEL
3440,7,C Class,2015,10795,73770,20,68.9,2.1,MANUAL,DIESEL
3441,7,C Class,2015,10795,136760,0,76.4,2.1,AUTOMATIC,HYBRID
3442,7,C Class,2015,10799,76157,125,51.4,2,MANUAL,PETROL
3443,7,C Class,2015,10995,58734,150,53.3,2.1,SEMI-AUTO,DIESEL
3444,7,C Class,2015,10998,92589,20,68.9,2.1,MANUAL,DIESEL
3445,7,C Class,2015,11000,83193,20,68.9,2.1,MANUAL,DIESEL
3446,7,C Class,2015,11200,34799,145,53.3,2.1,AUTOMATIC,DIESEL
3447,7,C Class,2015,11295,114970,20,68.9,2.1,MANUAL,DIESEL
3448,7,C Class,2015,11400,25698,20,72.4,1.6,MANUAL,DIESEL
3449,7,C Class,2015,11490,80000,125,52.3,2,MANUAL,PETROL
3450,7,C Class,2015,11500,42918,125,53.3,2,MANUAL,PETROL
3451,7,C Class,2015,11500,62000,30,64.2,2.1,AUTOMATIC,DIESEL
3452,7,C Class,2015,11500,84830,125,52.3,2,MANUAL,PETROL
3453,7,C Class,2015,11500,101540,20,64.2,2.1,AUTOMATIC,DIESEL
3454,7,C Class,2015,11591,94000,20,68.9,2.1,MANUAL,DIESEL
3455,7,C Class,2015,11591,94000,20,68.9,2.1,MANUAL,DIESEL
3456,7,C Class,2015,11689,76472,20,70.6,2.1,MANUAL,DIESEL
3457,7,C Class,2015,11695,103820,20,68.9,2.1,MANUAL,DIESEL
3458,7,C Class,2015,11850,39877,145,53.3,2.1,SEMI-AUTO,DIESEL
3459,7,C Class,2015,11990,47000,145,53.3,2.1,AUTOMATIC,DIESEL
3460,7,C Class,2015,11998,52792,20,72.4,1.6,MANUAL,DIESEL
3461,7,C Class,2015,12000,40005,150,53.3,2.1,AUTOMATIC,DIESEL
3462,7,C Class,2015,12295,81940,0,78.5,2.1,AUTOMATIC,HYBRID
3463,7,C Class,2015,12298,68718,125,53.3,2,SEMI-AUTO,PETROL
3464,7,C Class,2015,12299,73227,125,52.3,2,MANUAL,PETROL
3465,7,C Class,2015,12300,85275,30,64.2,2.1,AUTOMATIC,DIESEL
3466,7,C Class,2015,12490,68600,20,68.9,2.1,MANUAL,DIESEL
3467,7,C Class,2015,12495,50374,20,65.7,2.1,SEMI-AUTO,DIESEL
3468,7,C Class,2015,12495,55000,30,64.2,2.1,AUTOMATIC,DIESEL
3469,7,C Class,2015,12499,67795,30,64.2,2.1,AUTOMATIC,DIESEL
3470,7,C Class,2015,12590,65000,150,53.3,2.1,SEMI-AUTO,DIESEL
3471,7,C Class,2015,12599,50299,20,70.6,1.6,MANUAL,DIESEL
3472,7,C Class,2015,12672,44121,20,70.6,2.1,MANUAL,DIESEL
3473,7,C Class,2015,12750,27500,125,53.3,2,MANUAL,PETROL
3474,7,C Class,2015,12750,29000,160,44.8,1.6,AUTOMATIC,PETROL
3475,7,C Class,2015,12795,101480,30,61.4,2.1,AUTOMATIC,DIESEL
3476,7,C Class,2015,12800,41945,20,68.9,2.1,MANUAL,DIESEL
3477,7,C Class,2015,12800,70804,125,60.1,2.1,AUTOMATIC,DIESEL
3478,7,C Class,2015,12800,79011,30,61.4,2.1,AUTOMATIC,DIESEL
3479,7,C Class,2015,12880,32786,145,53.3,2.1,SEMI-AUTO,DIESEL
3480,7,C Class,2015,12900,26501,160,44.8,1.6,AUTOMATIC,PETROL
3481,7,C Class,2015,12980,46500,20,65.7,2.1,SEMI-AUTO,DIESEL
3482,7,C Class,2015,12990,87000,30,64.2,2.1,AUTOMATIC,DIESEL
3483,7,C Class,2015,12990,96000,30,61.4,2.1,AUTOMATIC,DIESEL
3484,7,C Class,2015,12995,22852,125,53.3,2,MANUAL,PETROL
3485,7,C Class,2015,12995,45024,20,64.2,2.1,AUTOMATIC,DIESEL
3486,7,C Class,2015,12995,131790,0,74.3,2.1,AUTOMATIC,HYBRID
3487,7,C Class,2015,12999,18766,125,53.3,2,MANUAL,PETROL
3488,7,C Class,2015,12999,47709,20,65.7,2.1,MANUAL,DIESEL
3489,7,C Class,2015,13000,69930,20,68.9,1.6,MANUAL,DIESEL
3490,7,C Class,2015,13000,78070,20,64.2,2.1,AUTOMATIC,DIESEL
3491,7,C Class,2015,13100,63955,20,64.2,2.1,AUTOMATIC,DIESEL
3492,7,C Class,2015,13195,51344,30,64.2,2.1,AUTOMATIC,DIESEL
3493,7,C Class,2015,13200,64219,20,68.9,2.1,MANUAL,DIESEL
3494,7,C Class,2015,13260,79950,0,76.4,2.1,AUTOMATIC,HYBRID
3495,7,C Class,2015,13295,87980,0,134.5,2,AUTOMATIC,HYBRID
3496,7,C Class,2015,13361,35034,125,53.3,2,SEMI-AUTO,PETROL
3497,7,C Class,2015,13362,74044,20,64.2,2.1,AUTOMATIC,DIESEL
3498,7,C Class,2015,13390,88218,0,76.4,2.1,AUTOMATIC,HYBRID
3499,7,C Class,2015,13400,51245,20,64.2,2.1,AUTOMATIC,DIESEL
3500,7,C Class,2015,13448,31878,20,65.7,2.1,SEMI-AUTO,DIESEL
3501,7,C Class,2015,13490,52000,125,52.3,2,AUTOMATIC,PETROL
3502,7,C Class,2015,13495,33000,125,53.3,2,MANUAL,PETROL
3503,7,C Class,2015,13498,14480,125,53.3,2,MANUAL,PETROL
3504,7,C Class,2015,13498,31125,20,70.6,2.1,MANUAL,DIESEL
3505,7,C Class,2015,13498,38438,20,70.6,2.1,MANUAL,DIESEL
3506,7,C Class,2015,13500,37020,30,65.7,1.6,SEMI-AUTO,DIESEL
3507,7,C Class,2015,13599,35977,125,53.3,2,AUTOMATIC,PETROL
3508,7,C Class,2015,13599,44598,30,64.2,2.1,AUTOMATIC,DIESEL
3509,7,C Class,2015,13621,57066,30,65.7,1.6,SEMI-AUTO,DIESEL
3510,7,C Class,2015,13649,35464,20,65.7,2.1,SEMI-AUTO,DIESEL
3511,7,C Class,2015,13699,41000,20,65.7,2.1,AUTOMATIC,DIESEL
3512,7,C Class,2015,13750,61985,20,64.2,2.1,SEMI-AUTO,DIESEL
3513,7,C Class,2015,13790,54000,125,52.3,2,AUTOMATIC,PETROL
3514,7,C Class,2015,13799,69261,20,68.9,2.1,MANUAL,DIESEL
3515,7,C Class,2015,13854,75306,30,64.2,2.1,AUTOMATIC,DIESEL
3516,7,C Class,2015,13890,36006,20,70.6,2.1,MANUAL,DIESEL
3517,7,C Class,2015,13898,17426,125,53.3,2,MANUAL,PETROL
3518,7,C Class,2015,13900,57081,30,61.4,2.1,AUTOMATIC,DIESEL
3519,7,C Class,2015,13917,43097,125,52.3,2,AUTOMATIC,PETROL
3520,7,C Class,2015,13990,29000,20,64.2,2.1,AUTOMATIC,DIESEL
3521,7,C Class,2015,13990,42000,20,65.7,2.1,AUTOMATIC,DIESEL
3522,7,C Class,2015,13990,50000,125,52.3,2,AUTOMATIC,PETROL
3523,7,C Class,2015,13990,67000,30,61.4,2.1,AUTOMATIC,DIESEL
3524,7,C Class,2015,13990,71000,30,61.4,2.1,AUTOMATIC,DIESEL
3525,7,C Class,2015,13995,96000,30,62.8,2.1,AUTOMATIC,DIESEL
3526,7,C Class,2015,13998,24010,20,72.4,1.6,MANUAL,DIESEL
3527,7,C Class,2015,13999,42407,20,68.9,2.1,MANUAL,DIESEL
3528,7,C Class,2015,13999,42492,20,65.7,2.1,AUTOMATIC,DIESEL
3529,7,C Class,2015,13999,53000,20,64.2,2.1,SEMI-AUTO,DIESEL
3530,7,C Class,2015,13999,79779,0,134.5,2,AUTOMATIC,HYBRID
3531,7,C Class,2015,14000,43927,20,68.9,2.1,MANUAL,DIESEL
3532,7,C Class,2015,14000,70857,30,61.4,2.1,AUTOMATIC,DIESEL
3533,7,C Class,2015,14000,73960,30,64.2,2.1,AUTOMATIC,DIESEL
3534,7,C Class,2015,14150,60597,20,64.2,2.1,SEMI-AUTO,DIESEL
3535,7,C Class,2015,14200,22000,160,44.8,1.6,AUTOMATIC,PETROL
3536,7,C Class,2015,14290,53227,125,52.3,2,SEMI-AUTO,PETROL
3537,7,C Class,2015,14295,42618,20,65.7,2.1,SEMI-AUTO,DIESEL
3538,7,C Class,2015,14298,36643,125,53.3,2,MANUAL,PETROL
3539,7,C Class,2015,14313,50211,20,64.2,2.1,AUTOMATIC,DIESEL
3540,7,C Class,2015,14370,49468,20,64.2,2.1,AUTOMATIC,DIESEL
3541,7,C Class,2015,14440,30380,20,64.2,2.1,SEMI-AUTO,DIESEL
3542,7,C Class,2015,14490,42495,125,52.3,2,SEMI-AUTO,PETROL
3543,7,C Class,2015,14490,49988,30,61.4,2.1,SEMI-AUTO,DIESEL
3544,7,C Class,2015,14490,51866,20,64.2,2.1,SEMI-AUTO,DIESEL
3545,7,C Class,2015,14490,58502,20,64.2,2.1,SEMI-AUTO,DIESEL
3546,7,C Class,2015,14490,64000,30,64.2,2.1,AUTOMATIC,DIESEL
3547,7,C Class,2015,14490,78000,30,64.2,2.1,AUTOMATIC,DIESEL
3548,7,C Class,2015,14495,23146,115,52.3,2,MANUAL,PETROL
3549,7,C Class,2015,14500,32712,20,65.7,2.1,AUTOMATIC,DIESEL
3550,7,C Class,2015,14500,38783,20,64.2,2.1,SEMI-AUTO,DIESEL
3551,7,C Class,2015,14500,54000,20,64.2,2.1,SEMI-AUTO,DIESEL
3552,7,C Class,2015,14695,53279,20,64.2,2.1,AUTOMATIC,DIESEL
3553,7,C Class,2015,14698,39687,125,52.3,2,SEMI-AUTO,PETROL
3554,7,C Class,2015,14698,43331,20,64.2,2.1,SEMI-AUTO,DIESEL
3555,7,C Class,2015,14699,69037,0,76.4,2.1,AUTOMATIC,HYBRID
3556,7,C Class,2015,14750,32594,20,64.2,2.1,SEMI-AUTO,DIESEL
3557,7,C Class,2015,14795,109050,0,74.3,2.1,AUTOMATIC,HYBRID
3558,7,C Class,2015,14800,70832,30,64.2,2.1,AUTOMATIC,DIESEL
3559,7,C Class,2015,14819,47012,30,62.8,2.1,AUTOMATIC,DIESEL
3560,7,C Class,2015,14850,44458,30,64.2,2.1,SEMI-AUTO,DIESEL
3561,7,C Class,2015,14850,90000,30,61.4,2.1,AUTOMATIC,DIESEL
3562,7,C Class,2015,14899,46000,20,64.2,2.1,SEMI-AUTO,DIESEL
3563,7,C Class,2015,14899,73127,30,64.2,2.1,AUTOMATIC,DIESEL
3564,7,C Class,2015,14900,35553,20,65.7,2.1,AUTOMATIC,DIESEL
3565,7,C Class,2015,14940,43000,20,64.2,2.1,AUTOMATIC,DIESEL
3566,7,C Class,2015,14984,68647,30,64.2,2.1,SEMI-AUTO,DIESEL
3567,7,C Class,2015,14990,39000,20,64.2,2.1,AUTOMATIC,DIESEL
3568,7,C Class,2015,14995,49850,30,62.8,2.1,AUTOMATIC,DIESEL
3569,7,C Class,2015,14999,34278,30,62.8,2.1,AUTOMATIC,DIESEL
3570,7,C Class,2015,14999,42785,20,68.9,2.1,MANUAL,DIESEL
3571,7,C Class,2015,14999,52500,30,64.2,2.1,AUTOMATIC,DIESEL
3572,7,C Class,2015,15000,44939,30,64.2,2.1,AUTOMATIC,DIESEL
3573,7,C Class,2015,15000,53400,0,134.5,2,AUTOMATIC,OTHER
3574,7,C Class,2015,15135,40312,125,52.3,2,SEMI-AUTO,PETROL
3575,7,C Class,2015,15142,48000,20,64.2,2.1,SEMI-AUTO,DIESEL
3576,7,C Class,2015,15212,36120,20,64.2,2.1,SEMI-AUTO,DIESEL
3577,7,C Class,2015,15250,43348,30,62.8,2.1,SEMI-AUTO,DIESEL
3578,7,C Class,2015,15275,67889,0,76.4,2.1,AUTOMATIC,HYBRID
3579,7,C Class,2015,15298,59925,0,134.5,2,SEMI-AUTO,HYBRID
3580,7,C Class,2015,15300,33303,30,64.2,2.1,AUTOMATIC,DIESEL
3581,7,C Class,2015,15400,41000,30,64.2,2.1,AUTOMATIC,DIESEL
3582,7,C Class,2015,15400,56118,30,61.4,2.1,AUTOMATIC,DIESEL
3583,7,C Class,2015,15480,35223,20,68.9,2.1,MANUAL,DIESEL
3584,7,C Class,2015,15490,34000,20,64.2,2.1,AUTOMATIC,DIESEL
3585,7,C Class,2015,15495,21064,125,52.3,2,SEMI-AUTO,PETROL
3586,7,C Class,2015,15495,37200,20,64.2,2.1,AUTOMATIC,DIESEL
3587,7,C Class,2015,15498,32140,20,68.9,2.1,MANUAL,DIESEL
3588,7,C Class,2015,15499,36103,20,68.9,2.1,MANUAL,DIESEL
3589,7,C Class,2015,15500,32967,30,64.2,2.1,AUTOMATIC,DIESEL
3590,7,C Class,2015,15500,64000,30,64.2,2.1,AUTOMATIC,DIESEL
3591,7,C Class,2015,15542,49436,30,62.8,2.1,SEMI-AUTO,DIESEL
3592,7,C Class,2015,15604,31435,30,64.2,2.1,MANUAL,DIESEL
3593,7,C Class,2015,15700,21695,20,64.2,2.1,AUTOMATIC,DIESEL
3594,7,C Class,2015,15700,36078,30,61.4,2.1,AUTOMATIC,DIESEL
3595,7,C Class,2015,15750,28953,20,64.2,2.1,AUTOMATIC,DIESEL
3596,7,C Class,2015,15750,34672,30,64.2,2.1,MANUAL,DIESEL
3597,7,C Class,2015,15789,42164,30,64.2,2.1,SEMI-AUTO,DIESEL
3598,7,C Class,2015,15790,19830,125,50.4,2,SEMI-AUTO,PETROL
3599,7,C Class,2015,15800,46959,0,76.4,2.1,AUTOMATIC,HYBRID
3600,7,C Class,2015,15849,28500,30,62.8,2.1,SEMI-AUTO,DIESEL
3601,7,C Class,2015,15849,44012,30,64.2,2.1,SEMI-AUTO,DIESEL
3602,7,C Class,2015,15880,41267,30,64.2,2.1,AUTOMATIC,DIESEL
3603,7,C Class,2015,15890,54000,30,64.2,2.1,SEMI-AUTO,DIESEL
3604,7,C Class,2015,15899,48361,0,134.5,2,AUTOMATIC,HYBRID
3605,7,C Class,2015,15970,81423,30,64.2,2.1,AUTOMATIC,DIESEL
3606,7,C Class,2015,15990,26400,125,52.3,2,AUTOMATIC,PETROL
3607,7,C Class,2015,15990,43120,30,64.2,2.1,AUTOMATIC,DIESEL
3608,7,C Class,2015,15991,35000,125,60.1,2.1,SEMI-AUTO,DIESEL
3609,7,C Class,2015,15995,39000,30,64.2,1.6,AUTOMATIC,DIESEL
3610,7,C Class,2015,15995,46221,20,64.2,2.1,AUTOMATIC,DIESEL
3611,7,C Class,2015,15995,52000,20,67.3,2.1,AUTOMATIC,DIESEL
3612,7,C Class,2015,15998,32023,30,64.2,2.1,SEMI-AUTO,DIESEL
3613,7,C Class,2015,15999,39195,0,78.5,2.1,SEMI-AUTO,HYBRID
3614,7,C Class,2015,16000,18263,125,52.3,2,AUTOMATIC,PETROL
3615,7,C Class,2015,16122,46522,30,64.2,1.6,SEMI-AUTO,DIESEL
3616,7,C Class,2015,16199,21539,20,64.2,2.1,SEMI-AUTO,DIESEL
3617,7,C Class,2015,16260,18025,20,64.2,2.1,SEMI-AUTO,DIESEL
3618,7,C Class,2015,16270,38444,145,49.6,2,AUTOMATIC,PETROL
3619,7,C Class,2015,16299,25958,30,62.8,2.1,AUTOMATIC,DIESEL
3620,7,C Class,2015,16310,55226,30,64.2,2.1,SEMI-AUTO,DIESEL
3621,7,C Class,2015,16315,46155,30,64.2,2.1,SEMI-AUTO,DIESEL
3622,7,C Class,2015,16341,61691,20,64.2,2.1,SEMI-AUTO,DIESEL
3623,7,C Class,2015,16395,44086,125,60.1,2.1,AUTOMATIC,DIESEL
3624,7,C Class,2015,16440,29286,20,64.2,2.1,SEMI-AUTO,DIESEL
3625,7,C Class,2015,16480,41349,30,62.8,2.1,SEMI-AUTO,DIESEL
3626,7,C Class,2015,16490,37000,30,64.2,2.1,AUTOMATIC,DIESEL
3627,7,C Class,2015,16490,53126,30,64.2,2.1,SEMI-AUTO,DIESEL
3628,7,C Class,2015,16495,41130,0,134.5,2,AUTOMATIC,HYBRID
3629,7,C Class,2015,16499,31063,0,76.4,2.1,AUTOMATIC,HYBRID
3630,7,C Class,2015,16499,33707,30,64.2,2.1,AUTOMATIC,DIESEL
3631,7,C Class,2015,16500,37000,30,61.4,2.1,AUTOMATIC,DIESEL
3632,7,C Class,2015,16581,23985,20,64.2,2.1,SEMI-AUTO,DIESEL
3633,7,C Class,2015,16592,25230,20,64.2,2.1,SEMI-AUTO,DIESEL
3634,7,C Class,2015,16617,27080,30,64.2,2.1,AUTOMATIC,DIESEL
3635,7,C Class,2015,16679,35592,20,64.2,2.1,AUTOMATIC,DIESEL
3636,7,C Class,2015,16699,40786,30,64.2,1.6,AUTOMATIC,DIESEL
3637,7,C Class,2015,16699,48000,30,64.2,2.1,SEMI-AUTO,DIESEL
3638,7,C Class,2015,16700,35125,30,64.2,2.1,AUTOMATIC,DIESEL
3639,7,C Class,2015,16729,30701,20,64.2,2.1,AUTOMATIC,DIESEL
3640,7,C Class,2015,16732,33350,30,64.2,2.1,AUTOMATIC,DIESEL
3641,7,C Class,2015,16789,20100,30,61.4,2.1,SEMI-AUTO,DIESEL
3642,7,C Class,2015,16798,32409,30,64.2,2.1,SEMI-AUTO,DIESEL
3643,7,C Class,2015,16810,44929,30,64.2,2.1,AUTOMATIC,DIESEL
3644,7,C Class,2015,16892,35464,30,64.2,2.1,SEMI-AUTO,DIESEL
3645,7,C Class,2015,16899,30895,30,61.4,2.1,SEMI-AUTO,DIESEL
3646,7,C Class,2015,16946,29517,125,51.4,2,AUTOMATIC,PETROL
3647,7,C Class,2015,16950,20000,0,76.4,2.2,AUTOMATIC,HYBRID
3648,7,C Class,2015,16975,42000,30,61.4,2.1,AUTOMATIC,DIESEL
3649,7,C Class,2015,16990,7976,125,52.3,2,AUTOMATIC,PETROL
3650,7,C Class,2015,16990,11954,20,64.2,2.1,SEMI-AUTO,DIESEL
3651,7,C Class,2015,16990,36798,30,64.2,2.1,SEMI-AUTO,DIESEL
3652,7,C Class,2015,16990,40000,30,64.2,2.1,AUTOMATIC,DIESEL
3653,7,C Class,2015,16990,42000,125,60.1,2.1,AUTOMATIC,DIESEL
3654,7,C Class,2015,16995,15000,20,68.9,2.1,MANUAL,DIESEL
3655,7,C Class,2015,16998,26273,125,52.3,2,SEMI-AUTO,PETROL
3656,7,C Class,2015,16998,43883,125,60.1,2.1,SEMI-AUTO,DIESEL
3657,7,C Class,2015,16998,66796,0,74.3,2.1,SEMI-AUTO,HYBRID
3658,7,C Class,2015,16999,32119,30,64.2,2.1,SEMI-AUTO,DIESEL
3659,7,C Class,2015,16999,55978,30,61.4,2.1,AUTOMATIC,DIESEL
3660,7,C Class,2015,17030,32673,30,64.2,2.1,AUTOMATIC,DIESEL
3661,7,C Class,2015,17044,48123,30,64.2,2.1,SEMI-AUTO,DIESEL
3662,7,C Class,2015,17089,27501,30,64.2,2.1,SEMI-AUTO,DIESEL
3663,7,C Class,2015,17130,59549,0,76.4,2.1,AUTOMATIC,HYBRID
3664,7,C Class,2015,17149,48191,125,60.1,2.1,AUTOMATIC,DIESEL
3665,7,C Class,2015,17200,40961,125,60.1,2.1,AUTOMATIC,DIESEL
3666,7,C Class,2015,17250,20720,30,64.2,2.1,AUTOMATIC,DIESEL
3667,7,C Class,2015,17250,30000,30,64.2,2.1,AUTOMATIC,DIESEL
3668,7,C Class,2015,17295,34955,30,64.2,2.1,AUTOMATIC,DIESEL
3669,7,C Class,2015,17299,25758,0,78.5,2.1,AUTOMATIC,HYBRID
3670,7,C Class,2015,17399,21019,20,64.2,2.1,SEMI-AUTO,DIESEL
3671,7,C Class,2015,17435,33384,125,60.1,2.1,AUTOMATIC,DIESEL
3672,7,C Class,2015,17441,49910,125,60.1,2.1,SEMI-AUTO,DIESEL
3673,7,C Class,2015,17450,37000,30,64.2,2.1,SEMI-AUTO,DIESEL
3674,7,C Class,2015,17450,42377,0,76.4,2.1,AUTOMATIC,HYBRID
3675,7,C Class,2015,17495,33425,30,64.2,2.1,SEMI-AUTO,DIESEL
3676,7,C Class,2015,17498,42471,0,76.4,2.1,SEMI-AUTO,HYBRID
3677,7,C Class,2015,17500,39343,30,64.2,2.1,AUTOMATIC,DIESEL
3678,7,C Class,2015,17500,45566,30,64.2,2.1,AUTOMATIC,DIESEL
3679,7,C Class,2015,17636,24923,30,64.2,2.1,SEMI-AUTO,DIESEL
3680,7,C Class,2015,17682,27852,30,64.2,2.1,SEMI-AUTO,DIESEL
3681,7,C Class,2015,17690,32019,125,60.1,2.1,AUTOMATIC,DIESEL
3682,7,C Class,2015,17695,64765,30,64.2,2.1,AUTOMATIC,DIESEL
3683,7,C Class,2015,17699,56546,0,74.3,2.1,AUTOMATIC,HYBRID
3684,7,C Class,2015,17712,22958,30,64.2,1.6,SEMI-AUTO,DIESEL
3685,7,C Class,2015,17749,19039,30,64.2,2.1,SEMI-AUTO,DIESEL
3686,7,C Class,2015,17790,8726,20,64.2,2.1,AUTOMATIC,DIESEL
3687,7,C Class,2015,17900,34797,30,64.2,2.1,AUTOMATIC,DIESEL
3688,7,C Class,2015,17901,9601,125,52.3,2,SEMI-AUTO,PETROL
3689,7,C Class,2015,17998,24209,30,64.2,2.1,SEMI-AUTO,DIESEL
3690,7,C Class,2015,17999,15566,125,50.4,2,SEMI-AUTO,PETROL
3691,7,C Class,2015,18000,28807,125,60.1,2.1,SEMI-AUTO,DIESEL
3692,7,C Class,2015,18000,35229,145,49.6,2,AUTOMATIC,PETROL
3693,7,C Class,2015,18191,11470,30,64.2,1.6,SEMI-AUTO,DIESEL
3694,7,C Class,2015,18199,24352,20,68.9,2.1,AUTOMATIC,DIESEL
3695,7,C Class,2015,18199,33720,30,64.2,2.1,AUTOMATIC,DIESEL
3696,7,C Class,2015,18298,25000,0,134.5,2,AUTOMATIC,HYBRID
3697,7,C Class,2015,18299,31369,30,61.4,2.1,AUTOMATIC,DIESEL
3698,7,C Class,2015,18498,29817,30,64.2,2.1,SEMI-AUTO,DIESEL
3699,7,C Class,2015,18500,8940,30,64.2,2.1,AUTOMATIC,DIESEL
3700,7,C Class,2015,18500,30891,30,64.2,2.1,AUTOMATIC,DIESEL
3701,7,C Class,2015,18610,14750,30,64.2,2.1,AUTOMATIC,DIESEL
3702,7,C Class,2015,18649,26314,0,134.5,2,SEMI-AUTO,HYBRID
3703,7,C Class,2015,18700,39004,30,64.2,2.1,AUTOMATIC,DIESEL
3704,7,C Class,2015,18736,27276,125,51.4,2,SEMI-AUTO,PETROL
3705,7,C Class,2015,18799,37890,30,64.2,2.1,SEMI-AUTO,DIESEL
3706,7,C Class,2015,18990,25199,30,64.2,2.1,SEMI-AUTO,DIESEL
3707,7,C Class,2015,18999,9793,30,64.2,1.6,AUTOMATIC,DIESEL
3708,7,C Class,2015,18999,22499,30,64.2,2.1,AUTOMATIC,DIESEL
3709,7,C Class,2015,18999,28000,30,64.2,2.1,AUTOMATIC,DIESEL
3710,7,C Class,2015,19099,29000,30,61.4,2.1,SEMI-AUTO,DIESEL
3711,7,C Class,2015,19100,12586,0,134.5,2,AUTOMATIC,HYBRID
3712,7,C Class,2015,19780,15629,125,60.1,2.1,AUTOMATIC,DIESEL
3713,7,C Class,2015,19825,58873,20,67.3,2.1,AUTOMATIC,DIESEL
3714,7,C Class,2015,19990,12469,30,64.2,2.1,SEMI-AUTO,DIESEL
3715,7,C Class,2015,19990,37000,0,74.3,2.1,SEMI-AUTO,HYBRID
3716,7,C Class,2015,19995,39000,30,62.8,2.1,SEMI-AUTO,DIESEL
3717,7,C Class,2015,20000,12050,30,64.2,2.1,AUTOMATIC,DIESEL
3718,7,C Class,2015,20999,20000,30,64.2,2.1,AUTOMATIC,DIESEL
3719,7,C Class,2015,22402,21123,20,67.3,2.1,SEMI-AUTO,DIESEL
3720,7,C Class,2015,24500,91639,300,34.5,4,AUTOMATIC,PETROL
3721,7,C Class,2015,28561,23050,305,34.5,4,SEMI-AUTO,PETROL
3722,7,C Class,2015,29900,33521,300,34.5,4,AUTOMATIC,PETROL
3723,7,C Class,2015,29990,56000,300,34.5,4,AUTOMATIC,PETROL
3724,7,C Class,2015,36990,12659,300,34.5,4,AUTOMATIC,PETROL
3725,7,C Class,2015,39990,32000,300,34.5,4,AUTOMATIC,PETROL
3726,7,C Class,2016,10500,117760,20,65.7,2.1,MANUAL,DIESEL
3727,7,C Class,2016,10749,91751,20,65.7,2.1,MANUAL,DIESEL
3728,7,C Class,2016,10998,83786,20,72.4,1.6,MANUAL,DIESEL
3729,7,C Class,2016,11000,100950,20,65.7,2.1,MANUAL,DIESEL
3730,7,C Class,2016,11016,67000,20,70.6,2.1,MANUAL,DIESEL
3731,7,C Class,2016,11300,49604,125,51.4,2,MANUAL,PETROL
3732,7,C Class,2016,11393,128000,20,64.2,2.1,AUTOMATIC,DIESEL
3733,7,C Class,2016,11525,61633,125,53.3,2,MANUAL,PETROL
3734,7,C Class,2016,11999,65548,20,72.4,1.6,MANUAL,DIESEL
3735,7,C Class,2016,12195,94440,30,64.2,2.1,AUTOMATIC,DIESEL
3736,7,C Class,2016,12392,124000,20,64.2,2.1,AUTOMATIC,DIESEL
3737,7,C Class,2016,12450,52656,20,65.7,2.1,MANUAL,DIESEL
3738,7,C Class,2016,12459,93948,30,62.8,2.1,AUTOMATIC,DIESEL
3739,7,C Class,2016,12795,100000,0,134.5,2,AUTOMATIC,HYBRID
3740,7,C Class,2016,12800,40595,20,70.6,2.1,MANUAL,DIESEL
3741,7,C Class,2016,12998,53453,20,70.6,2.1,MANUAL,DIESEL
3742,7,C Class,2016,13000,22886,20,70.6,2.1,MANUAL,DIESEL
3743,7,C Class,2016,13000,53065,20,65.7,2.1,AUTOMATIC,DIESEL
3744,7,C Class,2016,13000,69385,20,68.9,2.1,MANUAL,DIESEL
3745,7,C Class,2016,13000,82590,20,64.2,2.1,AUTOMATIC,DIESEL
3746,7,C Class,2016,13195,102580,30,61.4,2.1,AUTOMATIC,DIESEL
3747,7,C Class,2016,13200,52684,30,65.7,1.6,MANUAL,DIESEL
3748,7,C Class,2016,13295,86620,0,134.5,2,AUTOMATIC,HYBRID
3749,7,C Class,2016,13295,90980,0,134.5,2,AUTOMATIC,HYBRID
3750,7,C Class,2016,13300,42622,20,70.6,2.1,MANUAL,DIESEL
3751,7,C Class,2016,13391,58858,30,65.7,1.6,MANUAL,DIESEL
3752,7,C Class,2016,13412,54546,125,53.3,2,SEMI-AUTO,PETROL
3753,7,C Class,2016,13490,79000,20,64.2,2.1,AUTOMATIC,DIESEL
3754,7,C Class,2016,13490,99217,125,60.1,2.1,AUTOMATIC,DIESEL
3755,7,C Class,2016,13498,32174,20,70.6,2.1,MANUAL,DIESEL
3756,7,C Class,2016,13499,55154,20,65.7,1.6,MANUAL,DIESEL
3757,7,C Class,2016,13499,61140,20,65.7,2.1,MANUAL,DIESEL
3758,7,C Class,2016,13500,93620,30,62.8,2.1,AUTOMATIC,DIESEL
3759,7,C Class,2016,13600,46384,125,53.3,2,MANUAL,PETROL
3760,7,C Class,2016,13600,71077,20,64.2,2.1,AUTOMATIC,DIESEL
3761,7,C Class,2016,13660,26682,20,70.6,2.1,MANUAL,DIESEL
3762,7,C Class,2016,13680,40880,20,70.6,1.6,MANUAL,DIESEL
3763,7,C Class,2016,13690,49761,20,68.9,2.1,MANUAL,DIESEL
3764,7,C Class,2016,13691,36538,30,65.7,1.6,SEMI-AUTO,DIESEL
3765,7,C Class,2016,13698,86965,0,134.5,2,SEMI-AUTO,HYBRID
3766,7,C Class,2016,13800,47915,20,65.7,2.1,AUTOMATIC,DIESEL
3767,7,C Class,2016,13800,69505,125,60.1,2.1,AUTOMATIC,DIESEL
3768,7,C Class,2016,13850,77814,0,134.5,2,AUTOMATIC,OTHER
3769,7,C Class,2016,13900,26108,125,52.3,2,MANUAL,PETROL
3770,7,C Class,2016,13950,48128,20,65.7,2.1,MANUAL,DIESEL
3771,7,C Class,2016,13990,57138,20,68.9,2.1,MANUAL,DIESEL
3772,7,C Class,2016,13991,49494,30,64.2,2.1,SEMI-AUTO,DIESEL
3773,7,C Class,2016,13998,22117,125,53.3,2,MANUAL,PETROL
3774,7,C Class,2016,13999,28960,20,72.4,1.6,MANUAL,DIESEL
3775,7,C Class,2016,14000,33380,20,65.7,2.1,AUTOMATIC,DIESEL
3776,7,C Class,2016,14000,44263,20,65.7,2.1,AUTOMATIC,DIESEL
3777,7,C Class,2016,14000,45000,20,65.7,2.1,AUTOMATIC,DIESEL
3778,7,C Class,2016,14000,47140,30,64.2,2.1,MANUAL,DIESEL
3779,7,C Class,2016,14000,81960,0,134.5,2,AUTOMATIC,HYBRID
3780,7,C Class,2016,14000,83990,0,76.4,2.1,AUTOMATIC,HYBRID
3781,7,C Class,2016,14057,21443,20,70.6,1.6,MANUAL,DIESEL
3782,7,C Class,2016,14220,45868,20,65.7,2.1,SEMI-AUTO,DIESEL
3783,7,C Class,2016,14299,34246,20,65.7,2.1,MANUAL,DIESEL
3784,7,C Class,2016,14398,29002,20,65.7,2.1,SEMI-AUTO,DIESEL
3785,7,C Class,2016,14441,49101,125,53.3,2,SEMI-AUTO,PETROL
3786,7,C Class,2016,14450,19598,125,53.3,2,SEMI-AUTO,PETROL
3787,7,C Class,2016,14450,34000,20,65.7,2.1,SEMI-AUTO,DIESEL
3788,7,C Class,2016,14477,72000,30,65.7,1.6,AUTOMATIC,DIESEL
3789,7,C Class,2016,14495,50995,30,64.2,1.6,AUTOMATIC,DIESEL
3790,7,C Class,2016,14498,21945,125,53.3,2,MANUAL,PETROL
3791,7,C Class,2016,14499,11638,20,70.6,2.1,MANUAL,DIESEL
3792,7,C Class,2016,14499,33036,20,65.7,2.1,AUTOMATIC,DIESEL
3793,7,C Class,2016,14499,42500,20,65.7,2.1,SEMI-AUTO,DIESEL
3794,7,C Class,2016,14580,33113,20,65.7,2.1,SEMI-AUTO,DIESEL
3795,7,C Class,2016,14649,40049,20,70.6,1.6,MANUAL,DIESEL
3796,7,C Class,2016,14698,19864,20,70.6,2.1,MANUAL,DIESEL
3797,7,C Class,2016,14700,28593,20,65.7,2.1,AUTOMATIC,DIESEL
3798,7,C Class,2016,14700,58070,30,62.8,2.1,AUTOMATIC,DIESEL
3799,7,C Class,2016,14700,59023,30,64.2,1.6,AUTOMATIC,DIESEL
3800,7,C Class,2016,14739,15664,125,53.3,2,MANUAL,PETROL
3801,7,C Class,2016,14750,28612,20,65.7,2.1,AUTOMATIC,DIESEL
3802,7,C Class,2016,14770,21745,125,53.3,2,SEMI-AUTO,PETROL
3803,7,C Class,2016,14795,99470,30,61.4,2.1,AUTOMATIC,DIESEL
3804,7,C Class,2016,14799,38764,20,68.9,2.1,MANUAL,DIESEL
3805,7,C Class,2016,14800,40620,30,65.7,1.6,SEMI-AUTO,DIESEL
3806,7,C Class,2016,14933,21553,20,70.6,1.6,MANUAL,DIESEL
3807,7,C Class,2016,14965,30487,20,65.7,2.1,SEMI-AUTO,DIESEL
3808,7,C Class,2016,14981,35000,30,65.7,1.6,SEMI-AUTO,DIESEL
3809,7,C Class,2016,14998,66732,0,78.5,2.1,SEMI-AUTO,HYBRID
3810,7,C Class,2016,14999,40814,30,65.7,1.6,AUTOMATIC,DIESEL
3811,7,C Class,2016,14999,41358,20,65.7,2.1,AUTOMATIC,DIESEL
3812,7,C Class,2016,14999,59243,20,64.2,2.1,AUTOMATIC,DIESEL
3813,7,C Class,2016,14999,80195,20,64.2,2.1,AUTOMATIC,DIESEL
3814,7,C Class,2016,15000,32254,30,65.7,1.6,MANUAL,DIESEL
3815,7,C Class,2016,15000,66950,0,134.5,2,AUTOMATIC,HYBRID
3816,7,C Class,2016,15000,76200,30,61.4,2.1,AUTOMATIC,DIESEL
3817,7,C Class,2016,15000,85040,0,122.8,2,AUTOMATIC,HYBRID
3818,7,C Class,2016,15199,39721,20,64.2,2.1,SEMI-AUTO,DIESEL
3819,7,C Class,2016,15199,47360,20,64.2,2.1,AUTOMATIC,DIESEL
3820,7,C Class,2016,15220,39656,20,65.7,2.1,SEMI-AUTO,DIESEL
3821,7,C Class,2016,15249,30954,125,53.3,2,AUTOMATIC,PETROL
3822,7,C Class,2016,15300,48507,30,62.8,2.1,AUTOMATIC,DIESEL
3823,7,C Class,2016,15339,67267,0,134.5,2,AUTOMATIC,HYBRID
3824,7,C Class,2016,15391,9578,20,70.6,2.1,MANUAL,DIESEL
3825,7,C Class,2016,15399,49586,20,64.2,2.1,AUTOMATIC,DIESEL
3826,7,C Class,2016,15400,23881,20,64.2,2.1,AUTOMATIC,DIESEL
3827,7,C Class,2016,15400,41899,20,64.2,2.1,AUTOMATIC,DIESEL
3828,7,C Class,2016,15429,50446,30,65.7,1.6,SEMI-AUTO,DIESEL
3829,7,C Class,2016,15480,36069,20,68.9,2.1,MANUAL,DIESEL
3830,7,C Class,2016,15485,58468,0,122.8,2,AUTOMATIC,HYBRID
3831,7,C Class,2016,15490,22178,30,65.7,1.6,SEMI-AUTO,DIESEL
3832,7,C Class,2016,15495,28900,20,70.6,1.6,MANUAL,DIESEL
3833,7,C Class,2016,15495,72676,0,134.5,2,AUTOMATIC,HYBRID
3834,7,C Class,2016,15498,73582,30,61.4,2.1,SEMI-AUTO,DIESEL
3835,7,C Class,2016,15499,38748,30,64.2,2.1,AUTOMATIC,DIESEL
3836,7,C Class,2016,15499,63478,20,68.9,2.1,MANUAL,DIESEL
3837,7,C Class,2016,15500,36584,30,65.7,1.6,AUTOMATIC,DIESEL
3838,7,C Class,2016,15675,39287,20,68.9,2.1,MANUAL,DIESEL
3839,7,C Class,2016,15679,60619,0,134.5,2,AUTOMATIC,HYBRID
3840,7,C Class,2016,15698,42062,125,50.4,2,AUTOMATIC,PETROL
3841,7,C Class,2016,15699,30173,20,64.2,2.1,AUTOMATIC,DIESEL
3842,7,C Class,2016,15699,30301,20,65.7,2.1,SEMI-AUTO,DIESEL
3843,7,C Class,2016,15750,15000,20,65.7,2.1,AUTOMATIC,DIESEL
3844,7,C Class,2016,15798,41279,20,64.2,2.1,SEMI-AUTO,DIESEL
3845,7,C Class,2016,15870,40998,30,62.8,2.1,AUTOMATIC,DIESEL
3846,7,C Class,2016,15890,34499,20,65.7,2.1,SEMI-AUTO,DIESEL
3847,7,C Class,2016,15900,9870,20,70.6,1.6,MANUAL,DIESEL
3848,7,C Class,2016,15900,21606,20,64.2,2.1,AUTOMATIC,DIESEL
3849,7,C Class,2016,15900,51208,30,64.2,2.1,AUTOMATIC,DIESEL
3850,7,C Class,2016,15910,71991,30,64.2,2.1,AUTOMATIC,DIESEL
3851,7,C Class,2016,15952,34327,20,64.2,2.1,AUTOMATIC,DIESEL
3852,7,C Class,2016,15975,37419,125,51.4,2,MANUAL,PETROL
3853,7,C Class,2016,15990,17000,125,52.3,2,AUTOMATIC,PETROL
3854,7,C Class,2016,15990,26957,30,65.7,1.6,SEMI-AUTO,DIESEL
3855,7,C Class,2016,15990,44000,30,64.2,1.6,AUTOMATIC,DIESEL
3856,7,C Class,2016,15990,65000,30,64.2,2.1,AUTOMATIC,DIESEL
3857,7,C Class,2016,15998,25202,30,65.7,1.6,SEMI-AUTO,DIESEL
3858,7,C Class,2016,15999,9000,20,65.7,2.1,SEMI-AUTO,DIESEL
3859,7,C Class,2016,15999,37982,125,52.3,2,AUTOMATIC,PETROL
3860,7,C Class,2016,15999,41614,20,64.2,2.1,AUTOMATIC,DIESEL
3861,7,C Class,2016,15999,44617,30,64.2,2.1,AUTOMATIC,DIESEL
3862,7,C Class,2016,15999,59211,0,134.5,2,AUTOMATIC,HYBRID
3863,7,C Class,2016,15999,66077,0,134.5,2,AUTOMATIC,HYBRID
3864,7,C Class,2016,16000,28000,20,64.2,2.1,AUTOMATIC,DIESEL
3865,7,C Class,2016,16000,34903,20,68.9,2.1,MANUAL,DIESEL
3866,7,C Class,2016,16000,34972,30,65.7,1.6,AUTOMATIC,DIESEL
3867,7,C Class,2016,16000,39877,30,65.7,1.6,MANUAL,DIESEL
3868,7,C Class,2016,16000,67490,0,134.5,2,AUTOMATIC,HYBRID
3869,7,C Class,2016,16020,11972,30,65.7,1.6,MANUAL,DIESEL
3870,7,C Class,2016,16198,41974,20,68.9,2.1,MANUAL,DIESEL
3871,7,C Class,2016,16199,35822,20,64.2,2.1,AUTOMATIC,DIESEL
3872,7,C Class,2016,16200,23216,20,68.9,1.6,MANUAL,DIESEL
3873,7,C Class,2016,16200,37843,30,64.2,2.1,AUTOMATIC,DIESEL
3874,7,C Class,2016,16215,43559,20,64.2,2.1,SEMI-AUTO,DIESEL
3875,7,C Class,2016,16250,23196,30,65.7,1.6,AUTOMATIC,DIESEL
3876,7,C Class,2016,16298,29201,30,64.2,1.6,SEMI-AUTO,DIESEL
3877,7,C Class,2016,16326,52819,0,134.5,2,AUTOMATIC,HYBRID
3878,7,C Class,2016,16329,39924,30,64.2,1.6,AUTOMATIC,DIESEL
3879,7,C Class,2016,16341,61225,0,134.5,2,AUTOMATIC,HYBRID
3880,7,C Class,2016,16390,31360,20,64.2,2.1,SEMI-AUTO,DIESEL
3881,7,C Class,2016,16400,46479,125,60.1,2.1,AUTOMATIC,DIESEL
3882,7,C Class,2016,16449,27268,30,64.2,2.1,AUTOMATIC,DIESEL
3883,7,C Class,2016,16450,70000,30,64.2,2.1,AUTOMATIC,DIESEL
3884,7,C Class,2016,16452,92844,30,61.4,2.1,SEMI-AUTO,DIESEL
3885,7,C Class,2016,16475,34452,30,64.2,2.1,AUTOMATIC,DIESEL
3886,7,C Class,2016,16475,40569,20,68.9,2.1,MANUAL,DIESEL
3887,7,C Class,2016,16495,28304,30,65.7,1.6,SEMI-AUTO,DIESEL
3888,7,C Class,2016,16498,27034,30,65.7,1.6,SEMI-AUTO,DIESEL
3889,7,C Class,2016,16498,37080,20,64.2,2.1,SEMI-AUTO,DIESEL
3890,7,C Class,2016,16499,22525,30,65.7,1.6,AUTOMATIC,DIESEL
3891,7,C Class,2016,16499,28392,30,62.8,2.1,AUTOMATIC,DIESEL
3892,7,C Class,2016,16499,35459,20,64.2,2.1,SEMI-AUTO,DIESEL
3893,7,C Class,2016,16499,35459,20,64.2,2.1,SEMI-AUTO,DIESEL
3894,7,C Class,2016,16500,51936,30,64.2,2.1,AUTOMATIC,DIESEL
3895,7,C Class,2016,16562,49126,0,134.5,2,AUTOMATIC,HYBRID
3896,7,C Class,2016,16600,56827,20,67.3,2.1,AUTOMATIC,DIESEL
3897,7,C Class,2016,16657,24247,20,65.7,2.1,SEMI-AUTO,DIESEL
3898,7,C Class,2016,16680,45588,20,64.2,2.1,SEMI-AUTO,DIESEL
3899,7,C Class,2016,16690,14314,30,65.7,1.6,SEMI-AUTO,DIESEL
3900,7,C Class,2016,16695,41000,30,64.2,2.1,SEMI-AUTO,DIESEL
3901,7,C Class,2016,16699,26544,20,64.2,2.1,AUTOMATIC,DIESEL
3902,7,C Class,2016,16700,23539,30,64.2,2.1,AUTOMATIC,DIESEL
3903,7,C Class,2016,16750,24909,30,64.2,1.6,AUTOMATIC,DIESEL
3904,7,C Class,2016,16799,38785,30,64.2,2.1,AUTOMATIC,DIESEL
3905,7,C Class,2016,16800,35800,30,64.2,2.1,SEMI-AUTO,DIESEL
3906,7,C Class,2016,16822,42402,0,134.5,2,AUTOMATIC,HYBRID
3907,7,C Class,2016,16879,74252,0,134.5,2,AUTOMATIC,HYBRID
3908,7,C Class,2016,16890,47850,30,61.4,2.1,AUTOMATIC,DIESEL
3909,7,C Class,2016,16899,59290,0,134.5,2,AUTOMATIC,HYBRID
3910,7,C Class,2016,16900,18107,20,64.2,2.1,AUTOMATIC,DIESEL
3911,7,C Class,2016,16950,24080,125,50.4,2,AUTOMATIC,PETROL
3912,7,C Class,2016,16950,51700,0,134.5,2,AUTOMATIC,HYBRID
3913,7,C Class,2016,16980,17259,20,65.7,2.1,SEMI-AUTO,DIESEL
3914,7,C Class,2016,16990,29000,30,64.2,2.1,AUTOMATIC,DIESEL
3915,7,C Class,2016,16990,34258,30,64.2,2.1,SEMI-AUTO,DIESEL
3916,7,C Class,2016,16990,35394,30,64.2,2.1,SEMI-AUTO,DIESEL
3917,7,C Class,2016,16990,35991,30,64.2,2.1,SEMI-AUTO,DIESEL
3918,7,C Class,2016,16991,28500,20,64.2,2.1,SEMI-AUTO,DIESEL
3919,7,C Class,2016,16991,57881,20,64.2,2.1,SEMI-AUTO,DIESEL
3920,7,C Class,2016,16995,20000,20,64.2,2.1,AUTOMATIC,DIESEL
3921,7,C Class,2016,16998,13795,30,65.7,1.6,SEMI-AUTO,DIESEL
3922,7,C Class,2016,16998,21786,20,65.7,2.1,SEMI-AUTO,DIESEL
3923,7,C Class,2016,16998,21967,125,53.3,2,SEMI-AUTO,PETROL
3924,7,C Class,2016,16998,26973,30,65.7,1.6,SEMI-AUTO,DIESEL
3925,7,C Class,2016,16998,38830,20,64.2,2.1,SEMI-AUTO,DIESEL
3926,7,C Class,2016,16998,43014,30,64.2,2.1,SEMI-AUTO,DIESEL
3927,7,C Class,2016,16998,59208,0,76.4,2.1,AUTOMATIC,HYBRID
3928,7,C Class,2016,16999,25448,125,51.4,2,AUTOMATIC,PETROL
3929,7,C Class,2016,17000,29947,30,61.4,2.1,AUTOMATIC,DIESEL
3930,7,C Class,2016,17000,68429,30,64.2,2.1,AUTOMATIC,DIESEL
3931,7,C Class,2016,17100,42427,125,60.1,2.1,AUTOMATIC,DIESEL
3932,7,C Class,2016,17149,38395,30,64.2,2.1,SEMI-AUTO,DIESEL
3933,7,C Class,2016,17228,60677,30,64.2,2.1,SEMI-AUTO,DIESEL
3934,7,C Class,2016,17280,44335,30,64.2,2.1,SEMI-AUTO,DIESEL
3935,7,C Class,2016,17299,52400,30,61.4,2.1,AUTOMATIC,DIESEL
3936,7,C Class,2016,17299,66500,125,60.1,2.1,SEMI-AUTO,DIESEL
3937,7,C Class,2016,17300,42310,30,64.2,2.1,AUTOMATIC,DIESEL
3938,7,C Class,2016,17399,36074,30,64.2,1.6,SEMI-AUTO,DIESEL
3939,7,C Class,2016,17399,53000,125,60.1,2.1,SEMI-AUTO,DIESEL
3940,7,C Class,2016,17400,27036,0,134.5,2,AUTOMATIC,HYBRID
3941,7,C Class,2016,17400,39979,20,65.7,2.1,SEMI-AUTO,DIESEL
3942,7,C Class,2016,17440,25374,30,64.2,2.1,AUTOMATIC,DIESEL
3943,7,C Class,2016,17443,55877,125,60.1,2.1,SEMI-AUTO,DIESEL
3944,7,C Class,2016,17450,21875,30,64.2,1.6,SEMI-AUTO,DIESEL
3945,7,C Class,2016,17480,23109,125,52.3,2,AUTOMATIC,PETROL
3946,7,C Class,2016,17491,18500,20,65.7,2.1,AUTOMATIC,DIESEL
3947,7,C Class,2016,17491,34794,30,64.2,2.1,AUTOMATIC,DIESEL
3948,7,C Class,2016,17498,31953,30,64.2,2.1,SEMI-AUTO,DIESEL
3949,7,C Class,2016,17498,63507,0,76.4,2.1,SEMI-AUTO,HYBRID
3950,7,C Class,2016,17500,17198,30,62.8,2.1,AUTOMATIC,DIESEL
3951,7,C Class,2016,17500,23112,30,64.2,2.1,AUTOMATIC,DIESEL
3952,7,C Class,2016,17500,35444,125,60.1,2.1,AUTOMATIC,DIESEL
3953,7,C Class,2016,17500,41758,0,134.5,2,SEMI-AUTO,HYBRID
3954,7,C Class,2016,17500,52749,0,76.4,2.1,AUTOMATIC,HYBRID
3955,7,C Class,2016,17590,13020,125,50.4,2,AUTOMATIC,PETROL
3956,7,C Class,2016,17590,32719,30,64.2,1.6,AUTOMATIC,DIESEL
3957,7,C Class,2016,17595,28192,30,64.2,2.1,AUTOMATIC,DIESEL
3958,7,C Class,2016,17600,19581,125,51.4,2,AUTOMATIC,PETROL
3959,7,C Class,2016,17600,28389,30,64.2,2.1,AUTOMATIC,DIESEL
3960,7,C Class,2016,17672,31656,30,64.2,2.1,AUTOMATIC,DIESEL
3961,7,C Class,2016,17699,14183,125,51.4,2,AUTOMATIC,PETROL
3962,7,C Class,2016,17699,15511,125,52.3,2,SEMI-AUTO,PETROL
3963,7,C Class,2016,17699,26500,20,64.2,2.1,SEMI-AUTO,DIESEL
3964,7,C Class,2016,17699,32044,20,64.2,2.1,AUTOMATIC,DIESEL
3965,7,C Class,2016,17699,43236,30,61.4,2.1,SEMI-AUTO,DIESEL
3966,7,C Class,2016,17750,22090,30,64.2,2.1,SEMI-AUTO,DIESEL
3967,7,C Class,2016,17770,27306,20,64.2,2.1,SEMI-AUTO,DIESEL
3968,7,C Class,2016,17779,17757,125,53.3,2,MANUAL,PETROL
3969,7,C Class,2016,17799,23000,20,64.2,2.1,SEMI-AUTO,DIESEL
3970,7,C Class,2016,17799,47309,30,64.2,2.1,SEMI-AUTO,DIESEL
3971,7,C Class,2016,17799,53613,30,64.2,2.1,AUTOMATIC,DIESEL
3972,7,C Class,2016,17800,26866,20,64.2,2.1,AUTOMATIC,DIESEL
3973,7,C Class,2016,17820,30748,20,68.9,2.1,SEMI-AUTO,DIESEL
3974,7,C Class,2016,17822,19682,20,64.2,2.1,SEMI-AUTO,DIESEL
3975,7,C Class,2016,17841,33532,30,64.2,2.1,SEMI-AUTO,DIESEL
3976,7,C Class,2016,17849,45557,30,61.4,2.1,SEMI-AUTO,DIESEL
3977,7,C Class,2016,17850,20296,20,64.2,2.1,AUTOMATIC,DIESEL
3978,7,C Class,2016,17850,38000,30,64.2,2.1,AUTOMATIC,DIESEL
3979,7,C Class,2016,17890,44184,125,50.4,2,AUTOMATIC,PETROL
3980,7,C Class,2016,17900,25522,125,51.4,2,AUTOMATIC,PETROL
3981,7,C Class,2016,17900,31000,145,49.6,2,AUTOMATIC,PETROL
3982,7,C Class,2016,17902,29607,30,64.2,1.6,SEMI-AUTO,DIESEL
3983,7,C Class,2016,17949,22000,30,64.2,2.1,AUTOMATIC,DIESEL
3984,7,C Class,2016,17950,20005,30,64.2,2.1,AUTOMATIC,DIESEL
3985,7,C Class,2016,17977,40000,30,64.2,1.6,AUTOMATIC,DIESEL
3986,7,C Class,2016,17979,31574,30,64.2,2.1,SEMI-AUTO,DIESEL
3987,7,C Class,2016,17979,47448,0,134.5,2,AUTOMATIC,HYBRID
3988,7,C Class,2016,17980,39025,125,51.4,2,SEMI-AUTO,PETROL
3989,7,C Class,2016,17990,30795,30,61.4,2.1,SEMI-AUTO,DIESEL
3990,7,C Class,2016,17990,51300,30,64.2,2.1,SEMI-AUTO,DIESEL
3991,7,C Class,2016,17990,57000,20,67.3,2.1,AUTOMATIC,DIESEL
3992,7,C Class,2016,17991,29446,160,44.8,2,AUTOMATIC,PETROL
3993,7,C Class,2016,17992,14160,20,64.2,2.1,SEMI-AUTO,DIESEL
3994,7,C Class,2016,17995,11000,30,65.7,1.6,AUTOMATIC,DIESEL
3995,7,C Class,2016,17995,33000,30,61.4,2.1,SEMI-AUTO,DIESEL
3996,7,C Class,2016,17998,6043,30,64.2,1.6,SEMI-AUTO,DIESEL
3997,7,C Class,2016,17998,26100,20,68.9,2.1,MANUAL,DIESEL
3998,7,C Class,2016,17998,32769,30,64.2,2.1,AUTOMATIC,DIESEL
3999,7,C Class,2016,17998,35721,30,64.2,2.1,SEMI-AUTO,DIESEL
4000,7,C Class,2016,17998,36587,0,134.5,2,SEMI-AUTO,HYBRID
4001,7,C Class,2016,17999,18246,125,51.4,2,SEMI-AUTO,PETROL
4002,7,C Class,2016,17999,21040,30,64.2,1.6,SEMI-AUTO,DIESEL
4003,7,C Class,2016,17999,25108,30,64.2,2.1,AUTOMATIC,DIESEL
4004,7,C Class,2016,17999,28984,30,64.2,2.1,SEMI-AUTO,DIESEL
4005,7,C Class,2016,17999,32475,30,64.2,2.1,AUTOMATIC,DIESEL
4006,7,C Class,2016,17999,42271,30,61.4,2.1,AUTOMATIC,DIESEL
4007,7,C Class,2016,17999,42569,30,61.4,2.1,AUTOMATIC,DIESEL
4008,7,C Class,2016,17999,43003,0,74.3,2.1,AUTOMATIC,HYBRID
4009,7,C Class,2016,18000,24857,30,62.8,2.1,SEMI-AUTO,DIESEL
4010,7,C Class,2016,18000,40267,0,134.5,2,AUTOMATIC,HYBRID
4011,7,C Class,2016,18099,17557,20,64.2,2.1,SEMI-AUTO,DIESEL
4012,7,C Class,2016,18108,41864,30,61.4,2.1,AUTOMATIC,DIESEL
4013,7,C Class,2016,18124,35999,125,50.4,2,SEMI-AUTO,PETROL
4014,7,C Class,2016,18124,45868,30,61.4,2.1,SEMI-AUTO,DIESEL
4015,7,C Class,2016,18149,7366,125,52.3,2,SEMI-AUTO,PETROL
4016,7,C Class,2016,18150,41356,30,61.4,2.1,SEMI-AUTO,DIESEL
4017,7,C Class,2016,18150,41356,30,61.4,2.1,SEMI-AUTO,DIESEL
4018,7,C Class,2016,18200,42000,20,68.9,2.1,AUTOMATIC,DIESEL
4019,7,C Class,2016,18211,16206,30,64.2,2.1,SEMI-AUTO,DIESEL
4020,7,C Class,2016,18232,33085,0,134.5,2,SEMI-AUTO,HYBRID
4021,7,C Class,2016,18238,44641,30,64.2,2.1,AUTOMATIC,DIESEL
4022,7,C Class,2016,18247,16975,0,134.5,2,AUTOMATIC,HYBRID
4023,7,C Class,2016,18249,36077,30,64.2,2.1,AUTOMATIC,DIESEL
4024,7,C Class,2016,18268,24227,30,64.2,2.1,AUTOMATIC,DIESEL
4025,7,C Class,2016,18280,36946,30,64.2,2.1,SEMI-AUTO,DIESEL
4026,7,C Class,2016,18291,26401,0,76.4,2.1,AUTOMATIC,HYBRID
4027,7,C Class,2016,18300,26239,20,64.2,2.1,AUTOMATIC,DIESEL
4028,7,C Class,2016,18300,34295,0,134.5,2,AUTOMATIC,HYBRID
4029,7,C Class,2016,18340,43650,30,65.7,2.1,MANUAL,DIESEL
4030,7,C Class,2016,18341,10581,30,64.2,1.6,SEMI-AUTO,DIESEL
4031,7,C Class,2016,18349,22000,30,64.2,2.1,SEMI-AUTO,DIESEL
4032,7,C Class,2016,18349,33456,30,64.2,2.1,SEMI-AUTO,DIESEL
4033,7,C Class,2016,18350,59625,30,64.2,2.1,SEMI-AUTO,DIESEL
4034,7,C Class,2016,18399,45250,30,64.2,2.1,AUTOMATIC,DIESEL
4035,7,C Class,2016,18400,23907,125,60.1,2.1,AUTOMATIC,DIESEL
4036,7,C Class,2016,18449,23077,30,64.2,2.1,SEMI-AUTO,DIESEL
4037,7,C Class,2016,18449,23077,30,64.2,2.1,SEMI-AUTO,DIESEL
4038,7,C Class,2016,18450,17050,30,64.2,2.1,AUTOMATIC,DIESEL
4039,7,C Class,2016,18480,14996,20,64.2,2.1,SEMI-AUTO,DIESEL
4040,7,C Class,2016,18480,25845,30,64.2,2.1,AUTOMATIC,DIESEL
4041,7,C Class,2016,18480,25996,30,64.2,2.1,SEMI-AUTO,DIESEL
4042,7,C Class,2016,18490,36688,30,64.2,1.6,SEMI-AUTO,DIESEL
4043,7,C Class,2016,18495,30000,0,74.3,2.1,SEMI-AUTO,HYBRID
4044,7,C Class,2016,18498,30490,0,134.5,2,SEMI-AUTO,HYBRID
4045,7,C Class,2016,18498,31891,0,134.5,2,SEMI-AUTO,HYBRID
4046,7,C Class,2016,18499,23953,30,64.2,2.1,AUTOMATIC,DIESEL
4047,7,C Class,2016,18499,28696,0,134.5,2,AUTOMATIC,HYBRID
4048,7,C Class,2016,18600,24836,30,64.2,1.6,AUTOMATIC,DIESEL
4049,7,C Class,2016,18600,29173,30,64.2,2.1,AUTOMATIC,DIESEL
4050,7,C Class,2016,18600,32897,125,60.1,2.1,AUTOMATIC,DIESEL
4051,7,C Class,2016,18699,38265,30,64.2,2.1,SEMI-AUTO,DIESEL
4052,7,C Class,2016,18700,33237,125,58.9,2.1,SEMI-AUTO,DIESEL
4053,7,C Class,2016,18745,26344,30,64.2,2.1,AUTOMATIC,DIESEL
4054,7,C Class,2016,18750,22557,30,62.8,2.1,SEMI-AUTO,DIESEL
4055,7,C Class,2016,18780,38436,0,134.5,2,SEMI-AUTO,HYBRID
4056,7,C Class,2016,18780,40197,0,134.5,2,SEMI-AUTO,HYBRID
4057,7,C Class,2016,18790,25250,0,134.5,2,SEMI-AUTO,HYBRID
4058,7,C Class,2016,18790,25441,0,134.5,2,SEMI-AUTO,HYBRID
4059,7,C Class,2016,18799,6900,125,52.3,2,SEMI-AUTO,PETROL
4060,7,C Class,2016,18799,20115,125,51.4,2,SEMI-AUTO,PETROL
4061,7,C Class,2016,18799,26428,30,64.2,2.1,SEMI-AUTO,DIESEL
4062,7,C Class,2016,18800,54000,30,65.7,2.1,AUTOMATIC,DIESEL
4063,7,C Class,2016,18833,17593,30,64.2,2.1,AUTOMATIC,DIESEL
4064,7,C Class,2016,18849,25199,30,62.8,2.1,SEMI-AUTO,DIESEL
4065,7,C Class,2016,18950,32720,30,64.2,2.1,AUTOMATIC,DIESEL
4066,7,C Class,2016,18980,25207,125,51.4,2,AUTOMATIC,PETROL
4067,7,C Class,2016,18990,23000,30,64.2,2.1,AUTOMATIC,DIESEL
4068,7,C Class,2016,18990,26413,20,64.2,2.1,SEMI-AUTO,DIESEL
4069,7,C Class,2016,18990,38000,30,65.7,2.1,AUTOMATIC,DIESEL
4070,7,C Class,2016,18995,9098,30,64.2,2.1,MANUAL,DIESEL
4071,7,C Class,2016,18995,38305,30,64.2,2.1,SEMI-AUTO,DIESEL
4072,7,C Class,2016,18998,26372,0,134.5,2,AUTOMATIC,HYBRID
4073,7,C Class,2016,18998,28388,30,64.2,1.6,SEMI-AUTO,DIESEL
4074,7,C Class,2016,18999,25334,125,51.4,2,AUTOMATIC,PETROL
4075,7,C Class,2016,18999,28500,20,64.2,2.1,SEMI-AUTO,DIESEL
4076,7,C Class,2016,19000,27574,30,64.2,2.1,AUTOMATIC,DIESEL
4077,7,C Class,2016,19000,28632,30,64.2,2.1,SEMI-AUTO,DIESEL
4078,7,C Class,2016,19000,32743,0,134.5,2,AUTOMATIC,HYBRID
4079,7,C Class,2016,19000,37956,0,134.5,2,SEMI-AUTO,HYBRID
4080,7,C Class,2016,19024,38974,20,64.2,2.1,SEMI-AUTO,DIESEL
4081,7,C Class,2016,19099,5690,30,64.2,2.1,SEMI-AUTO,DIESEL
4082,7,C Class,2016,19100,49335,20,67.3,2.1,AUTOMATIC,DIESEL
4083,7,C Class,2016,19170,35620,125,52.3,2,AUTOMATIC,PETROL
4084,7,C Class,2016,19290,17600,30,64.2,2.1,SEMI-AUTO,DIESEL
4085,7,C Class,2016,19298,27644,30,64.2,2.1,SEMI-AUTO,DIESEL
4086,7,C Class,2016,19300,18903,30,64.2,2.1,AUTOMATIC,DIESEL
4087,7,C Class,2016,19328,25042,30,64.2,2.1,AUTOMATIC,DIESEL
4088,7,C Class,2016,19349,33608,20,67.3,2.1,AUTOMATIC,DIESEL
4089,7,C Class,2016,19400,19292,30,64.2,2.1,AUTOMATIC,DIESEL
4090,7,C Class,2016,19440,29409,0,134.5,2,SEMI-AUTO,HYBRID
4091,7,C Class,2016,19450,17097,30,65.7,2.1,MANUAL,DIESEL
4092,7,C Class,2016,19490,26900,30,64.2,2.1,SEMI-AUTO,DIESEL
4093,7,C Class,2016,19498,22803,30,61.4,2.1,SEMI-AUTO,DIESEL
4094,7,C Class,2016,19498,24111,0,134.5,2,SEMI-AUTO,HYBRID
4095,7,C Class,2016,19498,24756,30,64.2,2.1,SEMI-AUTO,DIESEL
4096,7,C Class,2016,19499,26000,30,64.2,2.1,SEMI-AUTO,DIESEL
4097,7,C Class,2016,19499,40313,0,134.5,2,AUTOMATIC,HYBRID
4098,7,C Class,2016,19599,33197,125,58.9,2.1,AUTOMATIC,DIESEL
4099,7,C Class,2016,19599,38154,0,74.3,2.1,AUTOMATIC,HYBRID
4100,7,C Class,2016,19599,68770,0,74.3,2.1,SEMI-AUTO,HYBRID
4101,7,C Class,2016,19690,38087,20,67.3,2.1,SEMI-AUTO,DIESEL
4102,7,C Class,2016,19698,13115,0,134.5,2,SEMI-AUTO,HYBRID
4103,7,C Class,2016,19698,25107,0,134.5,2,AUTOMATIC,HYBRID
4104,7,C Class,2016,19698,41056,20,67.3,2.1,SEMI-AUTO,DIESEL
4105,7,C Class,2016,19699,30611,30,64.2,2.1,SEMI-AUTO,DIESEL
4106,7,C Class,2016,19750,25000,30,64.2,2.1,SEMI-AUTO,DIESEL
4107,7,C Class,2016,19750,31467,30,64.2,2.1,SEMI-AUTO,DIESEL
4108,7,C Class,2016,19750,36095,30,64.2,2.1,AUTOMATIC,DIESEL
4109,7,C Class,2016,19798,29643,125,60.1,2.1,SEMI-AUTO,DIESEL
4110,7,C Class,2016,19799,16225,145,49.6,2,MANUAL,PETROL
4111,7,C Class,2016,19799,17000,30,64.2,2.1,AUTOMATIC,DIESEL
4112,7,C Class,2016,19799,21086,30,64.2,2.1,SEMI-AUTO,DIESEL
4113,7,C Class,2016,19799,38500,125,52.3,2,SEMI-AUTO,PETROL
4114,7,C Class,2016,19900,3000,125,51.4,2,AUTOMATIC,PETROL
4115,7,C Class,2016,19900,59256,30,65.7,2.1,AUTOMATIC,DIESEL
4116,7,C Class,2016,19990,31090,125,61.4,2.1,AUTOMATIC,DIESEL
4117,7,C Class,2016,19990,35000,20,67.3,2.1,AUTOMATIC,DIESEL
4118,7,C Class,2016,19990,50000,30,65.7,2.1,AUTOMATIC,DIESEL
4119,7,C Class,2016,19991,35975,20,67.3,2.1,SEMI-AUTO,DIESEL
4120,7,C Class,2016,19995,17560,145,49.6,2,SEMI-AUTO,PETROL
4121,7,C Class,2016,19995,19488,30,64.2,2.1,SEMI-AUTO,DIESEL
4122,7,C Class,2016,19995,29000,125,60.1,2.1,AUTOMATIC,DIESEL
4123,7,C Class,2016,19998,34850,0,134.5,2,SEMI-AUTO,HYBRID
4124,7,C Class,2016,19998,40500,0,134.5,2,AUTOMATIC,HYBRID
4125,7,C Class,2016,19999,15000,125,58.9,2.1,SEMI-AUTO,DIESEL
4126,7,C Class,2016,19999,17807,125,51.4,2,SEMI-AUTO,PETROL
4127,7,C Class,2016,19999,19299,0,134.5,2,AUTOMATIC,HYBRID
4128,7,C Class,2016,19999,23905,30,64.2,2.1,AUTOMATIC,DIESEL
4129,7,C Class,2016,19999,24137,125,51.4,2,SEMI-AUTO,PETROL
4130,7,C Class,2016,19999,30497,0,134.5,2,AUTOMATIC,HYBRID
4131,7,C Class,2016,20000,21425,30,64.2,2.1,AUTOMATIC,DIESEL
4132,7,C Class,2016,20000,23676,0,134.5,2,AUTOMATIC,HYBRID
4133,7,C Class,2016,20092,25803,30,61.4,2.1,SEMI-AUTO,DIESEL
4134,7,C Class,2016,20100,16662,0,134.5,2,AUTOMATIC,HYBRID
4135,7,C Class,2016,20105,14965,30,64.2,2.1,AUTOMATIC,DIESEL
4136,7,C Class,2016,20191,47651,30,65.7,2.1,AUTOMATIC,DIESEL
4137,7,C Class,2016,20199,34400,20,67.3,2.1,SEMI-AUTO,DIESEL
4138,7,C Class,2016,20199,34400,20,67.3,2.1,SEMI-AUTO,DIESEL
4139,7,C Class,2016,20200,16957,160,44.8,2,AUTOMATIC,PETROL
4140,7,C Class,2016,20299,6605,125,51.4,2,SEMI-AUTO,PETROL
4141,7,C Class,2016,20299,35207,20,67.3,2.1,SEMI-AUTO,DIESEL
4142,7,C Class,2016,20365,21430,145,49.6,2,SEMI-AUTO,PETROL
4143,7,C Class,2016,20399,15000,30,64.2,2.1,SEMI-AUTO,DIESEL
4144,7,C Class,2016,20444,24357,30,64.2,2.1,AUTOMATIC,DIESEL
4145,7,C Class,2016,20449,11017,30,64.2,2.1,SEMI-AUTO,DIESEL
4146,7,C Class,2016,20480,20169,30,64.2,2.1,SEMI-AUTO,DIESEL
4147,7,C Class,2016,20490,10542,125,51.4,2,SEMI-AUTO,PETROL
4148,7,C Class,2016,20498,27968,125,60.1,2.1,SEMI-AUTO,DIESEL
4149,7,C Class,2016,20500,16801,20,67.3,2.1,AUTOMATIC,DIESEL
4150,7,C Class,2016,20500,17410,30,61.4,2.1,SEMI-AUTO,DIESEL
4151,7,C Class,2016,20500,25113,30,64.2,2.1,AUTOMATIC,DIESEL
4152,7,C Class,2016,20503,80612,200,42.8,2,AUTOMATIC,PETROL
4153,7,C Class,2016,20700,27890,20,67.3,2.1,SEMI-AUTO,DIESEL
4154,7,C Class,2016,20780,31246,20,68.9,2.1,SEMI-AUTO,DIESEL
4155,7,C Class,2016,20890,25726,20,68.9,2.1,SEMI-AUTO,DIESEL
4156,7,C Class,2016,20895,35999,125,60.1,2.1,SEMI-AUTO,DIESEL
4157,7,C Class,2016,20900,21466,30,61.4,2.1,AUTOMATIC,DIESEL
4158,7,C Class,2016,20990,14704,150,49.6,2,SEMI-AUTO,PETROL
4159,7,C Class,2016,20990,20972,30,64.2,2.1,SEMI-AUTO,DIESEL
4160,7,C Class,2016,20990,23000,30,64.2,2.1,AUTOMATIC,DIESEL
4161,7,C Class,2016,20990,36051,30,65.7,2.1,SEMI-AUTO,DIESEL
4162,7,C Class,2016,20991,26205,125,58.9,2.1,SEMI-AUTO,DIESEL
4163,7,C Class,2016,20995,14909,30,64.2,2.1,SEMI-AUTO,DIESEL
4164,7,C Class,2016,20995,19805,20,67.3,2.1,AUTOMATIC,DIESEL
4165,7,C Class,2016,20998,23429,0,122.8,2,SEMI-AUTO,HYBRID
4166,7,C Class,2016,21000,21547,125,60.1,2.1,AUTOMATIC,DIESEL
4167,7,C Class,2016,21000,22156,30,64.2,2.1,SEMI-AUTO,DIESEL
4168,7,C Class,2016,21000,32442,150,49.6,2,AUTOMATIC,PETROL
4169,7,C Class,2016,21099,9272,20,67.3,2.1,SEMI-AUTO,DIESEL
4170,7,C Class,2016,21099,9272,20,67.3,2.1,SEMI-AUTO,DIESEL
4171,7,C Class,2016,21133,46080,30,65.7,2.1,SEMI-AUTO,DIESEL
4172,7,C Class,2016,21299,12249,150,49.6,2,SEMI-AUTO,PETROL
4173,7,C Class,2016,21400,17268,125,60.1,2.1,AUTOMATIC,DIESEL
4174,7,C Class,2016,21440,26600,20,67.3,2.1,SEMI-AUTO,DIESEL
4175,7,C Class,2016,21495,16723,125,60.1,2.1,SEMI-AUTO,DIESEL
4176,7,C Class,2016,21499,26741,30,65.7,2.1,AUTOMATIC,DIESEL
4177,7,C Class,2016,21500,37188,20,67.3,2.1,SEMI-AUTO,DIESEL
4178,7,C Class,2016,21502,17109,30,64.2,2.1,SEMI-AUTO,DIESEL
4179,7,C Class,2016,21505,16703,125,61.4,2.1,AUTOMATIC,DIESEL
4180,7,C Class,2016,21600,33028,30,65.7,2.1,SEMI-AUTO,DIESEL
4181,7,C Class,2016,21698,15804,0,134.5,2,SEMI-AUTO,HYBRID
4182,7,C Class,2016,21750,15664,125,51.4,2,AUTOMATIC,PETROL
4183,7,C Class,2016,21870,7576,20,67.3,2.1,SEMI-AUTO,DIESEL
4184,7,C Class,2016,21895,20651,20,67.3,2.1,SEMI-AUTO,DIESEL
4185,7,C Class,2016,21900,48448,125,61.4,2.1,AUTOMATIC,DIESEL
4186,7,C Class,2016,21990,35000,0,74.3,2.1,AUTOMATIC,HYBRID
4187,7,C Class,2016,21991,26483,125,60.1,2.1,SEMI-AUTO,DIESEL
4188,7,C Class,2016,21991,32924,20,67.3,2.1,SEMI-AUTO,DIESEL
4189,7,C Class,2016,21995,13457,30,64.2,2.1,SEMI-AUTO,DIESEL
4190,7,C Class,2016,21995,18998,150,49.6,2,SEMI-AUTO,PETROL
4191,7,C Class,2016,21999,20801,30,64.2,2.1,SEMI-AUTO,DIESEL
4192,7,C Class,2016,22480,18724,20,67.3,2.1,SEMI-AUTO,DIESEL
4193,7,C Class,2016,22491,26630,20,67.3,2.1,SEMI-AUTO,DIESEL
4194,7,C Class,2016,22495,25399,20,68.9,2.1,SEMI-AUTO,DIESEL
4195,7,C Class,2016,22549,30385,30,65.7,2.1,AUTOMATIC,DIESEL
4196,7,C Class,2016,22624,10271,145,49.6,2,SEMI-AUTO,PETROL
4197,7,C Class,2016,22680,28535,125,61.4,2.1,SEMI-AUTO,DIESEL
4198,7,C Class,2016,22765,25178,30,65.7,2.1,AUTOMATIC,DIESEL
4199,7,C Class,2016,22790,9600,145,49.6,2,SEMI-AUTO,PETROL
4200,7,C Class,2016,22795,26160,30,65.7,2.1,AUTOMATIC,DIESEL
4201,7,C Class,2016,22890,20077,20,67.3,2.1,SEMI-AUTO,DIESEL
4202,7,C Class,2016,22900,33821,30,65.7,2.1,AUTOMATIC,DIESEL
4203,7,C Class,2016,22990,18000,20,67.3,2.1,AUTOMATIC,DIESEL
4204,7,C Class,2016,22991,9443,125,51.4,2,SEMI-AUTO,PETROL
4205,7,C Class,2016,22995,30012,20,67.3,2.1,SEMI-AUTO,DIESEL
4206,7,C Class,2016,22998,23090,30,65.7,2.1,SEMI-AUTO,DIESEL
4207,7,C Class,2016,22999,26673,20,67.3,2.1,SEMI-AUTO,DIESEL
4208,7,C Class,2016,23060,27830,125,61.4,2.1,SEMI-AUTO,DIESEL
4209,7,C Class,2016,23299,24735,30,65.7,2.1,AUTOMATIC,DIESEL
4210,7,C Class,2016,23920,18865,30,65.7,2.1,AUTOMATIC,DIESEL
4211,7,C Class,2016,23950,25925,145,54.3,2.1,AUTOMATIC,DIESEL
4212,7,C Class,2016,23950,25925,145,54.3,2.1,AUTOMATIC,DIESEL
4213,7,C Class,2016,23991,27500,200,42.8,2,AUTOMATIC,PETROL
4214,7,C Class,2016,23999,10000,30,65.7,2.1,SEMI-AUTO,DIESEL
4215,7,C Class,2016,24749,21118,125,61.4,2.1,AUTOMATIC,DIESEL
4216,7,C Class,2016,24799,30385,30,65.7,2.1,AUTOMATIC,DIESEL
4217,7,C Class,2016,24890,25002,30,65.7,2.1,SEMI-AUTO,DIESEL
4218,7,C Class,2016,24950,17635,20,67.3,2.1,SEMI-AUTO,DIESEL
4219,7,C Class,2016,25290,23274,160,44.1,2,AUTOMATIC,PETROL
4220,7,C Class,2016,25499,9458,160,43.5,2,SEMI-AUTO,PETROL
4221,7,C Class,2016,25532,15129,160,44.1,2,AUTOMATIC,PETROL
4222,7,C Class,2016,25932,24420,160,43.5,2,SEMI-AUTO,PETROL
4223,7,C Class,2016,26495,22456,260,35.8,3,SEMI-AUTO,PETROL
4224,7,C Class,2016,27444,36815,260,35.8,3,AUTOMATIC,PETROL
4225,7,C Class,2016,27498,37941,260,35.8,3,SEMI-AUTO,PETROL
4226,7,C Class,2016,28890,35550,260,35.8,3,AUTOMATIC,PETROL
4227,7,C Class,2016,29189,20000,260,36.2,3,SEMI-AUTO,PETROL
4228,7,C Class,2016,29780,26057,260,35.8,3,SEMI-AUTO,PETROL
4229,7,C Class,2016,29995,33977,260,35.3,3,SEMI-AUTO,PETROL
4230,7,C Class,2016,29995,64291,305,34.5,4,SEMI-AUTO,PETROL
4231,7,C Class,2016,30480,51218,300,34.5,4,SEMI-AUTO,PETROL
4232,7,C Class,2016,30500,18648,300,34,3,AUTOMATIC,PETROL
4233,7,C Class,2016,31342,34587,260,35.3,3,AUTOMATIC,PETROL
4234,7,C Class,2016,31495,28968,300,34,3,AUTOMATIC,PETROL
4235,7,C Class,2016,31649,29810,300,34.5,4,SEMI-AUTO,PETROL
4236,7,C Class,2016,31945,34765,260,35.3,3,AUTOMATIC,PETROL
4237,7,C Class,2016,31995,11891,260,36.2,3,AUTOMATIC,PETROL
4238,7,C Class,2016,32890,23485,300,34,3,AUTOMATIC,PETROL
4239,7,C Class,2016,32980,18389,300,34,3,AUTOMATIC,PETROL
4240,7,C Class,2016,33500,25000,300,34,3,AUTOMATIC,PETROL
4241,7,C Class,2016,34380,15554,260,35.3,3,SEMI-AUTO,PETROL
4242,7,C Class,2016,35991,18900,300,34.5,4,AUTOMATIC,PETROL
4243,7,C Class,2016,35995,31719,300,34.5,4,AUTOMATIC,PETROL
4244,7,C Class,2016,36399,27416,300,34.5,4,SEMI-AUTO,PETROL
4245,7,C Class,2016,36399,27416,305,34.5,4,SEMI-AUTO,PETROL
4246,7,C Class,2016,36950,18000,305,34.5,4,AUTOMATIC,PETROL
4247,7,C Class,2016,36981,20500,305,34.5,4,SEMI-AUTO,PETROL
4248,7,C Class,2016,38349,22000,300,34.5,4,SEMI-AUTO,PETROL
4249,7,C Class,2016,40999,19500,300,32.8,4,SEMI-AUTO,PETROL
4250,7,C Class,2017,13100,22716,125,53.3,2,MANUAL,PETROL
4251,7,C Class,2017,13392,102000,30,64.2,2.1,AUTOMATIC,DIESEL
4252,7,C Class,2017,13499,23001,125,53.3,2,MANUAL,PETROL
4253,7,C Class,2017,13587,61305,150,65.7,1.6,SEMI-AUTO,DIESEL
4254,7,C Class,2017,13610,32783,125,53.3,2,MANUAL,PETROL
4255,7,C Class,2017,13700,43020,20,65.7,2.1,AUTOMATIC,DIESEL
4256,7,C Class,2017,13800,34015,145,70.6,2.1,MANUAL,DIESEL
4257,7,C Class,2017,13800,50369,20,65.7,2.1,AUTOMATIC,DIESEL
4258,7,C Class,2017,13900,20524,145,53.3,2,MANUAL,PETROL
4259,7,C Class,2017,13900,47608,20,68.9,2.1,MANUAL,DIESEL
4260,7,C Class,2017,13980,21300,150,53.3,2,MANUAL,PETROL
4261,7,C Class,2017,14200,53528,20,65.7,2.1,AUTOMATIC,DIESEL
4262,7,C Class,2017,14307,25820,125,53.3,2,MANUAL,PETROL
4263,7,C Class,2017,14307,25820,125,53.3,2,MANUAL,PETROL
4264,7,C Class,2017,14399,18862,145,53.3,2,MANUAL,PETROL
4265,7,C Class,2017,14420,33273,20,65.7,2.1,MANUAL,DIESEL
4266,7,C Class,2017,14488,66472,30,64.2,2.1,AUTOMATIC,DIESEL
4267,7,C Class,2017,14500,31559,30,65.7,2.1,AUTOMATIC,DIESEL
4268,7,C Class,2017,14500,48280,30,65.7,1.6,AUTOMATIC,DIESEL
4269,7,C Class,2017,14549,38085,20,65.7,2.1,SEMI-AUTO,DIESEL
4270,7,C Class,2017,14645,42104,20,65.7,2.1,AUTOMATIC,DIESEL
4271,7,C Class,2017,14670,51406,150,64.2,2.1,AUTOMATIC,DIESEL
4272,7,C Class,2017,14680,32910,20,70.6,2.1,MANUAL,DIESEL
4273,7,C Class,2017,14690,41814,30,65.7,1.6,MANUAL,DIESEL
4274,7,C Class,2017,14698,59038,20,70.6,2.1,MANUAL,DIESEL
4275,7,C Class,2017,14700,31357,150,70.6,1.6,MANUAL,DIESEL
4276,7,C Class,2017,14702,52207,145,53.3,2,MANUAL,PETROL
4277,7,C Class,2017,14749,46526,20,70.6,1.6,MANUAL,DIESEL
4278,7,C Class,2017,14899,31475,20,65.7,2.1,SEMI-AUTO,DIESEL
4279,7,C Class,2017,14900,27287,125,53.3,2,AUTOMATIC,PETROL
4280,7,C Class,2017,14965,40623,30,64.2,1.6,SEMI-AUTO,DIESEL
4281,7,C Class,2017,14980,45034,20,68.9,2.1,MANUAL,DIESEL
4282,7,C Class,2017,14990,27424,145,65.7,2.1,SEMI-AUTO,DIESEL
4283,7,C Class,2017,14990,41647,20,65.7,2.1,MANUAL,DIESEL
4284,7,C Class,2017,14990,76982,0,134.5,2,SEMI-AUTO,HYBRID
4285,7,C Class,2017,14995,48054,145,64.2,2.1,AUTOMATIC,DIESEL
4286,7,C Class,2017,14999,35600,145,50.4,2,SEMI-AUTO,PETROL
4287,7,C Class,2017,14999,40272,145,65.7,2.1,AUTOMATIC,DIESEL
4288,7,C Class,2017,14999,47106,20,70.6,1.6,MANUAL,DIESEL
4289,7,C Class,2017,15000,30528,125,53.3,2,MANUAL,PETROL
4290,7,C Class,2017,15000,54700,0,78.5,2.1,AUTOMATIC,HYBRID
4291,7,C Class,2017,15250,45431,145,64.2,2.1,SEMI-AUTO,DIESEL
4292,7,C Class,2017,15267,25820,125,53.3,2,MANUAL,PETROL
4293,7,C Class,2017,15280,27832,145,72.4,1.6,MANUAL,DIESEL
4294,7,C Class,2017,15311,31371,20,65.7,2.1,AUTOMATIC,DIESEL
4295,7,C Class,2017,15450,36368,20,65.7,2.1,SEMI-AUTO,DIESEL
4296,7,C Class,2017,15495,31070,125,51.4,2,MANUAL,PETROL
4297,7,C Class,2017,15499,22040,20,65.7,2.1,SEMI-AUTO,DIESEL
4298,7,C Class,2017,15600,62498,145,60.1,2.1,AUTOMATIC,DIESEL
4299,7,C Class,2017,15652,20418,20,65.7,2.1,AUTOMATIC,DIESEL
4300,7,C Class,2017,15690,35488,20,65.7,2.1,SEMI-AUTO,DIESEL
4301,7,C Class,2017,15699,15252,145,53.3,2,MANUAL,PETROL
4302,7,C Class,2017,15699,33569,125,53.3,2,AUTOMATIC,PETROL
4303,7,C Class,2017,15700,19023,145,65.7,2.1,AUTOMATIC,DIESEL
4304,7,C Class,2017,15700,40285,145,64.2,2.1,AUTOMATIC,DIESEL
4305,7,C Class,2017,15872,30000,125,53.3,2,MANUAL,PETROL
4306,7,C Class,2017,15980,34691,20,68.9,2.1,MANUAL,DIESEL
4307,7,C Class,2017,15980,34692,20,68.9,2.1,MANUAL,DIESEL
4308,7,C Class,2017,15990,38051,20,64.2,2.1,SEMI-AUTO,DIESEL
4309,7,C Class,2017,15990,49000,145,61.4,2.1,AUTOMATIC,DIESEL
4310,7,C Class,2017,15990,53000,145,64.2,2.1,AUTOMATIC,DIESEL
4311,7,C Class,2017,15995,29489,20,65.7,2.1,AUTOMATIC,DIESEL
4312,7,C Class,2017,15998,24162,30,65.7,1.6,MANUAL,DIESEL
4313,7,C Class,2017,15999,24518,145,65.7,2.1,AUTOMATIC,DIESEL
4314,7,C Class,2017,15999,34301,20,65.7,2.1,SEMI-AUTO,DIESEL
4315,7,C Class,2017,16000,54011,0,134.5,2,AUTOMATIC,OTHER
4316,7,C Class,2017,16000,72400,145,60.1,2.1,AUTOMATIC,DIESEL
4317,7,C Class,2017,16092,48000,20,65.7,2.1,SEMI-AUTO,DIESEL
4318,7,C Class,2017,16189,16946,125,53.3,2,MANUAL,PETROL
4319,7,C Class,2017,16202,67665,145,64.2,2.1,AUTOMATIC,DIESEL
4320,7,C Class,2017,16210,32632,145,64.2,2.1,SEMI-AUTO,DIESEL
4321,7,C Class,2017,16267,27040,145,64.2,2.1,AUTOMATIC,DIESEL
4322,7,C Class,2017,16299,30612,145,64.2,2.1,AUTOMATIC,DIESEL
4323,7,C Class,2017,16350,14893,30,64.2,1.6,SEMI-AUTO,DIESEL
4324,7,C Class,2017,16400,31681,145,64.2,2.1,AUTOMATIC,DIESEL
4325,7,C Class,2017,16402,22214,125,53.3,2,AUTOMATIC,PETROL
4326,7,C Class,2017,16442,58687,145,64.2,2.1,AUTOMATIC,DIESEL
4327,7,C Class,2017,16450,29219,145,64.2,2.1,AUTOMATIC,DIESEL
4328,7,C Class,2017,16481,43678,20,65.7,2.1,SEMI-AUTO,DIESEL
4329,7,C Class,2017,16489,62480,30,60.1,2.1,AUTOMATIC,DIESEL
4330,7,C Class,2017,16490,17000,20,65.7,2.1,SEMI-AUTO,DIESEL
4331,7,C Class,2017,16491,32434,150,64.2,2.1,SEMI-AUTO,DIESEL
4332,7,C Class,2017,16495,25656,30,65.7,1.6,SEMI-AUTO,DIESEL
4333,7,C Class,2017,16495,30807,30,64.2,2.1,SEMI-AUTO,DIESEL
4334,7,C Class,2017,16495,34270,30,64.2,1.6,SEMI-AUTO,DIESEL
4335,7,C Class,2017,16498,20764,150,58.9,2.1,AUTOMATIC,DIESEL
4336,7,C Class,2017,16499,21985,20,70.6,1.6,MANUAL,DIESEL
4337,7,C Class,2017,16499,30536,150,50.4,2,SEMI-AUTO,PETROL
4338,7,C Class,2017,16500,9793,145,52.3,2,MANUAL,PETROL
4339,7,C Class,2017,16500,14077,145,64.2,2.1,SEMI-AUTO,DIESEL
4340,7,C Class,2017,16500,41272,150,60.1,2.1,AUTOMATIC,DIESEL
4341,7,C Class,2017,16500,47489,150,64.2,2.1,AUTOMATIC,DIESEL
4342,7,C Class,2017,16500,75000,30,64.2,1.6,AUTOMATIC,DIESEL
4343,7,C Class,2017,16595,29814,20,65.7,2.1,AUTOMATIC,DIESEL
4344,7,C Class,2017,16600,27447,30,64.2,2.1,AUTOMATIC,DIESEL
4345,7,C Class,2017,16600,45277,30,61.4,2.1,AUTOMATIC,DIESEL
4346,7,C Class,2017,16679,24425,145,64.2,2.1,AUTOMATIC,DIESEL
4347,7,C Class,2017,16690,30199,30,64.2,2.1,SEMI-AUTO,DIESEL
4348,7,C Class,2017,16700,32912,30,61.4,2.1,AUTOMATIC,DIESEL
4349,7,C Class,2017,16750,20000,145,65.7,2.1,SEMI-AUTO,DIESEL
4350,7,C Class,2017,16750,33000,20,64.2,2.1,AUTOMATIC,DIESEL
4351,7,C Class,2017,16798,37158,20,64.2,2.1,AUTOMATIC,DIESEL
4352,7,C Class,2017,16799,20850,30,65.7,1.6,AUTOMATIC,DIESEL
4353,7,C Class,2017,16800,35180,30,64.2,2.1,AUTOMATIC,DIESEL
4354,7,C Class,2017,16860,33964,30,64.2,2.1,SEMI-AUTO,DIESEL
4355,7,C Class,2017,16900,37004,30,61.4,2.1,AUTOMATIC,DIESEL
4356,7,C Class,2017,16911,32390,150,65.7,1.6,SEMI-AUTO,DIESEL
4357,7,C Class,2017,16922,52519,30,64.2,1.6,SEMI-AUTO,DIESEL
4358,7,C Class,2017,16950,22000,20,65.7,2.1,AUTOMATIC,DIESEL
4359,7,C Class,2017,16958,49243,30,61.4,2.1,AUTOMATIC,DIESEL
4360,7,C Class,2017,16991,29907,145,64.2,2.1,SEMI-AUTO,DIESEL
4361,7,C Class,2017,16991,41603,30,64.2,2.1,SEMI-AUTO,DIESEL
4362,7,C Class,2017,16995,19372,145,64.2,1.6,SEMI-AUTO,DIESEL
4363,7,C Class,2017,16995,24844,30,65.7,1.6,SEMI-AUTO,DIESEL
4364,7,C Class,2017,16995,30256,145,64.2,2.1,SEMI-AUTO,DIESEL
4365,7,C Class,2017,16995,33219,145,64.2,2.1,AUTOMATIC,DIESEL
4366,7,C Class,2017,16998,26281,30,65.7,1.6,SEMI-AUTO,DIESEL
4367,7,C Class,2017,16999,12146,20,70.6,1.6,MANUAL,DIESEL
4368,7,C Class,2017,16999,33368,145,64.2,2.1,AUTOMATIC,DIESEL
4369,7,C Class,2017,17000,23400,145,64.2,2.1,SEMI-AUTO,DIESEL
4370,7,C Class,2017,17000,29905,145,61.4,2.1,AUTOMATIC,DIESEL
4371,7,C Class,2017,17000,39777,150,64.2,2.1,AUTOMATIC,DIESEL
4372,7,C Class,2017,17099,15465,145,65.7,2.1,SEMI-AUTO,DIESEL
4373,7,C Class,2017,17100,21388,30,64.2,2.1,AUTOMATIC,DIESEL
4374,7,C Class,2017,17127,45624,145,61.4,2.1,SEMI-AUTO,DIESEL
4375,7,C Class,2017,17200,20876,30,64.2,2.1,AUTOMATIC,DIESEL
4376,7,C Class,2017,17230,33538,145,41.5,2,SEMI-AUTO,PETROL
4377,7,C Class,2017,17249,27814,125,51.4,2,AUTOMATIC,PETROL
4378,7,C Class,2017,17280,42294,145,64.2,2.1,SEMI-AUTO,DIESEL
4379,7,C Class,2017,17282,27107,145,64.2,2.1,SEMI-AUTO,DIESEL
4380,7,C Class,2017,17300,17980,20,65.7,2.1,AUTOMATIC,DIESEL
4381,7,C Class,2017,17300,27420,145,65.7,1.6,SEMI-AUTO,DIESEL
4382,7,C Class,2017,17313,14364,125,53.3,2,AUTOMATIC,PETROL
4383,7,C Class,2017,17330,22684,145,64.2,2.1,SEMI-AUTO,DIESEL
4384,7,C Class,2017,17395,25917,20,64.2,2.1,AUTOMATIC,DIESEL
4385,7,C Class,2017,17400,24653,30,61.4,2.1,AUTOMATIC,DIESEL
4386,7,C Class,2017,17400,30744,145,61.4,2.1,AUTOMATIC,DIESEL
4387,7,C Class,2017,17400,41677,30,64.2,2.1,AUTOMATIC,DIESEL
4388,7,C Class,2017,17400,52897,0,134.5,2,AUTOMATIC,OTHER
4389,7,C Class,2017,17480,11906,20,65.7,2.1,SEMI-AUTO,DIESEL
4390,7,C Class,2017,17480,38546,30,62.8,2.1,SEMI-AUTO,DIESEL
4391,7,C Class,2017,17480,47019,0,134.5,2,AUTOMATIC,HYBRID
4392,7,C Class,2017,17488,29645,125,52.3,2,AUTOMATIC,PETROL
4393,7,C Class,2017,17490,20000,145,64.2,2.1,AUTOMATIC,DIESEL
4394,7,C Class,2017,17490,31000,145,61.4,2.1,AUTOMATIC,DIESEL
4395,7,C Class,2017,17490,35576,145,64.2,2.1,SEMI-AUTO,DIESEL
4396,7,C Class,2017,17490,37484,145,64.2,2.1,AUTOMATIC,DIESEL
4397,7,C Class,2017,17495,25149,145,51.4,2,SEMI-AUTO,PETROL
4398,7,C Class,2017,17499,28609,135,134.5,2,AUTOMATIC,HYBRID
4399,7,C Class,2017,17499,35652,135,134.5,2,AUTOMATIC,HYBRID
4400,7,C Class,2017,17500,30297,30,64.2,2.1,AUTOMATIC,DIESEL
4401,7,C Class,2017,17500,34476,30,64.2,1.6,AUTOMATIC,DIESEL
4402,7,C Class,2017,17599,21516,20,64.2,2.1,SEMI-AUTO,DIESEL
4403,7,C Class,2017,17599,41107,30,64.2,2.1,SEMI-AUTO,DIESEL
4404,7,C Class,2017,17599,50212,145,61.4,1.6,AUTOMATIC,DIESEL
4405,7,C Class,2017,17600,21841,30,60.1,2.1,AUTOMATIC,DIESEL
4406,7,C Class,2017,17681,16607,145,51.4,2,SEMI-AUTO,PETROL
4407,7,C Class,2017,17750,15500,20,65.7,2.1,AUTOMATIC,DIESEL
4408,7,C Class,2017,17789,63019,125,61.4,2.1,SEMI-AUTO,DIESEL
4409,7,C Class,2017,17791,20392,150,64.2,2.1,SEMI-AUTO,DIESEL
4410,7,C Class,2017,17795,37778,150,64.2,2.1,AUTOMATIC,DIESEL
4411,7,C Class,2017,17800,28042,145,50.4,2,AUTOMATIC,PETROL
4412,7,C Class,2017,17800,29831,145,61.4,2.1,AUTOMATIC,DIESEL
4413,7,C Class,2017,17850,40202,145,60.1,2.1,SEMI-AUTO,DIESEL
4414,7,C Class,2017,17875,44325,30,64.2,2.1,AUTOMATIC,DIESEL
4415,7,C Class,2017,17890,26514,145,61.4,2.1,SEMI-AUTO,DIESEL
4416,7,C Class,2017,17890,36000,150,50.4,2,AUTOMATIC,PETROL
4417,7,C Class,2017,17890,45437,0,134.5,2,AUTOMATIC,HYBRID
4418,7,C Class,2017,17900,19828,145,50.4,2,AUTOMATIC,PETROL
4419,7,C Class,2017,17900,33265,30,61.4,2.1,AUTOMATIC,DIESEL
4420,7,C Class,2017,17973,69791,0,74.3,2.1,SEMI-AUTO,HYBRID
4421,7,C Class,2017,17980,32259,30,64.2,2.1,SEMI-AUTO,DIESEL
4422,7,C Class,2017,17981,13881,145,64.2,2.1,SEMI-AUTO,DIESEL
4423,7,C Class,2017,17990,19627,145,50.4,2,SEMI-AUTO,PETROL
4424,7,C Class,2017,17990,26000,145,60.1,2.1,AUTOMATIC,DIESEL
4425,7,C Class,2017,17990,37000,30,64.2,2.1,AUTOMATIC,DIESEL
4426,7,C Class,2017,17998,16291,145,50.4,2,SEMI-AUTO,PETROL
4427,7,C Class,2017,17998,22349,145,50.4,2,SEMI-AUTO,PETROL
4428,7,C Class,2017,17998,59858,145,64.2,2.1,SEMI-AUTO,DIESEL
4429,7,C Class,2017,17999,29000,145,64.2,2.1,SEMI-AUTO,DIESEL
4430,7,C Class,2017,17999,37564,0,134.5,2,SEMI-AUTO,HYBRID
4431,7,C Class,2017,17999,49859,135,78.5,2.1,AUTOMATIC,HYBRID
4432,7,C Class,2017,18000,16747,145,60.1,2.1,AUTOMATIC,DIESEL
4433,7,C Class,2017,18000,32408,30,61.4,2.1,AUTOMATIC,DIESEL
4434,7,C Class,2017,18049,41005,30,61.4,2.1,SEMI-AUTO,DIESEL
4435,7,C Class,2017,18115,20846,145,50.4,2,SEMI-AUTO,PETROL
4436,7,C Class,2017,18200,25296,30,61.4,2.1,SEMI-AUTO,DIESEL
4437,7,C Class,2017,18231,20185,145,50.4,2,SEMI-AUTO,PETROL
4438,7,C Class,2017,18240,44118,0,134.5,2,SEMI-AUTO,HYBRID
4439,7,C Class,2017,18250,26036,150,64.2,2.1,AUTOMATIC,DIESEL
4440,7,C Class,2017,18258,51304,150,60.1,2.1,SEMI-AUTO,DIESEL
4441,7,C Class,2017,18270,49783,30,64.2,2.1,SEMI-AUTO,DIESEL
4442,7,C Class,2017,18299,8552,145,50.4,2,SEMI-AUTO,PETROL
4443,7,C Class,2017,18299,35431,30,61.4,2.1,SEMI-AUTO,DIESEL
4444,7,C Class,2017,18299,36152,145,50.4,2,SEMI-AUTO,PETROL
4445,7,C Class,2017,18339,49000,30,61.4,2.1,AUTOMATIC,DIESEL
4446,7,C Class,2017,18340,38609,30,64.2,2.1,SEMI-AUTO,DIESEL
4447,7,C Class,2017,18350,42000,30,64.2,2.1,SEMI-AUTO,DIESEL
4448,7,C Class,2017,18358,39413,125,58.9,2.1,AUTOMATIC,DIESEL
4449,7,C Class,2017,18372,26508,145,50.4,2,SEMI-AUTO,PETROL
4450,7,C Class,2017,18399,22167,135,134.5,2,AUTOMATIC,HYBRID
4451,7,C Class,2017,18399,23393,145,64.2,2.1,SEMI-AUTO,DIESEL
4452,7,C Class,2017,18400,31530,30,64.2,2.1,AUTOMATIC,DIESEL
4453,7,C Class,2017,18433,34278,145,61.4,2.1,SEMI-AUTO,DIESEL
4454,7,C Class,2017,18480,33105,145,64.2,2.1,SEMI-AUTO,DIESEL
4455,7,C Class,2017,18481,20179,145,61.4,2.1,AUTOMATIC,DIESEL
4456,7,C Class,2017,18490,8060,150,50.4,2,AUTOMATIC,PETROL
4457,7,C Class,2017,18490,25584,145,50.4,2,SEMI-AUTO,PETROL
4458,7,C Class,2017,18490,46430,150,61.4,2.1,SEMI-AUTO,DIESEL
4459,7,C Class,2017,18491,18390,145,50.4,2,SEMI-AUTO,PETROL
4460,7,C Class,2017,18495,18758,150,50.4,2,SEMI-AUTO,PETROL
4461,7,C Class,2017,18495,22994,145,48.7,2,SEMI-AUTO,PETROL
4462,7,C Class,2017,18495,29979,145,50.4,2,SEMI-AUTO,PETROL
4463,7,C Class,2017,18495,41857,145,61.4,2.1,SEMI-AUTO,DIESEL
4464,7,C Class,2017,18498,20618,30,64.2,2.1,SEMI-AUTO,DIESEL
4465,7,C Class,2017,18498,26179,145,60.1,2.1,SEMI-AUTO,DIESEL
4466,7,C Class,2017,18498,42100,0,134.5,2,SEMI-AUTO,HYBRID
4467,7,C Class,2017,18498,48404,0,134.5,2,SEMI-AUTO,HYBRID
4468,7,C Class,2017,18499,28480,30,64.2,1.6,SEMI-AUTO,DIESEL
4469,7,C Class,2017,18500,29689,30,61.4,2.1,AUTOMATIC,DIESEL
4470,7,C Class,2017,18500,36831,145,61.4,2.1,AUTOMATIC,DIESEL
4471,7,C Class,2017,18500,38082,150,61.4,2.1,AUTOMATIC,DIESEL
4472,7,C Class,2017,18510,27573,30,64.2,2.1,SEMI-AUTO,DIESEL
4473,7,C Class,2017,18660,23257,145,61.4,2.1,SEMI-AUTO,DIESEL
4474,7,C Class,2017,18691,48618,30,64.2,2.1,AUTOMATIC,DIESEL
4475,7,C Class,2017,18728,23683,125,51.4,2,AUTOMATIC,PETROL
4476,7,C Class,2017,18750,30000,150,65.7,1.6,SEMI-AUTO,DIESEL
4477,7,C Class,2017,18795,37756,30,60.1,2.1,SEMI-AUTO,DIESEL
4478,7,C Class,2017,18795,46294,20,67.3,2.1,AUTOMATIC,DIESEL
4479,7,C Class,2017,18799,17274,30,64.2,2.1,SEMI-AUTO,DIESEL
4480,7,C Class,2017,18801,14812,145,64.2,1.6,SEMI-AUTO,DIESEL
4481,7,C Class,2017,18830,42437,0,134.5,2,SEMI-AUTO,HYBRID
4482,7,C Class,2017,18865,15021,145,64.2,2.1,AUTOMATIC,DIESEL
4483,7,C Class,2017,18890,25066,145,64.2,2.1,SEMI-AUTO,DIESEL
4484,7,C Class,2017,18896,16323,145,61.4,2.1,SEMI-AUTO,DIESEL
4485,7,C Class,2017,18899,27560,20,64.2,2.1,SEMI-AUTO,DIESEL
4486,7,C Class,2017,18900,31674,145,47.9,2,AUTOMATIC,PETROL
4487,7,C Class,2017,18900,58304,30,64.2,2.1,AUTOMATIC,DIESEL
4488,7,C Class,2017,18970,19858,145,64.2,1.6,AUTOMATIC,DIESEL
4489,7,C Class,2017,18975,42721,30,64.2,2.1,AUTOMATIC,DIESEL
4490,7,C Class,2017,18979,27384,30,64.2,2.1,SEMI-AUTO,DIESEL
4491,7,C Class,2017,18980,23589,30,64.2,2.1,SEMI-AUTO,DIESEL
4492,7,C Class,2017,18981,25688,145,64.2,2.1,SEMI-AUTO,DIESEL
4493,7,C Class,2017,18990,37730,150,64.2,2.1,SEMI-AUTO,DIESEL
4494,7,C Class,2017,18990,41935,30,64.2,2.1,SEMI-AUTO,DIESEL
4495,7,C Class,2017,18991,34682,30,61.4,2.1,AUTOMATIC,DIESEL
4496,7,C Class,2017,18995,11800,145,61.4,2.1,AUTOMATIC,DIESEL
4497,7,C Class,2017,18995,40400,0,134.5,2,SEMI-AUTO,HYBRID
4498,7,C Class,2017,18995,54000,150,48.7,2,AUTOMATIC,PETROL
4499,7,C Class,2017,18998,20949,145,61.4,2.1,AUTOMATIC,DIESEL
4500,7,C Class,2017,18998,23760,30,64.2,2.1,SEMI-AUTO,DIESEL
4501,7,C Class,2017,18998,23771,145,64.2,2.1,SEMI-AUTO,DIESEL
4502,7,C Class,2017,18998,26866,30,64.2,2.1,SEMI-AUTO,DIESEL
4503,7,C Class,2017,18998,27493,0,78.5,2.1,SEMI-AUTO,HYBRID
4504,7,C Class,2017,18998,28808,145,61.4,2.1,SEMI-AUTO,DIESEL
4505,7,C Class,2017,18998,42986,145,61.4,2.1,AUTOMATIC,DIESEL
4506,7,C Class,2017,18999,9198,145,50.4,2,SEMI-AUTO,PETROL
4507,7,C Class,2017,18999,21459,145,64.2,2.1,SEMI-AUTO,DIESEL
4508,7,C Class,2017,18999,23555,145,61.4,2.1,AUTOMATIC,DIESEL
4509,7,C Class,2017,18999,23637,145,64.2,2.1,AUTOMATIC,DIESEL
4510,7,C Class,2017,18999,31727,145,64.2,2.1,SEMI-AUTO,DIESEL
4511,7,C Class,2017,18999,35649,30,61.4,2.1,AUTOMATIC,DIESEL
4512,7,C Class,2017,18999,38000,0,134.5,2,AUTOMATIC,HYBRID
4513,7,C Class,2017,19000,17329,20,68.9,2.1,SEMI-AUTO,DIESEL
4514,7,C Class,2017,19000,20070,145,64.2,2.1,SEMI-AUTO,DIESEL
4515,7,C Class,2017,19000,20070,145,64.2,2.1,SEMI-AUTO,DIESEL
4516,7,C Class,2017,19000,21657,145,64.2,2.1,SEMI-AUTO,DIESEL
4517,7,C Class,2017,19000,24798,20,68.9,2.1,AUTOMATIC,DIESEL
4518,7,C Class,2017,19000,31176,0,134.5,2,AUTOMATIC,HYBRID
4519,7,C Class,2017,19000,33891,30,61.4,2.1,AUTOMATIC,DIESEL
4520,7,C Class,2017,19000,38440,20,67.3,2.1,AUTOMATIC,DIESEL
4521,7,C Class,2017,19099,22260,145,61.4,2.1,SEMI-AUTO,DIESEL
4522,7,C Class,2017,19124,46938,125,58.9,2.1,SEMI-AUTO,DIESEL
4523,7,C Class,2017,19199,8306,145,50.4,2,SEMI-AUTO,PETROL
4524,7,C Class,2017,19199,25639,30,64.2,2.1,SEMI-AUTO,DIESEL
4525,7,C Class,2017,19199,45960,0,134.5,2,AUTOMATIC,HYBRID
4526,7,C Class,2017,19200,29695,30,64.2,2.1,AUTOMATIC,DIESEL
4527,7,C Class,2017,19240,33022,30,64.2,2.1,SEMI-AUTO,DIESEL
4528,7,C Class,2017,19250,23523,125,60.1,2.1,SEMI-AUTO,DIESEL
4529,7,C Class,2017,19250,30796,0,134.5,2,SEMI-AUTO,HYBRID
4530,7,C Class,2017,19280,43855,145,61.4,2.1,SEMI-AUTO,DIESEL
4531,7,C Class,2017,19290,17601,150,49.6,2,AUTOMATIC,PETROL
4532,7,C Class,2017,19299,30577,30,64.2,2.1,SEMI-AUTO,DIESEL
4533,7,C Class,2017,19347,21032,135,134.5,2,AUTOMATIC,HYBRID
4534,7,C Class,2017,19350,35707,30,61.4,2.1,SEMI-AUTO,DIESEL
4535,7,C Class,2017,19399,20408,145,64.2,2.1,AUTOMATIC,DIESEL
4536,7,C Class,2017,19399,47053,125,60.1,2.1,AUTOMATIC,DIESEL
4537,7,C Class,2017,19465,35599,145,47.9,2,AUTOMATIC,PETROL
4538,7,C Class,2017,19480,16419,30,64.2,2.1,SEMI-AUTO,DIESEL
4539,7,C Class,2017,19490,31326,125,60.1,2.1,SEMI-AUTO,DIESEL
4540,7,C Class,2017,19495,17257,145,50.4,2,SEMI-AUTO,PETROL
4541,7,C Class,2017,19495,23136,30,64.2,2.1,SEMI-AUTO,DIESEL
4542,7,C Class,2017,19498,22424,30,60.1,2.1,SEMI-AUTO,DIESEL
4543,7,C Class,2017,19498,27236,30,64.2,2.1,AUTOMATIC,DIESEL
4544,7,C Class,2017,19498,46889,0,134.5,2,SEMI-AUTO,HYBRID
4545,7,C Class,2017,19499,25241,145,64.2,2.1,SEMI-AUTO,DIESEL
4546,7,C Class,2017,19500,42157,145,67.3,2.1,AUTOMATIC,DIESEL
4547,7,C Class,2017,19502,37293,145,49.6,2,SEMI-AUTO,PETROL
4548,7,C Class,2017,19545,32000,30,61.4,2.1,SEMI-AUTO,DIESEL
4549,7,C Class,2017,19600,39480,30,65.7,2.1,MANUAL,DIESEL
4550,7,C Class,2017,19680,16852,30,64.2,2.1,SEMI-AUTO,DIESEL
4551,7,C Class,2017,19700,29516,125,58.9,2.1,AUTOMATIC,DIESEL
4552,7,C Class,2017,19700,49365,30,65.7,2.1,MANUAL,DIESEL
4553,7,C Class,2017,19743,16509,145,61.4,2.1,AUTOMATIC,DIESEL
4554,7,C Class,2017,19750,27959,150,41.5,2,SEMI-AUTO,PETROL
4555,7,C Class,2017,19762,36047,145,61.4,2.1,AUTOMATIC,DIESEL
4556,7,C Class,2017,19795,21000,30,64.2,2.1,SEMI-AUTO,DIESEL
4557,7,C Class,2017,19798,19877,0,134.5,2,SEMI-AUTO,HYBRID
4558,7,C Class,2017,19890,26878,150,48.7,2,AUTOMATIC,PETROL
4559,7,C Class,2017,19890,30281,150,60.1,2.1,AUTOMATIC,DIESEL
4560,7,C Class,2017,19891,77706,20,67.3,2.1,SEMI-AUTO,DIESEL
4561,7,C Class,2017,19895,8142,30,60.1,2.1,SEMI-AUTO,DIESEL
4562,7,C Class,2017,19900,13659,145,50.4,2,AUTOMATIC,PETROL
4563,7,C Class,2017,19900,40000,145,64.2,2.1,AUTOMATIC,DIESEL
4564,7,C Class,2017,19945,16425,145,64.2,1.6,SEMI-AUTO,DIESEL
4565,7,C Class,2017,19950,23000,145,61.4,2.1,AUTOMATIC,DIESEL
4566,7,C Class,2017,19950,30000,150,48.7,2,AUTOMATIC,PETROL
4567,7,C Class,2017,19971,28735,145,58.9,2.1,SEMI-AUTO,DIESEL
4568,7,C Class,2017,19980,16624,145,64.2,2.1,SEMI-AUTO,DIESEL
4569,7,C Class,2017,19980,22422,145,61.4,2.1,SEMI-AUTO,DIESEL
4570,7,C Class,2017,19980,26000,150,49.6,2,MANUAL,PETROL
4571,7,C Class,2017,19980,29198,30,64.2,2.1,SEMI-AUTO,DIESEL
4572,7,C Class,2017,19980,38515,30,64.2,2.1,SEMI-AUTO,DIESEL
4573,7,C Class,2017,19980,46295,30,64.2,2.1,AUTOMATIC,DIESEL
4574,7,C Class,2017,19991,20843,145,48.7,2,AUTOMATIC,PETROL
4575,7,C Class,2017,19995,36814,145,48.7,2,SEMI-AUTO,PETROL
4576,7,C Class,2017,19995,43000,125,61.4,2.1,SEMI-AUTO,DIESEL
4577,7,C Class,2017,19998,23690,125,58.9,2.1,SEMI-AUTO,DIESEL
4578,7,C Class,2017,19999,9453,145,64.2,2.1,SEMI-AUTO,DIESEL
4579,7,C Class,2017,19999,27829,30,64.2,2.1,SEMI-AUTO,DIESEL
4580,7,C Class,2017,19999,47000,145,61.4,2.1,SEMI-AUTO,DIESEL
4581,7,C Class,2017,20000,10500,145,62.8,2.1,MANUAL,DIESEL
4582,7,C Class,2017,20000,28831,145,65.7,2.1,MANUAL,DIESEL
4583,7,C Class,2017,20000,30128,20,68.9,2.1,AUTOMATIC,DIESEL
4584,7,C Class,2017,20000,39268,150,58.9,2.1,AUTOMATIC,DIESEL
4585,7,C Class,2017,20022,35214,30,64.2,2.1,SEMI-AUTO,DIESEL
4586,7,C Class,2017,20091,24991,150,61.4,2.1,SEMI-AUTO,DIESEL
4587,7,C Class,2017,20099,28408,30,60.1,2.1,SEMI-AUTO,DIESEL
4588,7,C Class,2017,20100,24348,20,67.3,2.1,AUTOMATIC,DIESEL
4589,7,C Class,2017,20200,16087,135,76.4,2.1,AUTOMATIC,HYBRID
4590,7,C Class,2017,20200,21462,145,61.4,2.1,SEMI-AUTO,DIESEL
4591,7,C Class,2017,20200,25449,145,67.3,2.1,AUTOMATIC,DIESEL
4592,7,C Class,2017,20249,22011,145,61.4,2.1,AUTOMATIC,DIESEL
4593,7,C Class,2017,20300,21650,30,64.2,2.1,AUTOMATIC,DIESEL
4594,7,C Class,2017,20340,34611,30,64.2,2.1,SEMI-AUTO,DIESEL
4595,7,C Class,2017,20349,10745,30,64.2,2.1,SEMI-AUTO,DIESEL
4596,7,C Class,2017,20480,12283,145,64.2,2.1,SEMI-AUTO,DIESEL
4597,7,C Class,2017,20480,30053,0,134.5,2,AUTOMATIC,HYBRID
4598,7,C Class,2017,20490,50232,20,67.3,2.1,SEMI-AUTO,DIESEL
4599,7,C Class,2017,20491,27993,30,61.4,2.1,SEMI-AUTO,DIESEL
4600,7,C Class,2017,20495,12505,125,60.1,2.1,SEMI-AUTO,DIESEL
4601,7,C Class,2017,20495,13400,125,51.4,2,SEMI-AUTO,PETROL
4602,7,C Class,2017,20498,5630,145,64.2,1.6,SEMI-AUTO,DIESEL
4603,7,C Class,2017,20499,12040,135,134.5,2,AUTOMATIC,HYBRID
4604,7,C Class,2017,20499,24000,30,61.4,2.1,SEMI-AUTO,DIESEL
4605,7,C Class,2017,20500,24624,150,60.1,2.1,AUTOMATIC,DIESEL
4606,7,C Class,2017,20500,40782,145,58.9,2.1,SEMI-AUTO,DIESEL
4607,7,C Class,2017,20591,21023,30,64.2,2.1,SEMI-AUTO,DIESEL
4608,7,C Class,2017,20599,17324,145,58.9,2.1,AUTOMATIC,DIESEL
4609,7,C Class,2017,20600,29543,145,60.1,2.1,SEMI-AUTO,DIESEL
4610,7,C Class,2017,20612,27526,30,64.2,2.1,SEMI-AUTO,DIESEL
4611,7,C Class,2017,20623,37013,125,58.9,2.1,AUTOMATIC,DIESEL
4612,7,C Class,2017,20672,22842,30,62.8,2.1,SEMI-AUTO,DIESEL
4613,7,C Class,2017,20699,38000,150,58.9,2.1,AUTOMATIC,DIESEL
4614,7,C Class,2017,20700,18346,150,61.4,2.1,SEMI-AUTO,DIESEL
4615,7,C Class,2017,20700,23434,150,48.7,2,AUTOMATIC,PETROL
4616,7,C Class,2017,20790,22485,0,74.3,2.1,SEMI-AUTO,HYBRID
4617,7,C Class,2017,20799,40355,160,44.1,2,AUTOMATIC,PETROL
4618,7,C Class,2017,20871,37194,145,65.7,2.1,SEMI-AUTO,DIESEL
4619,7,C Class,2017,20880,19752,145,48.7,2,AUTOMATIC,PETROL
4620,7,C Class,2017,20889,25599,30,61.4,2.1,AUTOMATIC,DIESEL
4621,7,C Class,2017,20900,34408,145,47.1,2,AUTOMATIC,PETROL
4622,7,C Class,2017,20981,7693,145,53.3,2,MANUAL,PETROL
4623,7,C Class,2017,20988,15072,30,64.2,1.6,AUTOMATIC,DIESEL
4624,7,C Class,2017,20988,30728,145,47.1,2,AUTOMATIC,PETROL
4625,7,C Class,2017,20990,15088,30,61.4,2.1,SEMI-AUTO,DIESEL
4626,7,C Class,2017,20990,18000,145,58.9,2.1,AUTOMATIC,DIESEL
4627,7,C Class,2017,20990,18000,145,58.9,2.1,AUTOMATIC,DIESEL
4628,7,C Class,2017,20990,19733,150,48.7,2,SEMI-AUTO,PETROL
4629,7,C Class,2017,20990,20000,145,60.1,2.1,AUTOMATIC,DIESEL
4630,7,C Class,2017,20990,26675,145,58.9,2.1,SEMI-AUTO,DIESEL
4631,7,C Class,2017,20990,29000,145,58.9,2.1,AUTOMATIC,DIESEL
4632,7,C Class,2017,20990,30447,150,61.4,2.1,SEMI-AUTO,DIESEL
4633,7,C Class,2017,20995,14800,125,58.9,2.1,SEMI-AUTO,DIESEL
4634,7,C Class,2017,20995,19750,125,58.9,2.1,SEMI-AUTO,DIESEL
4635,7,C Class,2017,20995,32664,145,40.9,2,AUTOMATIC,PETROL
4636,7,C Class,2017,20995,33000,145,58.9,2.1,SEMI-AUTO,DIESEL
4637,7,C Class,2017,20998,16902,145,60.1,2.1,SEMI-AUTO,DIESEL
4638,7,C Class,2017,20998,42036,20,67.3,2.1,SEMI-AUTO,DIESEL
4639,7,C Class,2017,20999,5338,135,134.5,2,AUTOMATIC,HYBRID
4640,7,C Class,2017,20999,18888,135,134.5,2,AUTOMATIC,HYBRID
4641,7,C Class,2017,21000,19566,145,61.4,2.1,SEMI-AUTO,DIESEL
4642,7,C Class,2017,21000,25000,140,134.5,2,AUTOMATIC,HYBRID
4643,7,C Class,2017,21000,31715,20,67.3,2.1,AUTOMATIC,DIESEL
4644,7,C Class,2017,21011,18955,30,61.4,2.1,SEMI-AUTO,DIESEL
4645,7,C Class,2017,21111,24900,30,61.4,2.1,SEMI-AUTO,DIESEL
4646,7,C Class,2017,21115,31538,145,67.3,2.1,SEMI-AUTO,DIESEL
4647,7,C Class,2017,21124,28023,30,61.4,2.1,SEMI-AUTO,DIESEL
4648,7,C Class,2017,21190,14044,150,61.4,2.1,SEMI-AUTO,DIESEL
4649,7,C Class,2017,21220,32228,125,58.9,2.1,SEMI-AUTO,DIESEL
4650,7,C Class,2017,21291,10398,145,41.5,2,AUTOMATIC,PETROL
4651,7,C Class,2017,21295,36135,30,65.7,2.1,SEMI-AUTO,DIESEL
4652,7,C Class,2017,21362,16093,145,64.2,2.1,SEMI-AUTO,DIESEL
4653,7,C Class,2017,21399,26213,30,65.7,2.1,AUTOMATIC,DIESEL
4654,7,C Class,2017,21400,26000,145,61.4,2.1,AUTOMATIC,DIESEL
4655,7,C Class,2017,21400,54500,30,65.7,2.1,AUTOMATIC,DIESEL
4656,7,C Class,2017,21440,13096,145,61.4,2.1,SEMI-AUTO,DIESEL
4657,7,C Class,2017,21449,35782,125,60.1,2.1,SEMI-AUTO,DIESEL
4658,7,C Class,2017,21481,39769,150,58.9,2.1,SEMI-AUTO,DIESEL
4659,7,C Class,2017,21489,19878,145,67.3,2.1,AUTOMATIC,DIESEL
4660,7,C Class,2017,21490,54000,150,67.3,2.1,SEMI-AUTO,DIESEL
4661,7,C Class,2017,21491,21980,145,58.9,2.1,AUTOMATIC,DIESEL
4662,7,C Class,2017,21495,17442,145,58.9,2.1,SEMI-AUTO,DIESEL
4663,7,C Class,2017,21498,20981,30,64.2,2.1,SEMI-AUTO,DIESEL
4664,7,C Class,2017,21498,26145,30,61.4,2.1,AUTOMATIC,DIESEL
4665,7,C Class,2017,21499,11136,145,61.4,2.1,AUTOMATIC,DIESEL
4666,7,C Class,2017,21499,14750,145,48.7,2,SEMI-AUTO,PETROL
4667,7,C Class,2017,21500,9238,150,48.7,2,SEMI-AUTO,PETROL
4668,7,C Class,2017,21535,21149,145,65.7,2.1,AUTOMATIC,DIESEL
4669,7,C Class,2017,21544,16900,30,64.2,2.1,AUTOMATIC,DIESEL
4670,7,C Class,2017,21565,39447,145,47.1,2,AUTOMATIC,PETROL
4671,7,C Class,2017,21595,12648,145,67.3,2.1,SEMI-AUTO,DIESEL
4672,7,C Class,2017,21630,21994,145,67.3,2.1,AUTOMATIC,DIESEL
4673,7,C Class,2017,21650,33943,145,47.1,2,AUTOMATIC,PETROL
4674,7,C Class,2017,21697,28272,145,47.1,2,SEMI-AUTO,PETROL
4675,7,C Class,2017,21700,23114,145,60.1,2.1,SEMI-AUTO,DIESEL
4676,7,C Class,2017,21750,16750,125,58.9,2.1,AUTOMATIC,DIESEL
4677,7,C Class,2017,21770,32790,20,67.3,2.1,SEMI-AUTO,DIESEL
4678,7,C Class,2017,21900,23665,145,61.4,2.1,AUTOMATIC,DIESEL
4679,7,C Class,2017,21950,25270,135,74.3,2.1,SEMI-AUTO,HYBRID
4680,7,C Class,2017,21958,14105,145,61.4,2.1,SEMI-AUTO,DIESEL
4681,7,C Class,2017,21980,41539,30,65.7,2.1,AUTOMATIC,DIESEL
4682,7,C Class,2017,21991,19953,145,67.3,2.1,SEMI-AUTO,DIESEL
4683,7,C Class,2017,21991,20249,30,64.2,2.1,SEMI-AUTO,DIESEL
4684,7,C Class,2017,21995,17413,145,58.9,2.1,AUTOMATIC,DIESEL
4685,7,C Class,2017,21998,11986,150,48.7,2,SEMI-AUTO,PETROL
4686,7,C Class,2017,21998,15935,145,61.4,2.1,SEMI-AUTO,DIESEL
4687,7,C Class,2017,21998,19242,145,67.3,2.1,AUTOMATIC,DIESEL
4688,7,C Class,2017,21998,30633,30,61.4,2.1,AUTOMATIC,DIESEL
4689,7,C Class,2017,21999,10288,150,47.9,2,SEMI-AUTO,PETROL
4690,7,C Class,2017,21999,14709,145,48.7,2,AUTOMATIC,PETROL
4691,7,C Class,2017,22000,46512,145,65.7,2.1,SEMI-AUTO,DIESEL
4692,7,C Class,2017,22052,13567,30,64.2,2.1,AUTOMATIC,DIESEL
4693,7,C Class,2017,22124,28848,145,52.3,2,SEMI-AUTO,PETROL
4694,7,C Class,2017,22170,19155,145,67.3,2.1,SEMI-AUTO,DIESEL
4695,7,C Class,2017,22260,27637,30,64.2,2.1,SEMI-AUTO,DIESEL
4696,7,C Class,2017,22280,25023,145,65.7,2.1,AUTOMATIC,DIESEL
4697,7,C Class,2017,22290,34587,30,65.7,2.1,AUTOMATIC,DIESEL
4698,7,C Class,2017,22395,26853,20,67.3,2.1,SEMI-AUTO,DIESEL
4699,7,C Class,2017,22399,19906,160,43.5,2,SEMI-AUTO,PETROL
4700,7,C Class,2017,22400,25000,150,47.1,2,AUTOMATIC,PETROL
4701,7,C Class,2017,22440,32629,20,67.3,2.1,SEMI-AUTO,DIESEL
4702,7,C Class,2017,22449,44998,30,65.7,2.1,SEMI-AUTO,DIESEL
4703,7,C Class,2017,22479,30200,145,67.3,2.1,SEMI-AUTO,DIESEL
4704,7,C Class,2017,22480,19560,30,64.2,2.1,SEMI-AUTO,DIESEL
4705,7,C Class,2017,22489,33412,145,47.1,2,AUTOMATIC,PETROL
4706,7,C Class,2017,22495,12028,145,58.9,2.1,AUTOMATIC,DIESEL
4707,7,C Class,2017,22495,13919,145,61.4,2.1,SEMI-AUTO,DIESEL
4708,7,C Class,2017,22495,19779,145,67.3,2.1,AUTOMATIC,DIESEL
4709,7,C Class,2017,22498,20491,135,74.3,2.1,SEMI-AUTO,HYBRID
4710,7,C Class,2017,22498,22888,20,67.3,2.1,SEMI-AUTO,DIESEL
4711,7,C Class,2017,22499,14000,30,64.2,2.1,SEMI-AUTO,DIESEL
4712,7,C Class,2017,22532,20150,145,47.1,2,SEMI-AUTO,PETROL
4713,7,C Class,2017,22590,41131,30,65.7,2.1,SEMI-AUTO,DIESEL
4714,7,C Class,2017,22597,23366,145,65.7,2.1,SEMI-AUTO,DIESEL
4715,7,C Class,2017,22649,42165,30,65.7,2.1,SEMI-AUTO,DIESEL
4716,7,C Class,2017,22720,14161,145,67.3,2.1,AUTOMATIC,DIESEL
4717,7,C Class,2017,22767,30676,150,67.3,2.1,AUTOMATIC,DIESEL
4718,7,C Class,2017,22792,11163,145,48.7,2,SEMI-AUTO,PETROL
4719,7,C Class,2017,22799,11304,145,58.9,2.1,SEMI-AUTO,DIESEL
4720,7,C Class,2017,22852,21750,145,67.3,2.1,SEMI-AUTO,DIESEL
4721,7,C Class,2017,22899,17800,145,67.3,2.1,SEMI-AUTO,DIESEL
4722,7,C Class,2017,22900,15384,145,47.1,2,AUTOMATIC,PETROL
4723,7,C Class,2017,22950,9000,150,58.9,2.1,AUTOMATIC,DIESEL
4724,7,C Class,2017,22950,19000,150,47.1,2,AUTOMATIC,PETROL
4725,7,C Class,2017,22960,21225,20,67.3,2.1,SEMI-AUTO,DIESEL
4726,7,C Class,2017,22980,22894,145,47.1,2,SEMI-AUTO,PETROL
4727,7,C Class,2017,22980,26844,150,58.9,2.1,AUTOMATIC,DIESEL
4728,7,C Class,2017,22980,29909,125,60.1,2.1,SEMI-AUTO,DIESEL
4729,7,C Class,2017,22990,15527,145,67.3,2.1,SEMI-AUTO,DIESEL
4730,7,C Class,2017,22995,20000,150,67.3,2.1,SEMI-AUTO,DIESEL
4731,7,C Class,2017,22995,20362,145,65.7,2.1,AUTOMATIC,DIESEL
4732,7,C Class,2017,22995,21590,145,47.1,2,SEMI-AUTO,PETROL
4733,7,C Class,2017,22995,38471,145,67.3,2.1,SEMI-AUTO,DIESEL
4734,7,C Class,2017,22999,12000,145,48.7,2,SEMI-AUTO,PETROL
4735,7,C Class,2017,22999,26935,20,67.3,2.1,SEMI-AUTO,DIESEL
4736,7,C Class,2017,23000,17125,145,47.1,2,SEMI-AUTO,PETROL
4737,7,C Class,2017,23000,19000,145,47.1,2,SEMI-AUTO,PETROL
4738,7,C Class,2017,23047,8143,145,65.7,2.1,SEMI-AUTO,DIESEL
4739,7,C Class,2017,23056,23378,145,65.7,2.1,AUTOMATIC,DIESEL
4740,7,C Class,2017,23111,24698,145,47.1,2,SEMI-AUTO,PETROL
4741,7,C Class,2017,23124,22811,145,47.1,2,AUTOMATIC,PETROL
4742,7,C Class,2017,23149,7900,30,65.7,2.1,SEMI-AUTO,DIESEL
4743,7,C Class,2017,23290,23183,145,58.9,2.1,AUTOMATIC,DIESEL
4744,7,C Class,2017,23295,25876,125,58.9,2.1,AUTOMATIC,DIESEL
4745,7,C Class,2017,23332,13944,125,60.1,2.1,SEMI-AUTO,DIESEL
4746,7,C Class,2017,23400,35270,30,65.7,2.1,SEMI-AUTO,DIESEL
4747,7,C Class,2017,23401,11457,145,47.1,2,SEMI-AUTO,PETROL
4748,7,C Class,2017,23415,6955,30,64.2,2.1,SEMI-AUTO,DIESEL
4749,7,C Class,2017,23450,18199,125,61.4,2.1,AUTOMATIC,DIESEL
4750,7,C Class,2017,23495,23033,30,65.7,2.1,SEMI-AUTO,DIESEL
4751,7,C Class,2017,23500,17000,145,67.3,2.1,SEMI-AUTO,DIESEL
4752,7,C Class,2017,23649,19758,145,47.1,2,SEMI-AUTO,PETROL
4753,7,C Class,2017,23649,19758,150,47.1,2,SEMI-AUTO,PETROL
4754,7,C Class,2017,23671,12477,150,58.9,2.1,AUTOMATIC,DIESEL
4755,7,C Class,2017,23699,7978,20,67.3,2.1,SEMI-AUTO,DIESEL
4756,7,C Class,2017,23700,19832,125,61.4,2.1,AUTOMATIC,DIESEL
4757,7,C Class,2017,23749,12000,145,61.4,2.1,SEMI-AUTO,DIESEL
4758,7,C Class,2017,23791,17263,30,65.7,2.1,SEMI-AUTO,DIESEL
4759,7,C Class,2017,23800,13800,30,65.7,2.1,AUTOMATIC,DIESEL
4760,7,C Class,2017,23890,23479,145,42.2,2,SEMI-AUTO,PETROL
4761,7,C Class,2017,23899,20604,145,65.7,2.1,SEMI-AUTO,DIESEL
4762,7,C Class,2017,23942,30124,160,43.5,2,AUTOMATIC,PETROL
4763,7,C Class,2017,23952,20142,145,58.9,2.1,AUTOMATIC,DIESEL
4764,7,C Class,2017,23965,22919,145,47.1,2,AUTOMATIC,PETROL
4765,7,C Class,2017,23966,29540,205,40.9,2,AUTOMATIC,PETROL
4766,7,C Class,2017,23980,13973,145,54.3,2.1,AUTOMATIC,DIESEL
4767,7,C Class,2017,23981,55381,150,61.4,2.1,SEMI-AUTO,DIESEL
4768,7,C Class,2017,23990,19784,145,42.2,2,SEMI-AUTO,PETROL
4769,7,C Class,2017,23990,29000,145,43.5,2,SEMI-AUTO,PETROL
4770,7,C Class,2017,23995,14120,20,67.3,2.1,SEMI-AUTO,DIESEL
4771,7,C Class,2017,23995,14952,145,42.2,2,AUTOMATIC,PETROL
4772,7,C Class,2017,23995,32800,30,65.7,2.1,SEMI-AUTO,DIESEL
4773,7,C Class,2017,23995,33867,150,58.9,2.1,AUTOMATIC,DIESEL
4774,7,C Class,2017,23998,14462,20,67.3,2.1,SEMI-AUTO,DIESEL
4775,7,C Class,2017,23999,21212,150,67.3,2.1,SEMI-AUTO,DIESEL
4776,7,C Class,2017,23999,21212,145,67.3,2.1,SEMI-AUTO,DIESEL
4777,7,C Class,2017,23999,32688,200,40.9,2,AUTOMATIC,PETROL
4778,7,C Class,2017,24000,17030,125,58.9,2.1,AUTOMATIC,DIESEL
4779,7,C Class,2017,24000,24035,165,43.5,2,SEMI-AUTO,PETROL
4780,7,C Class,2017,24124,35062,125,61.4,2.1,AUTOMATIC,DIESEL
4781,7,C Class,2017,24132,12586,145,58.9,2.1,SEMI-AUTO,DIESEL
4782,7,C Class,2017,24202,20698,145,67.3,2.1,AUTOMATIC,DIESEL
4783,7,C Class,2017,24280,14161,145,58.9,2.1,AUTOMATIC,DIESEL
4784,7,C Class,2017,24289,13716,30,65.7,2.1,SEMI-AUTO,DIESEL
4785,7,C Class,2017,24352,8884,20,67.3,2.1,AUTOMATIC,DIESEL
4786,7,C Class,2017,24360,14346,145,65.7,2.1,SEMI-AUTO,DIESEL
4787,7,C Class,2017,24480,19402,145,44.1,2,AUTOMATIC,PETROL
4788,7,C Class,2017,24481,25003,165,44.1,2,AUTOMATIC,PETROL
4789,7,C Class,2017,24495,14200,150,58.9,2.1,AUTOMATIC,DIESEL
4790,7,C Class,2017,24498,21650,150,54.3,2.1,AUTOMATIC,DIESEL
4791,7,C Class,2017,24499,19169,150,67.3,2.1,SEMI-AUTO,DIESEL
4792,7,C Class,2017,24499,19169,150,67.3,2.1,SEMI-AUTO,DIESEL
4793,7,C Class,2017,24502,22079,145,67.3,2.1,SEMI-AUTO,DIESEL
4794,7,C Class,2017,24660,9873,20,67.3,2.1,SEMI-AUTO,DIESEL
4795,7,C Class,2017,24698,28631,150,67.3,2.1,SEMI-AUTO,DIESEL
4796,7,C Class,2017,24699,19000,145,43.5,2,SEMI-AUTO,PETROL
4797,7,C Class,2017,24735,22369,145,61.4,2.1,SEMI-AUTO,DIESEL
4798,7,C Class,2017,24750,14776,145,44.1,2,AUTOMATIC,PETROL
4799,7,C Class,2017,24880,14843,145,54.3,2.1,AUTOMATIC,DIESEL
4800,7,C Class,2017,24900,21000,30,65.7,2.1,AUTOMATIC,DIESEL
4801,7,C Class,2017,24948,10597,145,65.7,2.1,AUTOMATIC,DIESEL
4802,7,C Class,2017,24980,18941,145,58.9,2.1,AUTOMATIC,DIESEL
4803,7,C Class,2017,24990,6668,145,58.9,2.1,AUTOMATIC,DIESEL
4804,7,C Class,2017,24995,14000,145,47.1,2,AUTOMATIC,PETROL
4805,7,C Class,2017,24995,19500,150,58.9,2.1,AUTOMATIC,DIESEL
4806,7,C Class,2017,24998,15754,145,67.3,2.1,SEMI-AUTO,DIESEL
4807,7,C Class,2017,24998,20118,160,43.5,2,AUTOMATIC,PETROL
4808,7,C Class,2017,24998,28234,160,43.5,2,SEMI-AUTO,PETROL
4809,7,C Class,2017,24999,21210,145,65.7,2.1,SEMI-AUTO,DIESEL
4810,7,C Class,2017,25000,9507,145,47.1,2,AUTOMATIC,PETROL
4811,7,C Class,2017,25092,22700,145,54.3,2.1,AUTOMATIC,DIESEL
4812,7,C Class,2017,25172,30525,145,44.1,2,AUTOMATIC,PETROL
4813,7,C Class,2017,25232,15104,145,58.9,2.1,AUTOMATIC,DIESEL
4814,7,C Class,2017,25248,24003,200,40.9,2,AUTOMATIC,PETROL
4815,7,C Class,2017,25402,16212,145,42.2,2,SEMI-AUTO,PETROL
4816,7,C Class,2017,25490,9714,30,65.7,2.1,SEMI-AUTO,DIESEL
4817,7,C Class,2017,25494,20380,30,65.7,2.1,SEMI-AUTO,DIESEL
4818,7,C Class,2017,25498,6067,145,67.3,2.1,AUTOMATIC,DIESEL
4819,7,C Class,2017,25599,13000,145,42.2,2,SEMI-AUTO,PETROL
4820,7,C Class,2017,25599,17500,145,42.2,2,SEMI-AUTO,PETROL
4821,7,C Class,2017,25798,9676,145,65.7,2.1,SEMI-AUTO,DIESEL
4822,7,C Class,2017,25824,16496,30,65.7,2.1,SEMI-AUTO,DIESEL
4823,7,C Class,2017,25900,15808,30,65.7,2.1,AUTOMATIC,DIESEL
4824,7,C Class,2017,25995,20875,145,54.3,2.1,AUTOMATIC,DIESEL
4825,7,C Class,2017,25995,65891,265,35.3,3,AUTOMATIC,PETROL
4826,7,C Class,2017,25998,26914,200,43.5,2,AUTOMATIC,PETROL
4827,7,C Class,2017,25999,2800,145,42.2,2,SEMI-AUTO,PETROL
4828,7,C Class,2017,25999,2883,145,42.2,2,SEMI-AUTO,PETROL
4829,7,C Class,2017,25999,6600,145,47.1,2,SEMI-AUTO,PETROL
4830,7,C Class,2017,26249,22571,145,54.3,2.1,AUTOMATIC,DIESEL
4831,7,C Class,2017,26455,8514,145,58.9,2.1,AUTOMATIC,DIESEL
4832,7,C Class,2017,26790,4910,145,40.9,2,AUTOMATIC,PETROL
4833,7,C Class,2017,26949,28058,145,40.9,2,AUTOMATIC,PETROL
4834,7,C Class,2017,27462,13258,145,44.1,2,AUTOMATIC,PETROL
4835,7,C Class,2017,27526,15958,260,36.2,3,AUTOMATIC,PETROL
4836,7,C Class,2017,27699,33475,260,36.2,3,SEMI-AUTO,PETROL
4837,7,C Class,2017,27799,9880,150,43.5,2,SEMI-AUTO,PETROL
4838,7,C Class,2017,27995,4495,145,47.1,2,AUTOMATIC,PETROL
4839,7,C Class,2017,28624,41045,265,36.2,3,SEMI-AUTO,PETROL
4840,7,C Class,2017,28672,25048,145,36.2,3,AUTOMATIC,PETROL
4841,7,C Class,2017,28985,17224,150,36.2,3,AUTOMATIC,PETROL
4842,7,C Class,2017,29302,23988,145,36.2,3,SEMI-AUTO,PETROL
4843,7,C Class,2017,29849,23555,145,36.2,3,SEMI-AUTO,PETROL
4844,7,C Class,2017,30124,22437,145,35.8,3,SEMI-AUTO,PETROL
4845,7,C Class,2017,30745,16274,145,36.2,3,AUTOMATIC,PETROL
4846,7,C Class,2017,30995,22191,145,34,3,AUTOMATIC,PETROL
4847,7,C Class,2017,30999,26000,300,34,3,AUTOMATIC,PETROL
4848,7,C Class,2017,31349,16915,145,35.8,3,SEMI-AUTO,PETROL
4849,7,C Class,2017,31399,19224,145,36.2,3,SEMI-AUTO,PETROL
4850,7,C Class,2017,31664,19067,145,35.8,3,AUTOMATIC,PETROL
4851,7,C Class,2017,31692,38545,145,35.3,3,AUTOMATIC,PETROL
4852,7,C Class,2017,31741,13500,145,35.3,3,SEMI-AUTO,PETROL
4853,7,C Class,2017,31750,18075,145,35.3,3,AUTOMATIC,PETROL
4854,7,C Class,2017,31999,24700,260,35.3,3,AUTOMATIC,PETROL
4855,7,C Class,2017,32124,19097,145,35.3,3,AUTOMATIC,PETROL
4856,7,C Class,2017,32552,22914,145,35.8,3,SEMI-AUTO,PETROL
4857,7,C Class,2017,32995,10750,260,35.3,3,AUTOMATIC,PETROL
4858,7,C Class,2017,33000,10439,145,35.3,3,SEMI-AUTO,PETROL
4859,7,C Class,2017,33202,21524,145,34,3,AUTOMATIC,PETROL
4860,7,C Class,2017,33495,22574,300,33.6,4,SEMI-AUTO,PETROL
4861,7,C Class,2017,33499,30968,145,35.3,3,SEMI-AUTO,PETROL
4862,7,C Class,2017,33612,20134,145,34,3,AUTOMATIC,PETROL
4863,7,C Class,2017,33990,30000,145,33.6,4,AUTOMATIC,PETROL
4864,7,C Class,2017,34849,5376,145,35.3,3,SEMI-AUTO,PETROL
4865,7,C Class,2017,34981,22056,150,35.3,3,SEMI-AUTO,PETROL
4866,7,C Class,2017,34981,28174,300,33.6,4,SEMI-AUTO,PETROL
4867,7,C Class,2017,35149,9422,145,35.3,3,SEMI-AUTO,PETROL
4868,7,C Class,2017,35420,24057,150,34.5,4,SEMI-AUTO,PETROL
4869,7,C Class,2017,35499,10709,145,34,3,AUTOMATIC,PETROL
4870,7,C Class,2017,36000,45979,150,34.5,4,AUTOMATIC,PETROL
4871,7,C Class,2017,36895,20699,145,33.6,4,SEMI-AUTO,PETROL
4872,7,C Class,2017,37199,5376,145,35.3,3,SEMI-AUTO,PETROL
4873,7,C Class,2017,39336,12157,300,32.8,4,AUTOMATIC,PETROL
4874,7,C Class,2017,40980,22547,300,34.5,4,SEMI-AUTO,PETROL
4875,7,C Class,2017,41399,8797,145,32.8,4,SEMI-AUTO,PETROL
4876,7,C Class,2017,42299,18804,145,32.8,4,SEMI-AUTO,PETROL
4877,7,C Class,2017,42991,7100,300,34.5,4,AUTOMATIC,PETROL
4878,7,C Class,2017,43082,16386,325,31.7,4,AUTOMATIC,PETROL
4879,7,C Class,2017,43949,14263,300,32.8,4,SEMI-AUTO,PETROL
4880,7,C Class,2017,45480,11018,145,32.8,4,SEMI-AUTO,PETROL
4881,7,C Class,2017,46995,24347,145,32.8,4,SEMI-AUTO,PETROL
4882,7,C Class,2017,48399,15066,145,32.8,4,AUTOMATIC,PETROL
4883,7,C Class,2017,48999,15000,300,32.8,4,SEMI-AUTO,PETROL
4884,7,C Class,2017,49991,26000,150,31.7,4,AUTOMATIC,PETROL
4885,7,C Class,2018,13300,32840,145,53.3,2,MANUAL,PETROL
4886,7,C Class,2018,14600,15950,145,53.3,2,MANUAL,PETROL
4887,7,C Class,2018,14900,33805,145,65.7,2.1,AUTOMATIC,DIESEL
4888,7,C Class,2018,15489,36000,150,53.3,2,MANUAL,PETROL
4889,7,C Class,2018,15999,26930,145,50.4,2,AUTOMATIC,PETROL
4890,7,C Class,2018,15999,41650,145,65.7,2.1,SEMI-AUTO,DIESEL
4891,7,C Class,2018,16498,27342,150,64.2,2.1,SEMI-AUTO,DIESEL
4892,7,C Class,2018,16500,31942,150,50.4,2,AUTOMATIC,PETROL
4893,7,C Class,2018,16600,29296,145,64.2,2.1,AUTOMATIC,DIESEL
4894,7,C Class,2018,16799,29970,145,50.4,2,AUTOMATIC,PETROL
4895,7,C Class,2018,16800,30726,145,64.2,2.1,AUTOMATIC,DIESEL
4896,7,C Class,2018,16999,26329,145,50.4,2,AUTOMATIC,PETROL
4897,7,C Class,2018,17100,22655,145,64.2,2.1,AUTOMATIC,DIESEL
4898,7,C Class,2018,17450,21936,145,51.4,2,AUTOMATIC,PETROL
4899,7,C Class,2018,17470,22345,145,65.7,1.6,AUTOMATIC,DIESEL
4900,7,C Class,2018,17600,22749,145,49.6,2,AUTOMATIC,PETROL
4901,7,C Class,2018,17750,27563,145,64.2,2.1,AUTOMATIC,DIESEL
4902,7,C Class,2018,17900,28446,145,61.4,2.1,AUTOMATIC,DIESEL
4903,7,C Class,2018,17940,28050,145,64.2,2.1,SEMI-AUTO,DIESEL
4904,7,C Class,2018,17990,27000,145,48.7,2,SEMI-AUTO,PETROL
4905,7,C Class,2018,17999,14632,145,58.9,1.6,AUTOMATIC,DIESEL
4906,7,C Class,2018,17999,15998,145,64.2,2.1,SEMI-AUTO,DIESEL
4907,7,C Class,2018,17999,38169,145,60.1,2.1,AUTOMATIC,DIESEL
4908,7,C Class,2018,18051,11319,145,65.7,1.6,AUTOMATIC,DIESEL
4909,7,C Class,2018,18171,35517,145,49.6,2,SEMI-AUTO,PETROL
4910,7,C Class,2018,18265,16974,145,64.2,2.1,SEMI-AUTO,DIESEL
4911,7,C Class,2018,18399,31122,145,64.2,2.1,SEMI-AUTO,DIESEL
4912,7,C Class,2018,18449,6501,145,65.7,1.6,SEMI-AUTO,DIESEL
4913,7,C Class,2018,18450,30460,145,61.4,2.1,AUTOMATIC,DIESEL
4914,7,C Class,2018,18450,34650,145,61.4,2.1,SEMI-AUTO,DIESEL
4915,7,C Class,2018,18500,17771,145,61.4,2.1,AUTOMATIC,DIESEL
4916,7,C Class,2018,18500,24277,145,61.4,2.1,AUTOMATIC,DIESEL
4917,7,C Class,2018,18500,28248,150,64.2,2.1,AUTOMATIC,DIESEL
4918,7,C Class,2018,18599,32854,145,61.4,2.1,AUTOMATIC,DIESEL
4919,7,C Class,2018,18699,37763,145,61.4,2.1,AUTOMATIC,DIESEL
4920,7,C Class,2018,18700,16414,150,61.4,2.1,AUTOMATIC,DIESEL
4921,7,C Class,2018,18700,19941,150,65.7,1.6,AUTOMATIC,DIESEL
4922,7,C Class,2018,18700,25340,145,60.1,2.1,SEMI-AUTO,DIESEL
4923,7,C Class,2018,18700,26765,145,60.1,2.1,SEMI-AUTO,DIESEL
4924,7,C Class,2018,18700,28629,145,60.1,2.1,AUTOMATIC,DIESEL
4925,7,C Class,2018,18750,20512,150,48.7,2,AUTOMATIC,PETROL
4926,7,C Class,2018,18750,21103,150,48.7,2,AUTOMATIC,PETROL
4927,7,C Class,2018,18799,14731,145,46.3,1.5,SEMI-AUTO,PETROL
4928,7,C Class,2018,18799,20090,145,60.1,2.1,AUTOMATIC,DIESEL
4929,7,C Class,2018,18799,28848,145,64.2,2.1,AUTOMATIC,DIESEL
4930,7,C Class,2018,18819,30772,145,64.2,2.1,AUTOMATIC,DIESEL
4931,7,C Class,2018,18849,14318,145,46.3,1.5,SEMI-AUTO,PETROL
4932,7,C Class,2018,18899,13924,145,46.3,1.5,SEMI-AUTO,PETROL
4933,7,C Class,2018,18899,21315,145,64.2,2.1,AUTOMATIC,DIESEL
4934,7,C Class,2018,18900,23570,145,61.4,2.1,AUTOMATIC,DIESEL
4935,7,C Class,2018,18900,25569,145,58.9,2.1,AUTOMATIC,DIESEL
4936,7,C Class,2018,18998,15000,145,64.2,2.1,AUTOMATIC,DIESEL
4937,7,C Class,2018,18998,15075,145,50.4,2,SEMI-AUTO,PETROL
4938,7,C Class,2018,18998,15408,145,50.4,2,SEMI-AUTO,PETROL
4939,7,C Class,2018,18999,16834,145,60.1,2.1,AUTOMATIC,DIESEL
4940,7,C Class,2018,18999,24863,145,50.4,2,AUTOMATIC,PETROL
4941,7,C Class,2018,18999,31708,145,61.4,2.1,AUTOMATIC,DIESEL
4942,7,C Class,2018,19000,19542,150,48.7,2,AUTOMATIC,PETROL
4943,7,C Class,2018,19000,22291,150,60.1,2.1,AUTOMATIC,DIESEL
4944,7,C Class,2018,19000,23280,150,48.7,2,AUTOMATIC,PETROL
4945,7,C Class,2018,19056,25833,145,50.4,2,AUTOMATIC,PETROL
4946,7,C Class,2018,19099,12321,145,46.3,1.5,SEMI-AUTO,PETROL
4947,7,C Class,2018,19250,20275,150,60.1,2.1,AUTOMATIC,DIESEL
4948,7,C Class,2018,19399,9047,145,60.1,2.1,AUTOMATIC,DIESEL
4949,7,C Class,2018,19399,22078,145,64.2,2.1,AUTOMATIC,DIESEL
4950,7,C Class,2018,19480,15096,145,61.4,2,SEMI-AUTO,DIESEL
4951,7,C Class,2018,19490,11810,145,61.4,2.1,SEMI-AUTO,DIESEL
4952,7,C Class,2018,19499,10493,145,64.2,2.1,AUTOMATIC,DIESEL
4953,7,C Class,2018,19599,13053,145,61.4,2,SEMI-AUTO,DIESEL
4954,7,C Class,2018,19660,5232,145,65.7,1.6,SEMI-AUTO,DIESEL
4955,7,C Class,2018,19699,23842,145,61.4,2.1,AUTOMATIC,DIESEL
4956,7,C Class,2018,19750,19443,150,60.1,2.1,AUTOMATIC,DIESEL
4957,7,C Class,2018,19775,45335,145,67.3,2.1,SEMI-AUTO,DIESEL
4958,7,C Class,2018,19798,38508,145,61.4,2.1,AUTOMATIC,DIESEL
4959,7,C Class,2018,19799,20173,145,61.4,2.1,AUTOMATIC,DIESEL
4960,7,C Class,2018,19840,14467,145,61.4,2.1,AUTOMATIC,DIESEL
4961,7,C Class,2018,19900,20000,145,48.7,2,AUTOMATIC,PETROL
4962,7,C Class,2018,19900,31540,145,49.6,2,MANUAL,PETROL
4963,7,C Class,2018,19902,45734,145,62.8,2.1,SEMI-AUTO,DIESEL
4964,7,C Class,2018,19940,18882,145,61.4,2.1,SEMI-AUTO,DIESEL
4965,7,C Class,2018,19949,28059,145,61.4,2.1,AUTOMATIC,DIESEL
4966,7,C Class,2018,19950,33082,145,64.2,2.1,SEMI-AUTO,DIESEL
4967,7,C Class,2018,19950,33082,145,64.2,2.1,SEMI-AUTO,DIESEL
4968,7,C Class,2018,19980,3891,145,44.1,1.5,SEMI-AUTO,PETROL
4969,7,C Class,2018,19980,17973,150,64.2,2.1,AUTOMATIC,DIESEL
4970,7,C Class,2018,19980,26119,145,61.4,2.1,SEMI-AUTO,DIESEL
4971,7,C Class,2018,19991,20027,150,60.1,2.1,SEMI-AUTO,DIESEL
4972,7,C Class,2018,19995,2077,145,65.7,1.6,AUTOMATIC,DIESEL
4973,7,C Class,2018,19995,19870,150,41.5,2,SEMI-AUTO,PETROL
4974,7,C Class,2018,19995,43288,150,60.1,2.1,SEMI-AUTO,DIESEL
4975,7,C Class,2018,19998,11468,145,41.5,2,SEMI-AUTO,PETROL
4976,7,C Class,2018,19998,15383,145,46.3,1.5,SEMI-AUTO,PETROL
4977,7,C Class,2018,19999,9705,145,64.2,2.1,AUTOMATIC,DIESEL
4978,7,C Class,2018,19999,16663,145,60.1,2.1,AUTOMATIC,DIESEL
4979,7,C Class,2018,19999,24564,145,61.4,2.1,AUTOMATIC,DIESEL
4980,7,C Class,2018,19999,25396,145,61.4,2.1,AUTOMATIC,DIESEL
4981,7,C Class,2018,19999,34008,145,61.4,2.1,AUTOMATIC,DIESEL
4982,7,C Class,2018,20000,11870,145,48.7,2,AUTOMATIC,PETROL
4983,7,C Class,2018,20250,84205,145,58.9,1.6,AUTOMATIC,DIESEL
4984,7,C Class,2018,20299,9562,145,61.4,2.1,AUTOMATIC,DIESEL
4985,7,C Class,2018,20299,11498,145,61.4,2.1,AUTOMATIC,DIESEL
4986,7,C Class,2018,20489,16900,145,61.4,2.1,SEMI-AUTO,DIESEL
4987,7,C Class,2018,20490,11773,150,49.6,2,SEMI-AUTO,PETROL
4988,7,C Class,2018,20495,24158,145,60.1,2.1,SEMI-AUTO,DIESEL
4989,7,C Class,2018,20498,7894,145,60.1,2.1,SEMI-AUTO,DIESEL
4990,7,C Class,2018,20685,21929,145,64.2,2.1,SEMI-AUTO,DIESEL
4991,7,C Class,2018,20690,15750,145,48.7,2,SEMI-AUTO,PETROL
4992,7,C Class,2018,20690,15900,145,48.7,2,SEMI-AUTO,PETROL
4993,7,C Class,2018,20771,18321,145,60.1,2.1,SEMI-AUTO,DIESEL
4994,7,C Class,2018,20885,22773,145,61.4,2.1,SEMI-AUTO,DIESEL
4995,7,C Class,2018,20889,8493,145,44.1,1.5,SEMI-AUTO,PETROL
4996,7,C Class,2018,20890,3033,145,44.1,1.5,SEMI-AUTO,PETROL
4997,7,C Class,2018,20899,6813,145,60.1,2.1,AUTOMATIC,DIESEL
4998,7,C Class,2018,20990,19650,145,47.9,2,SEMI-AUTO,PETROL
4999,7,C Class,2018,20999,9250,145,46.3,1.5,SEMI-AUTO,PETROL
5000,7,C Class,2018,21000,16424,145,64.2,2.1,SEMI-AUTO,DIESEL
5001,7,C Class,2018,21000,29911,150,58.9,2.1,AUTOMATIC,DIESEL
5002,7,C Class,2018,21160,13800,145,61.4,2.1,SEMI-AUTO,DIESEL
5003,7,C Class,2018,21189,10264,145,60.1,2.1,AUTOMATIC,DIESEL
5004,7,C Class,2018,21199,10815,145,60.1,2.1,AUTOMATIC,DIESEL
5005,7,C Class,2018,21299,5628,150,60.1,2.1,SEMI-AUTO,DIESEL
5006,7,C Class,2018,21342,6721,145,44.1,1.5,SEMI-AUTO,PETROL
5007,7,C Class,2018,21400,35720,150,67.3,2.1,AUTOMATIC,DIESEL
5008,7,C Class,2018,21430,7011,145,64.2,1.6,SEMI-AUTO,DIESEL
5009,7,C Class,2018,21449,2684,145,44.1,1.5,SEMI-AUTO,PETROL
5010,7,C Class,2018,21492,10267,145,60.1,2.1,SEMI-AUTO,DIESEL
5011,7,C Class,2018,21498,12123,145,60.1,2.1,AUTOMATIC,DIESEL
5012,7,C Class,2018,21500,15922,145,60.1,2.1,AUTOMATIC,DIESEL
5013,7,C Class,2018,21691,3314,145,44.1,1.5,AUTOMATIC,PETROL
5014,7,C Class,2018,21691,13910,145,61.4,2.1,AUTOMATIC,DIESEL
5015,7,C Class,2018,21695,8090,145,46.3,1.5,AUTOMATIC,PETROL
5016,7,C Class,2018,21800,7540,145,45.6,1.5,AUTOMATIC,PETROL
5017,7,C Class,2018,21960,31639,145,64.2,2,SEMI-AUTO,DIESEL
5018,7,C Class,2018,21980,8024,145,60.1,2.1,SEMI-AUTO,DIESEL
5019,7,C Class,2018,21990,1871,145,44.1,1.5,SEMI-AUTO,PETROL
5020,7,C Class,2018,21991,12767,150,61.4,2.1,AUTOMATIC,DIESEL
5021,7,C Class,2018,21999,20892,145,43.5,2,AUTOMATIC,PETROL
5022,7,C Class,2018,21999,36926,145,61.4,2,AUTOMATIC,DIESEL
5023,7,C Class,2018,22000,10998,145,46.3,1.5,SEMI-AUTO,PETROL
5024,7,C Class,2018,22000,11439,145,46.3,1.5,SEMI-AUTO,PETROL
5025,7,C Class,2018,22000,19825,145,67.3,2.1,AUTOMATIC,DIESEL
5026,7,C Class,2018,22032,13558,145,46.3,1.5,AUTOMATIC,PETROL
5027,7,C Class,2018,22199,19302,145,61.4,2.1,SEMI-AUTO,DIESEL
5028,7,C Class,2018,22199,22027,145,61.4,2,AUTOMATIC,DIESEL
5029,7,C Class,2018,22199,32809,145,67.3,2.1,SEMI-AUTO,DIESEL
5030,7,C Class,2018,22199,32809,150,67.3,2.1,SEMI-AUTO,DIESEL
5031,7,C Class,2018,22201,22318,145,67.3,2.1,SEMI-AUTO,DIESEL
5032,7,C Class,2018,22399,5678,145,58.9,1.6,SEMI-AUTO,DIESEL
5033,7,C Class,2018,22480,10339,145,58.9,2.1,SEMI-AUTO,DIESEL
5034,7,C Class,2018,22498,3900,145,60.1,2.1,SEMI-AUTO,DIESEL
5035,7,C Class,2018,22500,10514,145,46.3,1.5,SEMI-AUTO,PETROL
5036,7,C Class,2018,22549,5437,145,46.3,1.5,SEMI-AUTO,PETROL
5037,7,C Class,2018,22549,16961,145,46.3,1.5,SEMI-AUTO,PETROL
5038,7,C Class,2018,22549,19656,145,61.4,2,SEMI-AUTO,DIESEL
5039,7,C Class,2018,22595,14389,145,67.3,2.1,SEMI-AUTO,DIESEL
5040,7,C Class,2018,22640,15867,145,47.1,2,SEMI-AUTO,PETROL
5041,7,C Class,2018,22680,7470,145,61.4,2,SEMI-AUTO,DIESEL
5042,7,C Class,2018,22680,20039,145,67.3,2.1,AUTOMATIC,DIESEL
5043,7,C Class,2018,22699,20001,145,67.3,2.1,SEMI-AUTO,DIESEL
5044,7,C Class,2018,22766,4200,145,47.1,2,AUTOMATIC,PETROL
5045,7,C Class,2018,22770,21200,145,67.3,2.1,SEMI-AUTO,DIESEL
5046,7,C Class,2018,22799,11494,145,46.3,1.5,SEMI-AUTO,PETROL
5047,7,C Class,2018,22805,11259,145,67.3,2.1,AUTOMATIC,DIESEL
5048,7,C Class,2018,22849,8641,145,45.6,1.5,SEMI-AUTO,PETROL
5049,7,C Class,2018,22849,11163,145,46.3,1.5,AUTOMATIC,PETROL
5050,7,C Class,2018,22880,23061,145,67.3,2.1,SEMI-AUTO,DIESEL
5051,7,C Class,2018,22899,10346,145,43.5,2,AUTOMATIC,PETROL
5052,7,C Class,2018,22899,11124,145,46.3,1.5,AUTOMATIC,PETROL
5053,7,C Class,2018,22900,4500,145,44.1,1.5,SEMI-AUTO,PETROL
5054,7,C Class,2018,22900,6200,140,47.1,1.5,AUTOMATIC,PETROL
5055,7,C Class,2018,22900,23831,145,60.1,2.1,SEMI-AUTO,DIESEL
5056,7,C Class,2018,22949,10577,145,46.3,1.5,AUTOMATIC,PETROL
5057,7,C Class,2018,22950,6000,145,58.9,2.1,AUTOMATIC,DIESEL
5058,7,C Class,2018,22980,11827,145,60.1,2.1,SEMI-AUTO,DIESEL
5059,7,C Class,2018,22980,18285,145,61.4,2.1,SEMI-AUTO,DIESEL
5060,7,C Class,2018,22990,32373,145,61.4,2.1,SEMI-AUTO,DIESEL
5061,7,C Class,2018,22991,7615,145,67.3,2.1,SEMI-AUTO,DIESEL
5062,7,C Class,2018,22991,12000,145,44.1,1.5,AUTOMATIC,PETROL
5063,7,C Class,2018,22995,19044,135,134.5,2,AUTOMATIC,HYBRID
5064,7,C Class,2018,22998,18739,150,60.1,2.1,SEMI-AUTO,DIESEL
5065,7,C Class,2018,23022,8890,145,61.4,2,AUTOMATIC,DIESEL
5066,7,C Class,2018,23099,9769,145,46.3,1.5,SEMI-AUTO,PETROL
5067,7,C Class,2018,23100,10424,145,45.6,1.5,AUTOMATIC,PETROL
5068,7,C Class,2018,23149,17000,145,61.4,2.1,SEMI-AUTO,DIESEL
5069,7,C Class,2018,23199,8942,145,46.3,1.5,SEMI-AUTO,PETROL
5070,7,C Class,2018,23199,9136,145,46.3,1.5,AUTOMATIC,PETROL
5071,7,C Class,2018,23247,10137,145,61.4,2.1,AUTOMATIC,DIESEL
5072,7,C Class,2018,23249,8724,145,46.3,1.5,AUTOMATIC,PETROL
5073,7,C Class,2018,23249,8796,145,46.3,1.5,AUTOMATIC,PETROL
5074,7,C Class,2018,23299,17000,145,67.3,2.1,SEMI-AUTO,DIESEL
5075,7,C Class,2018,23390,16045,145,58.9,2,SEMI-AUTO,DIESEL
5076,7,C Class,2018,23399,8033,145,46.3,1.5,AUTOMATIC,PETROL
5077,7,C Class,2018,23400,9861,145,46.3,1.5,AUTOMATIC,PETROL
5078,7,C Class,2018,23449,7318,145,46.3,1.5,AUTOMATIC,PETROL
5079,7,C Class,2018,23456,26723,145,65.7,2.1,AUTOMATIC,DIESEL
5080,7,C Class,2018,23480,7351,145,40.4,2,AUTOMATIC,PETROL
5081,7,C Class,2018,23498,5659,145,40.4,2,SEMI-AUTO,PETROL
5082,7,C Class,2018,23498,17093,145,67.3,2.1,SEMI-AUTO,DIESEL
5083,7,C Class,2018,23499,22000,145,61.4,2,SEMI-AUTO,DIESEL
5084,7,C Class,2018,23500,4368,145,44.1,1.5,AUTOMATIC,PETROL
5085,7,C Class,2018,23500,10240,145,61.4,2.1,SEMI-AUTO,DIESEL
5086,7,C Class,2018,23522,15488,145,46.3,1.5,SEMI-AUTO,PETROL
5087,7,C Class,2018,23600,18834,145,42.2,2,AUTOMATIC,PETROL
5088,7,C Class,2018,23781,25111,145,47.1,2,SEMI-AUTO,PETROL
5089,7,C Class,2018,23790,16500,145,47.1,2,AUTOMATIC,PETROL
5090,7,C Class,2018,23799,3640,145,47.9,2,SEMI-AUTO,PETROL
5091,7,C Class,2018,23799,5905,145,49.6,2,AUTOMATIC,PETROL
5092,7,C Class,2018,23800,12745,145,61.4,2,SEMI-AUTO,DIESEL
5093,7,C Class,2018,23800,13485,150,47.1,2,AUTOMATIC,PETROL
5094,7,C Class,2018,23890,8194,145,64.2,2,SEMI-AUTO,DIESEL
5095,7,C Class,2018,23899,10945,145,61.4,2,AUTOMATIC,DIESEL
5096,7,C Class,2018,23899,11896,145,46.3,1.5,SEMI-AUTO,PETROL
5097,7,C Class,2018,23990,11387,145,61.4,2,AUTOMATIC,DIESEL
5098,7,C Class,2018,23990,12220,145,46.3,1.5,AUTOMATIC,PETROL
5099,7,C Class,2018,23995,7200,145,40.4,2,AUTOMATIC,PETROL
5100,7,C Class,2018,23995,12137,145,67.3,2.1,SEMI-AUTO,DIESEL
5101,7,C Class,2018,24099,31140,145,67.3,2.1,SEMI-AUTO,DIESEL
5102,7,C Class,2018,24199,6812,145,58.9,2,SEMI-AUTO,DIESEL
5103,7,C Class,2018,24222,9305,145,67.3,2.1,SEMI-AUTO,DIESEL
5104,7,C Class,2018,24480,10859,145,58.9,2.1,SEMI-AUTO,DIESEL
5105,7,C Class,2018,24499,9304,145,60.1,1.6,SEMI-AUTO,DIESEL
5106,7,C Class,2018,24499,11881,145,58.9,2.1,AUTOMATIC,DIESEL
5107,7,C Class,2018,24546,12397,145,58.9,2.1,AUTOMATIC,DIESEL
5108,7,C Class,2018,24600,8223,145,61.4,2.1,SEMI-AUTO,DIESEL
5109,7,C Class,2018,24750,14788,145,46.3,1.5,AUTOMATIC,PETROL
5110,7,C Class,2018,24750,22000,145,58.9,2.1,AUTOMATIC,DIESEL
5111,7,C Class,2018,24791,16052,145,44.1,2,SEMI-AUTO,PETROL
5112,7,C Class,2018,24799,20087,145,47.1,2,SEMI-AUTO,PETROL
5113,7,C Class,2018,24810,20496,145,67.3,2.1,SEMI-AUTO,DIESEL
5114,7,C Class,2018,24890,7859,145,40.4,2,SEMI-AUTO,PETROL
5115,7,C Class,2018,24990,10010,145,46.3,1.5,SEMI-AUTO,PETROL
5116,7,C Class,2018,24991,6001,145,52.3,2,AUTOMATIC,PETROL
5117,7,C Class,2018,24994,9009,145,55.4,2,SEMI-AUTO,PETROL
5118,7,C Class,2018,24995,17744,150,64.2,2,SEMI-AUTO,DIESEL
5119,7,C Class,2018,24999,9695,145,64.2,2,AUTOMATIC,DIESEL
5120,7,C Class,2018,25000,11048,145,65.7,2.1,AUTOMATIC,DIESEL
5121,7,C Class,2018,25000,11150,145,67.3,2.1,SEMI-AUTO,DIESEL
5122,7,C Class,2018,25049,6550,145,60.1,1.6,SEMI-AUTO,DIESEL
5123,7,C Class,2018,25280,4944,145,58.9,2.1,AUTOMATIC,DIESEL
5124,7,C Class,2018,25298,8702,145,47.1,2,SEMI-AUTO,PETROL
5125,7,C Class,2018,25299,13440,145,64.2,2,SEMI-AUTO,DIESEL
5126,7,C Class,2018,25302,17933,150,61.4,2.1,SEMI-AUTO,DIESEL
5127,7,C Class,2018,25399,18257,145,67.3,2.1,SEMI-AUTO,DIESEL
5128,7,C Class,2018,25399,18257,145,67.3,2.1,AUTOMATIC,DIESEL
5129,7,C Class,2018,25480,9830,145,46.3,1.5,SEMI-AUTO,PETROL
5130,7,C Class,2018,25500,10592,145,67.3,2.1,SEMI-AUTO,DIESEL
5131,7,C Class,2018,25748,5454,145,65.7,2.1,AUTOMATIC,DIESEL
5132,7,C Class,2018,25748,11626,145,67.3,2.1,AUTOMATIC,DIESEL
5133,7,C Class,2018,25750,6983,145,60.1,2.1,SEMI-AUTO,DIESEL
5134,7,C Class,2018,25812,11451,145,67.3,2.1,SEMI-AUTO,DIESEL
5135,7,C Class,2018,25882,12145,145,58.9,2.1,AUTOMATIC,DIESEL
5136,7,C Class,2018,25891,2240,145,44.1,2,SEMI-AUTO,PETROL
5137,7,C Class,2018,25900,12072,145,57.7,2,AUTOMATIC,DIESEL
5138,7,C Class,2018,25949,11961,145,65.7,2.1,SEMI-AUTO,DIESEL
5139,7,C Class,2018,25990,9699,145,44.1,2,SEMI-AUTO,PETROL
5140,7,C Class,2018,25990,12298,145,45.6,1.5,AUTOMATIC,PETROL
5141,7,C Class,2018,25999,7317,145,46.3,1.5,AUTOMATIC,PETROL
5142,7,C Class,2018,25999,10913,145,65.7,2.1,AUTOMATIC,DIESEL
5143,7,C Class,2018,25999,11258,145,65.7,2.1,SEMI-AUTO,DIESEL
5144,7,C Class,2018,26000,17250,150,46.3,1.5,AUTOMATIC,PETROL
5145,7,C Class,2018,26000,19800,145,42.2,2,SEMI-AUTO,PETROL
5146,7,C Class,2018,26060,8299,145,46.3,1.5,AUTOMATIC,PETROL
5147,7,C Class,2018,26189,8069,145,65.7,2.1,SEMI-AUTO,DIESEL
5148,7,C Class,2018,26199,9366,145,65.7,2.1,AUTOMATIC,DIESEL
5149,7,C Class,2018,26281,10997,145,67.3,2.1,SEMI-AUTO,DIESEL
5150,7,C Class,2018,26295,10069,145,57.7,2,SEMI-AUTO,DIESEL
5151,7,C Class,2018,26395,8793,145,57.7,2,SEMI-AUTO,DIESEL
5152,7,C Class,2018,26492,28801,145,65.7,2.1,SEMI-AUTO,DIESEL
5153,7,C Class,2018,26595,9055,145,57.7,2,AUTOMATIC,DIESEL
5154,7,C Class,2018,26595,10040,145,57.7,2,SEMI-AUTO,DIESEL
5155,7,C Class,2018,26595,11522,145,57.7,2,SEMI-AUTO,DIESEL
5156,7,C Class,2018,26625,7175,145,57.7,2,AUTOMATIC,DIESEL
5157,7,C Class,2018,26690,16132,145,57.7,2,AUTOMATIC,DIESEL
5158,7,C Class,2018,26748,17970,145,65.7,2.1,AUTOMATIC,DIESEL
5159,7,C Class,2018,26799,7466,145,47.1,2,SEMI-AUTO,PETROL
5160,7,C Class,2018,26890,14085,145,56.5,2,SEMI-AUTO,DIESEL
5161,7,C Class,2018,26950,10798,145,57.7,2,SEMI-AUTO,DIESEL
5162,7,C Class,2018,26995,11209,145,56.5,2,SEMI-AUTO,DIESEL
5163,7,C Class,2018,26998,15696,150,44.1,2,AUTOMATIC,PETROL
5164,7,C Class,2018,27244,12054,145,67.3,2.1,AUTOMATIC,DIESEL
5165,7,C Class,2018,27249,8761,145,57.7,2,AUTOMATIC,DIESEL
5166,7,C Class,2018,27299,3150,145,61.4,2,SEMI-AUTO,DIESEL
5167,7,C Class,2018,27449,5532,145,44.1,2,SEMI-AUTO,PETROL
5168,7,C Class,2018,27449,7299,145,57.7,2,AUTOMATIC,DIESEL
5169,7,C Class,2018,27449,7322,145,57.7,2,AUTOMATIC,DIESEL
5170,7,C Class,2018,27495,16347,145,57.7,2,SEMI-AUTO,DIESEL
5171,7,C Class,2018,27498,9255,145,57.7,2,SEMI-AUTO,DIESEL
5172,7,C Class,2018,27498,12170,145,54.3,2,SEMI-AUTO,DIESEL
5173,7,C Class,2018,27498,12491,145,65.7,2.1,SEMI-AUTO,DIESEL
5174,7,C Class,2018,27499,7073,145,57.7,2,SEMI-AUTO,DIESEL
5175,7,C Class,2018,27500,12234,145,57.7,2,SEMI-AUTO,DIESEL
5176,7,C Class,2018,27622,8984,145,44.1,1.5,SEMI-AUTO,PETROL
5177,7,C Class,2018,27649,6232,145,57.7,2,AUTOMATIC,DIESEL
5178,7,C Class,2018,27698,10579,145,54.3,2,SEMI-AUTO,DIESEL
5179,7,C Class,2018,27725,13037,145,57.7,2,AUTOMATIC,DIESEL
5180,7,C Class,2018,27832,11847,145,57.7,2,AUTOMATIC,DIESEL
5181,7,C Class,2018,27872,14157,145,57.7,2,SEMI-AUTO,DIESEL
5182,7,C Class,2018,27950,9512,150,44.1,2,AUTOMATIC,PETROL
5183,7,C Class,2018,27950,10179,145,54.3,2,SEMI-AUTO,DIESEL
5184,7,C Class,2018,27980,2075,145,44.1,1.5,AUTOMATIC,PETROL
5185,7,C Class,2018,27980,12173,145,57.7,2,SEMI-AUTO,DIESEL
5186,7,C Class,2018,27980,13199,145,57.7,2,SEMI-AUTO,DIESEL
5187,7,C Class,2018,27990,8400,145,57.7,2,AUTOMATIC,DIESEL
5188,7,C Class,2018,27991,5386,150,65.7,2.1,SEMI-AUTO,DIESEL
5189,7,C Class,2018,27998,6787,145,57.7,2,SEMI-AUTO,DIESEL
5190,7,C Class,2018,28049,9977,145,54.3,2,SEMI-AUTO,DIESEL
5191,7,C Class,2018,28149,9273,145,54.3,2,AUTOMATIC,DIESEL
5192,7,C Class,2018,28199,9252,145,54.3,2,SEMI-AUTO,DIESEL
5193,7,C Class,2018,28298,13500,145,65.7,2.1,AUTOMATIC,DIESEL
5194,7,C Class,2018,28342,10025,145,44.1,2,SEMI-AUTO,PETROL
5195,7,C Class,2018,28374,8962,145,54.3,2,AUTOMATIC,DIESEL
5196,7,C Class,2018,28389,5454,145,57.7,2,SEMI-AUTO,DIESEL
5197,7,C Class,2018,28399,3438,145,44.1,2,AUTOMATIC,PETROL
5198,7,C Class,2018,28480,3748,145,44.1,1.5,SEMI-AUTO,PETROL
5199,7,C Class,2018,28499,7661,145,54.3,2,SEMI-AUTO,DIESEL
5200,7,C Class,2018,28652,8928,145,44.1,1.5,AUTOMATIC,PETROL
5201,7,C Class,2018,28699,5234,145,57.7,2,SEMI-AUTO,DIESEL
5202,7,C Class,2018,28749,6449,145,54.3,2,SEMI-AUTO,DIESEL
5203,7,C Class,2018,28750,7140,145,54.3,2,AUTOMATIC,DIESEL
5204,7,C Class,2018,28752,8786,145,57.7,2,SEMI-AUTO,DIESEL
5205,7,C Class,2018,28789,7800,145,57.7,2,SEMI-AUTO,DIESEL
5206,7,C Class,2018,28789,9797,150,54.3,2,SEMI-AUTO,DIESEL
5207,7,C Class,2018,28842,10879,145,54.3,2,SEMI-AUTO,DIESEL
5208,7,C Class,2018,29099,4898,145,54.3,2,SEMI-AUTO,DIESEL
5209,7,C Class,2018,29199,4699,145,54.3,2,SEMI-AUTO,DIESEL
5210,7,C Class,2018,29199,4715,145,54.3,2,SEMI-AUTO,DIESEL
5211,7,C Class,2018,29199,9381,145,54.3,2,SEMI-AUTO,DIESEL
5212,7,C Class,2018,29232,8673,145,54.3,2,SEMI-AUTO,DIESEL
5213,7,C Class,2018,29249,4574,145,54.3,2,SEMI-AUTO,DIESEL
5214,7,C Class,2018,29480,8228,145,57.7,2,SEMI-AUTO,DIESEL
5215,7,C Class,2018,29498,6198,145,54.3,2,SEMI-AUTO,DIESEL
5216,7,C Class,2018,29498,6265,145,54.3,2,SEMI-AUTO,DIESEL
5217,7,C Class,2018,29499,1988,145,44.1,2,AUTOMATIC,PETROL
5218,7,C Class,2018,29532,7809,145,54.3,2,SEMI-AUTO,DIESEL
5219,7,C Class,2018,29999,17788,145,36.2,3,SEMI-AUTO,PETROL
5220,7,C Class,2018,30022,6061,145,54.3,2,AUTOMATIC,DIESEL
5221,7,C Class,2018,30995,5514,145,42.2,2,SEMI-AUTO,PETROL
5222,7,C Class,2018,31995,11300,150,36.2,3,SEMI-AUTO,PETROL
5223,7,C Class,2018,33490,22000,150,29.4,3,AUTOMATIC,PETROL
5224,7,C Class,2018,33690,12055,145,40.9,4,SEMI-AUTO,PETROL
5225,7,C Class,2018,33890,9290,145,36.2,3,SEMI-AUTO,PETROL
5226,7,C Class,2018,33980,13983,145,35.3,3,SEMI-AUTO,PETROL
5227,7,C Class,2018,34480,13500,150,35.3,3,AUTOMATIC,PETROL
5228,7,C Class,2018,34990,19500,145,35.3,3,AUTOMATIC,PETROL
5229,7,C Class,2018,34995,8294,150,35.3,3,SEMI-AUTO,PETROL
5230,7,C Class,2018,36495,5983,145,36.2,3,AUTOMATIC,PETROL
5231,7,C Class,2018,37999,5000,145,30.4,3,SEMI-AUTO,PETROL
5232,7,C Class,2018,38123,8233,145,29.4,3,AUTOMATIC,PETROL
5233,7,C Class,2018,38495,4127,145,34,3,AUTOMATIC,PETROL
5234,7,C Class,2018,39000,7011,150,29.1,3,SEMI-AUTO,PETROL
5235,7,C Class,2018,39249,7297,145,29.7,3,AUTOMATIC,PETROL
5236,7,C Class,2018,39991,9000,145,29.4,3,AUTOMATIC,PETROL
5237,7,C Class,2018,42525,10467,150,32.8,4,SEMI-AUTO,PETROL
5238,7,C Class,2018,42995,18000,145,32.8,4,AUTOMATIC,PETROL
5239,7,C Class,2018,43750,11938,145,32.8,4,SEMI-AUTO,PETROL
5240,7,C Class,2018,45895,41083,145,32.8,4,SEMI-AUTO,PETROL
5241,7,C Class,2018,46900,1977,145,31.7,4,AUTOMATIC,PETROL
5242,7,C Class,2018,47099,11501,145,31.7,4,AUTOMATIC,PETROL
5243,7,C Class,2018,49990,19870,145,32.8,4,SEMI-AUTO,PETROL
5244,7,C Class,2018,50799,639,145,31.7,4,AUTOMATIC,PETROL
5245,7,C Class,2019,12900,3000,145,50.4,1.5,MANUAL,DIESEL
5246,7,C Class,2019,17999,9683,145,46.3,1.5,AUTOMATIC,PETROL
5247,7,C Class,2019,18790,14288,145,64.2,2.1,SEMI-AUTO,DIESEL
5248,7,C Class,2019,18998,14006,145,46.3,1.5,SEMI-AUTO,PETROL
5249,7,C Class,2019,19394,14203,145,46.3,1.5,SEMI-AUTO,PETROL
5250,7,C Class,2019,19599,15669,145,46.3,1.5,SEMI-AUTO,PETROL
5251,7,C Class,2019,19690,13337,145,61.4,2,AUTOMATIC,DIESEL
5252,7,C Class,2019,19699,15020,145,46.3,1.5,SEMI-AUTO,PETROL
5253,7,C Class,2019,19749,14517,145,46.3,1.5,SEMI-AUTO,PETROL
5254,7,C Class,2019,19749,14536,145,46.3,1.5,SEMI-AUTO,PETROL
5255,7,C Class,2019,19749,14619,145,46.3,1.5,SEMI-AUTO,PETROL
5256,7,C Class,2019,19749,14730,150,46.3,1.5,SEMI-AUTO,PETROL
5257,7,C Class,2019,19750,12498,145,46.3,1.5,AUTOMATIC,PETROL
5258,7,C Class,2019,19750,13695,145,61.4,2,SEMI-AUTO,DIESEL
5259,7,C Class,2019,19799,14133,145,46.3,1.5,SEMI-AUTO,PETROL
5260,7,C Class,2019,19799,14160,145,46.3,1.5,SEMI-AUTO,PETROL
5261,7,C Class,2019,19799,14222,145,46.3,1.5,SEMI-AUTO,PETROL
5262,7,C Class,2019,19799,14251,145,46.3,1.5,SEMI-AUTO,PETROL
5263,7,C Class,2019,19799,14262,145,46.3,1.5,SEMI-AUTO,PETROL
5264,7,C Class,2019,19799,14272,145,46.3,1.5,SEMI-AUTO,PETROL
5265,7,C Class,2019,19799,14297,145,46.3,1.5,SEMI-AUTO,PETROL
5266,7,C Class,2019,19799,14301,150,46.3,1.5,SEMI-AUTO,PETROL
5267,7,C Class,2019,19799,14301,145,46.3,1.5,SEMI-AUTO,PETROL
5268,7,C Class,2019,19799,14311,145,46.3,1.5,SEMI-AUTO,PETROL
5269,7,C Class,2019,19799,14380,145,46.3,1.5,SEMI-AUTO,PETROL
5270,7,C Class,2019,19799,14401,145,46.3,1.5,SEMI-AUTO,PETROL
5271,7,C Class,2019,19799,14422,145,46.3,1.5,SEMI-AUTO,PETROL
5272,7,C Class,2019,19849,13794,145,46.3,1.5,SEMI-AUTO,PETROL
5273,7,C Class,2019,19849,13938,145,46.3,1.5,SEMI-AUTO,PETROL
5274,7,C Class,2019,19849,13977,145,46.3,1.5,SEMI-AUTO,PETROL
5275,7,C Class,2019,19849,14009,145,46.3,1.5,SEMI-AUTO,PETROL
5276,7,C Class,2019,19849,14017,145,46.3,1.5,SEMI-AUTO,PETROL
5277,7,C Class,2019,19849,14074,145,46.3,1.5,SEMI-AUTO,PETROL
5278,7,C Class,2019,19849,14084,145,46.3,1.5,SEMI-AUTO,PETROL
5279,7,C Class,2019,19849,14085,145,46.3,1.5,SEMI-AUTO,PETROL
5280,7,C Class,2019,19849,14085,145,46.3,1.5,SEMI-AUTO,PETROL
5281,7,C Class,2019,19895,10985,145,46.3,1.5,SEMI-AUTO,PETROL
5282,7,C Class,2019,19899,13347,145,46.3,1.5,SEMI-AUTO,PETROL
5283,7,C Class,2019,19899,13359,145,46.3,1.5,SEMI-AUTO,PETROL
5284,7,C Class,2019,19899,13516,145,46.3,1.5,SEMI-AUTO,PETROL
5285,7,C Class,2019,19899,13633,145,46.3,1.5,SEMI-AUTO,PETROL
5286,7,C Class,2019,19899,13690,145,46.3,1.5,SEMI-AUTO,PETROL
5287,7,C Class,2019,19980,13924,145,46.3,1.5,SEMI-AUTO,PETROL
5288,7,C Class,2019,19980,13936,145,46.3,1.5,SEMI-AUTO,PETROL
5289,7,C Class,2019,19980,14203,145,46.3,1.5,SEMI-AUTO,PETROL
5290,7,C Class,2019,19980,14269,145,46.3,1.5,SEMI-AUTO,PETROL
5291,7,C Class,2019,19980,14285,145,46.3,1.5,SEMI-AUTO,PETROL
5292,7,C Class,2019,19980,14307,145,46.3,1.5,SEMI-AUTO,PETROL
5293,7,C Class,2019,19980,14379,145,46.3,1.5,SEMI-AUTO,PETROL
5294,7,C Class,2019,19980,14568,145,46.3,1.5,SEMI-AUTO,PETROL
5295,7,C Class,2019,19980,15057,145,64.2,2.1,SEMI-AUTO,DIESEL
5296,7,C Class,2019,19995,13071,145,46.3,1.5,AUTOMATIC,PETROL
5297,7,C Class,2019,19999,12668,145,46.3,1.5,SEMI-AUTO,PETROL
5298,7,C Class,2019,19999,13591,145,46.3,1.5,SEMI-AUTO,PETROL
5299,7,C Class,2019,19999,14360,150,46.3,1.5,SEMI-AUTO,PETROL
5300,7,C Class,2019,19999,14514,145,61.4,2,SEMI-AUTO,DIESEL
5301,7,C Class,2019,19999,15024,145,64.2,2.1,AUTOMATIC,DIESEL
5302,7,C Class,2019,20149,11761,145,46.3,1.5,SEMI-AUTO,PETROL
5303,7,C Class,2019,20149,11784,145,46.3,1.5,SEMI-AUTO,PETROL
5304,7,C Class,2019,20149,11785,145,46.3,1.5,SEMI-AUTO,PETROL
5305,7,C Class,2019,20199,11381,145,46.3,1.5,SEMI-AUTO,PETROL
5306,7,C Class,2019,20249,10658,145,46.3,1.5,SEMI-AUTO,PETROL
5307,7,C Class,2019,20249,10918,145,46.3,1.5,SEMI-AUTO,PETROL
5308,7,C Class,2019,20249,14426,145,46.3,1.5,SEMI-AUTO,PETROL
5309,7,C Class,2019,20249,14481,145,46.3,1.5,SEMI-AUTO,PETROL
5310,7,C Class,2019,20249,14681,145,46.3,1.5,SEMI-AUTO,PETROL
5311,7,C Class,2019,20249,15317,145,61.4,2,SEMI-AUTO,DIESEL
5312,7,C Class,2019,20299,14029,145,46.3,1.5,SEMI-AUTO,PETROL
5313,7,C Class,2019,20299,14088,145,46.3,1.5,SEMI-AUTO,PETROL
5314,7,C Class,2019,20299,14123,145,46.3,1.5,SEMI-AUTO,PETROL
5315,7,C Class,2019,20299,14144,145,46.3,1.5,SEMI-AUTO,PETROL
5316,7,C Class,2019,20299,14184,145,46.3,1.5,SEMI-AUTO,PETROL
5317,7,C Class,2019,20299,14271,145,46.3,1.5,SEMI-AUTO,PETROL
5318,7,C Class,2019,20299,14298,145,46.3,1.5,SEMI-AUTO,PETROL
5319,7,C Class,2019,20299,14316,145,46.3,1.5,SEMI-AUTO,PETROL
5320,7,C Class,2019,20299,14316,150,46.3,1.5,SEMI-AUTO,PETROL
5321,7,C Class,2019,20299,14354,145,46.3,1.5,SEMI-AUTO,PETROL
5322,7,C Class,2019,20299,14375,145,61.4,2,SEMI-AUTO,DIESEL
5323,7,C Class,2019,20299,14496,145,46.3,1.5,SEMI-AUTO,PETROL
5324,7,C Class,2019,20299,14855,145,61.4,2,SEMI-AUTO,DIESEL
5325,7,C Class,2019,20299,14973,145,61.4,2,SEMI-AUTO,DIESEL
5326,7,C Class,2019,20349,13898,145,46.3,1.5,SEMI-AUTO,PETROL
5327,7,C Class,2019,20349,13910,145,46.3,1.5,SEMI-AUTO,PETROL
5328,7,C Class,2019,20349,14005,145,46.3,1.5,SEMI-AUTO,PETROL
5329,7,C Class,2019,20349,14006,145,46.3,1.5,SEMI-AUTO,PETROL
5330,7,C Class,2019,20349,14012,145,46.3,1.5,SEMI-AUTO,PETROL
5331,7,C Class,2019,20399,13334,145,46.3,1.5,SEMI-AUTO,PETROL
5332,7,C Class,2019,20399,13793,145,61.4,2,SEMI-AUTO,DIESEL
5333,7,C Class,2019,20399,14111,145,61.4,2,SEMI-AUTO,DIESEL
5334,7,C Class,2019,20449,13181,145,46.3,1.5,SEMI-AUTO,PETROL
5335,7,C Class,2019,20449,13755,145,61.4,2,SEMI-AUTO,DIESEL
5336,7,C Class,2019,20449,13810,145,61.4,2,SEMI-AUTO,DIESEL
5337,7,C Class,2019,20449,13865,145,61.4,2,SEMI-AUTO,DIESEL
5338,7,C Class,2019,20449,14005,145,61.4,2,SEMI-AUTO,DIESEL
5339,7,C Class,2019,20480,6459,145,46.3,1.5,SEMI-AUTO,PETROL
5340,7,C Class,2019,20480,14568,145,46.3,1.5,SEMI-AUTO,PETROL
5341,7,C Class,2019,20480,14620,145,46.3,1.5,SEMI-AUTO,PETROL
5342,7,C Class,2019,20482,14061,145,46.3,1.5,SEMI-AUTO,PETROL
5343,7,C Class,2019,20495,13742,145,61.4,2,SEMI-AUTO,DIESEL
5344,7,C Class,2019,20499,13441,145,61.4,2,SEMI-AUTO,DIESEL
5345,7,C Class,2019,20499,13490,145,61.4,2,SEMI-AUTO,DIESEL
5346,7,C Class,2019,20549,13243,145,61.4,2,SEMI-AUTO,DIESEL
5347,7,C Class,2019,20549,13276,145,61.4,2,SEMI-AUTO,DIESEL
5348,7,C Class,2019,20599,12091,145,46.3,1.5,SEMI-AUTO,PETROL
5349,7,C Class,2019,20599,13004,145,61.4,2,SEMI-AUTO,DIESEL
5350,7,C Class,2019,20676,14163,145,61.4,2,AUTOMATIC,DIESEL
5351,7,C Class,2019,20682,10920,145,64.2,2.1,AUTOMATIC,DIESEL
5352,7,C Class,2019,20699,10037,145,64.2,2.1,SEMI-AUTO,DIESEL
5353,7,C Class,2019,20699,13628,145,61.4,2,SEMI-AUTO,DIESEL
5354,7,C Class,2019,20699,14593,145,61.4,2,SEMI-AUTO,DIESEL
5355,7,C Class,2019,20799,13356,145,61.4,2,SEMI-AUTO,DIESEL
5356,7,C Class,2019,20799,13965,145,61.4,2,SEMI-AUTO,DIESEL
5357,7,C Class,2019,20799,15536,145,61.4,2,SEMI-AUTO,DIESEL
5358,7,C Class,2019,20849,10776,145,61.4,2,SEMI-AUTO,DIESEL
5359,7,C Class,2019,20849,10925,145,61.4,2,SEMI-AUTO,DIESEL
5360,7,C Class,2019,20980,4908,145,44.1,1.5,SEMI-AUTO,PETROL
5361,7,C Class,2019,20980,11412,145,61.4,2,SEMI-AUTO,DIESEL
5362,7,C Class,2019,20980,12794,145,61.4,2,SEMI-AUTO,DIESEL
5363,7,C Class,2019,20980,13137,145,44.1,1.5,SEMI-AUTO,PETROL
5364,7,C Class,2019,20980,13253,145,61.4,2,SEMI-AUTO,DIESEL
5365,7,C Class,2019,20980,13645,145,61.4,2,SEMI-AUTO,DIESEL
5366,7,C Class,2019,20980,14208,145,44.1,1.5,SEMI-AUTO,PETROL
5367,7,C Class,2019,20980,14694,145,44.1,1.5,SEMI-AUTO,PETROL
5368,7,C Class,2019,20980,15933,145,44.1,1.5,SEMI-AUTO,PETROL
5369,7,C Class,2019,20990,3239,145,65.7,1.6,SEMI-AUTO,DIESEL
5370,7,C Class,2019,20999,9883,145,61.4,2,SEMI-AUTO,DIESEL
5371,7,C Class,2019,20999,12394,145,61.4,2,SEMI-AUTO,DIESEL
5372,7,C Class,2019,20999,13070,145,61.4,2,SEMI-AUTO,DIESEL
5373,7,C Class,2019,20999,13318,145,61.4,2,SEMI-AUTO,DIESEL
5374,7,C Class,2019,20999,13467,145,61.4,2,SEMI-AUTO,DIESEL
5375,7,C Class,2019,20999,13731,145,61.4,2,SEMI-AUTO,DIESEL
5376,7,C Class,2019,20999,14663,145,61.4,2,SEMI-AUTO,DIESEL
5377,7,C Class,2019,21099,4535,145,46.3,1.5,SEMI-AUTO,PETROL
5378,7,C Class,2019,21290,14640,145,61.4,2,SEMI-AUTO,DIESEL
5379,7,C Class,2019,21340,12836,145,44.1,1.5,AUTOMATIC,PETROL
5380,7,C Class,2019,21400,6000,145,44.1,1.5,AUTOMATIC,PETROL
5381,7,C Class,2019,21449,19821,145,61.4,2,SEMI-AUTO,DIESEL
5382,7,C Class,2019,21449,20480,145,46.3,1.5,SEMI-AUTO,PETROL
5383,7,C Class,2019,21480,2332,145,47.1,1.6,MANUAL,PETROL
5384,7,C Class,2019,21497,3539,145,64.2,1.6,SEMI-AUTO,DIESEL
5385,7,C Class,2019,21599,9723,145,61.4,2,SEMI-AUTO,DIESEL
5386,7,C Class,2019,21749,5184,145,44.1,1.5,AUTOMATIC,PETROL
5387,7,C Class,2019,21795,6959,145,46.3,1.6,MANUAL,PETROL
5388,7,C Class,2019,21899,2000,145,64.2,1.6,SEMI-AUTO,DIESEL
5389,7,C Class,2019,21940,5149,145,44.1,1.5,AUTOMATIC,PETROL
5390,7,C Class,2019,21980,5572,145,45.6,1.5,SEMI-AUTO,PETROL
5391,7,C Class,2019,21980,7716,145,45.6,1.5,AUTOMATIC,PETROL
5392,7,C Class,2019,21998,14576,145,46.3,1.5,SEMI-AUTO,PETROL
5393,7,C Class,2019,22124,14000,145,45.6,1.5,SEMI-AUTO,PETROL
5394,7,C Class,2019,22156,15179,145,44.1,1.5,AUTOMATIC,PETROL
5395,7,C Class,2019,22270,3233,145,44.1,1.6,AUTOMATIC,PETROL
5396,7,C Class,2019,22280,19358,145,61.4,2,SEMI-AUTO,DIESEL
5397,7,C Class,2019,22291,5266,145,45.6,1.5,AUTOMATIC,PETROL
5398,7,C Class,2019,22299,5800,145,47.1,1.6,MANUAL,PETROL
5399,7,C Class,2019,22444,5526,145,45.6,1.5,AUTOMATIC,PETROL
5400,7,C Class,2019,22498,10455,145,46.3,1.5,SEMI-AUTO,PETROL
5401,7,C Class,2019,22678,15133,145,61.4,2,AUTOMATIC,DIESEL
5402,7,C Class,2019,22699,23185,145,46.3,1.5,SEMI-AUTO,PETROL
5403,7,C Class,2019,22706,6602,145,44.1,1.6,AUTOMATIC,PETROL
5404,7,C Class,2019,22740,17132,145,61.4,2,AUTOMATIC,DIESEL
5405,7,C Class,2019,22800,19526,145,45.6,1.5,SEMI-AUTO,PETROL
5406,7,C Class,2019,22890,6037,145,46.3,1.5,AUTOMATIC,PETROL
5407,7,C Class,2019,22899,4387,145,47.1,1.6,MANUAL,PETROL
5408,7,C Class,2019,22899,14959,145,61.4,2,SEMI-AUTO,DIESEL
5409,7,C Class,2019,22900,21481,145,46.3,1.5,SEMI-AUTO,PETROL
5410,7,C Class,2019,22956,13002,145,58.9,2,AUTOMATIC,DIESEL
5411,7,C Class,2019,22980,7442,145,44.1,1.5,SEMI-AUTO,PETROL
5412,7,C Class,2019,22980,11287,145,58.9,1.6,AUTOMATIC,DIESEL
5413,7,C Class,2019,22980,16302,145,45.6,1.5,SEMI-AUTO,PETROL
5414,7,C Class,2019,23000,14627,145,46.3,1.5,SEMI-AUTO,PETROL
5415,7,C Class,2019,23016,7264,145,45.6,1.5,AUTOMATIC,PETROL
5416,7,C Class,2019,23199,2000,145,65.7,1.6,MANUAL,DIESEL
5417,7,C Class,2019,23200,7000,145,42.2,1.6,AUTOMATIC,PETROL
5418,7,C Class,2019,23206,9150,145,61.4,2,AUTOMATIC,DIESEL
5419,7,C Class,2019,23250,9169,145,44.1,1.5,SEMI-AUTO,PETROL
5420,7,C Class,2019,23250,15349,145,61.4,2,AUTOMATIC,DIESEL
5421,7,C Class,2019,23254,12605,145,61.4,2,AUTOMATIC,DIESEL
5422,7,C Class,2019,23280,3908,145,44.1,1.5,AUTOMATIC,PETROL
5423,7,C Class,2019,23289,15194,145,61.4,2,AUTOMATIC,DIESEL
5424,7,C Class,2019,23289,15458,145,61.4,2,SEMI-AUTO,DIESEL
5425,7,C Class,2019,23290,4693,145,44.1,1.5,AUTOMATIC,PETROL
5426,7,C Class,2019,23295,15312,145,61.4,2,SEMI-AUTO,DIESEL
5427,7,C Class,2019,23299,1617,145,47.1,1.6,MANUAL,PETROL
5428,7,C Class,2019,23299,4289,145,47.1,1.6,MANUAL,PETROL
5429,7,C Class,2019,23389,14339,145,61.4,2,SEMI-AUTO,DIESEL
5430,7,C Class,2019,23389,15000,145,61.4,2,SEMI-AUTO,DIESEL
5431,7,C Class,2019,23399,3342,145,44.1,1.5,SEMI-AUTO,PETROL
5432,7,C Class,2019,23399,3816,145,44.1,1.5,AUTOMATIC,PETROL
5433,7,C Class,2019,23399,3950,145,44.1,1.5,AUTOMATIC,PETROL
5434,7,C Class,2019,23400,8000,145,44.1,1.5,AUTOMATIC,PETROL
5435,7,C Class,2019,23410,10218,145,44.1,1.5,SEMI-AUTO,PETROL
5436,7,C Class,2019,23444,10284,145,61.4,2,AUTOMATIC,DIESEL
5437,7,C Class,2019,23444,13279,145,61.4,2,AUTOMATIC,DIESEL
5438,7,C Class,2019,23480,10934,145,45.6,1.5,SEMI-AUTO,PETROL
5439,7,C Class,2019,23480,14402,145,61.4,2,SEMI-AUTO,DIESEL
5440,7,C Class,2019,23489,14100,145,61.4,2,SEMI-AUTO,DIESEL
5441,7,C Class,2019,23490,10530,145,46.3,1.5,SEMI-AUTO,PETROL
5442,7,C Class,2019,23490,14833,145,61.4,2,SEMI-AUTO,DIESEL
5443,7,C Class,2019,23490,16926,145,45.6,1.5,AUTOMATIC,PETROL
5444,7,C Class,2019,23495,12449,145,45.6,1.5,AUTOMATIC,PETROL
5445,7,C Class,2019,23498,19204,150,61.4,2,SEMI-AUTO,DIESEL
5446,7,C Class,2019,23499,712,145,47.1,1.6,MANUAL,PETROL
5447,7,C Class,2019,23499,3162,145,47.1,1.6,MANUAL,PETROL
5448,7,C Class,2019,23499,14651,145,44.1,1.5,AUTOMATIC,PETROL
5449,7,C Class,2019,23499,15242,145,61.4,2,SEMI-AUTO,DIESEL
5450,7,C Class,2019,23549,17549,145,46.3,1.5,SEMI-AUTO,PETROL
5451,7,C Class,2019,23589,13142,145,61.4,2,SEMI-AUTO,DIESEL
5452,7,C Class,2019,23624,12951,145,61.4,2,AUTOMATIC,DIESEL
5453,7,C Class,2019,23680,3436,145,44.1,1.5,SEMI-AUTO,PETROL
5454,7,C Class,2019,23740,13046,145,61.4,2,SEMI-AUTO,DIESEL
5455,7,C Class,2019,23780,14663,145,44.1,1.5,SEMI-AUTO,PETROL
5456,7,C Class,2019,23799,5762,145,45.6,1.5,AUTOMATIC,PETROL
5457,7,C Class,2019,23799,12946,145,61.4,2,SEMI-AUTO,DIESEL
5458,7,C Class,2019,23799,14507,145,46.3,1.5,SEMI-AUTO,PETROL
5459,7,C Class,2019,23825,11135,145,44.1,1.5,AUTOMATIC,PETROL
5460,7,C Class,2019,23849,14079,145,61.4,2,SEMI-AUTO,DIESEL
5461,7,C Class,2019,23849,15207,145,46.3,1.5,SEMI-AUTO,PETROL
5462,7,C Class,2019,23849,15499,145,46.3,1.5,SEMI-AUTO,PETROL
5463,7,C Class,2019,23879,551,145,47.1,1.6,MANUAL,PETROL
5464,7,C Class,2019,23879,1000,145,47.1,1.6,MANUAL,PETROL
5465,7,C Class,2019,23879,1000,145,47.1,1.6,MANUAL,PETROL
5466,7,C Class,2019,23879,1000,145,47.1,1.6,MANUAL,PETROL
5467,7,C Class,2019,23899,15337,145,46.3,1.5,SEMI-AUTO,PETROL
5468,7,C Class,2019,23900,14755,145,44.1,1.5,SEMI-AUTO,PETROL
5469,7,C Class,2019,23948,16496,145,46.3,1.5,AUTOMATIC,PETROL
5470,7,C Class,2019,23949,12076,145,45.6,1.5,AUTOMATIC,PETROL
5471,7,C Class,2019,23949,14658,145,46.3,1.5,SEMI-AUTO,PETROL
5472,7,C Class,2019,23949,18542,145,46.3,1.5,SEMI-AUTO,PETROL
5473,7,C Class,2019,23980,5164,145,45.6,1.5,SEMI-AUTO,PETROL
5474,7,C Class,2019,23980,13864,145,61.4,2,SEMI-AUTO,DIESEL
5475,7,C Class,2019,23990,1647,145,45.6,1.5,AUTOMATIC,PETROL
5476,7,C Class,2019,23990,9160,150,45.6,1.5,SEMI-AUTO,PETROL
5477,7,C Class,2019,23990,14271,145,46.3,1.5,AUTOMATIC,PETROL
5478,7,C Class,2019,23990,15257,145,46.3,1.5,AUTOMATIC,PETROL
5479,7,C Class,2019,23991,9179,145,64.2,2,SEMI-AUTO,DIESEL
5480,7,C Class,2019,23994,12794,145,46.3,1.5,AUTOMATIC,PETROL
5481,7,C Class,2019,23995,6099,145,47.1,1.5,AUTOMATIC,PETROL
5482,7,C Class,2019,23995,10441,145,45.6,1.5,SEMI-AUTO,PETROL
5483,7,C Class,2019,23995,14141,145,46.3,1.5,AUTOMATIC,PETROL
5484,7,C Class,2019,23995,15280,145,44.1,1.5,SEMI-AUTO,PETROL
5485,7,C Class,2019,23998,10357,145,61.4,2,SEMI-AUTO,DIESEL
5486,7,C Class,2019,23999,6328,145,46.3,1.5,AUTOMATIC,PETROL
5487,7,C Class,2019,23999,9323,145,47.1,1.5,AUTOMATIC,PETROL
5488,7,C Class,2019,24000,5207,145,44.1,1.5,SEMI-AUTO,PETROL
5489,7,C Class,2019,24000,7286,145,44.1,1.5,SEMI-AUTO,PETROL
5490,7,C Class,2019,24039,1066,145,47.1,1.6,MANUAL,PETROL
5491,7,C Class,2019,24049,12880,145,61.4,2,SEMI-AUTO,DIESEL
5492,7,C Class,2019,24055,7475,145,61.4,2,AUTOMATIC,DIESEL
5493,7,C Class,2019,24099,9501,145,57.7,2.1,AUTOMATIC,DIESEL
5494,7,C Class,2019,24190,13733,145,46.3,1.5,AUTOMATIC,PETROL
5495,7,C Class,2019,24199,3250,145,44.1,1.5,AUTOMATIC,PETROL
5496,7,C Class,2019,24199,9361,145,44.1,1.5,SEMI-AUTO,PETROL
5497,7,C Class,2019,24202,8252,145,45.6,1.5,AUTOMATIC,PETROL
5498,7,C Class,2019,24244,10804,145,46.3,1.5,AUTOMATIC,PETROL
5499,7,C Class,2019,24244,11907,145,44.1,1.5,AUTOMATIC,PETROL
5500,7,C Class,2019,24249,15764,145,44.1,1.5,SEMI-AUTO,PETROL
5501,7,C Class,2019,24290,5542,145,42.2,1.6,SEMI-AUTO,PETROL
5502,7,C Class,2019,24295,6063,145,45.6,1.5,AUTOMATIC,PETROL
5503,7,C Class,2019,24299,5098,145,44.1,1.5,AUTOMATIC,PETROL
5504,7,C Class,2019,24299,9063,145,61.4,2,SEMI-AUTO,DIESEL
5505,7,C Class,2019,24299,11403,145,61.4,2,SEMI-AUTO,DIESEL
5506,7,C Class,2019,24299,12321,145,58.9,2,SEMI-AUTO,DIESEL
5507,7,C Class,2019,24299,12546,145,61.4,2,SEMI-AUTO,DIESEL
5508,7,C Class,2019,24299,14333,145,61.4,2,SEMI-AUTO,DIESEL
5509,7,C Class,2019,24306,15253,145,61.4,2,SEMI-AUTO,DIESEL
5510,7,C Class,2019,24389,2000,145,44.1,1.5,SEMI-AUTO,PETROL
5511,7,C Class,2019,24399,13469,145,58.9,2,SEMI-AUTO,DIESEL
5512,7,C Class,2019,24399,15028,145,46.3,1.5,SEMI-AUTO,PETROL
5513,7,C Class,2019,24400,6000,145,60.1,1.6,AUTOMATIC,DIESEL
5514,7,C Class,2019,24400,10000,145,44.1,1.5,AUTOMATIC,PETROL
5515,7,C Class,2019,24433,2326,145,46.3,1.5,AUTOMATIC,PETROL
5516,7,C Class,2019,24450,10471,145,64.2,2,SEMI-AUTO,DIESEL
5517,7,C Class,2019,24480,13314,145,58.9,2,SEMI-AUTO,DIESEL
5518,7,C Class,2019,24490,6247,150,64.2,2,SEMI-AUTO,DIESEL
5519,7,C Class,2019,24490,6877,145,61.4,2.1,SEMI-AUTO,DIESEL
5520,7,C Class,2019,24495,10000,145,61.4,2,SEMI-AUTO,DIESEL
5521,7,C Class,2019,24495,15674,145,60.1,1.6,SEMI-AUTO,DIESEL
5522,7,C Class,2019,24498,7937,150,47.1,1.5,SEMI-AUTO,PETROL
5523,7,C Class,2019,24498,12629,145,61.4,2.1,SEMI-AUTO,DIESEL
5524,7,C Class,2019,24498,15838,145,61.4,2,SEMI-AUTO,DIESEL
5525,7,C Class,2019,24499,3984,145,44.1,1.5,SEMI-AUTO,PETROL
5526,7,C Class,2019,24499,10635,145,44.1,1.5,AUTOMATIC,PETROL
5527,7,C Class,2019,24499,12902,145,61.4,2,SEMI-AUTO,DIESEL
5528,7,C Class,2019,24499,14525,145,44.1,1.5,SEMI-AUTO,PETROL
5529,7,C Class,2019,24500,2827,145,45.6,1.5,SEMI-AUTO,PETROL
5530,7,C Class,2019,24500,9200,145,45.6,1.5,SEMI-AUTO,PETROL
5531,7,C Class,2019,24500,15004,145,61.4,2,SEMI-AUTO,DIESEL
5532,7,C Class,2019,24510,11368,145,58.9,1.6,AUTOMATIC,DIESEL
5533,7,C Class,2019,24549,2575,145,45.6,1.5,SEMI-AUTO,PETROL
5534,7,C Class,2019,24549,14642,145,46.3,1.5,SEMI-AUTO,PETROL
5535,7,C Class,2019,24595,15274,145,61.4,2,SEMI-AUTO,DIESEL
5536,7,C Class,2019,24599,9888,145,46.3,1.5,SEMI-AUTO,PETROL
5537,7,C Class,2019,24599,9905,145,58.9,2,SEMI-AUTO,DIESEL
5538,7,C Class,2019,24599,14234,145,46.3,1.5,SEMI-AUTO,PETROL
5539,7,C Class,2019,24600,9174,145,45.6,1.5,SEMI-AUTO,PETROL
5540,7,C Class,2019,24626,14923,145,58.9,2,AUTOMATIC,DIESEL
5541,7,C Class,2019,24640,11900,145,47.1,1.5,AUTOMATIC,PETROL
5542,7,C Class,2019,24640,14751,145,61.4,2,SEMI-AUTO,DIESEL
5543,7,C Class,2019,24648,10651,145,60.1,2.1,SEMI-AUTO,DIESEL
5544,7,C Class,2019,24680,10795,145,45.6,1.5,SEMI-AUTO,PETROL
5545,7,C Class,2019,24690,14864,145,61.4,2,AUTOMATIC,DIESEL
5546,7,C Class,2019,24690,15210,145,47.1,1.5,SEMI-AUTO,PETROL
5547,7,C Class,2019,24699,4040,145,46.3,1.5,SEMI-AUTO,PETROL
5548,7,C Class,2019,24699,6783,145,44.1,1.5,SEMI-AUTO,PETROL
5549,7,C Class,2019,24699,13662,145,46.3,1.5,SEMI-AUTO,PETROL
5550,7,C Class,2019,24700,12944,145,61.4,2,SEMI-AUTO,DIESEL
5551,7,C Class,2019,24724,10545,145,47.1,1.5,SEMI-AUTO,PETROL
5552,7,C Class,2019,24736,10605,145,64.2,2,SEMI-AUTO,DIESEL
5553,7,C Class,2019,24748,13479,145,47.1,1.5,AUTOMATIC,PETROL
5554,7,C Class,2019,24780,13539,145,61.4,2,SEMI-AUTO,DIESEL
5555,7,C Class,2019,24789,428,145,44.1,1.5,AUTOMATIC,PETROL
5556,7,C Class,2019,24790,10637,150,64.2,2,AUTOMATIC,DIESEL
5557,7,C Class,2019,24799,508,145,44.1,1.5,AUTOMATIC,PETROL
5558,7,C Class,2019,24799,6370,145,44.1,1.5,AUTOMATIC,PETROL
5559,7,C Class,2019,24799,12999,145,46.3,1.5,SEMI-AUTO,PETROL
5560,7,C Class,2019,24799,13012,145,46.3,1.5,SEMI-AUTO,PETROL
5561,7,C Class,2019,24799,19484,145,61.4,2,SEMI-AUTO,DIESEL
5562,7,C Class,2019,24849,1446,145,45.6,1.5,AUTOMATIC,PETROL
5563,7,C Class,2019,24849,5000,145,44.1,1.5,SEMI-AUTO,PETROL
5564,7,C Class,2019,24890,7917,145,42.2,2,AUTOMATIC,PETROL
5565,7,C Class,2019,24899,3335,145,61.4,2,SEMI-AUTO,DIESEL
5566,7,C Class,2019,24899,7137,145,47.1,1.5,AUTOMATIC,PETROL
5567,7,C Class,2019,24899,12437,145,46.3,1.5,SEMI-AUTO,PETROL
5568,7,C Class,2019,24915,13101,145,61.4,2,AUTOMATIC,DIESEL
5569,7,C Class,2019,24924,12907,145,61.4,2,SEMI-AUTO,DIESEL
5570,7,C Class,2019,24940,15275,145,45.6,1.5,SEMI-AUTO,PETROL
5571,7,C Class,2019,24944,13538,145,58.9,2,AUTOMATIC,DIESEL
5572,7,C Class,2019,24950,6224,145,44.1,1.5,AUTOMATIC,PETROL
5573,7,C Class,2019,24950,7006,145,47.1,1.5,AUTOMATIC,PETROL
5574,7,C Class,2019,24980,2072,145,47.9,2,SEMI-AUTO,PETROL
5575,7,C Class,2019,24980,4238,145,45.6,1.5,SEMI-AUTO,PETROL
5576,7,C Class,2019,24980,4363,145,45.6,1.5,SEMI-AUTO,PETROL
5577,7,C Class,2019,24980,4444,145,45.6,1.5,SEMI-AUTO,PETROL
5578,7,C Class,2019,24980,4737,145,45.6,1.5,SEMI-AUTO,PETROL
5579,7,C Class,2019,24980,5453,145,45.6,1.5,SEMI-AUTO,PETROL
5580,7,C Class,2019,24980,6539,145,45.6,1.5,SEMI-AUTO,PETROL
5581,7,C Class,2019,24980,6784,145,45.6,1.5,SEMI-AUTO,PETROL
5582,7,C Class,2019,24980,6894,145,45.6,1.5,SEMI-AUTO,PETROL
5583,7,C Class,2019,24980,7043,145,45.6,1.5,SEMI-AUTO,PETROL
5584,7,C Class,2019,24980,7811,145,45.6,1.5,AUTOMATIC,PETROL
5585,7,C Class,2019,24980,11589,145,45.6,1.5,SEMI-AUTO,PETROL
5586,7,C Class,2019,24980,15000,145,60.1,1.6,AUTOMATIC,DIESEL
5587,7,C Class,2019,24990,7419,145,64.2,2,SEMI-AUTO,DIESEL
5588,7,C Class,2019,24992,8238,145,44.1,1.5,AUTOMATIC,PETROL
5589,7,C Class,2019,24995,3485,145,46.3,1.5,AUTOMATIC,PETROL
5590,7,C Class,2019,24998,2073,145,45.6,1.5,AUTOMATIC,PETROL
5591,7,C Class,2019,24998,9344,145,55.4,2,SEMI-AUTO,DIESEL
5592,7,C Class,2019,24998,12999,145,58.9,2,SEMI-AUTO,DIESEL
5593,7,C Class,2019,24998,15009,145,47.1,1.5,SEMI-AUTO,PETROL
5594,7,C Class,2019,24998,15536,145,47.1,1.5,SEMI-AUTO,PETROL
5595,7,C Class,2019,24998,16103,145,47.1,1.5,SEMI-AUTO,PETROL
5596,7,C Class,2019,24998,22400,145,44.1,1.5,SEMI-AUTO,PETROL
5597,7,C Class,2019,24999,5448,145,60.1,2.1,AUTOMATIC,DIESEL
5598,7,C Class,2019,24999,6064,145,61.4,2,AUTOMATIC,DIESEL
5599,7,C Class,2019,24999,6330,145,45.6,1.5,SEMI-AUTO,PETROL
5600,7,C Class,2019,24999,11574,145,45.6,1.5,AUTOMATIC,PETROL
5601,7,C Class,2019,24999,11842,145,46.3,1.5,SEMI-AUTO,PETROL
5602,7,C Class,2019,24999,14822,145,47.1,1.5,SEMI-AUTO,PETROL
5603,7,C Class,2019,25000,481,145,45.6,1.5,SEMI-AUTO,PETROL
5604,7,C Class,2019,25000,10000,145,60.1,1.6,SEMI-AUTO,DIESEL
5605,7,C Class,2019,25000,13169,145,44.1,1.5,SEMI-AUTO,PETROL
5606,7,C Class,2019,25080,3131,145,42.2,1.5,SEMI-AUTO,PETROL
5607,7,C Class,2019,25099,3400,145,42.2,1.6,AUTOMATIC,PETROL
5608,7,C Class,2019,25099,4289,145,44.1,1.5,AUTOMATIC,PETROL
5609,7,C Class,2019,25104,14725,145,61.4,2,SEMI-AUTO,DIESEL
5610,7,C Class,2019,25122,13852,145,61.4,2,SEMI-AUTO,DIESEL
5611,7,C Class,2019,25149,13157,145,45.6,1.5,SEMI-AUTO,PETROL
5612,7,C Class,2019,25149,15184,145,47.1,1.5,SEMI-AUTO,PETROL
5613,7,C Class,2019,25199,4292,145,44.1,1.5,SEMI-AUTO,PETROL
5614,7,C Class,2019,25199,5856,145,61.4,2,SEMI-AUTO,DIESEL
5615,7,C Class,2019,25199,5910,145,42.2,1.6,SEMI-AUTO,PETROL
5616,7,C Class,2019,25199,14708,145,47.1,1.5,SEMI-AUTO,PETROL
5617,7,C Class,2019,25199,14855,145,47.1,1.5,SEMI-AUTO,PETROL
5618,7,C Class,2019,25199,15238,145,61.4,2,SEMI-AUTO,DIESEL
5619,7,C Class,2019,25249,1729,145,45.6,1.5,SEMI-AUTO,PETROL
5620,7,C Class,2019,25249,10597,145,46.3,1.5,SEMI-AUTO,PETROL
5621,7,C Class,2019,25299,2499,145,44.1,1.5,AUTOMATIC,PETROL
5622,7,C Class,2019,25299,4004,145,44.1,1.5,SEMI-AUTO,PETROL
5623,7,C Class,2019,25299,10061,145,46.3,1.5,SEMI-AUTO,PETROL
5624,7,C Class,2019,25299,10185,145,46.3,1.5,SEMI-AUTO,PETROL
5625,7,C Class,2019,25299,10211,145,46.3,1.5,SEMI-AUTO,PETROL
5626,7,C Class,2019,25299,10234,145,46.3,1.5,SEMI-AUTO,PETROL
5627,7,C Class,2019,25316,12695,145,44.1,1.5,SEMI-AUTO,PETROL
5628,7,C Class,2019,25349,9172,145,46.3,1.5,SEMI-AUTO,PETROL
5629,7,C Class,2019,25349,9687,145,46.3,1.5,SEMI-AUTO,PETROL
5630,7,C Class,2019,25349,9728,145,46.3,1.5,SEMI-AUTO,PETROL
5631,7,C Class,2019,25349,10503,145,44.1,1.5,SEMI-AUTO,PETROL
5632,7,C Class,2019,25349,10544,145,44.1,1.5,SEMI-AUTO,PETROL
5633,7,C Class,2019,25389,1839,145,45.6,1.5,SEMI-AUTO,PETROL
5634,7,C Class,2019,25389,2000,145,45.6,1.5,SEMI-AUTO,PETROL
5635,7,C Class,2019,25389,2000,145,45.6,1.5,SEMI-AUTO,PETROL
5636,7,C Class,2019,25389,3000,145,45.6,1.5,SEMI-AUTO,PETROL
5637,7,C Class,2019,25389,8639,145,45.6,1.5,SEMI-AUTO,PETROL
5638,7,C Class,2019,25390,7945,145,44.1,1.6,SEMI-AUTO,PETROL
5639,7,C Class,2019,25399,3585,145,44.1,1.5,SEMI-AUTO,PETROL
5640,7,C Class,2019,25399,6612,145,45.6,1.5,AUTOMATIC,PETROL
5641,7,C Class,2019,25399,10260,145,44.1,1.5,SEMI-AUTO,PETROL
5642,7,C Class,2019,25399,13636,145,47.1,1.5,SEMI-AUTO,PETROL
5643,7,C Class,2019,25399,13654,145,47.1,1.5,SEMI-AUTO,PETROL
5644,7,C Class,2019,25400,14682,145,45.6,1.5,SEMI-AUTO,PETROL
5645,7,C Class,2019,25440,8763,145,61.4,2,SEMI-AUTO,DIESEL
5646,7,C Class,2019,25446,16281,145,47.1,1.5,AUTOMATIC,PETROL
5647,7,C Class,2019,25449,13193,145,47.1,1.5,SEMI-AUTO,PETROL
5648,7,C Class,2019,25449,13197,145,47.1,1.5,SEMI-AUTO,PETROL
5649,7,C Class,2019,25449,13280,145,47.1,1.5,SEMI-AUTO,PETROL
5650,7,C Class,2019,25480,12016,145,46.3,1.5,SEMI-AUTO,PETROL
5651,7,C Class,2019,25490,10079,145,45.6,1.5,SEMI-AUTO,PETROL
5652,7,C Class,2019,25494,4158,145,46.3,1.5,AUTOMATIC,PETROL
5653,7,C Class,2019,25495,631,145,60.1,2.1,SEMI-AUTO,DIESEL
5654,7,C Class,2019,25495,4040,145,44.1,1.6,AUTOMATIC,PETROL
5655,7,C Class,2019,25495,5947,145,42.2,1.6,SEMI-AUTO,PETROL
5656,7,C Class,2019,25495,12067,150,47.1,1.5,SEMI-AUTO,PETROL
5657,7,C Class,2019,25495,12382,150,47.1,1.5,SEMI-AUTO,PETROL
5658,7,C Class,2019,25498,8150,145,60.1,1.6,SEMI-AUTO,DIESEL
5659,7,C Class,2019,25499,8960,145,46.3,1.5,SEMI-AUTO,PETROL
5660,7,C Class,2019,25499,13155,145,46.3,1.5,AUTOMATIC,PETROL
5661,7,C Class,2019,25499,13896,145,46.3,1.5,SEMI-AUTO,PETROL
5662,7,C Class,2019,25499,15175,145,61.4,2,SEMI-AUTO,DIESEL
5663,7,C Class,2019,25499,15414,145,61.4,2,SEMI-AUTO,DIESEL
5664,7,C Class,2019,25499,16121,145,61.4,2,SEMI-AUTO,DIESEL
5665,7,C Class,2019,25499,16226,145,61.4,2,SEMI-AUTO,DIESEL
5666,7,C Class,2019,25500,7000,145,64.2,2,SEMI-AUTO,DIESEL
5667,7,C Class,2019,25549,8597,145,46.3,1.5,SEMI-AUTO,PETROL
5668,7,C Class,2019,25549,14874,145,61.4,2,SEMI-AUTO,DIESEL
5669,7,C Class,2019,25549,14923,145,61.4,2,SEMI-AUTO,DIESEL
5670,7,C Class,2019,25549,14995,145,61.4,2,SEMI-AUTO,DIESEL
5671,7,C Class,2019,25549,15012,145,61.4,2,SEMI-AUTO,DIESEL
5672,7,C Class,2019,25549,15016,145,61.4,2,SEMI-AUTO,DIESEL
5673,7,C Class,2019,25549,15074,145,61.4,2,SEMI-AUTO,DIESEL
5674,7,C Class,2019,25549,15144,150,61.4,2,SEMI-AUTO,DIESEL
5675,7,C Class,2019,25549,15144,145,61.4,2,SEMI-AUTO,DIESEL
5676,7,C Class,2019,25599,2648,145,44.1,1.5,SEMI-AUTO,PETROL
5677,7,C Class,2019,25599,11664,145,47.1,1.5,AUTOMATIC,PETROL
5678,7,C Class,2019,25599,12187,145,47.1,1.5,SEMI-AUTO,PETROL
5679,7,C Class,2019,25599,12300,145,47.1,1.5,SEMI-AUTO,PETROL
5680,7,C Class,2019,25599,13624,145,46.3,1.5,SEMI-AUTO,PETROL
5681,7,C Class,2019,25599,15391,145,61.4,2,SEMI-AUTO,DIESEL
5682,7,C Class,2019,25649,7861,145,46.3,1.5,SEMI-AUTO,PETROL
5683,7,C Class,2019,25649,8108,145,46.3,1.5,SEMI-AUTO,PETROL
5684,7,C Class,2019,25695,2000,145,46.3,1.5,SEMI-AUTO,PETROL
5685,7,C Class,2019,25699,2547,145,42.2,1.6,SEMI-AUTO,PETROL
5686,7,C Class,2019,25699,3350,145,58.9,1.6,AUTOMATIC,DIESEL
5687,7,C Class,2019,25699,6184,145,45.6,1.5,SEMI-AUTO,PETROL
5688,7,C Class,2019,25699,7521,145,45.6,1.5,SEMI-AUTO,PETROL
5689,7,C Class,2019,25699,11738,145,47.1,1.5,SEMI-AUTO,PETROL
5690,7,C Class,2019,25699,11744,145,47.1,1.5,SEMI-AUTO,PETROL
5691,7,C Class,2019,25699,11793,145,47.1,1.5,SEMI-AUTO,PETROL
5692,7,C Class,2019,25699,11805,145,47.1,1.5,SEMI-AUTO,PETROL
5693,7,C Class,2019,25699,13044,145,61.4,2,SEMI-AUTO,DIESEL
5694,7,C Class,2019,25699,14936,145,61.4,2,SEMI-AUTO,DIESEL
5695,7,C Class,2019,25699,15067,145,61.4,2,SEMI-AUTO,DIESEL
5696,7,C Class,2019,25699,15251,145,61.4,2,SEMI-AUTO,DIESEL
5697,7,C Class,2019,25749,11397,145,47.1,1.5,SEMI-AUTO,PETROL
5698,7,C Class,2019,25749,11473,145,47.1,1.5,SEMI-AUTO,PETROL
5699,7,C Class,2019,25749,13789,145,61.4,2,SEMI-AUTO,DIESEL
5700,7,C Class,2019,25749,13807,145,61.4,2,SEMI-AUTO,DIESEL
5701,7,C Class,2019,25749,13873,145,61.4,2,SEMI-AUTO,DIESEL
5702,7,C Class,2019,25749,13894,145,61.4,2,SEMI-AUTO,DIESEL
5703,7,C Class,2019,25780,14843,145,61.4,2,SEMI-AUTO,DIESEL
5704,7,C Class,2019,25780,16900,145,47.1,1.5,SEMI-AUTO,PETROL
5705,7,C Class,2019,25795,12986,145,58.9,2,SEMI-AUTO,DIESEL
5706,7,C Class,2019,25799,200,145,45.6,1.5,SEMI-AUTO,PETROL
5707,7,C Class,2019,25799,200,145,45.6,1.5,SEMI-AUTO,PETROL
5708,7,C Class,2019,25799,1000,145,45.6,1.5,SEMI-AUTO,PETROL
5709,7,C Class,2019,25799,1000,145,45.6,1.5,SEMI-AUTO,PETROL
5710,7,C Class,2019,25799,1649,145,44.1,1.5,AUTOMATIC,PETROL
5711,7,C Class,2019,25799,2177,145,47.1,1.5,AUTOMATIC,PETROL
5712,7,C Class,2019,25799,7144,145,46.3,1.5,SEMI-AUTO,PETROL
5713,7,C Class,2019,25799,7508,145,64.2,2,AUTOMATIC,DIESEL
5714,7,C Class,2019,25799,10892,145,47.1,1.5,AUTOMATIC,PETROL
5715,7,C Class,2019,25799,10996,145,47.1,1.5,SEMI-AUTO,PETROL
5716,7,C Class,2019,25799,11056,145,47.1,1.5,SEMI-AUTO,PETROL
5717,7,C Class,2019,25799,13571,145,61.4,2,SEMI-AUTO,DIESEL
5718,7,C Class,2019,25799,14944,145,47.1,1.5,SEMI-AUTO,PETROL
5719,7,C Class,2019,25829,9924,145,60.1,2,AUTOMATIC,DIESEL
5720,7,C Class,2019,25830,6516,145,60.1,1.6,AUTOMATIC,DIESEL
5721,7,C Class,2019,25849,6685,145,46.3,1.5,SEMI-AUTO,PETROL
5722,7,C Class,2019,25849,6880,145,46.3,1.5,SEMI-AUTO,PETROL
5723,7,C Class,2019,25849,10977,145,47.1,1.5,SEMI-AUTO,PETROL
5724,7,C Class,2019,25849,13158,145,61.4,2,SEMI-AUTO,DIESEL
5725,7,C Class,2019,25849,13244,145,61.4,2,SEMI-AUTO,DIESEL
5726,7,C Class,2019,25890,4074,145,44.1,1.5,AUTOMATIC,PETROL
5727,7,C Class,2019,25890,10454,145,64.2,2,AUTOMATIC,DIESEL
5728,7,C Class,2019,25899,3780,145,42.2,2,SEMI-AUTO,PETROL
5729,7,C Class,2019,25899,6765,145,45.6,1.5,SEMI-AUTO,PETROL
5730,7,C Class,2019,25899,10662,145,47.1,1.5,SEMI-AUTO,PETROL
5731,7,C Class,2019,25899,11151,145,44.1,1.5,SEMI-AUTO,PETROL
5732,7,C Class,2019,25899,13027,145,61.4,2,SEMI-AUTO,DIESEL
5733,7,C Class,2019,25900,9625,150,47.1,1.5,SEMI-AUTO,PETROL
5734,7,C Class,2019,25949,10201,145,47.1,1.5,SEMI-AUTO,PETROL
5735,7,C Class,2019,25949,10272,145,47.1,1.5,SEMI-AUTO,PETROL
5736,7,C Class,2019,25949,12582,145,61.4,2,SEMI-AUTO,DIESEL
5737,7,C Class,2019,25949,12722,145,61.4,2,SEMI-AUTO,DIESEL
5738,7,C Class,2019,25950,1090,145,44.1,1.5,AUTOMATIC,PETROL
5739,7,C Class,2019,25950,10485,145,47.1,1.5,AUTOMATIC,PETROL
5740,7,C Class,2019,25980,6206,145,45.6,1.5,SEMI-AUTO,PETROL
5741,7,C Class,2019,25980,8999,145,45.6,1.5,SEMI-AUTO,PETROL
5742,7,C Class,2019,25980,9156,145,64.2,2,SEMI-AUTO,DIESEL
5743,7,C Class,2019,25980,11395,145,46.3,1.5,SEMI-AUTO,PETROL
5744,7,C Class,2019,25980,11412,145,45.6,1.5,SEMI-AUTO,PETROL
5745,7,C Class,2019,25980,11581,145,58.9,2,SEMI-AUTO,DIESEL
5746,7,C Class,2019,25980,12285,145,45.6,1.5,SEMI-AUTO,PETROL
5747,7,C Class,2019,25980,12436,145,47.1,1.5,SEMI-AUTO,PETROL
5748,7,C Class,2019,25980,12810,145,45.6,1.5,SEMI-AUTO,PETROL
5749,7,C Class,2019,25980,13012,145,46.3,1.5,SEMI-AUTO,PETROL
5750,7,C Class,2019,25980,13214,145,46.3,1.5,SEMI-AUTO,PETROL
5751,7,C Class,2019,25980,13624,145,45.6,1.5,SEMI-AUTO,PETROL
5752,7,C Class,2019,25980,14284,145,61.4,2,SEMI-AUTO,DIESEL
5753,7,C Class,2019,25980,14284,145,61.4,2,SEMI-AUTO,DIESEL
5754,7,C Class,2019,25980,15070,145,61.4,2,SEMI-AUTO,DIESEL
5755,7,C Class,2019,25989,2997,145,44.1,1.5,AUTOMATIC,PETROL
5756,7,C Class,2019,25990,11728,145,56.5,2,SEMI-AUTO,DIESEL
5757,7,C Class,2019,25990,13275,145,58.9,2,AUTOMATIC,DIESEL
5758,7,C Class,2019,25995,4235,145,60.1,1.6,AUTOMATIC,DIESEL
5759,7,C Class,2019,25995,7868,145,60.1,1.6,SEMI-AUTO,DIESEL
5760,7,C Class,2019,25995,10051,145,64.2,2,AUTOMATIC,DIESEL
5761,7,C Class,2019,25995,10085,145,56.5,2,SEMI-AUTO,DIESEL
5762,7,C Class,2019,25995,22000,145,55.4,2,SEMI-AUTO,DIESEL
5763,7,C Class,2019,25999,5910,145,46.3,1.5,SEMI-AUTO,PETROL
5764,7,C Class,2019,25999,5922,145,45.6,1.5,SEMI-AUTO,PETROL
5765,7,C Class,2019,25999,10405,150,47.1,1.5,AUTOMATIC,PETROL
5766,7,C Class,2019,25999,10914,145,46.3,1.5,SEMI-AUTO,PETROL
5767,7,C Class,2019,25999,12353,145,61.4,2,SEMI-AUTO,DIESEL
5768,7,C Class,2019,25999,13269,145,61.4,2,SEMI-AUTO,DIESEL
5769,7,C Class,2019,25999,13701,145,47.1,1.5,SEMI-AUTO,PETROL
5770,7,C Class,2019,25999,14344,145,61.4,2,SEMI-AUTO,DIESEL
5771,7,C Class,2019,25999,14895,145,61.4,2,SEMI-AUTO,DIESEL
5772,7,C Class,2019,25999,15195,145,61.4,2,SEMI-AUTO,DIESEL
5773,7,C Class,2019,26000,5046,145,45.6,1.5,SEMI-AUTO,PETROL
5774,7,C Class,2019,26000,6878,150,47.1,1.5,SEMI-AUTO,PETROL
5775,7,C Class,2019,26000,9180,145,64.2,2,SEMI-AUTO,DIESEL
5776,7,C Class,2019,26049,9612,145,47.1,1.5,SEMI-AUTO,PETROL
5777,7,C Class,2019,26049,9693,145,47.1,1.5,SEMI-AUTO,PETROL
5778,7,C Class,2019,26049,9785,145,47.1,1.5,SEMI-AUTO,PETROL
5779,7,C Class,2019,26056,10096,145,46.3,1.5,SEMI-AUTO,PETROL
5780,7,C Class,2019,26076,4510,145,61.4,2,SEMI-AUTO,DIESEL
5781,7,C Class,2019,26099,5433,145,45.6,1.5,SEMI-AUTO,PETROL
5782,7,C Class,2019,26099,9227,145,47.1,1.5,SEMI-AUTO,PETROL
5783,7,C Class,2019,26099,9445,145,47.1,1.5,SEMI-AUTO,PETROL
5784,7,C Class,2019,26140,11674,145,64.2,2,SEMI-AUTO,DIESEL
5785,7,C Class,2019,26149,11357,145,61.4,2,SEMI-AUTO,DIESEL
5786,7,C Class,2019,26154,14696,145,56.5,2,AUTOMATIC,DIESEL
5787,7,C Class,2019,26176,9463,145,46.3,1.5,SEMI-AUTO,PETROL
5788,7,C Class,2019,26176,14232,145,47.1,1.5,SEMI-AUTO,PETROL
5789,7,C Class,2019,26190,7126,145,47.1,1.5,AUTOMATIC,PETROL
5790,7,C Class,2019,26199,9690,145,44.1,1.5,SEMI-AUTO,PETROL
5791,7,C Class,2019,26249,3696,145,43.5,2,SEMI-AUTO,PETROL
5792,7,C Class,2019,26249,8588,145,47.1,1.5,SEMI-AUTO,PETROL
5793,7,C Class,2019,26249,10785,145,61.4,2,SEMI-AUTO,DIESEL
5794,7,C Class,2019,26256,14895,145,61.4,2,SEMI-AUTO,DIESEL
5795,7,C Class,2019,26280,11923,145,51.4,2,SEMI-AUTO,DIESEL
5796,7,C Class,2019,26289,650,145,46.3,1.5,AUTOMATIC,PETROL
5797,7,C Class,2019,26291,6084,145,61.4,2,AUTOMATIC,DIESEL
5798,7,C Class,2019,26299,5661,145,46.3,1.5,SEMI-AUTO,PETROL
5799,7,C Class,2019,26299,8059,145,47.1,1.5,SEMI-AUTO,PETROL
5800,7,C Class,2019,26299,8214,145,47.1,1.5,SEMI-AUTO,PETROL
5801,7,C Class,2019,26299,9163,145,46.3,1.5,SEMI-AUTO,PETROL
5802,7,C Class,2019,26299,13149,145,61.4,2,SEMI-AUTO,DIESEL
5803,7,C Class,2019,26299,13237,145,47.1,1.5,SEMI-AUTO,PETROL
5804,7,C Class,2019,26349,8999,145,60.1,1.6,AUTOMATIC,DIESEL
5805,7,C Class,2019,26349,10299,145,61.4,2,SEMI-AUTO,DIESEL
5806,7,C Class,2019,26350,7712,145,60.1,1.6,AUTOMATIC,DIESEL
5807,7,C Class,2019,26356,4128,145,61.4,2,SEMI-AUTO,DIESEL
5808,7,C Class,2019,26396,2638,145,45.6,1.5,AUTOMATIC,PETROL
5809,7,C Class,2019,26396,14107,145,61.4,2,SEMI-AUTO,DIESEL
5810,7,C Class,2019,26399,3553,145,47.9,2,SEMI-AUTO,PETROL
5811,7,C Class,2019,26399,7645,145,47.1,1.5,SEMI-AUTO,PETROL
5812,7,C Class,2019,26399,9961,145,61.4,2,SEMI-AUTO,DIESEL
5813,7,C Class,2019,26427,13888,145,55.4,2,AUTOMATIC,DIESEL
5814,7,C Class,2019,26440,16684,145,60.1,1.6,SEMI-AUTO,DIESEL
5815,7,C Class,2019,26449,7382,145,47.1,1.5,SEMI-AUTO,PETROL
5816,7,C Class,2019,26450,8439,145,60.1,1.6,SEMI-AUTO,DIESEL
5817,7,C Class,2019,26479,7578,145,47.1,1.5,SEMI-AUTO,PETROL
5818,7,C Class,2019,26480,11487,145,61.4,2,SEMI-AUTO,DIESEL
5819,7,C Class,2019,26480,13708,145,61.4,2,SEMI-AUTO,DIESEL
5820,7,C Class,2019,26480,14636,145,61.4,2,SEMI-AUTO,DIESEL
5821,7,C Class,2019,26480,15006,145,61.4,2,SEMI-AUTO,DIESEL
5822,7,C Class,2019,26495,2999,145,46.3,1.5,AUTOMATIC,PETROL
5823,7,C Class,2019,26499,890,145,64.2,1.6,MANUAL,DIESEL
5824,7,C Class,2019,26499,3798,145,45.6,1.5,SEMI-AUTO,PETROL
5825,7,C Class,2019,26499,7060,145,56.5,2,SEMI-AUTO,DIESEL
5826,7,C Class,2019,26499,7795,145,46.3,1.5,SEMI-AUTO,PETROL
5827,7,C Class,2019,26499,9419,145,61.4,2,SEMI-AUTO,DIESEL
5828,7,C Class,2019,26499,11700,145,47.1,1.5,SEMI-AUTO,PETROL
5829,7,C Class,2019,26499,12781,145,61.4,2,SEMI-AUTO,DIESEL
5830,7,C Class,2019,26500,3000,145,60.1,1.6,SEMI-AUTO,DIESEL
5831,7,C Class,2019,26500,3341,145,45.6,1.5,SEMI-AUTO,PETROL
5832,7,C Class,2019,26500,6902,145,45.6,1.5,AUTOMATIC,PETROL
5833,7,C Class,2019,26500,6995,145,57.7,2,AUTOMATIC,DIESEL
5834,7,C Class,2019,26530,3995,145,60.1,1.6,AUTOMATIC,DIESEL
5835,7,C Class,2019,26549,4818,145,60.1,1.6,AUTOMATIC,DIESEL
5836,7,C Class,2019,26550,4001,145,64.2,2,AUTOMATIC,DIESEL
5837,7,C Class,2019,26589,3070,145,60.1,1.6,AUTOMATIC,DIESEL
5838,7,C Class,2019,26589,3762,145,60.1,1.6,SEMI-AUTO,DIESEL
5839,7,C Class,2019,26599,1566,145,60.1,1.6,AUTOMATIC,DIESEL
5840,7,C Class,2019,26599,3341,145,45.6,1.5,SEMI-AUTO,PETROL
5841,7,C Class,2019,26599,4000,145,46.3,1.5,SEMI-AUTO,PETROL
5842,7,C Class,2019,26599,8912,145,61.4,2,SEMI-AUTO,DIESEL
5843,7,C Class,2019,26599,12961,145,47.1,1.5,SEMI-AUTO,PETROL
5844,7,C Class,2019,26601,9949,150,64.2,2,AUTOMATIC,DIESEL
5845,7,C Class,2019,26680,16548,145,46.3,1.5,SEMI-AUTO,PETROL
5846,7,C Class,2019,26699,5500,145,43.5,2,SEMI-AUTO,PETROL
5847,7,C Class,2019,26699,6718,145,46.3,1.5,SEMI-AUTO,PETROL
5848,7,C Class,2019,26699,10597,145,46.3,1.5,SEMI-AUTO,PETROL
5849,7,C Class,2019,26750,2591,145,44.1,1.5,AUTOMATIC,PETROL
5850,7,C Class,2019,26780,10340,145,61.4,2,SEMI-AUTO,DIESEL
5851,7,C Class,2019,26789,4680,145,45.6,1.5,SEMI-AUTO,PETROL
5852,7,C Class,2019,26799,2277,145,45.6,1.5,SEMI-AUTO,PETROL
5853,7,C Class,2019,26799,2498,145,45.6,1.5,SEMI-AUTO,PETROL
5854,7,C Class,2019,26799,4793,145,58.9,1.6,SEMI-AUTO,DIESEL
5855,7,C Class,2019,26799,10871,145,61.4,2,SEMI-AUTO,DIESEL
5856,7,C Class,2019,26866,5019,145,46.3,1.5,AUTOMATIC,PETROL
5857,7,C Class,2019,26876,901,145,45.6,1.5,AUTOMATIC,PETROL
5858,7,C Class,2019,26885,2622,145,42.2,1.6,SEMI-AUTO,PETROL
5859,7,C Class,2019,26890,1705,145,42.2,1.6,SEMI-AUTO,PETROL
5860,7,C Class,2019,26895,5678,145,61.4,2,SEMI-AUTO,DIESEL
5861,7,C Class,2019,26899,796,145,45.6,1.5,AUTOMATIC,PETROL
5862,7,C Class,2019,26899,1308,145,45.6,1.5,SEMI-AUTO,PETROL
5863,7,C Class,2019,26899,2000,145,45.6,1.5,SEMI-AUTO,PETROL
5864,7,C Class,2019,26899,2000,145,45.6,1.5,SEMI-AUTO,PETROL
5865,7,C Class,2019,26899,2019,145,45.6,1.5,AUTOMATIC,PETROL
5866,7,C Class,2019,26899,2239,145,46.3,1.5,SEMI-AUTO,PETROL
5867,7,C Class,2019,26925,9938,145,46.3,1.5,SEMI-AUTO,PETROL
5868,7,C Class,2019,26940,4600,145,61.4,2,AUTOMATIC,DIESEL
5869,7,C Class,2019,26949,608,145,42.2,2,AUTOMATIC,PETROL
5870,7,C Class,2019,26949,4971,145,42.2,2,AUTOMATIC,PETROL
5871,7,C Class,2019,26949,6296,145,60.1,1.6,AUTOMATIC,DIESEL
5872,7,C Class,2019,26980,6584,145,47.1,1.5,SEMI-AUTO,PETROL
5873,7,C Class,2019,26980,7721,145,46.3,1.5,SEMI-AUTO,PETROL
5874,7,C Class,2019,26980,8072,145,61.4,2,SEMI-AUTO,DIESEL
5875,7,C Class,2019,26980,9477,145,61.4,2,SEMI-AUTO,DIESEL
5876,7,C Class,2019,26980,11423,145,61.4,2,SEMI-AUTO,DIESEL
5877,7,C Class,2019,26980,15275,145,44.1,2,SEMI-AUTO,PETROL
5878,7,C Class,2019,26981,7931,145,61.4,2,AUTOMATIC,DIESEL
5879,7,C Class,2019,26990,1237,145,46.3,1.5,SEMI-AUTO,PETROL
5880,7,C Class,2019,26990,2368,145,42.2,2,AUTOMATIC,PETROL
5881,7,C Class,2019,26990,4042,145,42.2,2,AUTOMATIC,PETROL
5882,7,C Class,2019,26990,12043,145,56.5,2,SEMI-AUTO,DIESEL
5883,7,C Class,2019,26995,1,145,54.3,1.6,SEMI-AUTO,DIESEL
5884,7,C Class,2019,26995,9,145,60.1,1.6,SEMI-AUTO,DIESEL
5885,7,C Class,2019,26995,6447,145,64.2,2,SEMI-AUTO,DIESEL
5886,7,C Class,2019,26995,10765,145,57.7,2,AUTOMATIC,DIESEL
5887,7,C Class,2019,26995,11980,145,56.5,2,SEMI-AUTO,DIESEL
5888,7,C Class,2019,26995,12725,145,45.6,1.5,AUTOMATIC,PETROL
5889,7,C Class,2019,26998,6926,145,56.5,2,SEMI-AUTO,DIESEL
5890,7,C Class,2019,26999,1500,145,45.6,1.5,SEMI-AUTO,PETROL
5891,7,C Class,2019,26999,1758,145,46.3,1.5,SEMI-AUTO,PETROL
5892,7,C Class,2019,26999,3218,145,58.9,1.6,SEMI-AUTO,DIESEL
5893,7,C Class,2019,26999,6155,145,61.4,2,SEMI-AUTO,DIESEL
5894,7,C Class,2019,26999,8510,145,47.1,1.5,SEMI-AUTO,PETROL
5895,7,C Class,2019,26999,8714,145,61.4,2,SEMI-AUTO,DIESEL
5896,7,C Class,2019,26999,9568,145,61.4,2,SEMI-AUTO,DIESEL
5897,7,C Class,2019,27000,1196,145,46.3,1.5,AUTOMATIC,PETROL
5898,7,C Class,2019,27000,3689,145,60.1,1.6,SEMI-AUTO,DIESEL
5899,7,C Class,2019,27000,6406,145,64.2,2,SEMI-AUTO,DIESEL
5900,7,C Class,2019,27000,7721,145,44.1,2,SEMI-AUTO,PETROL
5901,7,C Class,2019,27000,10368,145,61.4,2,SEMI-AUTO,DIESEL
5902,7,C Class,2019,27036,10415,145,61.4,2,AUTOMATIC,DIESEL
5903,7,C Class,2019,27066,6655,145,44.1,2,AUTOMATIC,PETROL
5904,7,C Class,2019,27086,5578,145,54.3,1.6,SEMI-AUTO,DIESEL
5905,7,C Class,2019,27099,1059,145,45.6,1.5,SEMI-AUTO,PETROL
5906,7,C Class,2019,27099,1327,145,45.6,1.5,SEMI-AUTO,PETROL
5907,7,C Class,2019,27099,2500,145,45.6,1.5,SEMI-AUTO,PETROL
5908,7,C Class,2019,27099,3598,145,58.9,1.6,SEMI-AUTO,DIESEL
5909,7,C Class,2019,27195,4114,145,57.7,2,AUTOMATIC,DIESEL
5910,7,C Class,2019,27199,754,145,46.3,1.5,AUTOMATIC,PETROL
5911,7,C Class,2019,27199,930,145,45.6,1.5,SEMI-AUTO,PETROL
5912,7,C Class,2019,27199,3780,145,42.2,2,SEMI-AUTO,PETROL
5913,7,C Class,2019,27199,5926,145,56.5,2,SEMI-AUTO,DIESEL
5914,7,C Class,2019,27250,10871,145,56.5,2,SEMI-AUTO,DIESEL
5915,7,C Class,2019,27280,7268,145,46.3,1.5,SEMI-AUTO,PETROL
5916,7,C Class,2019,27295,4200,145,60.1,1.6,SEMI-AUTO,DIESEL
5917,7,C Class,2019,27299,138,145,45.6,1.5,AUTOMATIC,PETROL
5918,7,C Class,2019,27299,386,145,45.6,1.5,AUTOMATIC,PETROL
5919,7,C Class,2019,27299,1000,145,46.3,1.5,SEMI-AUTO,PETROL
5920,7,C Class,2019,27299,2584,145,58.9,1.6,AUTOMATIC,DIESEL
5921,7,C Class,2019,27349,5917,145,64.2,2,SEMI-AUTO,DIESEL
5922,7,C Class,2019,27399,2899,145,47.1,1.5,SEMI-AUTO,PETROL
5923,7,C Class,2019,27400,348,145,61.4,2,AUTOMATIC,DIESEL
5924,7,C Class,2019,27400,11723,145,56.5,2,SEMI-AUTO,DIESEL
5925,7,C Class,2019,27480,5090,145,61.4,2,SEMI-AUTO,DIESEL
5926,7,C Class,2019,27480,8248,145,57.7,2,AUTOMATIC,DIESEL
5927,7,C Class,2019,27480,10100,145,64.2,2,AUTOMATIC,DIESEL
5928,7,C Class,2019,27490,3098,145,42.2,2,AUTOMATIC,PETROL
5929,7,C Class,2019,27490,5479,145,61.4,2,AUTOMATIC,DIESEL
5930,7,C Class,2019,27490,11000,145,57.7,2,SEMI-AUTO,DIESEL
5931,7,C Class,2019,27495,20400,145,55.4,2,SEMI-AUTO,DIESEL
5932,7,C Class,2019,27498,41,150,47.1,1.5,AUTOMATIC,PETROL
5933,7,C Class,2019,27499,1211,145,58.9,1.6,SEMI-AUTO,DIESEL
5934,7,C Class,2019,27499,3325,145,60.1,1.6,SEMI-AUTO,DIESEL
5935,7,C Class,2019,27499,3462,145,60.1,1.6,SEMI-AUTO,DIESEL
5936,7,C Class,2019,27499,10803,145,60.1,1.6,SEMI-AUTO,DIESEL
5937,7,C Class,2019,27500,4396,145,61.4,2,SEMI-AUTO,DIESEL
5938,7,C Class,2019,27500,5866,145,46.3,1.5,SEMI-AUTO,PETROL
5939,7,C Class,2019,27595,11480,145,56.5,2,SEMI-AUTO,DIESEL
5940,7,C Class,2019,27599,4664,145,61.4,2,SEMI-AUTO,DIESEL
5941,7,C Class,2019,27690,8070,145,44.1,2,SEMI-AUTO,PETROL
5942,7,C Class,2019,27696,11890,145,60.1,1.6,AUTOMATIC,DIESEL
5943,7,C Class,2019,27698,14999,145,55.4,2,SEMI-AUTO,DIESEL
5944,7,C Class,2019,27699,1714,145,45.6,1.5,SEMI-AUTO,PETROL
5945,7,C Class,2019,27699,5012,145,60.1,1.6,SEMI-AUTO,DIESEL
5946,7,C Class,2019,27699,5307,145,60.1,1.6,AUTOMATIC,DIESEL
5947,7,C Class,2019,27699,5426,145,45.6,1.5,SEMI-AUTO,PETROL
5948,7,C Class,2019,27750,2192,145,46.3,1.5,SEMI-AUTO,PETROL
5949,7,C Class,2019,27750,4000,145,56.5,2,AUTOMATIC,DIESEL
5950,7,C Class,2019,27776,6389,145,61.4,2,SEMI-AUTO,DIESEL
5951,7,C Class,2019,27780,7109,145,60.1,1.6,SEMI-AUTO,DIESEL
5952,7,C Class,2019,27791,9057,145,56.5,2,SEMI-AUTO,DIESEL
5953,7,C Class,2019,27799,3070,145,60.1,1.6,AUTOMATIC,DIESEL
5954,7,C Class,2019,27799,3251,145,61.4,2,SEMI-AUTO,DIESEL
5955,7,C Class,2019,27810,6621,145,61.4,2,AUTOMATIC,DIESEL
5956,7,C Class,2019,27826,6522,145,44.1,2,AUTOMATIC,PETROL
5957,7,C Class,2019,27889,6250,145,43.5,2,AUTOMATIC,PETROL
5958,7,C Class,2019,27889,10111,145,61.4,2,SEMI-AUTO,DIESEL
5959,7,C Class,2019,27890,4985,145,60.1,1.6,AUTOMATIC,DIESEL
5960,7,C Class,2019,27890,8317,145,61.4,2,SEMI-AUTO,DIESEL
5961,7,C Class,2019,27890,10091,145,57.7,2,AUTOMATIC,DIESEL
5962,7,C Class,2019,27899,8273,145,56.5,2,AUTOMATIC,DIESEL
5963,7,C Class,2019,27900,4507,145,54.3,2,AUTOMATIC,DIESEL
5964,7,C Class,2019,27924,9249,145,57.7,2,SEMI-AUTO,DIESEL
5965,7,C Class,2019,27950,1498,145,44.1,1.5,AUTOMATIC,PETROL
5966,7,C Class,2019,27950,6004,145,54.3,2,SEMI-AUTO,DIESEL
5967,7,C Class,2019,27950,6024,145,56.5,2,AUTOMATIC,DIESEL
5968,7,C Class,2019,27964,5617,145,57.7,2,AUTOMATIC,DIESEL
5969,7,C Class,2019,27980,3168,145,55.4,2,AUTOMATIC,DIESEL
5970,7,C Class,2019,27980,3846,145,60.1,1.6,SEMI-AUTO,DIESEL
5971,7,C Class,2019,27980,4833,145,60.1,1.6,SEMI-AUTO,DIESEL
5972,7,C Class,2019,27980,7460,145,56.5,2,SEMI-AUTO,DIESEL
5973,7,C Class,2019,27980,9731,145,64.2,2,SEMI-AUTO,DIESEL
5974,7,C Class,2019,27980,10982,145,44.1,1.5,SEMI-AUTO,PETROL
5975,7,C Class,2019,27980,14742,145,64.2,2,SEMI-AUTO,DIESEL
5976,7,C Class,2019,27990,101,145,61.4,2,AUTOMATIC,DIESEL
5977,7,C Class,2019,27990,5225,145,47.1,1.5,AUTOMATIC,PETROL
5978,7,C Class,2019,27990,5550,145,64.2,2,SEMI-AUTO,DIESEL
5979,7,C Class,2019,27990,5824,145,54.3,1.6,AUTOMATIC,DIESEL
5980,7,C Class,2019,27992,12838,145,55.4,2,SEMI-AUTO,DIESEL
5981,7,C Class,2019,27995,6206,145,56.5,2,AUTOMATIC,DIESEL
5982,7,C Class,2019,27995,7396,145,57.7,2,AUTOMATIC,DIESEL
5983,7,C Class,2019,27998,5144,145,56.5,2,AUTOMATIC,DIESEL
5984,7,C Class,2019,27998,10134,145,61.4,2,SEMI-AUTO,DIESEL
5985,7,C Class,2019,27999,649,145,46.3,1.5,AUTOMATIC,PETROL
5986,7,C Class,2019,27999,3817,145,60.1,1.6,AUTOMATIC,DIESEL
5987,7,C Class,2019,27999,4447,145,44.1,2,AUTOMATIC,PETROL
5988,7,C Class,2019,27999,6537,145,44.1,2,AUTOMATIC,PETROL
5989,7,C Class,2019,28000,584,145,53.3,2,AUTOMATIC,DIESEL
5990,7,C Class,2019,28000,9231,145,57.7,2,SEMI-AUTO,DIESEL
5991,7,C Class,2019,28000,10648,145,44.1,2,SEMI-AUTO,PETROL
5992,7,C Class,2019,28000,11549,145,44.1,2,SEMI-AUTO,PETROL
5993,7,C Class,2019,28000,15026,150,64.2,2,SEMI-AUTO,DIESEL
5994,7,C Class,2019,28099,20001,145,61.4,2,SEMI-AUTO,DIESEL
5995,7,C Class,2019,28150,1999,145,46.3,1.5,AUTOMATIC,PETROL
5996,7,C Class,2019,28150,10936,145,57.7,2,SEMI-AUTO,DIESEL
5997,7,C Class,2019,28180,5477,145,58.9,2.1,AUTOMATIC,DIESEL
5998,7,C Class,2019,28180,11487,145,57.7,2,AUTOMATIC,DIESEL
5999,7,C Class,2019,28199,10452,145,57.7,2,SEMI-AUTO,DIESEL
6000,7,C Class,2019,28250,3477,145,61.4,2,AUTOMATIC,DIESEL
6001,7,C Class,2019,28290,5534,145,56.5,2,AUTOMATIC,DIESEL
6002,7,C Class,2019,28290,8421,145,64.2,2,AUTOMATIC,DIESEL
6003,7,C Class,2019,28299,1142,145,44.1,2,AUTOMATIC,PETROL
6004,7,C Class,2019,28299,5005,145,56.5,2,SEMI-AUTO,DIESEL
6005,7,C Class,2019,28299,5005,145,56.5,2,SEMI-AUTO,DIESEL
6006,7,C Class,2019,28299,7395,145,56.5,2,SEMI-AUTO,DIESEL
6007,7,C Class,2019,28300,6519,145,44.1,2,SEMI-AUTO,PETROL
6008,7,C Class,2019,28315,10042,145,56.5,2,SEMI-AUTO,DIESEL
6009,7,C Class,2019,28332,7866,145,56.5,2,AUTOMATIC,DIESEL
6010,7,C Class,2019,28349,7133,145,56.5,2,SEMI-AUTO,DIESEL
6011,7,C Class,2019,28351,555,145,55.4,2,AUTOMATIC,DIESEL
6012,7,C Class,2019,28359,6040,145,44.1,2,SEMI-AUTO,PETROL
6013,7,C Class,2019,28382,12585,145,64.2,2,AUTOMATIC,DIESEL
6014,7,C Class,2019,28388,4900,145,64.2,2,SEMI-AUTO,DIESEL
6015,7,C Class,2019,28390,7050,145,43.5,2,SEMI-AUTO,PETROL
6016,7,C Class,2019,28395,3610,145,44.1,2,SEMI-AUTO,PETROL
6017,7,C Class,2019,28399,3061,145,45.6,1.5,SEMI-AUTO,PETROL
6018,7,C Class,2019,28399,7430,145,61.4,2,SEMI-AUTO,DIESEL
6019,7,C Class,2019,28400,1287,145,56.5,2,SEMI-AUTO,DIESEL
6020,7,C Class,2019,28400,16884,145,57.7,2,SEMI-AUTO,DIESEL
6021,7,C Class,2019,28429,5866,145,54.3,1.6,SEMI-AUTO,DIESEL
6022,7,C Class,2019,28450,4001,145,51.4,2,AUTOMATIC,DIESEL
6023,7,C Class,2019,28450,6011,150,64.2,2,AUTOMATIC,DIESEL
6024,7,C Class,2019,28466,3074,145,44.1,1.5,AUTOMATIC,PETROL
6025,7,C Class,2019,28466,4938,145,61.4,2,AUTOMATIC,DIESEL
6026,7,C Class,2019,28479,2000,145,46.3,1.5,AUTOMATIC,PETROL
6027,7,C Class,2019,28480,1998,145,46.3,1.5,SEMI-AUTO,PETROL
6028,7,C Class,2019,28480,1998,145,54.3,1.6,SEMI-AUTO,DIESEL
6029,7,C Class,2019,28480,2584,145,44.1,2,SEMI-AUTO,PETROL
6030,7,C Class,2019,28480,3600,145,60.1,2,AUTOMATIC,DIESEL
6031,7,C Class,2019,28480,4665,145,44.1,2,SEMI-AUTO,PETROL
6032,7,C Class,2019,28480,8900,145,57.7,2,AUTOMATIC,DIESEL
6033,7,C Class,2019,28480,11253,145,56.5,2,SEMI-AUTO,DIESEL
6034,7,C Class,2019,28480,13435,145,56.5,2,SEMI-AUTO,DIESEL
6035,7,C Class,2019,28480,15160,145,44.1,1.5,SEMI-AUTO,PETROL
6036,7,C Class,2019,28491,3000,145,47.1,1.5,AUTOMATIC,PETROL
6037,7,C Class,2019,28495,1724,145,64.2,2,SEMI-AUTO,DIESEL
6038,7,C Class,2019,28498,4285,145,61.4,2,SEMI-AUTO,DIESEL
6039,7,C Class,2019,28499,1864,145,45.6,1.5,AUTOMATIC,PETROL
6040,7,C Class,2019,28499,1867,145,41.5,2,SEMI-AUTO,PETROL
6041,7,C Class,2019,28499,2524,145,45.6,1.5,SEMI-AUTO,PETROL
6042,7,C Class,2019,28499,2646,145,47.1,1.5,AUTOMATIC,PETROL
6043,7,C Class,2019,28499,15096,145,64.2,2,SEMI-AUTO,DIESEL
6044,7,C Class,2019,28500,5107,150,47.1,1.5,SEMI-AUTO,PETROL
6045,7,C Class,2019,28500,8820,145,57.7,2,AUTOMATIC,DIESEL
6046,7,C Class,2019,28524,8263,145,57.7,2,AUTOMATIC,DIESEL
6047,7,C Class,2019,28589,7075,145,57.7,2,SEMI-AUTO,DIESEL
6048,7,C Class,2019,28589,7621,145,57.7,2,AUTOMATIC,DIESEL
6049,7,C Class,2019,28599,901,145,61.4,2,SEMI-AUTO,DIESEL
6050,7,C Class,2019,28599,970,145,60.1,1.6,SEMI-AUTO,DIESEL
6051,7,C Class,2019,28599,1171,145,61.4,2,SEMI-AUTO,DIESEL
6052,7,C Class,2019,28599,3889,145,61.4,2,SEMI-AUTO,DIESEL
6053,7,C Class,2019,28660,1610,145,57.7,2,AUTOMATIC,DIESEL
6054,7,C Class,2019,28660,6282,145,54.3,2,AUTOMATIC,DIESEL
6055,7,C Class,2019,28699,1900,145,45.6,1.5,SEMI-AUTO,PETROL
6056,7,C Class,2019,28700,4000,145,47.1,1.5,SEMI-AUTO,PETROL
6057,7,C Class,2019,28706,1808,145,60.1,1.6,SEMI-AUTO,DIESEL
6058,7,C Class,2019,28749,5099,145,58.9,2.1,AUTOMATIC,DIESEL
6059,7,C Class,2019,28749,13741,145,64.2,2,SEMI-AUTO,DIESEL
6060,7,C Class,2019,28750,9156,145,57.7,2,AUTOMATIC,DIESEL
6061,7,C Class,2019,28780,26075,145,44.1,1.5,SEMI-AUTO,PETROL
6062,7,C Class,2019,28795,11054,145,54.3,2,SEMI-AUTO,DIESEL
6063,7,C Class,2019,28799,2000,145,61.4,2,SEMI-AUTO,DIESEL
6064,7,C Class,2019,28799,3489,145,44.8,1.6,AUTOMATIC,PETROL
6065,7,C Class,2019,28799,5136,145,60.1,1.6,SEMI-AUTO,DIESEL
6066,7,C Class,2019,28799,12030,145,44.1,1.5,SEMI-AUTO,PETROL
6067,7,C Class,2019,28799,13321,145,64.2,2,SEMI-AUTO,DIESEL
6068,7,C Class,2019,28800,3116,145,44.1,2,SEMI-AUTO,PETROL
6069,7,C Class,2019,28810,2695,145,55.4,2,AUTOMATIC,DIESEL
6070,7,C Class,2019,28825,8351,145,56.5,2,SEMI-AUTO,DIESEL
6071,7,C Class,2019,28880,7324,145,46.3,1.5,AUTOMATIC,PETROL
6072,7,C Class,2019,28880,8439,145,57.7,2,AUTOMATIC,DIESEL
6073,7,C Class,2019,28887,9985,145,57.7,2,AUTOMATIC,DIESEL
6074,7,C Class,2019,28896,5044,145,61.4,2,AUTOMATIC,DIESEL
6075,7,C Class,2019,28896,6765,145,61.4,2,AUTOMATIC,DIESEL
6076,7,C Class,2019,28899,9000,145,44.1,2,SEMI-AUTO,PETROL
6077,7,C Class,2019,28900,1416,145,43.5,2,SEMI-AUTO,PETROL
6078,7,C Class,2019,28900,6000,145,42.8,2,AUTOMATIC,PETROL
6079,7,C Class,2019,28900,11530,145,57.7,2,AUTOMATIC,DIESEL
6080,7,C Class,2019,28940,37,145,44.1,2,AUTOMATIC,PETROL
6081,7,C Class,2019,28949,6565,145,57.7,2,SEMI-AUTO,DIESEL
6082,7,C Class,2019,28950,2950,145,56.5,2,AUTOMATIC,DIESEL
6083,7,C Class,2019,28950,4320,145,42.8,2,AUTOMATIC,PETROL
6084,7,C Class,2019,28950,8500,145,54.3,2,AUTOMATIC,DIESEL
6085,7,C Class,2019,28950,10021,145,54.3,2,SEMI-AUTO,DIESEL
6086,7,C Class,2019,28980,2950,145,41.5,2,AUTOMATIC,PETROL
6087,7,C Class,2019,28980,3695,145,56.5,2,SEMI-AUTO,DIESEL
6088,7,C Class,2019,28980,5500,145,60.1,2,AUTOMATIC,DIESEL
6089,7,C Class,2019,28980,8501,145,61.4,2,AUTOMATIC,DIESEL
6090,7,C Class,2019,28980,9477,145,56.5,2,SEMI-AUTO,DIESEL
6091,7,C Class,2019,28980,10696,145,44.1,1.5,SEMI-AUTO,PETROL
6092,7,C Class,2019,28980,16543,145,44.1,2,SEMI-AUTO,PETROL
6093,7,C Class,2019,28989,1409,145,57.7,2,AUTOMATIC,DIESEL
6094,7,C Class,2019,28990,1544,145,64.2,2,AUTOMATIC,DIESEL
6095,7,C Class,2019,28990,2000,145,57.7,2,SEMI-AUTO,DIESEL
6096,7,C Class,2019,28990,2501,145,64.2,2,AUTOMATIC,DIESEL
6097,7,C Class,2019,28990,3569,145,61.4,2,AUTOMATIC,DIESEL
6098,7,C Class,2019,28990,3635,145,64.2,2,AUTOMATIC,DIESEL
6099,7,C Class,2019,28990,4824,145,64.2,2,AUTOMATIC,DIESEL
6100,7,C Class,2019,28990,5000,145,44.1,1.6,AUTOMATIC,PETROL
6101,7,C Class,2019,28990,5450,145,57.7,2,AUTOMATIC,DIESEL
6102,7,C Class,2019,28990,5904,145,55.4,2,AUTOMATIC,DIESEL
6103,7,C Class,2019,28990,17743,145,54.3,2,SEMI-AUTO,DIESEL
6104,7,C Class,2019,28991,4000,145,44.8,1.6,AUTOMATIC,PETROL
6105,7,C Class,2019,28991,12583,145,54.3,2,AUTOMATIC,DIESEL
6106,7,C Class,2019,28995,100,145,64.2,2,SEMI-AUTO,DIESEL
6107,7,C Class,2019,28995,3000,145,45.6,1.5,AUTOMATIC,PETROL
6108,7,C Class,2019,28995,3500,145,64.2,2,AUTOMATIC,DIESEL
6109,7,C Class,2019,28995,4099,145,46.3,1.5,SEMI-AUTO,PETROL
6110,7,C Class,2019,28995,4499,145,64.2,2,AUTOMATIC,DIESEL
6111,7,C Class,2019,28995,4505,145,61.4,2,AUTOMATIC,DIESEL
6112,7,C Class,2019,28995,5196,145,57.7,2,SEMI-AUTO,DIESEL
6113,7,C Class,2019,28995,5650,145,58.9,2.1,AUTOMATIC,DIESEL
6114,7,C Class,2019,28998,22,145,48.7,1.6,MANUAL,PETROL
6115,7,C Class,2019,28998,5116,145,61.4,2,SEMI-AUTO,DIESEL
6116,7,C Class,2019,28999,2392,150,46.3,1.5,SEMI-AUTO,PETROL
6117,7,C Class,2019,28999,2701,145,42.2,1.6,SEMI-AUTO,PETROL
6118,7,C Class,2019,28999,3376,145,64.2,2,SEMI-AUTO,DIESEL
6119,7,C Class,2019,28999,4606,145,61.4,2,SEMI-AUTO,DIESEL
6120,7,C Class,2019,28999,4938,145,61.4,2,SEMI-AUTO,DIESEL
6121,7,C Class,2019,28999,5789,145,61.4,2,SEMI-AUTO,DIESEL
6122,7,C Class,2019,28999,6700,145,56.5,2,SEMI-AUTO,DIESEL
6123,7,C Class,2019,28999,14366,145,57.7,2,SEMI-AUTO,DIESEL
6124,7,C Class,2019,29000,2198,145,47.1,1.5,SEMI-AUTO,PETROL
6125,7,C Class,2019,29000,4650,145,44.1,2,SEMI-AUTO,PETROL
6126,7,C Class,2019,29000,4998,145,44.1,2,SEMI-AUTO,PETROL
6127,7,C Class,2019,29000,5937,145,44.1,1.5,SEMI-AUTO,PETROL
6128,7,C Class,2019,29000,6349,145,44.1,1.5,SEMI-AUTO,PETROL
6129,7,C Class,2019,29000,9809,145,57.7,2,SEMI-AUTO,DIESEL
6130,7,C Class,2019,29046,5971,145,61.4,2,AUTOMATIC,DIESEL
6131,7,C Class,2019,29099,3820,145,64.2,2,SEMI-AUTO,DIESEL
6132,7,C Class,2019,29099,5088,145,47.1,1.5,SEMI-AUTO,PETROL
6133,7,C Class,2019,29099,7027,145,44.1,2,SEMI-AUTO,PETROL
6134,7,C Class,2019,29099,8205,145,57.7,2,SEMI-AUTO,DIESEL
6135,7,C Class,2019,29124,2625,145,47.1,1.5,SEMI-AUTO,PETROL
6136,7,C Class,2019,29199,1357,145,46.3,1.5,SEMI-AUTO,PETROL
6137,7,C Class,2019,29199,4456,145,47.1,1.5,SEMI-AUTO,PETROL
6138,7,C Class,2019,29199,11242,145,64.2,2,SEMI-AUTO,DIESEL
6139,7,C Class,2019,29249,1768,145,57.7,2,SEMI-AUTO,DIESEL
6140,7,C Class,2019,29249,12972,145,57.7,2,SEMI-AUTO,DIESEL
6141,7,C Class,2019,29290,4703,145,57.7,2,SEMI-AUTO,DIESEL
6142,7,C Class,2019,29299,2758,145,44.1,2,SEMI-AUTO,PETROL
6143,7,C Class,2019,29299,2905,145,61.4,2,SEMI-AUTO,DIESEL
6144,7,C Class,2019,29299,5806,145,44.1,2,SEMI-AUTO,PETROL
6145,7,C Class,2019,29299,5979,145,44.1,2,SEMI-AUTO,PETROL
6146,7,C Class,2019,29339,1000,145,45.6,1.5,SEMI-AUTO,PETROL
6147,7,C Class,2019,29349,4133,145,57.7,2,SEMI-AUTO,DIESEL
6148,7,C Class,2019,29349,11561,145,57.7,2,SEMI-AUTO,DIESEL
6149,7,C Class,2019,29386,8013,145,44.1,1.5,AUTOMATIC,PETROL
6150,7,C Class,2019,29399,283,145,42.2,1.6,SEMI-AUTO,PETROL
6151,7,C Class,2019,29399,1919,145,61.4,2,SEMI-AUTO,DIESEL
6152,7,C Class,2019,29399,4208,145,57.7,2,SEMI-AUTO,DIESEL
6153,7,C Class,2019,29399,7224,145,61.4,2,SEMI-AUTO,DIESEL
6154,7,C Class,2019,29399,8123,145,57.7,2,SEMI-AUTO,DIESEL
6155,7,C Class,2019,29399,8545,145,61.4,2,SEMI-AUTO,DIESEL
6156,7,C Class,2019,29427,3085,145,44.1,2,SEMI-AUTO,PETROL
6157,7,C Class,2019,29444,15707,145,61.4,2,AUTOMATIC,DIESEL
6158,7,C Class,2019,29449,9970,145,64.2,2,SEMI-AUTO,DIESEL
6159,7,C Class,2019,29450,7275,145,61.4,2,AUTOMATIC,DIESEL
6160,7,C Class,2019,29480,34,145,47.1,1.5,SEMI-AUTO,PETROL
6161,7,C Class,2019,29480,1998,145,47.1,1.5,SEMI-AUTO,PETROL
6162,7,C Class,2019,29480,2998,145,47.1,1.5,SEMI-AUTO,PETROL
6163,7,C Class,2019,29480,3299,145,44.1,2,SEMI-AUTO,PETROL
6164,7,C Class,2019,29480,3999,145,54.3,1.6,SEMI-AUTO,DIESEL
6165,7,C Class,2019,29480,6096,145,44.1,1.5,SEMI-AUTO,PETROL
6166,7,C Class,2019,29480,7494,145,56.5,2,SEMI-AUTO,DIESEL
6167,7,C Class,2019,29480,10844,145,44.1,2,SEMI-AUTO,PETROL
6168,7,C Class,2019,29480,11064,145,56.5,2,SEMI-AUTO,DIESEL
6169,7,C Class,2019,29480,13757,145,44.1,1.5,SEMI-AUTO,PETROL
6170,7,C Class,2019,29495,4999,145,64.2,2,AUTOMATIC,DIESEL
6171,7,C Class,2019,29496,6052,145,54.3,2,AUTOMATIC,DIESEL
6172,7,C Class,2019,29498,1000,145,46.3,1.5,AUTOMATIC,PETROL
6173,7,C Class,2019,29498,2195,145,61.4,2,SEMI-AUTO,DIESEL
6174,7,C Class,2019,29498,4885,145,57.7,2,AUTOMATIC,DIESEL
6175,7,C Class,2019,29499,1676,145,51.4,2,AUTOMATIC,DIESEL
6176,7,C Class,2019,29500,6643,145,44.1,2,SEMI-AUTO,PETROL
6177,7,C Class,2019,29500,6922,145,44.1,2,SEMI-AUTO,PETROL
6178,7,C Class,2019,29500,6936,145,44.1,2,SEMI-AUTO,PETROL
6179,7,C Class,2019,29500,7610,145,57.7,2,SEMI-AUTO,DIESEL
6180,7,C Class,2019,29500,10939,145,44.1,1.5,SEMI-AUTO,PETROL
6181,7,C Class,2019,29546,7990,145,54.3,2,AUTOMATIC,DIESEL
6182,7,C Class,2019,29549,5071,145,55.4,2,SEMI-AUTO,DIESEL
6183,7,C Class,2019,29549,9053,145,44.1,2,SEMI-AUTO,PETROL
6184,7,C Class,2019,29549,10576,145,57.7,2,SEMI-AUTO,DIESEL
6185,7,C Class,2019,29592,7325,145,43.5,2,AUTOMATIC,PETROL
6186,7,C Class,2019,29599,8746,145,57.7,2,SEMI-AUTO,DIESEL
6187,7,C Class,2019,29623,7500,145,64.2,2,AUTOMATIC,DIESEL
6188,7,C Class,2019,29649,2874,145,57.7,2,SEMI-AUTO,DIESEL
6189,7,C Class,2019,29649,9809,145,57.7,2,SEMI-AUTO,DIESEL
6190,7,C Class,2019,29650,4501,145,64.2,2,AUTOMATIC,DIESEL
6191,7,C Class,2019,29650,5653,145,54.3,1.6,AUTOMATIC,DIESEL
6192,7,C Class,2019,29690,8000,145,64.2,2,AUTOMATIC,DIESEL
6193,7,C Class,2019,29699,1906,145,47.1,1.5,SEMI-AUTO,PETROL
6194,7,C Class,2019,29699,2228,145,42.2,1.6,SEMI-AUTO,PETROL
6195,7,C Class,2019,29699,4279,145,56.5,2,SEMI-AUTO,DIESEL
6196,7,C Class,2019,29699,4542,145,56.5,2,AUTOMATIC,DIESEL
6197,7,C Class,2019,29699,5230,145,61.4,2,SEMI-AUTO,DIESEL
6198,7,C Class,2019,29699,5409,145,61.4,2,SEMI-AUTO,DIESEL
6199,7,C Class,2019,29699,5766,145,61.4,2,SEMI-AUTO,DIESEL
6200,7,C Class,2019,29749,10,145,61.4,2,SEMI-AUTO,DIESEL
6201,7,C Class,2019,29749,6118,145,57.7,2,SEMI-AUTO,DIESEL
6202,7,C Class,2019,29749,8559,145,64.2,2,SEMI-AUTO,DIESEL
6203,7,C Class,2019,29775,5059,145,56.5,2,SEMI-AUTO,DIESEL
6204,7,C Class,2019,29782,7859,145,44.1,2,AUTOMATIC,PETROL
6205,7,C Class,2019,29799,6012,145,46.3,1.5,AUTOMATIC,PETROL
6206,7,C Class,2019,29799,7621,145,57.7,2,AUTOMATIC,DIESEL
6207,7,C Class,2019,29799,8959,145,57.7,2,SEMI-AUTO,DIESEL
6208,7,C Class,2019,29799,9168,145,57.7,2,SEMI-AUTO,DIESEL
6209,7,C Class,2019,29799,9959,145,57.7,2,SEMI-AUTO,DIESEL
6210,7,C Class,2019,29799,11576,145,57.7,2,SEMI-AUTO,DIESEL
6211,7,C Class,2019,29849,2303,145,44.1,2,SEMI-AUTO,PETROL
6212,7,C Class,2019,29885,6435,145,44.1,2,AUTOMATIC,PETROL
6213,7,C Class,2019,29889,980,145,57.7,2,AUTOMATIC,DIESEL
6214,7,C Class,2019,29889,4721,145,55.4,2,AUTOMATIC,DIESEL
6215,7,C Class,2019,29890,1499,145,54.3,1.6,AUTOMATIC,DIESEL
6216,7,C Class,2019,29890,1587,145,60.1,1.6,SEMI-AUTO,DIESEL
6217,7,C Class,2019,29890,1646,145,44.1,2,AUTOMATIC,PETROL
6218,7,C Class,2019,29890,5960,145,64.2,2,SEMI-AUTO,DIESEL
6219,7,C Class,2019,29899,1212,145,42.2,1.6,AUTOMATIC,PETROL
6220,7,C Class,2019,29899,4405,145,61.4,2,SEMI-AUTO,DIESEL
6221,7,C Class,2019,29899,8447,145,57.7,2,SEMI-AUTO,DIESEL
6222,7,C Class,2019,29899,8601,145,57.7,2,SEMI-AUTO,DIESEL
6223,7,C Class,2019,29899,12478,145,54.3,2,SEMI-AUTO,DIESEL
6224,7,C Class,2019,29900,1000,145,64.2,2,AUTOMATIC,DIESEL
6225,7,C Class,2019,29900,1342,145,44.1,2,SEMI-AUTO,PETROL
6226,7,C Class,2019,29903,1664,145,61.4,2,AUTOMATIC,DIESEL
6227,7,C Class,2019,29944,3500,145,47.1,1.5,AUTOMATIC,PETROL
6228,7,C Class,2019,29945,5877,145,44.1,2,AUTOMATIC,PETROL
6229,7,C Class,2019,29949,2323,145,44.1,2,AUTOMATIC,PETROL
6230,7,C Class,2019,29949,8208,145,57.7,2,SEMI-AUTO,DIESEL
6231,7,C Class,2019,29949,8371,145,57.7,2,SEMI-AUTO,DIESEL
6232,7,C Class,2019,29950,4951,145,64.2,2,AUTOMATIC,DIESEL
6233,7,C Class,2019,29950,6605,145,57.7,2,SEMI-AUTO,DIESEL
6234,7,C Class,2019,29950,9613,150,61.4,2,SEMI-AUTO,DIESEL
6235,7,C Class,2019,29980,16,145,60.1,1.6,SEMI-AUTO,DIESEL
6236,7,C Class,2019,29980,16,145,46.3,1.5,SEMI-AUTO,PETROL
6237,7,C Class,2019,29980,1568,145,60.1,1.6,SEMI-AUTO,DIESEL
6238,7,C Class,2019,29980,1998,145,47.1,1.5,SEMI-AUTO,PETROL
6239,7,C Class,2019,29980,2143,145,54.3,1.6,SEMI-AUTO,DIESEL
6240,7,C Class,2019,29980,2190,145,53.3,2,SEMI-AUTO,DIESEL
6241,7,C Class,2019,29980,2986,145,53.3,2,SEMI-AUTO,DIESEL
6242,7,C Class,2019,29980,3049,145,61.4,2,SEMI-AUTO,DIESEL
6243,7,C Class,2019,29980,4616,145,57.7,2,SEMI-AUTO,DIESEL
6244,7,C Class,2019,29980,5428,145,56.5,2,SEMI-AUTO,DIESEL
6245,7,C Class,2019,29980,6073,145,57.7,2,SEMI-AUTO,DIESEL
6246,7,C Class,2019,29980,8202,145,44.1,1.5,SEMI-AUTO,PETROL
6247,7,C Class,2019,29980,8709,145,57.7,2,SEMI-AUTO,DIESEL
6248,7,C Class,2019,29980,9109,145,57.7,2,SEMI-AUTO,DIESEL
6249,7,C Class,2019,29980,9227,145,57.7,2,SEMI-AUTO,DIESEL
6250,7,C Class,2019,29980,9454,145,57.7,2,SEMI-AUTO,DIESEL
6251,7,C Class,2019,29980,9782,145,54.3,2,SEMI-AUTO,DIESEL
6252,7,C Class,2019,29990,4850,145,61.4,2,AUTOMATIC,DIESEL
6253,7,C Class,2019,29990,5376,145,44.1,2,AUTOMATIC,PETROL
6254,7,C Class,2019,29990,5500,145,42.8,2,AUTOMATIC,PETROL
6255,7,C Class,2019,29990,6542,145,61.4,2,AUTOMATIC,DIESEL
6256,7,C Class,2019,29990,12986,145,57.7,2,AUTOMATIC,DIESEL
6257,7,C Class,2019,29995,1,145,57.7,2,SEMI-AUTO,DIESEL
6258,7,C Class,2019,29995,9,145,55.4,2,SEMI-AUTO,DIESEL
6259,7,C Class,2019,29995,9,145,61.4,2,AUTOMATIC,DIESEL
6260,7,C Class,2019,29995,9,145,42.8,2,SEMI-AUTO,PETROL
6261,7,C Class,2019,29995,13,145,55.4,2,SEMI-AUTO,DIESEL
6262,7,C Class,2019,29995,14,145,42.8,2,AUTOMATIC,PETROL
6263,7,C Class,2019,29995,21,145,61.4,2,SEMI-AUTO,DIESEL
6264,7,C Class,2019,29995,22,145,61.4,2,SEMI-AUTO,DIESEL
6265,7,C Class,2019,29995,2343,145,61.4,2,AUTOMATIC,DIESEL
6266,7,C Class,2019,29995,3457,145,55.4,2,AUTOMATIC,DIESEL
6267,7,C Class,2019,29995,6828,150,42.2,2,SEMI-AUTO,PETROL
6268,7,C Class,2019,29998,50,145,45.6,1.5,AUTOMATIC,PETROL
6269,7,C Class,2019,29998,836,145,43.5,2,SEMI-AUTO,PETROL
6270,7,C Class,2019,29998,8520,145,61.4,2,SEMI-AUTO,DIESEL
6271,7,C Class,2019,29998,28000,145,44.1,2,SEMI-AUTO,PETROL
6272,7,C Class,2019,29999,1683,145,55.4,2,SEMI-AUTO,DIESEL
6273,7,C Class,2019,29999,4843,145,57.7,2,SEMI-AUTO,DIESEL
6274,7,C Class,2019,29999,4988,150,44.8,1.6,AUTOMATIC,PETROL
6275,7,C Class,2019,29999,5276,145,54.3,2,SEMI-AUTO,DIESEL
6276,7,C Class,2019,29999,5283,145,57.7,2,AUTOMATIC,DIESEL
6277,7,C Class,2019,29999,5979,145,44.1,2,SEMI-AUTO,PETROL
6278,7,C Class,2019,29999,6266,145,57.7,2,SEMI-AUTO,DIESEL
6279,7,C Class,2019,29999,7193,145,44.1,2,SEMI-AUTO,PETROL
6280,7,C Class,2019,29999,13109,145,57.7,2,SEMI-AUTO,DIESEL
6281,7,C Class,2019,30000,7311,145,44.1,2,AUTOMATIC,PETROL
6282,7,C Class,2019,30000,8750,145,57.7,2,SEMI-AUTO,DIESEL
6283,7,C Class,2019,30000,9062,145,57.7,2,SEMI-AUTO,DIESEL
6284,7,C Class,2019,30049,2011,145,44.1,2,SEMI-AUTO,PETROL
6285,7,C Class,2019,30049,5927,145,44.1,2,SEMI-AUTO,PETROL
6286,7,C Class,2019,30055,3686,145,54.3,2,AUTOMATIC,DIESEL
6287,7,C Class,2019,30099,2671,145,60.1,1.6,SEMI-AUTO,DIESEL
6288,7,C Class,2019,30099,2924,145,56.5,2,SEMI-AUTO,DIESEL
6289,7,C Class,2019,30099,4701,145,54.3,1.6,SEMI-AUTO,DIESEL
6290,7,C Class,2019,30132,7165,145,57.7,2,SEMI-AUTO,DIESEL
6291,7,C Class,2019,30149,6362,145,64.2,2,SEMI-AUTO,DIESEL
6292,7,C Class,2019,30149,8351,145,54.3,2,AUTOMATIC,DIESEL
6293,7,C Class,2019,30149,10837,145,54.3,2,SEMI-AUTO,DIESEL
6294,7,C Class,2019,30181,1786,145,55.4,2,AUTOMATIC,DIESEL
6295,7,C Class,2019,30199,2456,145,56.5,2,SEMI-AUTO,DIESEL
6296,7,C Class,2019,30199,10738,145,54.3,2,SEMI-AUTO,DIESEL
6297,7,C Class,2019,30200,4589,145,64.2,2,SEMI-AUTO,DIESEL
6298,7,C Class,2019,30236,7831,145,44.1,2,AUTOMATIC,PETROL
6299,7,C Class,2019,30240,4999,145,61.4,2,AUTOMATIC,DIESEL
6300,7,C Class,2019,30249,2225,145,55.4,2,AUTOMATIC,DIESEL
6301,7,C Class,2019,30249,4889,145,44.1,2,SEMI-AUTO,PETROL
6302,7,C Class,2019,30249,10525,145,54.3,2,SEMI-AUTO,DIESEL
6303,7,C Class,2019,30294,500,145,61.4,2,AUTOMATIC,DIESEL
6304,7,C Class,2019,30299,2230,145,61.4,2,SEMI-AUTO,DIESEL
6305,7,C Class,2019,30299,4284,145,55.4,2,SEMI-AUTO,DIESEL
6306,7,C Class,2019,30299,5915,145,44.1,2,SEMI-AUTO,PETROL
6307,7,C Class,2019,30299,7478,145,55.4,2,AUTOMATIC,DIESEL
6308,7,C Class,2019,30300,4000,145,54.3,1.6,SEMI-AUTO,DIESEL
6309,7,C Class,2019,30349,438,145,44.1,2,SEMI-AUTO,PETROL
6310,7,C Class,2019,30399,3964,145,44.1,2,SEMI-AUTO,PETROL
6311,7,C Class,2019,30399,5000,145,61.4,2,AUTOMATIC,DIESEL
6312,7,C Class,2019,30399,7163,145,54.3,2,SEMI-AUTO,DIESEL
6313,7,C Class,2019,30399,9829,145,54.3,2,SEMI-AUTO,DIESEL
6314,7,C Class,2019,30403,3000,145,46.3,1.5,AUTOMATIC,PETROL
6315,7,C Class,2019,30436,10335,145,57.7,2,AUTOMATIC,DIESEL
6316,7,C Class,2019,30444,3360,145,54.3,1.6,AUTOMATIC,DIESEL
6317,7,C Class,2019,30450,4999,145,64.2,2,AUTOMATIC,DIESEL
6318,7,C Class,2019,30480,249,145,64.2,2,SEMI-AUTO,DIESEL
6319,7,C Class,2019,30480,4688,145,61.4,2,SEMI-AUTO,DIESEL
6320,7,C Class,2019,30480,6646,145,64.2,2,SEMI-AUTO,DIESEL
6321,7,C Class,2019,30490,4759,145,61.4,2,AUTOMATIC,DIESEL
6322,7,C Class,2019,30490,5144,145,61.4,2,AUTOMATIC,DIESEL
6323,7,C Class,2019,30492,3592,145,44.1,2,AUTOMATIC,PETROL
6324,7,C Class,2019,30495,8771,145,44.1,2,SEMI-AUTO,PETROL
6325,7,C Class,2019,30498,4977,145,57.7,2,SEMI-AUTO,DIESEL
6326,7,C Class,2019,30499,1126,145,56.5,2,SEMI-AUTO,DIESEL
6327,7,C Class,2019,30499,1488,145,61.4,2,SEMI-AUTO,DIESEL
6328,7,C Class,2019,30499,9426,145,54.3,2,SEMI-AUTO,DIESEL
6329,7,C Class,2019,30499,11159,145,54.3,2,SEMI-AUTO,DIESEL
6330,7,C Class,2019,30500,2105,145,61.4,2,SEMI-AUTO,DIESEL
6331,7,C Class,2019,30500,3180,145,57.7,2,SEMI-AUTO,DIESEL
6332,7,C Class,2019,30500,4010,145,61.4,2,SEMI-AUTO,DIESEL
6333,7,C Class,2019,30500,4999,145,44.8,1.6,AUTOMATIC,PETROL
6334,7,C Class,2019,30500,7098,145,57.7,2,SEMI-AUTO,DIESEL
6335,7,C Class,2019,30516,5465,145,44.1,2,AUTOMATIC,PETROL
6336,7,C Class,2019,30572,5524,145,44.1,1.5,AUTOMATIC,PETROL
6337,7,C Class,2019,30599,2259,145,54.3,1.6,SEMI-AUTO,DIESEL
6338,7,C Class,2019,30599,3601,145,44.1,2,SEMI-AUTO,PETROL
6339,7,C Class,2019,30599,4272,145,44.1,2,SEMI-AUTO,PETROL
6340,7,C Class,2019,30599,4504,145,44.1,2,SEMI-AUTO,PETROL
6341,7,C Class,2019,30666,10062,145,54.3,2,AUTOMATIC,DIESEL
6342,7,C Class,2019,30672,3946,145,57.7,2,AUTOMATIC,DIESEL
6343,7,C Class,2019,30675,1550,145,64.2,2,AUTOMATIC,DIESEL
6344,7,C Class,2019,30699,9914,145,57.7,2,SEMI-AUTO,DIESEL
6345,7,C Class,2019,30740,7926,145,57.7,2,SEMI-AUTO,DIESEL
6346,7,C Class,2019,30749,2000,145,44.1,2,SEMI-AUTO,PETROL
6347,7,C Class,2019,30759,1000,145,53.3,2,AUTOMATIC,DIESEL
6348,7,C Class,2019,30799,1812,145,46.3,1.5,AUTOMATIC,PETROL
6349,7,C Class,2019,30799,3721,145,57.7,2,SEMI-AUTO,DIESEL
6350,7,C Class,2019,30799,7031,145,61.4,2,SEMI-AUTO,DIESEL
6351,7,C Class,2019,30799,7264,145,55.4,2,AUTOMATIC,DIESEL
6352,7,C Class,2019,30799,8947,145,57.7,2,SEMI-AUTO,DIESEL
6353,7,C Class,2019,30840,6200,145,55.4,2,SEMI-AUTO,DIESEL
6354,7,C Class,2019,30840,7532,145,42.2,2,SEMI-AUTO,PETROL
6355,7,C Class,2019,30845,2065,145,64.2,2,AUTOMATIC,DIESEL
6356,7,C Class,2019,30849,8473,145,54.3,2,SEMI-AUTO,DIESEL
6357,7,C Class,2019,30889,8500,145,61.4,2,AUTOMATIC,DIESEL
6358,7,C Class,2019,30890,4390,145,42.8,2,AUTOMATIC,PETROL
6359,7,C Class,2019,30890,5250,145,61.4,2,AUTOMATIC,DIESEL
6360,7,C Class,2019,30890,7265,145,61.4,2,AUTOMATIC,DIESEL
6361,7,C Class,2019,30899,860,145,46.3,1.5,AUTOMATIC,PETROL
6362,7,C Class,2019,30899,7942,145,57.7,2,SEMI-AUTO,DIESEL
6363,7,C Class,2019,30900,2776,150,42.2,2,AUTOMATIC,PETROL
6364,7,C Class,2019,30900,8000,145,46.3,1.5,AUTOMATIC,PETROL
6365,7,C Class,2019,30910,11810,145,55.4,2,SEMI-AUTO,DIESEL
6366,7,C Class,2019,30919,1000,145,53.3,2,SEMI-AUTO,DIESEL
6367,7,C Class,2019,30949,2983,145,57.7,2,SEMI-AUTO,DIESEL
6368,7,C Class,2019,30950,101,145,55.4,2,AUTOMATIC,DIESEL
6369,7,C Class,2019,30950,1218,145,56.5,2,AUTOMATIC,DIESEL
6370,7,C Class,2019,30976,5552,145,44.1,2,AUTOMATIC,PETROL
6371,7,C Class,2019,30980,16,145,61.4,2,SEMI-AUTO,DIESEL
6372,7,C Class,2019,30980,1250,145,61.4,2,SEMI-AUTO,DIESEL
6373,7,C Class,2019,30980,1995,145,64.2,2,SEMI-AUTO,DIESEL
6374,7,C Class,2019,30980,3254,145,57.7,2,SEMI-AUTO,DIESEL
6375,7,C Class,2019,30980,3402,145,46.3,1.5,SEMI-AUTO,PETROL
6376,7,C Class,2019,30980,4288,145,54.3,1.6,SEMI-AUTO,DIESEL
6377,7,C Class,2019,30980,4957,145,57.7,2,SEMI-AUTO,DIESEL
6378,7,C Class,2019,30989,1000,145,54.3,1.6,SEMI-AUTO,DIESEL
6379,7,C Class,2019,30990,151,145,55.4,2,AUTOMATIC,DIESEL
6380,7,C Class,2019,30995,1,145,46.3,2,SEMI-AUTO,DIESEL
6381,7,C Class,2019,30995,9,145,57.7,2,AUTOMATIC,DIESEL
6382,7,C Class,2019,30995,14,145,42.8,2,SEMI-AUTO,PETROL
6383,7,C Class,2019,30995,16,145,44.1,2,SEMI-AUTO,PETROL
6384,7,C Class,2019,30995,1499,145,57.7,2,AUTOMATIC,DIESEL
6385,7,C Class,2019,30995,2499,145,42.8,2,AUTOMATIC,PETROL
6386,7,C Class,2019,30995,4829,145,44.1,2,AUTOMATIC,PETROL
6387,7,C Class,2019,30995,5862,145,44.1,2,AUTOMATIC,PETROL
6388,7,C Class,2019,30995,5999,145,57.7,2,SEMI-AUTO,DIESEL
6389,7,C Class,2019,30995,5999,145,42.8,2,AUTOMATIC,PETROL
6390,7,C Class,2019,30995,6959,145,57.7,2,AUTOMATIC,DIESEL
6391,7,C Class,2019,30999,1497,145,46.3,1.5,AUTOMATIC,PETROL
6392,7,C Class,2019,30999,4999,145,46.3,1.5,AUTOMATIC,PETROL
6393,7,C Class,2019,30999,5831,145,41.5,2,SEMI-AUTO,PETROL
6394,7,C Class,2019,30999,7144,145,57.7,2,SEMI-AUTO,DIESEL
6395,7,C Class,2019,31000,13,145,64.2,2,SEMI-AUTO,DIESEL
6396,7,C Class,2019,31000,3144,145,55.4,2,SEMI-AUTO,DIESEL
6397,7,C Class,2019,31009,2900,145,51.4,2,AUTOMATIC,DIESEL
6398,7,C Class,2019,31040,4511,145,64.2,2,SEMI-AUTO,DIESEL
6399,7,C Class,2019,31099,1935,145,44.1,2,AUTOMATIC,PETROL
6400,7,C Class,2019,31149,6750,145,54.3,2,SEMI-AUTO,DIESEL
6401,7,C Class,2019,31199,2000,145,44.1,1.5,SEMI-AUTO,PETROL
6402,7,C Class,2019,31199,2000,150,44.1,1.5,SEMI-AUTO,PETROL
6403,7,C Class,2019,31199,3435,145,57.7,2,AUTOMATIC,DIESEL
6404,7,C Class,2019,31199,4842,145,46.3,1.5,AUTOMATIC,PETROL
6405,7,C Class,2019,31199,4885,145,64.2,2,SEMI-AUTO,DIESEL
6406,7,C Class,2019,31199,4979,145,41.5,2,SEMI-AUTO,PETROL
6407,7,C Class,2019,31199,5382,145,61.4,2,SEMI-AUTO,DIESEL
6408,7,C Class,2019,31216,4463,145,57.7,2,AUTOMATIC,DIESEL
6409,7,C Class,2019,31248,4000,145,64.2,2,AUTOMATIC,DIESEL
6410,7,C Class,2019,31276,5999,145,44.1,2,AUTOMATIC,PETROL
6411,7,C Class,2019,31299,1000,145,51.4,2,SEMI-AUTO,DIESEL
6412,7,C Class,2019,31299,4233,145,64.2,2,SEMI-AUTO,DIESEL
6413,7,C Class,2019,31299,4631,145,61.4,2,SEMI-AUTO,DIESEL
6414,7,C Class,2019,31299,4831,145,61.4,2,SEMI-AUTO,DIESEL
6415,7,C Class,2019,31346,3001,145,44.1,2,AUTOMATIC,PETROL
6416,7,C Class,2019,31400,100,145,64.2,2,SEMI-AUTO,DIESEL
6417,7,C Class,2019,31400,2200,145,64.2,2,AUTOMATIC,DIESEL
6418,7,C Class,2019,31449,1000,145,54.3,1.6,SEMI-AUTO,DIESEL
6419,7,C Class,2019,31450,5104,145,57.7,2,SEMI-AUTO,DIESEL
6420,7,C Class,2019,31480,16,145,51.4,2,SEMI-AUTO,DIESEL
6421,7,C Class,2019,31480,2090,145,46.3,1.5,SEMI-AUTO,PETROL
6422,7,C Class,2019,31480,3229,145,64.2,2,SEMI-AUTO,DIESEL
6423,7,C Class,2019,31480,7524,145,57.7,2,SEMI-AUTO,DIESEL
6424,7,C Class,2019,31495,3500,145,48.7,2,AUTOMATIC,DIESEL
6425,7,C Class,2019,31499,2206,145,61.4,2,AUTOMATIC,DIESEL
6426,7,C Class,2019,31499,3010,145,57.7,2,AUTOMATIC,DIESEL
6427,7,C Class,2019,31499,3624,145,64.2,2,SEMI-AUTO,DIESEL
6428,7,C Class,2019,31499,6618,145,54.3,2,SEMI-AUTO,DIESEL
6429,7,C Class,2019,31499,9486,145,54.3,2,SEMI-AUTO,DIESEL
6430,7,C Class,2019,31500,7000,145,57.7,2,SEMI-AUTO,DIESEL
6431,7,C Class,2019,31519,1000,145,45.6,1.5,SEMI-AUTO,PETROL
6432,7,C Class,2019,31529,1000,145,51.4,2,AUTOMATIC,DIESEL
6433,7,C Class,2019,31529,1000,145,51.4,2,SEMI-AUTO,DIESEL
6434,7,C Class,2019,31539,118,145,64.2,2,AUTOMATIC,DIESEL
6435,7,C Class,2019,31599,3092,145,44.1,1.5,SEMI-AUTO,PETROL
6436,7,C Class,2019,31599,3115,145,55.4,2,SEMI-AUTO,DIESEL
6437,7,C Class,2019,31599,3784,145,55.4,2,SEMI-AUTO,DIESEL
6438,7,C Class,2019,31599,5800,145,46.3,1.5,SEMI-AUTO,PETROL
6439,7,C Class,2019,31609,1000,145,64.2,2,SEMI-AUTO,DIESEL
6440,7,C Class,2019,31609,1000,145,64.2,2,SEMI-AUTO,DIESEL
6441,7,C Class,2019,31609,1000,145,64.2,2,SEMI-AUTO,DIESEL
6442,7,C Class,2019,31609,1825,145,64.2,2,SEMI-AUTO,DIESEL
6443,7,C Class,2019,31650,4216,145,44.1,2,AUTOMATIC,PETROL
6444,7,C Class,2019,31650,7546,145,44.1,2,AUTOMATIC,PETROL
6445,7,C Class,2019,31699,3358,145,57.7,2,SEMI-AUTO,DIESEL
6446,7,C Class,2019,31699,3723,145,57.7,2,SEMI-AUTO,DIESEL
6447,7,C Class,2019,31699,9839,145,54.3,2,SEMI-AUTO,DIESEL
6448,7,C Class,2019,31716,9785,145,54.3,2,SEMI-AUTO,DIESEL
6449,7,C Class,2019,31740,4999,145,51.4,2,AUTOMATIC,DIESEL
6450,7,C Class,2019,31779,1000,145,54.3,1.6,SEMI-AUTO,DIESEL
6451,7,C Class,2019,31799,999,145,46.3,1.5,AUTOMATIC,PETROL
6452,7,C Class,2019,31799,2273,145,64.2,2,SEMI-AUTO,DIESEL
6453,7,C Class,2019,31799,6805,145,42.2,2,SEMI-AUTO,PETROL
6454,7,C Class,2019,31876,9339,145,54.3,2,SEMI-AUTO,DIESEL
6455,7,C Class,2019,31890,89,145,54.3,1.6,SEMI-AUTO,DIESEL
6456,7,C Class,2019,31890,1499,145,44.1,2,AUTOMATIC,PETROL
6457,7,C Class,2019,31890,2850,145,46.3,2,AUTOMATIC,DIESEL
6458,7,C Class,2019,31890,3150,145,44.1,2,AUTOMATIC,PETROL
6459,7,C Class,2019,31899,1733,145,64.2,2,SEMI-AUTO,DIESEL
6460,7,C Class,2019,31899,4300,145,46.3,1.5,SEMI-AUTO,PETROL
6461,7,C Class,2019,31899,4388,145,46.3,1.5,SEMI-AUTO,PETROL
6462,7,C Class,2019,31950,2323,145,46.3,2,AUTOMATIC,DIESEL
6463,7,C Class,2019,31950,2947,145,54.3,1.6,AUTOMATIC,DIESEL
6464,7,C Class,2019,31950,3000,145,46.3,1.5,AUTOMATIC,PETROL
6465,7,C Class,2019,31980,9,145,61.4,2,SEMI-AUTO,DIESEL
6466,7,C Class,2019,31980,9,145,46.3,1.5,SEMI-AUTO,PETROL
6467,7,C Class,2019,31980,9,145,64.2,2,SEMI-AUTO,DIESEL
6468,7,C Class,2019,31980,16,145,61.4,2,SEMI-AUTO,DIESEL
6469,7,C Class,2019,31980,16,145,44.1,1.5,SEMI-AUTO,PETROL
6470,7,C Class,2019,31980,1854,145,46.3,1.5,SEMI-AUTO,PETROL
6471,7,C Class,2019,31980,1873,145,54.3,2,AUTOMATIC,DIESEL
6472,7,C Class,2019,31980,3162,145,46.3,1.5,SEMI-AUTO,PETROL
6473,7,C Class,2019,31980,3986,145,61.4,2,SEMI-AUTO,DIESEL
6474,7,C Class,2019,31980,5133,145,46.3,1.5,SEMI-AUTO,PETROL
6475,7,C Class,2019,31990,20,145,46.3,1.5,AUTOMATIC,PETROL
6476,7,C Class,2019,31990,100,145,64.2,2,AUTOMATIC,DIESEL
6477,7,C Class,2019,31990,4615,145,54.3,2,SEMI-AUTO,DIESEL
6478,7,C Class,2019,31995,37,145,44.1,2,SEMI-AUTO,PETROL
6479,7,C Class,2019,31995,999,145,64.2,2,AUTOMATIC,DIESEL
6480,7,C Class,2019,31995,1687,145,44.1,2,AUTOMATIC,PETROL
6481,7,C Class,2019,31995,2568,145,44.1,2,AUTOMATIC,PETROL
6482,7,C Class,2019,31995,7992,145,57.7,2,SEMI-AUTO,DIESEL
6483,7,C Class,2019,31998,2000,145,42.2,2,SEMI-AUTO,PETROL
6484,7,C Class,2019,31999,999,145,51.4,2,AUTOMATIC,DIESEL
6485,7,C Class,2019,31999,1000,145,61.4,2,SEMI-AUTO,DIESEL
6486,7,C Class,2019,31999,1000,145,61.4,2,SEMI-AUTO,DIESEL
6487,7,C Class,2019,31999,1000,145,61.4,2,SEMI-AUTO,DIESEL
6488,7,C Class,2019,31999,1052,145,48.7,2,SEMI-AUTO,DIESEL
6489,7,C Class,2019,31999,1097,145,51.4,2,AUTOMATIC,DIESEL
6490,7,C Class,2019,31999,2570,145,57.7,2,SEMI-AUTO,DIESEL
6491,7,C Class,2019,31999,3000,145,48.7,2,AUTOMATIC,DIESEL
6492,7,C Class,2019,31999,4999,145,64.2,2,AUTOMATIC,DIESEL
6493,7,C Class,2019,31999,5110,145,42.2,2,SEMI-AUTO,PETROL
6494,7,C Class,2019,32026,11471,145,57.7,2,AUTOMATIC,DIESEL
6495,7,C Class,2019,32049,2365,145,57.7,2,SEMI-AUTO,DIESEL
6496,7,C Class,2019,32068,23,145,64.2,2,AUTOMATIC,DIESEL
6497,7,C Class,2019,32069,1000,145,64.2,2,SEMI-AUTO,DIESEL
6498,7,C Class,2019,32069,1000,145,64.2,2,AUTOMATIC,DIESEL
6499,7,C Class,2019,32069,1000,145,64.2,2,AUTOMATIC,DIESEL
6500,7,C Class,2019,32069,1000,145,64.2,2,SEMI-AUTO,DIESEL
6501,7,C Class,2019,32069,1000,145,64.2,2,SEMI-AUTO,DIESEL
6502,7,C Class,2019,32069,1000,145,64.2,2,AUTOMATIC,DIESEL
6503,7,C Class,2019,32099,707,145,41.5,2,SEMI-AUTO,PETROL
6504,7,C Class,2019,32099,724,145,64.2,2,SEMI-AUTO,DIESEL
6505,7,C Class,2019,32099,1000,145,51.4,2,SEMI-AUTO,DIESEL
6506,7,C Class,2019,32199,2985,145,44.1,1.5,SEMI-AUTO,PETROL
6507,7,C Class,2019,32199,5511,145,54.3,2,AUTOMATIC,DIESEL
6508,7,C Class,2019,32289,1000,145,46.3,1.5,AUTOMATIC,PETROL
6509,7,C Class,2019,32399,2008,145,46.3,1.5,SEMI-AUTO,PETROL
6510,7,C Class,2019,32399,5415,145,42.2,2,AUTOMATIC,PETROL
6511,7,C Class,2019,32429,1000,145,57.7,2,SEMI-AUTO,DIESEL
6512,7,C Class,2019,32490,2600,145,51.4,2,AUTOMATIC,DIESEL
6513,7,C Class,2019,32495,4999,145,51.4,2,AUTOMATIC,DIESEL
6514,7,C Class,2019,32495,7499,145,44.1,1.5,SEMI-AUTO,PETROL
6515,7,C Class,2019,32495,7499,145,44.1,1.5,AUTOMATIC,PETROL
6516,7,C Class,2019,32498,1887,145,46.3,1.5,SEMI-AUTO,PETROL
6517,7,C Class,2019,32498,11301,145,61.4,2,SEMI-AUTO,DIESEL
6518,7,C Class,2019,32499,1300,145,46.3,1.5,SEMI-AUTO,PETROL
6519,7,C Class,2019,32499,1303,145,46.3,1.5,SEMI-AUTO,PETROL
6520,7,C Class,2019,32499,1800,145,44.1,2,AUTOMATIC,PETROL
6521,7,C Class,2019,32499,1950,145,44.1,2,AUTOMATIC,PETROL
6522,7,C Class,2019,32499,2767,145,55.4,2,AUTOMATIC,DIESEL
6523,7,C Class,2019,32499,3250,145,44.1,2,AUTOMATIC,PETROL
6524,7,C Class,2019,32500,6877,145,42.2,2,SEMI-AUTO,PETROL
6525,7,C Class,2019,32540,2960,145,55.4,2,AUTOMATIC,DIESEL
6526,7,C Class,2019,32549,1000,145,64.2,2,AUTOMATIC,DIESEL
6527,7,C Class,2019,32599,3723,145,54.3,2,SEMI-AUTO,DIESEL
6528,7,C Class,2019,32624,4499,145,44.1,1.5,SEMI-AUTO,PETROL
6529,7,C Class,2019,32699,1362,145,56.5,2,SEMI-AUTO,DIESEL
6530,7,C Class,2019,32699,2100,145,54.3,2,AUTOMATIC,DIESEL
6531,7,C Class,2019,32890,4025,145,42.2,2,SEMI-AUTO,PETROL
6532,7,C Class,2019,32899,4378,145,55.4,2,SEMI-AUTO,DIESEL
6533,7,C Class,2019,32900,3000,145,64.2,2,AUTOMATIC,DIESEL
6534,7,C Class,2019,32900,3579,145,44.1,2,SEMI-AUTO,PETROL
6535,7,C Class,2019,32940,4999,145,44.1,1.5,AUTOMATIC,PETROL
6536,7,C Class,2019,32950,3061,145,44.1,2,AUTOMATIC,PETROL
6537,7,C Class,2019,32959,1000,145,64.2,2,SEMI-AUTO,DIESEL
6538,7,C Class,2019,32980,16,145,46.3,1.5,SEMI-AUTO,PETROL
6539,7,C Class,2019,32980,2000,145,64.2,2,AUTOMATIC,DIESEL
6540,7,C Class,2019,32994,18388,150,64.2,2,SEMI-AUTO,DIESEL
6541,7,C Class,2019,32995,24,145,42.2,2,SEMI-AUTO,PETROL
6542,7,C Class,2019,32995,4500,145,64.2,2,SEMI-AUTO,DIESEL
6543,7,C Class,2019,32995,6638,145,42.2,2,AUTOMATIC,PETROL
6544,7,C Class,2019,32998,17,145,46.3,1.5,SEMI-AUTO,PETROL
6545,7,C Class,2019,32998,2258,145,46.3,1.5,SEMI-AUTO,PETROL
6546,7,C Class,2019,32998,2878,145,42.2,2,SEMI-AUTO,PETROL
6547,7,C Class,2019,32998,4500,145,42.2,2,SEMI-AUTO,PETROL
6548,7,C Class,2019,32999,2136,145,54.3,2,SEMI-AUTO,DIESEL
6549,7,C Class,2019,32999,2373,145,54.3,2,SEMI-AUTO,DIESEL
6550,7,C Class,2019,32999,5612,145,57.7,2,SEMI-AUTO,DIESEL
6551,7,C Class,2019,33000,2850,145,44.1,2,AUTOMATIC,PETROL
6552,7,C Class,2019,33149,9000,145,54.3,2,SEMI-AUTO,DIESEL
6553,7,C Class,2019,33199,3268,145,42.2,2,AUTOMATIC,PETROL
6554,7,C Class,2019,33283,6388,145,57.7,2,AUTOMATIC,DIESEL
6555,7,C Class,2019,33299,2000,145,54.3,2,SEMI-AUTO,DIESEL
6556,7,C Class,2019,33299,2286,145,44.1,2,AUTOMATIC,PETROL
6557,7,C Class,2019,33299,2838,145,42.2,2,SEMI-AUTO,PETROL
6558,7,C Class,2019,33480,2330,145,57.7,2,SEMI-AUTO,DIESEL
6559,7,C Class,2019,33490,2440,145,55.4,2,SEMI-AUTO,DIESEL
6560,7,C Class,2019,33530,6780,145,30.4,3,AUTOMATIC,PETROL
6561,7,C Class,2019,33599,1000,145,44.1,2,SEMI-AUTO,PETROL
6562,7,C Class,2019,33599,1000,145,44.1,2,SEMI-AUTO,PETROL
6563,7,C Class,2019,33599,1000,145,44.1,2,SEMI-AUTO,PETROL
6564,7,C Class,2019,33599,1000,145,44.1,2,SEMI-AUTO,PETROL
6565,7,C Class,2019,33599,1734,145,55.4,2,AUTOMATIC,DIESEL
6566,7,C Class,2019,33599,2679,145,57.7,2,SEMI-AUTO,DIESEL
6567,7,C Class,2019,33599,2983,145,57.7,2,SEMI-AUTO,DIESEL
6568,7,C Class,2019,33699,246,145,44.1,2,SEMI-AUTO,PETROL
6569,7,C Class,2019,33699,1000,145,44.1,2,AUTOMATIC,PETROL
6570,7,C Class,2019,33699,1604,145,42.2,2,SEMI-AUTO,PETROL
6571,7,C Class,2019,33699,2200,145,57.7,2,SEMI-AUTO,DIESEL
6572,7,C Class,2019,33699,5428,145,43.5,2,AUTOMATIC,PETROL
6573,7,C Class,2019,33699,6225,145,55.4,2,SEMI-AUTO,DIESEL
6574,7,C Class,2019,33719,1000,145,61.4,2,AUTOMATIC,DIESEL
6575,7,C Class,2019,33780,1980,145,44.1,1.5,SEMI-AUTO,PETROL
6576,7,C Class,2019,33789,1000,145,61.4,2,SEMI-AUTO,DIESEL
6577,7,C Class,2019,33789,1000,145,61.4,2,SEMI-AUTO,DIESEL
6578,7,C Class,2019,33789,1000,145,61.4,2,AUTOMATIC,DIESEL
6579,7,C Class,2019,33790,6325,145,47.1,1.5,AUTOMATIC,PETROL
6580,7,C Class,2019,33799,2014,145,57.7,2,SEMI-AUTO,DIESEL
6581,7,C Class,2019,33799,5669,150,55.4,2,SEMI-AUTO,DIESEL
6582,7,C Class,2019,33799,5669,145,55.4,2,SEMI-AUTO,DIESEL
6583,7,C Class,2019,33842,3950,145,42.2,2,SEMI-AUTO,PETROL
6584,7,C Class,2019,33980,9,145,57.7,2,SEMI-AUTO,DIESEL
6585,7,C Class,2019,33995,18,145,42.8,2,SEMI-AUTO,PETROL
6586,7,C Class,2019,33995,4788,145,42.8,2,AUTOMATIC,PETROL
6587,7,C Class,2019,33998,1558,145,44.1,1.5,SEMI-AUTO,PETROL
6588,7,C Class,2019,33998,3814,145,44.1,1.5,SEMI-AUTO,PETROL
6589,7,C Class,2019,33999,1000,145,57.7,2,SEMI-AUTO,DIESEL
6590,7,C Class,2019,34039,1000,145,44.1,1.5,SEMI-AUTO,PETROL
6591,7,C Class,2019,34070,14413,145,53.3,2,AUTOMATIC,DIESEL
6592,7,C Class,2019,34099,1000,145,42.2,2,SEMI-AUTO,PETROL
6593,7,C Class,2019,34099,6033,145,44.1,2,SEMI-AUTO,PETROL
6594,7,C Class,2019,34199,4229,145,55.4,2,SEMI-AUTO,DIESEL
6595,7,C Class,2019,34249,1000,145,61.4,2,SEMI-AUTO,DIESEL
6596,7,C Class,2019,34255,2088,145,44.1,2,SEMI-AUTO,PETROL
6597,7,C Class,2019,34299,3938,145,55.4,2,SEMI-AUTO,DIESEL
6598,7,C Class,2019,34399,3353,145,55.4,2,SEMI-AUTO,DIESEL
6599,7,C Class,2019,34399,3414,145,44.1,2,SEMI-AUTO,PETROL
6600,7,C Class,2019,34449,4070,145,54.3,2,SEMI-AUTO,DIESEL
6601,7,C Class,2019,34480,3446,145,46.3,1.5,SEMI-AUTO,PETROL
6602,7,C Class,2019,34499,2838,145,42.2,2,SEMI-AUTO,PETROL
6603,7,C Class,2019,34499,3822,145,44.1,2,SEMI-AUTO,PETROL
6604,7,C Class,2019,34579,1000,145,44.1,1.5,SEMI-AUTO,PETROL
6605,7,C Class,2019,34579,1000,145,44.1,1.5,SEMI-AUTO,PETROL
6606,7,C Class,2019,34579,1000,145,44.1,1.5,SEMI-AUTO,PETROL
6607,7,C Class,2019,34649,1000,145,61.4,2,SEMI-AUTO,DIESEL
6608,7,C Class,2019,34790,3000,145,61.4,2,AUTOMATIC,DIESEL
6609,7,C Class,2019,34790,5298,145,57.7,2,SEMI-AUTO,DIESEL
6610,7,C Class,2019,34799,1941,145,55.4,2,SEMI-AUTO,DIESEL
6611,7,C Class,2019,34799,3435,145,44.1,1.5,SEMI-AUTO,PETROL
6612,7,C Class,2019,34890,1139,135,217.3,2,SEMI-AUTO,HYBRID
6613,7,C Class,2019,34890,21927,145,29.4,3,AUTOMATIC,PETROL
6614,7,C Class,2019,34919,2292,145,44.1,1.5,SEMI-AUTO,PETROL
6615,7,C Class,2019,34980,16169,150,30.4,3,SEMI-AUTO,PETROL
6616,7,C Class,2019,34987,2791,145,64.2,2,AUTOMATIC,DIESEL
6617,7,C Class,2019,34989,4131,145,55.4,2,AUTOMATIC,DIESEL
6618,7,C Class,2019,34990,3196,145,54.3,1.6,AUTOMATIC,DIESEL
6619,7,C Class,2019,34995,5000,145,44.1,2,AUTOMATIC,PETROL
6620,7,C Class,2019,34995,5999,145,54.3,2,AUTOMATIC,DIESEL
6621,7,C Class,2019,35000,1250,145,42.2,2,AUTOMATIC,PETROL
6622,7,C Class,2019,35049,1000,145,44.1,1.5,SEMI-AUTO,PETROL
6623,7,C Class,2019,35049,1000,145,44.1,1.5,AUTOMATIC,PETROL
6624,7,C Class,2019,35068,11226,145,45.6,1.5,SEMI-AUTO,PETROL
6625,7,C Class,2019,35099,2512,145,44.1,1.5,SEMI-AUTO,PETROL
6626,7,C Class,2019,35199,2086,145,44.1,1.5,SEMI-AUTO,PETROL
6627,7,C Class,2019,35250,2001,145,61.4,2,AUTOMATIC,DIESEL
6628,7,C Class,2019,35299,100,145,55.4,2,SEMI-AUTO,DIESEL
6629,7,C Class,2019,35399,1152,145,44.1,1.5,SEMI-AUTO,PETROL
6630,7,C Class,2019,35399,1273,145,44.1,1.5,SEMI-AUTO,PETROL
6631,7,C Class,2019,35499,1023,145,44.1,1.5,SEMI-AUTO,PETROL
6632,7,C Class,2019,35499,2616,145,36.2,3,SEMI-AUTO,PETROL
6633,7,C Class,2019,35500,2001,145,64.2,2,AUTOMATIC,DIESEL
6634,7,C Class,2019,35539,1000,145,57.7,2,SEMI-AUTO,DIESEL
6635,7,C Class,2019,35740,20016,145,29.7,3,SEMI-AUTO,PETROL
6636,7,C Class,2019,35791,2910,145,64.2,2,AUTOMATIC,DIESEL
6637,7,C Class,2019,35891,4167,145,61.4,2,AUTOMATIC,DIESEL
6638,7,C Class,2019,35891,4721,145,64.2,2,AUTOMATIC,DIESEL
6639,7,C Class,2019,35980,9,145,57.7,2,SEMI-AUTO,DIESEL
6640,7,C Class,2019,35980,1844,145,61.4,2,SEMI-AUTO,DIESEL
6641,7,C Class,2019,35980,3566,145,61.4,2,SEMI-AUTO,DIESEL
6642,7,C Class,2019,35991,5376,145,30.4,3,AUTOMATIC,PETROL
6643,7,C Class,2019,36090,6374,145,30.4,3,AUTOMATIC,PETROL
6644,7,C Class,2019,36199,9800,145,30.4,3,SEMI-AUTO,PETROL
6645,7,C Class,2019,36350,17009,145,61.4,2,AUTOMATIC,DIESEL
6646,7,C Class,2019,36420,6650,145,64.2,1.6,AUTOMATIC,DIESEL
6647,7,C Class,2019,36539,1000,145,55.4,2,SEMI-AUTO,DIESEL
6648,7,C Class,2019,36539,1000,145,55.4,2,SEMI-AUTO,DIESEL
6649,7,C Class,2019,36599,124,145,41.5,2,SEMI-AUTO,PETROL
6650,7,C Class,2019,36791,1765,145,46.3,1.5,AUTOMATIC,PETROL
6651,7,C Class,2019,36791,6664,145,64.2,2,AUTOMATIC,DIESEL
6652,7,C Class,2019,36980,9,145,61.4,2,AUTOMATIC,DIESEL
6653,7,C Class,2019,36980,16,145,61.4,2,SEMI-AUTO,DIESEL
6654,7,C Class,2019,36980,16,145,61.4,2,SEMI-AUTO,DIESEL
6655,7,C Class,2019,36980,8610,145,29.4,3,SEMI-AUTO,PETROL
6656,7,C Class,2019,36991,3498,145,64.2,2,AUTOMATIC,DIESEL
6657,7,C Class,2019,36995,100,145,44.1,1.5,AUTOMATIC,PETROL
6658,7,C Class,2019,36995,2749,145,54.3,2,AUTOMATIC,DIESEL
6659,7,C Class,2019,36999,499,145,44.1,1.5,AUTOMATIC,PETROL
6660,7,C Class,2019,36999,1000,145,55.4,2,SEMI-AUTO,DIESEL
6661,7,C Class,2019,37250,3147,145,61.4,2,AUTOMATIC,DIESEL
6662,7,C Class,2019,37321,50,145,54.3,1.6,AUTOMATIC,DIESEL
6663,7,C Class,2019,37449,5510,145,54.3,2,AUTOMATIC,DIESEL
6664,7,C Class,2019,37500,10261,145,29.4,3,SEMI-AUTO,PETROL
6665,7,C Class,2019,37790,2200,145,29.4,3,SEMI-AUTO,PETROL
6666,7,C Class,2019,37890,4404,145,30.4,3,AUTOMATIC,PETROL
6667,7,C Class,2019,37899,7411,145,29.4,3,SEMI-AUTO,PETROL
6668,7,C Class,2019,37950,1820,145,54.3,2,AUTOMATIC,DIESEL
6669,7,C Class,2019,37990,750,150,30.4,3,AUTOMATIC,PETROL
6670,7,C Class,2019,37990,2750,145,54.3,2,AUTOMATIC,DIESEL
6671,7,C Class,2019,37995,1800,145,54.3,2,SEMI-AUTO,DIESEL
6672,7,C Class,2019,37999,2486,145,44.1,1.5,AUTOMATIC,PETROL
6673,7,C Class,2019,38289,1000,145,54.3,2,AUTOMATIC,DIESEL
6674,7,C Class,2019,38289,1000,145,54.3,2,SEMI-AUTO,DIESEL
6675,7,C Class,2019,38500,3999,145,30.4,3,SEMI-AUTO,PETROL
6676,7,C Class,2019,38521,50,145,61.4,2,AUTOMATIC,DIESEL
6677,7,C Class,2019,38596,2055,145,30.4,3,SEMI-AUTO,PETROL
6678,7,C Class,2019,38610,6249,145,29.1,3,AUTOMATIC,PETROL
6679,7,C Class,2019,38699,3668,145,30.4,3,SEMI-AUTO,PETROL
6680,7,C Class,2019,38991,4811,145,61.4,2,AUTOMATIC,DIESEL
6681,7,C Class,2019,38995,500,145,29.7,3,AUTOMATIC,PETROL
6682,7,C Class,2019,38995,12357,150,29.7,3,SEMI-AUTO,PETROL
6683,7,C Class,2019,38999,3220,145,30.4,3,SEMI-AUTO,PETROL
6684,7,C Class,2019,38999,4300,145,30.4,3,AUTOMATIC,PETROL
6685,7,C Class,2019,39000,2857,145,30.4,3,SEMI-AUTO,PETROL
6686,7,C Class,2019,39290,4651,145,30.4,3,SEMI-AUTO,PETROL
6687,7,C Class,2019,39299,8628,145,29.4,3,AUTOMATIC,PETROL
6688,7,C Class,2019,39400,11838,145,30.4,3,SEMI-AUTO,PETROL
6689,7,C Class,2019,39500,3466,145,30.4,3,SEMI-AUTO,PETROL
6690,7,C Class,2019,39790,3700,145,61.4,2,AUTOMATIC,DIESEL
6691,7,C Class,2019,39894,10585,145,30.4,3,AUTOMATIC,PETROL
6692,7,C Class,2019,39950,6641,145,29.7,3,SEMI-AUTO,PETROL
6693,7,C Class,2019,39991,1987,145,44.1,2,AUTOMATIC,PETROL
6694,7,C Class,2019,39995,3560,145,29.4,3,SEMI-AUTO,PETROL
6695,7,C Class,2019,39995,4604,150,29.4,3,SEMI-AUTO,PETROL
6696,7,C Class,2019,39995,9293,145,28.5,3,SEMI-AUTO,PETROL
6697,7,C Class,2019,40000,4504,145,30.4,3,SEMI-AUTO,PETROL
6698,7,C Class,2019,40099,11267,145,29.4,3,SEMI-AUTO,PETROL
6699,7,C Class,2019,40599,8000,145,29.4,3,SEMI-AUTO,PETROL
6700,7,C Class,2019,40649,11130,145,30.4,3,SEMI-AUTO,PETROL
6701,7,C Class,2019,40649,11300,145,30.4,3,SEMI-AUTO,PETROL
6702,7,C Class,2019,40699,10476,145,30.4,3,SEMI-AUTO,PETROL
6703,7,C Class,2019,40749,7749,145,30.4,3,SEMI-AUTO,PETROL
6704,7,C Class,2019,40849,10387,145,30.4,3,SEMI-AUTO,PETROL
6705,7,C Class,2019,40890,5367,145,29.1,3,SEMI-AUTO,PETROL
6706,7,C Class,2019,40924,5325,145,44.1,2,AUTOMATIC,PETROL
6707,7,C Class,2019,41000,5339,145,28.8,3,SEMI-AUTO,PETROL
6708,7,C Class,2019,41070,7969,145,29.4,3,AUTOMATIC,PETROL
6709,7,C Class,2019,41099,8370,145,29.4,3,SEMI-AUTO,PETROL
6710,7,C Class,2019,41400,3615,145,28.8,3,SEMI-AUTO,PETROL
6711,7,C Class,2019,41491,2430,145,55.4,2,AUTOMATIC,DIESEL
6712,7,C Class,2019,41499,8116,145,30.4,3,SEMI-AUTO,PETROL
6713,7,C Class,2019,41500,2317,145,29.4,3,SEMI-AUTO,PETROL
6714,7,C Class,2019,41500,3805,145,30.4,3,SEMI-AUTO,PETROL
6715,7,C Class,2019,41699,7400,145,30.4,3,SEMI-AUTO,PETROL
6716,7,C Class,2019,41750,10004,145,34.5,4,SEMI-AUTO,PETROL
6717,7,C Class,2019,41870,7226,145,54.3,2,AUTOMATIC,DIESEL
6718,7,C Class,2019,41880,151,145,29.7,3,AUTOMATIC,PETROL
6719,7,C Class,2019,41949,8315,145,29.7,3,SEMI-AUTO,PETROL
6720,7,C Class,2019,41949,11470,145,29.7,3,SEMI-AUTO,PETROL
6721,7,C Class,2019,41999,10104,145,30.4,3,SEMI-AUTO,PETROL
6722,7,C Class,2019,42000,3864,145,30.4,3,SEMI-AUTO,PETROL
6723,7,C Class,2019,42049,6071,145,30.4,3,SEMI-AUTO,PETROL
6724,7,C Class,2019,42099,3076,145,28,3,SEMI-AUTO,PETROL
6725,7,C Class,2019,42490,10027,145,29.1,3,AUTOMATIC,PETROL
6726,7,C Class,2019,42699,24,145,30.4,3,SEMI-AUTO,PETROL
6727,7,C Class,2019,42799,5001,145,29.7,3,AUTOMATIC,PETROL
6728,7,C Class,2019,42895,4829,145,29.1,3,AUTOMATIC,PETROL
6729,7,C Class,2019,42900,10204,145,29.1,3,SEMI-AUTO,PETROL
6730,7,C Class,2019,42990,5545,145,29.7,3,AUTOMATIC,PETROL
6731,7,C Class,2019,42995,101,145,29.7,3,SEMI-AUTO,PETROL
6732,7,C Class,2019,42999,8751,145,29.1,3,SEMI-AUTO,PETROL
6733,7,C Class,2019,43049,7351,145,30.4,3,SEMI-AUTO,PETROL
6734,7,C Class,2019,43199,9551,145,29.1,3,SEMI-AUTO,PETROL
6735,7,C Class,2019,44000,3999,145,29.7,3,SEMI-AUTO,PETROL
6736,7,C Class,2019,44000,8023,145,29.7,3,SEMI-AUTO,PETROL
6737,7,C Class,2019,44160,1414,145,55.4,2,AUTOMATIC,DIESEL
6738,7,C Class,2019,44399,9026,145,29.1,3,SEMI-AUTO,PETROL
6739,7,C Class,2019,44480,1752,145,29.7,3,SEMI-AUTO,PETROL
6740,7,C Class,2019,44480,1752,145,29.7,3,SEMI-AUTO,PETROL
6741,7,C Class,2019,44480,9103,145,29.1,3,SEMI-AUTO,PETROL
6742,7,C Class,2019,44980,4887,145,29.7,3,SEMI-AUTO,PETROL
6743,7,C Class,2019,44987,1843,145,30.4,3,AUTOMATIC,PETROL
6744,7,C Class,2019,44990,1474,145,29.1,3,AUTOMATIC,PETROL
6745,7,C Class,2019,44990,19999,145,28.5,4,AUTOMATIC,PETROL
6746,7,C Class,2019,45199,7635,145,30.4,3,SEMI-AUTO,PETROL
6747,7,C Class,2019,45980,2010,145,29.7,3,SEMI-AUTO,PETROL
6748,7,C Class,2019,45980,2617,145,29.7,3,SEMI-AUTO,PETROL
6749,7,C Class,2019,45980,3830,145,29.7,3,SEMI-AUTO,PETROL
6750,7,C Class,2019,45980,3999,145,29.7,3,SEMI-AUTO,PETROL
6751,7,C Class,2019,45980,4504,145,29.7,3,SEMI-AUTO,PETROL
6752,7,C Class,2019,46390,2750,145,29.7,3,AUTOMATIC,PETROL
6753,7,C Class,2019,46599,1724,145,30.4,3,SEMI-AUTO,PETROL
6754,7,C Class,2019,46755,168,145,29.7,3,AUTOMATIC,PETROL
6755,7,C Class,2019,46950,1436,145,29.7,3,AUTOMATIC,PETROL
6756,7,C Class,2019,46999,9962,145,29.7,3,SEMI-AUTO,PETROL
6757,7,C Class,2019,47999,8456,145,29.7,3,SEMI-AUTO,PETROL
6758,7,C Class,2019,48491,11347,145,30.4,3,AUTOMATIC,PETROL
6759,7,C Class,2019,48990,800,145,29.1,3,SEMI-AUTO,PETROL
6760,7,C Class,2019,49280,962,145,28.5,4,AUTOMATIC,PETROL
6761,7,C Class,2019,49499,358,145,29.1,3,SEMI-AUTO,PETROL
6762,7,C Class,2019,49499,1000,145,29.1,3,SEMI-AUTO,PETROL
6763,7,C Class,2019,49669,1000,145,29.1,3,SEMI-AUTO,PETROL
6764,7,C Class,2019,49780,5654,145,28.5,4,AUTOMATIC,PETROL
6765,7,C Class,2019,50981,7721,145,29.1,3,AUTOMATIC,PETROL
6766,7,C Class,2019,52000,5072,145,34.5,4,AUTOMATIC,PETROL
6767,7,C Class,2019,53990,2225,145,28.5,4,AUTOMATIC,PETROL
6768,7,C Class,2019,53991,8011,145,29.7,3,AUTOMATIC,PETROL
6769,7,C Class,2019,54980,9155,145,27.2,4,AUTOMATIC,PETROL
6770,7,C Class,2019,54990,1600,150,28.5,4,AUTOMATIC,PETROL
6771,7,C Class,2019,59830,6234,145,28.5,4,AUTOMATIC,PETROL
6772,7,C Class,2019,59950,152,145,27.2,4,AUTOMATIC,PETROL
6773,7,C Class,2019,60859,1000,145,28.5,4,SEMI-AUTO,PETROL
6774,7,C Class,2019,61495,1499,145,34.5,4,AUTOMATIC,PETROL
6775,7,C Class,2019,61995,100,145,27.2,4,AUTOMATIC,PETROL
6776,7,C Class,2019,62199,95,145,28.5,4,SEMI-AUTO,PETROL
6777,7,C Class,2019,62399,7580,145,28,4,SEMI-AUTO,PETROL
6778,7,C Class,2019,63495,500,145,28,4,AUTOMATIC,PETROL
6779,7,C Class,2019,65000,3398,145,27.2,4,SEMI-AUTO,PETROL
6780,7,C Class,2019,66699,630,145,28.5,4,SEMI-AUTO,PETROL
6781,7,C Class,2019,66890,1200,145,28.5,4,SEMI-AUTO,PETROL
6782,7,C Class,2019,66899,262,145,28.5,4,SEMI-AUTO,PETROL
6783,7,C Class,2019,66990,9625,145,28,4,AUTOMATIC,PETROL
6784,7,C Class,2019,67000,2800,145,28,4,AUTOMATIC,PETROL
6785,7,C Class,2019,67159,883,145,28,4,AUTOMATIC,PETROL
6786,7,C Class,2019,67199,2270,145,28,4,SEMI-AUTO,PETROL
6787,7,C Class,2019,67495,700,145,28,4,SEMI-AUTO,PETROL
6788,7,C Class,2019,67699,544,145,28,4,AUTOMATIC,PETROL
6789,7,C Class,2019,67940,237,145,28,4,AUTOMATIC,PETROL
6790,7,C Class,2019,67980,3456,145,28,4,SEMI-AUTO,PETROL
6791,7,C Class,2019,68399,1282,145,28,4,SEMI-AUTO,PETROL
6792,7,C Class,2019,69399,1615,145,28,4,SEMI-AUTO,PETROL
6793,7,C Class,2019,69679,1000,145,28,4,SEMI-AUTO,PETROL
6794,7,C Class,2019,69950,1079,145,27.2,4,AUTOMATIC,PETROL
6795,7,C Class,2019,88995,200,145,28,4,SEMI-AUTO,PETROL
6796,7,C Class,2020,22980,16,145,47.1,1.6,MANUAL,PETROL
6797,7,C Class,2020,28220,4501,145,54.3,1.6,SEMI-AUTO,DIESEL
6798,7,C Class,2020,28490,16388,145,64.2,2,SEMI-AUTO,DIESEL
6799,7,C Class,2020,28590,1501,145,54.3,1.6,SEMI-AUTO,DIESEL
6800,7,C Class,2020,28990,3458,145,46.3,1.5,AUTOMATIC,PETROL
6801,7,C Class,2020,29750,3000,145,57.7,2,AUTOMATIC,DIESEL
6802,7,C Class,2020,29880,3000,145,64.2,2,SEMI-AUTO,DIESEL
6803,7,C Class,2020,29950,101,145,64.2,2,SEMI-AUTO,DIESEL
6804,7,C Class,2020,29950,101,145,48.7,2,SEMI-AUTO,DIESEL
6805,7,C Class,2020,29980,9,150,46.3,1.5,SEMI-AUTO,PETROL
6806,7,C Class,2020,29990,99,145,64.2,2,SEMI-AUTO,DIESEL
6807,7,C Class,2020,29999,100,145,53.3,2,SEMI-AUTO,DIESEL
6808,7,C Class,2020,30395,2500,145,64.2,2,AUTOMATIC,DIESEL
6809,7,C Class,2020,30480,16,145,64.2,2,SEMI-AUTO,DIESEL
6810,7,C Class,2020,30480,16,145,64.2,2,SEMI-AUTO,DIESEL
6811,7,C Class,2020,30480,1989,145,64.2,2,SEMI-AUTO,DIESEL
6812,7,C Class,2020,30500,100,145,64.2,2,SEMI-AUTO,DIESEL
6813,7,C Class,2020,30500,100,145,64.2,2,SEMI-AUTO,DIESEL
6814,7,C Class,2020,30500,100,145,64.2,2,SEMI-AUTO,DIESEL
6815,7,C Class,2020,30500,199,145,64.2,2,SEMI-AUTO,DIESEL
6816,7,C Class,2020,30500,700,145,64.2,2,SEMI-AUTO,DIESEL
6817,7,C Class,2020,30500,999,145,64.2,2,SEMI-AUTO,DIESEL
6818,7,C Class,2020,30960,3000,145,64.2,2,AUTOMATIC,DIESEL
6819,7,C Class,2020,30980,3999,145,61.4,2,SEMI-AUTO,DIESEL
6820,7,C Class,2020,30990,2780,145,61.4,2,SEMI-AUTO,DIESEL
6821,7,C Class,2020,30990,6000,145,64.2,2,AUTOMATIC,DIESEL
6822,7,C Class,2020,30999,1000,145,64.2,2,AUTOMATIC,DIESEL
6823,7,C Class,2020,31000,100,145,64.2,2,SEMI-AUTO,DIESEL
6824,7,C Class,2020,31480,9,145,64.2,2,SEMI-AUTO,DIESEL
6825,7,C Class,2020,31480,19,145,64.2,2,SEMI-AUTO,DIESEL
6826,7,C Class,2020,31590,1452,145,64.2,2,AUTOMATIC,DIESEL
6827,7,C Class,2020,31790,3500,145,64.2,2,AUTOMATIC,PETROL
6828,7,C Class,2020,31950,2985,145,51.4,2,AUTOMATIC,DIESEL
6829,7,C Class,2020,31980,16,145,64.2,2,SEMI-AUTO,DIESEL
6830,7,C Class,2020,31980,16,145,64.2,2,SEMI-AUTO,DIESEL
6831,7,C Class,2020,31995,5000,145,58.9,1.6,SEMI-AUTO,DIESEL
6832,7,C Class,2020,32480,16,145,64.2,2,SEMI-AUTO,DIESEL
6833,7,C Class,2020,32480,16,145,64.2,2,SEMI-AUTO,DIESEL
6834,7,C Class,2020,32659,1000,145,54.3,1.6,SEMI-AUTO,DIESEL
6835,7,C Class,2020,32980,9,145,61.4,2,SEMI-AUTO,DIESEL
6836,7,C Class,2020,32980,16,145,61.4,2,SEMI-AUTO,DIESEL
6837,7,C Class,2020,33111,4000,150,64.2,2,SEMI-AUTO,DIESEL
6838,7,C Class,2020,33400,213,145,64.2,2,SEMI-AUTO,DIESEL
6839,7,C Class,2020,33469,1000,145,54.3,1.6,SEMI-AUTO,DIESEL
6840,7,C Class,2020,33509,1000,145,39.2,2,SEMI-AUTO,PETROL
6841,7,C Class,2020,33800,2406,145,47.1,1.5,SEMI-AUTO,PETROL
6842,7,C Class,2020,33900,6000,145,47.1,1.5,AUTOMATIC,PETROL
6843,7,C Class,2020,33980,16,145,61.4,2,SEMI-AUTO,DIESEL
6844,7,C Class,2020,33980,16,145,51.4,2,SEMI-AUTO,DIESEL
6845,7,C Class,2020,33990,99,145,48.7,2,SEMI-AUTO,DIESEL
6846,7,C Class,2020,33990,100,145,57.7,2,SEMI-AUTO,DIESEL
6847,7,C Class,2020,33991,1000,145,64.2,2,SEMI-AUTO,DIESEL
6848,7,C Class,2020,33995,30,145,64.2,2,SEMI-AUTO,DIESEL
6849,7,C Class,2020,33998,2000,145,64.2,2,AUTOMATIC,DIESEL
6850,7,C Class,2020,33998,2000,145,61.4,2,AUTOMATIC,DIESEL
6851,7,C Class,2020,34495,6000,145,48.7,2,AUTOMATIC,DIESEL
6852,7,C Class,2020,34498,3000,145,61.4,2,AUTOMATIC,DIESEL
6853,7,C Class,2020,34500,100,145,48.7,2,SEMI-AUTO,DIESEL
6854,7,C Class,2020,34500,100,145,48.7,2,SEMI-AUTO,DIESEL
6855,7,C Class,2020,34500,100,145,48.7,2,SEMI-AUTO,DIESEL
6856,7,C Class,2020,34500,100,145,48.7,2,SEMI-AUTO,DIESEL
6857,7,C Class,2020,34790,2653,145,55.4,2,AUTOMATIC,DIESEL
6858,7,C Class,2020,34900,3478,145,44.1,2,SEMI-AUTO,PETROL
6859,7,C Class,2020,34991,1000,145,43.5,2,SEMI-AUTO,PETROL
6860,7,C Class,2020,34995,5000,145,64.2,2,SEMI-AUTO,DIESEL
6861,7,C Class,2020,34999,1500,145,46.3,1.5,SEMI-AUTO,PETROL
6862,7,C Class,2020,35490,2690,145,48.7,2,AUTOMATIC,DIESEL
6863,7,C Class,2020,35491,2669,145,48.7,2,SEMI-AUTO,DIESEL
6864,7,C Class,2020,35900,3000,145,61.4,2,AUTOMATIC,DIESEL
6865,7,C Class,2020,35980,9,145,55.4,2,SEMI-AUTO,DIESEL
6866,7,C Class,2020,35999,500,145,55.4,2,AUTOMATIC,DIESEL
6867,7,C Class,2020,36209,1000,145,42.8,2,SEMI-AUTO,PETROL
6868,7,C Class,2020,36809,1000,145,46.3,1.5,SEMI-AUTO,PETROL
6869,7,C Class,2020,36990,3953,145,42.2,2,SEMI-AUTO,PETROL
6870,7,C Class,2020,37249,1000,145,57.7,2,SEMI-AUTO,DIESEL
6871,7,C Class,2020,37995,5000,145,46.3,1.5,SEMI-AUTO,PETROL
6872,7,C Class,2020,38400,2384,145,46.3,2,AUTOMATIC,DIESEL
6873,7,C Class,2020,38980,3999,145,28.3,3,SEMI-AUTO,PETROL
6874,7,C Class,2020,39099,1000,145,44.1,2,SEMI-AUTO,PETROL
6875,7,C Class,2020,39309,1000,145,46.3,2,SEMI-AUTO,DIESEL
6876,7,C Class,2020,39759,1000,145,54.3,2,SEMI-AUTO,DIESEL
6877,7,C Class,2020,39900,600,145,55.4,2,AUTOMATIC,DIESEL
6878,7,C Class,2020,39981,4065,145,57.7,2,SEMI-AUTO,DIESEL
6879,7,C Class,2020,39991,1173,145,55.4,2,SEMI-AUTO,DIESEL
6880,7,C Class,2020,39994,2499,145,55.4,2,SEMI-AUTO,DIESEL
6881,7,C Class,2020,39994,2499,145,55.4,2,SEMI-AUTO,DIESEL
6882,7,C Class,2020,39995,328,145,44.1,1.5,SEMI-AUTO,PETROL
6883,7,C Class,2020,39995,5000,145,44.1,1.5,SEMI-AUTO,PETROL
6884,7,C Class,2020,40179,1000,145,54.3,2,SEMI-AUTO,DIESEL
6885,7,C Class,2020,40991,1000,145,55.4,2,SEMI-AUTO,DIESEL
6886,7,C Class,2020,40999,400,135,217.3,2,AUTOMATIC,OTHER
6887,7,C Class,2020,41450,3897,145,44.1,1.5,AUTOMATIC,PETROL
6888,7,C Class,2020,41900,1000,150,28.8,3,AUTOMATIC,PETROL
6889,7,C Class,2020,41900,6000,145,55.4,2,AUTOMATIC,DIESEL
6890,7,C Class,2020,41999,4999,145,28.8,3,SEMI-AUTO,PETROL
6891,7,C Class,2020,42980,3999,145,28.8,3,SEMI-AUTO,PETROL
6892,7,C Class,2020,44995,250,145,42.2,2,SEMI-AUTO,PETROL
6893,7,C Class,2020,47980,4462,145,29.7,3,SEMI-AUTO,PETROL
6894,7,C Class,2020,48879,1000,145,29.7,3,SEMI-AUTO,PETROL
6895,7,C Class,2020,53669,1000,145,29.1,3,SEMI-AUTO,PETROL
6896,7,C Class,2020,54000,250,145,29.1,3,SEMI-AUTO,PETROL
6897,7,C Class,2020,54995,1499,145,29.7,3,SEMI-AUTO,PETROL
6898,7,C Class,2020,61995,20,145,33.6,4,AUTOMATIC,PETROL
6899,7,C Class,2020,65980,3999,145,28,4,SEMI-AUTO,PETROL
6900,7,C Class,2020,65990,999,145,28,4,SEMI-AUTO,PETROL
6901,7,C Class,2020,67999,1500,145,28,4,SEMI-AUTO,PETROL
6902,7,C Class,2020,68995,2000,145,28,4,AUTOMATIC,PETROL
6903,7,C Class,2020,69995,250,145,28,4,SEMI-AUTO,PETROL
6904,8,CL Class,2002,8995,77000,325,21.1,5.4,AUTOMATIC,PETROL
6905,8,CL Class,2008,18975,69000,570,19,6.2,AUTOMATIC,PETROL
6906,8,CL Class,2013,10995,69965,125,50.4,1.6,MANUAL,PETROL
6907,8,CL Class,2013,11291,54248,125,50.4,1.6,MANUAL,PETROL
6908,8,CL Class,2013,11460,64000,125,50.4,1.6,MANUAL,PETROL
6909,8,CL Class,2013,11998,33562,125,50.4,1.6,MANUAL,PETROL
6910,8,CL Class,2013,12202,69008,125,50.4,1.6,MANUAL,PETROL
6911,8,CL Class,2013,14175,62957,30,62.8,2.1,SEMI-AUTO,DIESEL
6912,8,CL Class,2013,15499,52746,30,62.8,2.1,AUTOMATIC,DIESEL
6913,8,CL Class,2013,16822,31250,30,62.8,2.1,SEMI-AUTO,DIESEL
6914,8,CL Class,2014,12000,62479,30,64.2,1.8,MANUAL,DIESEL
6915,8,CL Class,2014,12450,56077,125,50.4,1.6,MANUAL,PETROL
6916,8,CL Class,2014,12990,64000,125,50.4,1.6,MANUAL,PETROL
6917,8,CL Class,2014,13299,47027,30,64.2,1.8,MANUAL,DIESEL
6918,8,CL Class,2014,13495,35677,30,62.8,2.1,SEMI-AUTO,DIESEL
6919,8,CL Class,2014,13499,49491,125,50.4,1.6,MANUAL,PETROL
6920,8,CL Class,2014,13550,44142,30,62.8,2.1,AUTOMATIC,DIESEL
6921,8,CL Class,2014,13620,78791,30,62.8,2.1,SEMI-AUTO,DIESEL
6922,8,CL Class,2014,13991,48646,30,62.8,2.1,AUTOMATIC,DIESEL
6923,8,CL Class,2014,14750,42349,30,62.8,2.1,SEMI-AUTO,DIESEL
6924,8,CL Class,2014,14941,66694,30,62.8,1.8,SEMI-AUTO,DIESEL
6925,8,CL Class,2014,14980,32675,30,62.8,1.8,SEMI-AUTO,DIESEL
6926,8,CL Class,2014,14999,38986,30,64.2,2.1,MANUAL,DIESEL
6927,8,CL Class,2014,15034,69080,30,62.8,2.1,AUTOMATIC,DIESEL
6928,8,CL Class,2014,15250,28612,30,64.2,1.8,MANUAL,DIESEL
6929,8,CL Class,2014,15830,30110,30,64.2,1.8,MANUAL,DIESEL
6930,8,CL Class,2014,15990,45559,30,62.8,2.1,SEMI-AUTO,DIESEL
6931,8,CL Class,2014,15990,63824,30,62.8,2.1,SEMI-AUTO,DIESEL
6932,8,CL Class,2014,15998,42514,30,62.8,2.1,SEMI-AUTO,DIESEL
6933,8,CL Class,2014,16349,27266,125,51.4,1.6,SEMI-AUTO,PETROL
6934,8,CL Class,2014,16401,41000,30,62.8,2.1,SEMI-AUTO,DIESEL
6935,8,CL Class,2014,16452,38312,30,62.8,2.1,SEMI-AUTO,DIESEL
6936,8,CL Class,2014,16990,45000,200,42.8,2,AUTOMATIC,PETROL
6937,8,CL Class,2014,16995,37208,30,62.8,2.1,SEMI-AUTO,DIESEL
6938,8,CL Class,2014,17298,33274,30,62.8,2.1,SEMI-AUTO,DIESEL
6939,8,CL Class,2014,17350,29211,30,62.8,2.1,AUTOMATIC,DIESEL
6940,8,CL Class,2014,17660,25237,30,62.8,2.1,SEMI-AUTO,DIESEL
6941,8,CL Class,2014,17990,18024,30,62.8,2.1,SEMI-AUTO,DIESEL
6942,8,CL Class,2014,19980,55206,555,29.4,4.7,SEMI-AUTO,PETROL
6943,8,CL Class,2014,20500,56137,200,39.8,2,AUTOMATIC,PETROL
6944,8,CL Class,2014,20990,70523,200,39.8,2,SEMI-AUTO,PETROL
6945,8,CL Class,2014,20998,60488,200,39.8,2,SEMI-AUTO,PETROL
6946,8,CL Class,2014,21970,58114,200,39.8,2,AUTOMATIC,PETROL
6947,8,CL Class,2014,24490,26886,200,39.8,2,SEMI-AUTO,PETROL
6948,8,CL Class,2015,12498,68517,125,51.4,1.6,SEMI-AUTO,PETROL
6949,8,CL Class,2015,12990,45000,20,64.2,2.1,MANUAL,DIESEL
6950,8,CL Class,2015,13490,49098,20,64.2,2.1,MANUAL,DIESEL
6951,8,CL Class,2015,13490,57000,20,67.3,2.1,AUTOMATIC,DIESEL
6952,8,CL Class,2015,13490,63797,20,68.9,2.1,AUTOMATIC,DIESEL
6953,8,CL Class,2015,13495,51208,30,64.2,2.1,MANUAL,DIESEL
6954,8,CL Class,2015,13500,54029,20,62.8,2.1,SEMI-AUTO,DIESEL
6955,8,CL Class,2015,13750,41142,145,48.7,1.6,MANUAL,PETROL
6956,8,CL Class,2015,13870,60558,125,50.4,1.6,MANUAL,PETROL
6957,8,CL Class,2015,13890,32636,125,50.4,1.6,MANUAL,PETROL
6958,8,CL Class,2015,13940,82732,125,50.4,1.6,MANUAL,PETROL
6959,8,CL Class,2015,13990,64000,20,67.3,2.1,AUTOMATIC,DIESEL
6960,8,CL Class,2015,13991,83245,125,50.4,1.6,MANUAL,PETROL
6961,8,CL Class,2015,14340,51168,20,68.9,2.1,AUTOMATIC,DIESEL
6962,8,CL Class,2015,14550,30369,20,62.8,2.1,SEMI-AUTO,DIESEL
6963,8,CL Class,2015,14700,57119,125,50.4,1.6,MANUAL,PETROL
6964,8,CL Class,2015,14906,29500,125,51.4,1.6,MANUAL,PETROL
6965,8,CL Class,2015,14990,35283,145,48.7,1.6,MANUAL,PETROL
6966,8,CL Class,2015,14990,39000,30,62.8,2.1,AUTOMATIC,DIESEL
6967,8,CL Class,2015,15197,51558,20,67.3,2.1,MANUAL,DIESEL
6968,8,CL Class,2015,15300,33004,125,50.4,1.6,MANUAL,PETROL
6969,8,CL Class,2015,15442,50240,125,51.4,1.6,SEMI-AUTO,PETROL
6970,8,CL Class,2015,15499,19812,125,51.4,1.6,SEMI-AUTO,PETROL
6971,8,CL Class,2015,15700,38600,20,70.6,2.1,AUTOMATIC,DIESEL
6972,8,CL Class,2015,15770,60111,30,62.8,2.1,SEMI-AUTO,DIESEL
6973,8,CL Class,2015,15990,52000,20,62.8,2.1,AUTOMATIC,DIESEL
6974,8,CL Class,2015,15990,53000,30,62.8,2.1,AUTOMATIC,DIESEL
6975,8,CL Class,2015,15995,26000,20,62.8,2.1,SEMI-AUTO,DIESEL
6976,8,CL Class,2015,15995,37544,125,51.4,1.6,SEMI-AUTO,PETROL
6977,8,CL Class,2015,15995,65000,20,70.6,2.1,SEMI-AUTO,DIESEL
6978,8,CL Class,2015,15998,29901,125,50.4,1.6,MANUAL,PETROL
6979,8,CL Class,2015,16000,57695,20,62.8,2.1,SEMI-AUTO,DIESEL
6980,8,CL Class,2015,16091,50500,20,67.3,2.1,SEMI-AUTO,DIESEL
6981,8,CL Class,2015,16250,37000,125,50.4,1.6,MANUAL,PETROL
6982,8,CL Class,2015,16490,41300,20,67.3,2.1,SEMI-AUTO,DIESEL
6983,8,CL Class,2015,16498,25920,125,51.4,1.6,MANUAL,PETROL
6984,8,CL Class,2015,16500,34000,125,50.4,1.6,MANUAL,PETROL
6985,8,CL Class,2015,16600,19380,20,67.3,2.1,AUTOMATIC,DIESEL
6986,8,CL Class,2015,16600,34336,145,48.7,1.6,MANUAL,PETROL
6987,8,CL Class,2015,16975,38000,20,67.3,2.1,SEMI-AUTO,DIESEL
6988,8,CL Class,2015,16995,30995,30,62.8,2.1,SEMI-AUTO,DIESEL
6989,8,CL Class,2015,16998,34667,30,62.8,2.1,SEMI-AUTO,DIESEL
6990,8,CL Class,2015,16999,27000,30,64.2,2.1,MANUAL,DIESEL
6991,8,CL Class,2015,16999,38934,20,67.3,2.1,AUTOMATIC,DIESEL
6992,8,CL Class,2015,17042,31729,20,67.3,2.1,SEMI-AUTO,DIESEL
6993,8,CL Class,2015,17399,14339,20,62.8,2.1,AUTOMATIC,DIESEL
6994,8,CL Class,2015,17491,54943,20,62.8,2.1,SEMI-AUTO,DIESEL
6995,8,CL Class,2015,17495,36273,20,70.6,2.1,SEMI-AUTO,DIESEL
6996,8,CL Class,2015,17498,15557,125,50.4,1.6,MANUAL,PETROL
6997,8,CL Class,2015,17500,38131,30,62.8,2.1,AUTOMATIC,DIESEL
6998,8,CL Class,2015,17599,33159,20,67.3,2.1,AUTOMATIC,DIESEL
6999,8,CL Class,2015,17707,29980,200,42.8,2,AUTOMATIC,PETROL
7000,8,CL Class,2015,17863,14360,20,62.8,2.1,SEMI-AUTO,DIESEL
7001,8,CL Class,2015,17950,17568,20,70.6,2.1,SEMI-AUTO,DIESEL
7002,8,CL Class,2015,17960,30741,20,67.3,2.1,SEMI-AUTO,DIESEL
7003,8,CL Class,2015,17972,33003,20,62.8,2.1,SEMI-AUTO,DIESEL
7004,8,CL Class,2015,17995,41100,20,67.3,2.1,AUTOMATIC,DIESEL
7005,8,CL Class,2015,17998,28235,30,62.8,2.1,SEMI-AUTO,DIESEL
7006,8,CL Class,2015,18022,24000,20,62.8,2.1,SEMI-AUTO,DIESEL
7007,8,CL Class,2015,18170,16317,20,62.8,2.1,SEMI-AUTO,DIESEL
7008,8,CL Class,2015,18216,14175,20,67.3,2.1,AUTOMATIC,DIESEL
7009,8,CL Class,2015,18498,18982,20,67.3,2.1,SEMI-AUTO,DIESEL
7010,8,CL Class,2015,18649,47658,200,42.8,2,SEMI-AUTO,PETROL
7011,8,CL Class,2015,18700,38167,20,62.8,2.1,AUTOMATIC,DIESEL
7012,8,CL Class,2015,18899,13120,20,62.8,2.1,SEMI-AUTO,DIESEL
7013,8,CL Class,2015,19498,20820,20,67.3,2.1,SEMI-AUTO,DIESEL
7014,8,CL Class,2015,19600,34414,200,42.8,2,AUTOMATIC,PETROL
7015,8,CL Class,2015,19891,15061,205,42.2,2,SEMI-AUTO,PETROL
7016,8,CL Class,2015,19998,29682,20,62.8,2.1,SEMI-AUTO,DIESEL
7017,8,CL Class,2015,22200,40564,200,39.8,2,AUTOMATIC,PETROL
7018,8,CL Class,2015,23499,58786,200,39.8,2,AUTOMATIC,PETROL
7019,8,CL Class,2015,23981,40602,205,39.8,2,SEMI-AUTO,PETROL
7020,8,CL Class,2016,13490,42000,20,67.3,2.1,MANUAL,DIESEL
7021,8,CL Class,2016,13799,52173,20,67.3,2.1,MANUAL,DIESEL
7022,8,CL Class,2016,13990,72000,125,51.4,1.6,MANUAL,PETROL
7023,8,CL Class,2016,14399,45693,20,65.7,2.1,MANUAL,DIESEL
7024,8,CL Class,2016,14472,57112,20,68.9,2.1,SEMI-AUTO,DIESEL
7025,8,CL Class,2016,14500,87571,20,67.3,2.1,SEMI-AUTO,DIESEL
7026,8,CL Class,2016,14840,73670,20,70.6,2.1,AUTOMATIC,DIESEL
7027,8,CL Class,2016,14899,42717,125,58.9,2.1,AUTOMATIC,DIESEL
7028,8,CL Class,2016,14980,56245,20,67.3,2.1,MANUAL,DIESEL
7029,8,CL Class,2016,14990,35000,20,67.3,2.1,AUTOMATIC,DIESEL
7030,8,CL Class,2016,14990,53000,125,51.4,1.6,MANUAL,PETROL
7031,8,CL Class,2016,15000,84000,20,67.3,2.1,SEMI-AUTO,DIESEL
7032,8,CL Class,2016,15295,41774,20,67.3,2.1,MANUAL,DIESEL
7033,8,CL Class,2016,15498,75865,20,67.3,2.1,MANUAL,DIESEL
7034,8,CL Class,2016,15750,46100,125,51.4,1.6,MANUAL,PETROL
7035,8,CL Class,2016,15990,33000,20,67.3,2.1,MANUAL,DIESEL
7036,8,CL Class,2016,15995,56299,20,67.3,2.1,MANUAL,DIESEL
7037,8,CL Class,2016,15999,30185,20,67.3,2.1,AUTOMATIC,DIESEL
7038,8,CL Class,2016,16120,41115,20,67.3,2.1,MANUAL,DIESEL
7039,8,CL Class,2016,16249,33976,125,51.4,1.6,MANUAL,PETROL
7040,8,CL Class,2016,16299,52819,20,67.3,2.1,SEMI-AUTO,DIESEL
7041,8,CL Class,2016,16400,37483,30,65.7,2.1,MANUAL,DIESEL
7042,8,CL Class,2016,16480,46228,125,51.4,1.6,MANUAL,PETROL
7043,8,CL Class,2016,16490,43000,20,67.3,2.1,MANUAL,DIESEL
7044,8,CL Class,2016,16490,46000,20,67.3,2.1,AUTOMATIC,DIESEL
7045,8,CL Class,2016,16500,56215,20,67.3,2.1,SEMI-AUTO,DIESEL
7046,8,CL Class,2016,16545,30050,20,67.3,2.1,SEMI-AUTO,DIESEL
7047,8,CL Class,2016,16740,36527,125,51.4,1.6,MANUAL,PETROL
7048,8,CL Class,2016,16747,19495,20,67.3,2.1,MANUAL,DIESEL
7049,8,CL Class,2016,16849,45000,20,67.3,2.1,SEMI-AUTO,DIESEL
7050,8,CL Class,2016,16900,51320,125,58.9,2.1,SEMI-AUTO,DIESEL
7051,8,CL Class,2016,16969,49679,20,67.3,2.1,AUTOMATIC,DIESEL
7052,8,CL Class,2016,16989,34726,125,51.4,1.6,MANUAL,PETROL
7053,8,CL Class,2016,16990,21000,20,70.6,2.1,AUTOMATIC,DIESEL
7054,8,CL Class,2016,16990,27000,20,67.3,2.1,AUTOMATIC,DIESEL
7055,8,CL Class,2016,16990,36000,20,67.3,2.1,AUTOMATIC,DIESEL
7056,8,CL Class,2016,16990,51000,125,58.9,2.1,AUTOMATIC,DIESEL
7057,8,CL Class,2016,16995,30000,20,67.3,2.1,MANUAL,DIESEL
7058,8,CL Class,2016,16999,25668,125,51.4,1.6,MANUAL,PETROL
7059,8,CL Class,2016,17000,48240,125,58.9,2.1,SEMI-AUTO,DIESEL
7060,8,CL Class,2016,17136,11269,125,53.3,1.6,AUTOMATIC,PETROL
7061,8,CL Class,2016,17172,34960,125,51.4,1.6,MANUAL,PETROL
7062,8,CL Class,2016,17199,42215,20,67.3,2.1,MANUAL,DIESEL
7063,8,CL Class,2016,17261,15583,30,65.7,2.1,MANUAL,DIESEL
7064,8,CL Class,2016,17299,37993,20,67.3,2.1,SEMI-AUTO,DIESEL
7065,8,CL Class,2016,17299,42473,20,67.3,2.1,MANUAL,DIESEL
7066,8,CL Class,2016,17299,50282,20,67.3,2.1,AUTOMATIC,DIESEL
7067,8,CL Class,2016,17349,31808,20,67.3,2.1,SEMI-AUTO,DIESEL
7068,8,CL Class,2016,17499,50303,20,70.6,2.1,AUTOMATIC,DIESEL
7069,8,CL Class,2016,17499,52468,20,67.3,2.1,AUTOMATIC,DIESEL
7070,8,CL Class,2016,17590,18120,20,67.3,2.1,MANUAL,DIESEL
7071,8,CL Class,2016,17600,35000,125,53.3,1.6,SEMI-AUTO,PETROL
7072,8,CL Class,2016,17899,48182,20,67.3,2.1,SEMI-AUTO,DIESEL
7073,8,CL Class,2016,17950,58000,20,67.3,2.1,SEMI-AUTO,DIESEL
7074,8,CL Class,2016,17970,32517,20,67.3,2.1,SEMI-AUTO,DIESEL
7075,8,CL Class,2016,17995,33893,20,67.3,2.1,SEMI-AUTO,DIESEL
7076,8,CL Class,2016,17999,18212,20,68.9,2.1,AUTOMATIC,DIESEL
7077,8,CL Class,2016,17999,32018,20,67.3,2.1,MANUAL,DIESEL
7078,8,CL Class,2016,17999,43726,20,67.3,2.1,SEMI-AUTO,DIESEL
7079,8,CL Class,2016,17999,48485,125,58.9,2.1,AUTOMATIC,DIESEL
7080,8,CL Class,2016,18000,36890,20,67.3,2.1,SEMI-AUTO,DIESEL
7081,8,CL Class,2016,18000,65706,125,58.9,2.1,AUTOMATIC,DIESEL
7082,8,CL Class,2016,18250,35025,125,58.9,2.1,SEMI-AUTO,DIESEL
7083,8,CL Class,2016,18300,42550,20,67.3,2.1,AUTOMATIC,DIESEL
7084,8,CL Class,2016,18391,42192,20,67.3,2.1,SEMI-AUTO,DIESEL
7085,8,CL Class,2016,18399,30269,20,67.3,2.1,AUTOMATIC,DIESEL
7086,8,CL Class,2016,18490,50964,200,42.8,2,AUTOMATIC,PETROL
7087,8,CL Class,2016,18499,35446,20,67.3,2.1,AUTOMATIC,DIESEL
7088,8,CL Class,2016,18700,34091,20,67.3,2.1,AUTOMATIC,DIESEL
7089,8,CL Class,2016,18740,32162,20,67.3,2.1,SEMI-AUTO,DIESEL
7090,8,CL Class,2016,18750,36000,125,58.9,2.1,SEMI-AUTO,DIESEL
7091,8,CL Class,2016,18799,19930,20,70.6,2.1,SEMI-AUTO,DIESEL
7092,8,CL Class,2016,19000,29296,20,67.3,2.1,SEMI-AUTO,DIESEL
7093,8,CL Class,2016,19024,48387,200,42.8,2,AUTOMATIC,PETROL
7094,8,CL Class,2016,19199,27609,20,67.3,2.1,SEMI-AUTO,DIESEL
7095,8,CL Class,2016,19400,38915,200,42.8,2,AUTOMATIC,PETROL
7096,8,CL Class,2016,19431,19996,20,67.3,2.1,SEMI-AUTO,DIESEL
7097,8,CL Class,2016,19470,22893,125,58.9,2.1,AUTOMATIC,DIESEL
7098,8,CL Class,2016,19500,23703,20,67.3,2.1,SEMI-AUTO,DIESEL
7099,8,CL Class,2016,19760,20482,20,67.3,2.1,SEMI-AUTO,DIESEL
7100,8,CL Class,2016,19791,6951,200,42.8,2,AUTOMATIC,PETROL
7101,8,CL Class,2016,19995,19849,125,58.9,2.1,SEMI-AUTO,DIESEL
7102,8,CL Class,2016,20100,16249,20,67.3,2.1,AUTOMATIC,DIESEL
7103,8,CL Class,2016,20500,32626,200,41.5,2,SEMI-AUTO,PETROL
7104,8,CL Class,2016,20800,22878,200,42.8,2,AUTOMATIC,PETROL
7105,8,CL Class,2016,20995,8008,20,67.3,2.1,SEMI-AUTO,DIESEL
7106,8,CL Class,2016,21999,11186,160,46.3,2,AUTOMATIC,PETROL
7107,8,CL Class,2016,22661,14776,200,42.8,2,SEMI-AUTO,PETROL
7108,8,CL Class,2016,22990,6662,200,42.8,2,AUTOMATIC,PETROL
7109,8,CL Class,2016,24950,42000,200,40.9,2,AUTOMATIC,PETROL
7110,8,CL Class,2016,28490,25000,200,40.9,2,SEMI-AUTO,PETROL
7111,8,CL Class,2016,29852,23692,205,40.9,2,SEMI-AUTO,PETROL
7112,8,CL Class,2016,29999,16043,205,40.9,2,SEMI-AUTO,PETROL
7113,8,CL Class,2017,14000,74245,30,65.7,2.1,MANUAL,DIESEL
7114,8,CL Class,2017,14990,20000,145,70.6,2.1,AUTOMATIC,DIESEL
7115,8,CL Class,2017,14999,52417,145,67.3,2.1,MANUAL,DIESEL
7116,8,CL Class,2017,15362,50743,145,65.7,2.1,MANUAL,DIESEL
7117,8,CL Class,2017,15970,27334,20,67.3,2.1,MANUAL,DIESEL
7118,8,CL Class,2017,15990,25000,145,51.4,1.6,MANUAL,PETROL
7119,8,CL Class,2017,15990,29000,145,67.3,2.1,AUTOMATIC,DIESEL
7120,8,CL Class,2017,16490,32282,145,51.4,1.6,MANUAL,PETROL
7121,8,CL Class,2017,16567,37093,20,70.6,2.1,SEMI-AUTO,DIESEL
7122,8,CL Class,2017,16690,34510,125,51.4,1.6,MANUAL,PETROL
7123,8,CL Class,2017,16699,22575,145,67.3,2.1,MANUAL,DIESEL
7124,8,CL Class,2017,16799,17749,145,67.3,2.1,MANUAL,DIESEL
7125,8,CL Class,2017,16850,51150,145,67.3,2.1,SEMI-AUTO,DIESEL
7126,8,CL Class,2017,16880,46721,145,70.6,2.1,SEMI-AUTO,DIESEL
7127,8,CL Class,2017,16985,32938,145,67.3,2.1,MANUAL,DIESEL
7128,8,CL Class,2017,16990,20415,145,65.7,2.1,MANUAL,DIESEL
7129,8,CL Class,2017,16991,43939,20,70.6,2.1,SEMI-AUTO,DIESEL
7130,8,CL Class,2017,16999,27375,145,67.3,2.1,AUTOMATIC,DIESEL
7131,8,CL Class,2017,17000,52000,150,53.3,1.6,SEMI-AUTO,PETROL
7132,8,CL Class,2017,17092,27938,145,67.3,2.1,SEMI-AUTO,DIESEL
7133,8,CL Class,2017,17200,26732,150,65.7,2.1,MANUAL,DIESEL
7134,8,CL Class,2017,17245,17448,145,68.9,2.1,AUTOMATIC,DIESEL
7135,8,CL Class,2017,17420,31886,145,67.3,2.1,MANUAL,DIESEL
7136,8,CL Class,2017,17490,19190,145,51.4,1.6,MANUAL,PETROL
7137,8,CL Class,2017,17565,43658,20,70.6,2.1,SEMI-AUTO,DIESEL
7138,8,CL Class,2017,17698,11472,145,48.7,1.6,MANUAL,PETROL
7139,8,CL Class,2017,17700,35840,20,67.3,2.1,MANUAL,DIESEL
7140,8,CL Class,2017,17799,41786,20,67.3,2.1,SEMI-AUTO,DIESEL
7141,8,CL Class,2017,17820,5042,145,67.3,2.1,AUTOMATIC,DIESEL
7142,8,CL Class,2017,17833,43837,150,67.3,2.1,SEMI-AUTO,DIESEL
7143,8,CL Class,2017,17892,10393,150,51.4,1.6,MANUAL,PETROL
7144,8,CL Class,2017,17990,24377,20,67.3,2.1,MANUAL,DIESEL
7145,8,CL Class,2017,17990,29519,20,67.3,2.1,SEMI-AUTO,DIESEL
7146,8,CL Class,2017,18000,35000,125,53.3,1.6,SEMI-AUTO,PETROL
7147,8,CL Class,2017,18099,42300,125,58.9,2.1,SEMI-AUTO,DIESEL
7148,8,CL Class,2017,18289,26900,125,58.9,2.1,SEMI-AUTO,DIESEL
7149,8,CL Class,2017,18295,49434,125,58.9,2.1,AUTOMATIC,DIESEL
7150,8,CL Class,2017,18300,31800,20,67.3,2.1,SEMI-AUTO,DIESEL
7151,8,CL Class,2017,18300,39962,125,58.9,2.1,AUTOMATIC,DIESEL
7152,8,CL Class,2017,18300,40684,145,58.9,2.1,SEMI-AUTO,DIESEL
7153,8,CL Class,2017,18500,25672,20,67.3,2.1,MANUAL,DIESEL
7154,8,CL Class,2017,18500,33348,20,67.3,2.1,MANUAL,DIESEL
7155,8,CL Class,2017,18772,36698,145,70.6,2.1,SEMI-AUTO,DIESEL
7156,8,CL Class,2017,18800,25581,20,67.3,2.1,SEMI-AUTO,DIESEL
7157,8,CL Class,2017,18822,28650,20,67.3,2.1,SEMI-AUTO,DIESEL
7158,8,CL Class,2017,18890,18427,20,67.3,2.1,MANUAL,DIESEL
7159,8,CL Class,2017,18956,23592,20,67.3,2.1,SEMI-AUTO,DIESEL
7160,8,CL Class,2017,18990,20799,145,67.3,2.1,SEMI-AUTO,DIESEL
7161,8,CL Class,2017,18995,24231,145,67.3,2.1,SEMI-AUTO,DIESEL
7162,8,CL Class,2017,18995,30877,150,53.3,1.6,SEMI-AUTO,PETROL
7163,8,CL Class,2017,18999,35673,145,67.3,2.1,AUTOMATIC,DIESEL
7164,8,CL Class,2017,19124,13122,145,51.4,1.6,MANUAL,PETROL
7165,8,CL Class,2017,19290,26626,20,67.3,2.1,SEMI-AUTO,DIESEL
7166,8,CL Class,2017,19295,39643,20,67.3,2.1,AUTOMATIC,DIESEL
7167,8,CL Class,2017,19750,24610,125,58.9,2.1,AUTOMATIC,DIESEL
7168,8,CL Class,2017,19795,20044,125,53.3,1.6,SEMI-AUTO,PETROL
7169,8,CL Class,2017,19810,3857,20,68.9,2.1,SEMI-AUTO,DIESEL
7170,8,CL Class,2017,19811,38508,125,58.9,2.1,SEMI-AUTO,DIESEL
7171,8,CL Class,2017,19950,16912,145,67.3,2.1,MANUAL,DIESEL
7172,8,CL Class,2017,19990,20992,125,58.9,2.1,SEMI-AUTO,DIESEL
7173,8,CL Class,2017,19990,22299,150,67.3,2.1,SEMI-AUTO,DIESEL
7174,8,CL Class,2017,19990,28600,150,67.3,2.1,SEMI-AUTO,DIESEL
7175,8,CL Class,2017,19995,10161,125,51.4,1.6,MANUAL,PETROL
7176,8,CL Class,2017,19995,18000,150,53.3,1.6,SEMI-AUTO,PETROL
7177,8,CL Class,2017,19995,20576,145,68.9,2.1,SEMI-AUTO,DIESEL
7178,8,CL Class,2017,19999,12000,125,53.3,1.6,SEMI-AUTO,PETROL
7179,8,CL Class,2017,20124,16271,150,67.3,2.1,SEMI-AUTO,DIESEL
7180,8,CL Class,2017,20290,21386,20,67.3,2.1,AUTOMATIC,DIESEL
7181,8,CL Class,2017,20352,24353,145,53.3,1.6,SEMI-AUTO,PETROL
7182,8,CL Class,2017,20370,17050,145,67.3,2.1,AUTOMATIC,DIESEL
7183,8,CL Class,2017,20395,9666,145,53.3,1.6,AUTOMATIC,PETROL
7184,8,CL Class,2017,20410,13895,145,58.9,2.1,SEMI-AUTO,DIESEL
7185,8,CL Class,2017,20490,15500,20,67.3,2.1,SEMI-AUTO,DIESEL
7186,8,CL Class,2017,20500,14611,145,67.3,2.1,AUTOMATIC,DIESEL
7187,8,CL Class,2017,20651,32895,20,67.3,2.1,SEMI-AUTO,DIESEL
7188,8,CL Class,2017,20750,9447,145,67.3,2.1,SEMI-AUTO,DIESEL
7189,8,CL Class,2017,20780,23099,145,67.3,2.1,AUTOMATIC,DIESEL
7190,8,CL Class,2017,20895,21000,200,42.2,2,MANUAL,PETROL
7191,8,CL Class,2017,20961,16536,200,42.2,2,MANUAL,PETROL
7192,8,CL Class,2017,20991,22000,125,58.9,2.1,SEMI-AUTO,DIESEL
7193,8,CL Class,2017,20995,9514,145,67.3,2.1,AUTOMATIC,DIESEL
7194,8,CL Class,2017,20999,35000,145,53.3,1.6,SEMI-AUTO,PETROL
7195,8,CL Class,2017,21032,33384,145,67.3,2.1,SEMI-AUTO,DIESEL
7196,8,CL Class,2017,21380,9281,20,67.3,2.1,SEMI-AUTO,DIESEL
7197,8,CL Class,2017,21599,13100,145,67.3,2.1,SEMI-AUTO,DIESEL
7198,8,CL Class,2017,22452,24543,145,67.3,2.1,AUTOMATIC,DIESEL
7199,8,CL Class,2017,24119,18692,200,42.2,2,SEMI-AUTO,PETROL
7200,8,CL Class,2017,28649,30510,145,40.9,2,SEMI-AUTO,PETROL
7201,8,CL Class,2017,28838,44000,150,40.9,2,SEMI-AUTO,PETROL
7202,8,CL Class,2017,29149,27119,145,40.9,2,AUTOMATIC,PETROL
7203,8,CL Class,2017,30980,21831,145,40.9,2,SEMI-AUTO,PETROL
7204,8,CL Class,2017,31000,24325,150,40.9,2,SEMI-AUTO,PETROL
7205,8,CL Class,2017,31550,27634,150,40.9,2,AUTOMATIC,PETROL
7206,8,CL Class,2017,32990,22000,205,40.9,2,SEMI-AUTO,PETROL
7207,8,CL Class,2017,33799,11000,145,40.9,2,SEMI-AUTO,PETROL
7208,8,CL Class,2017,33995,11043,145,40.9,2,AUTOMATIC,PETROL
7209,8,CL Class,2018,16490,25000,145,67.3,2.1,AUTOMATIC,DIESEL
7210,8,CL Class,2018,16499,76640,145,70.6,2.1,AUTOMATIC,DIESEL
7211,8,CL Class,2018,17090,17094,145,51.4,1.6,MANUAL,PETROL
7212,8,CL Class,2018,17500,22742,145,67.3,2.1,AUTOMATIC,DIESEL
7213,8,CL Class,2018,17699,23869,145,68.9,2.1,SEMI-AUTO,DIESEL
7214,8,CL Class,2018,18049,11822,145,51.4,1.6,MANUAL,PETROL
7215,8,CL Class,2018,18750,19275,145,67.3,2.1,MANUAL,DIESEL
7216,8,CL Class,2018,18940,20000,150,70.6,2.1,AUTOMATIC,DIESEL
7217,8,CL Class,2018,18995,27122,145,67.3,2.1,AUTOMATIC,DIESEL
7218,8,CL Class,2018,19000,3116,145,67.3,2.1,SEMI-AUTO,DIESEL
7219,8,CL Class,2018,19005,13515,145,65.7,2.1,MANUAL,DIESEL
7220,8,CL Class,2018,19069,11107,145,51.4,1.6,MANUAL,PETROL
7221,8,CL Class,2018,19589,2628,145,67.3,2.1,SEMI-AUTO,DIESEL
7222,8,CL Class,2018,19660,7960,150,52.3,1.6,SEMI-AUTO,PETROL
7223,8,CL Class,2018,19682,28828,145,44.1,1.6,MANUAL,PETROL
7224,8,CL Class,2018,19695,19193,145,53.3,1.6,AUTOMATIC,PETROL
7225,8,CL Class,2018,19990,42635,150,67.3,2.1,SEMI-AUTO,DIESEL
7226,8,CL Class,2018,19991,20297,145,53.3,1.6,SEMI-AUTO,PETROL
7227,8,CL Class,2018,19995,11225,145,51.4,1.6,MANUAL,PETROL
7228,8,CL Class,2018,20150,5249,145,51.4,1.6,MANUAL,PETROL
7229,8,CL Class,2018,20691,18336,150,53.3,1.6,SEMI-AUTO,PETROL
7230,8,CL Class,2018,20932,25276,145,53.3,1.6,SEMI-AUTO,PETROL
7231,8,CL Class,2018,21495,8016,145,52.3,1.6,SEMI-AUTO,PETROL
7232,8,CL Class,2018,21495,17107,145,67.3,2.1,SEMI-AUTO,DIESEL
7233,8,CL Class,2018,21738,14000,145,53.3,1.6,SEMI-AUTO,PETROL
7234,8,CL Class,2018,21936,3678,145,50.4,2.2,AUTOMATIC,DIESEL
7235,8,CL Class,2018,21980,24045,145,67.3,2.1,SEMI-AUTO,DIESEL
7236,8,CL Class,2018,21990,17000,145,52.3,2.1,AUTOMATIC,DIESEL
7237,8,CL Class,2018,21991,18637,145,52.3,2.2,SEMI-AUTO,DIESEL
7238,8,CL Class,2018,21995,5194,150,67.3,2.1,SEMI-AUTO,DIESEL
7239,8,CL Class,2018,22072,10600,145,53.3,1.6,SEMI-AUTO,PETROL
7240,8,CL Class,2018,22799,3415,145,67.3,2.1,SEMI-AUTO,DIESEL
7241,8,CL Class,2018,22997,12829,145,52.3,2.2,SEMI-AUTO,DIESEL
7242,8,CL Class,2018,22999,8897,145,44.1,1.6,SEMI-AUTO,PETROL
7243,8,CL Class,2018,23440,10180,145,51.4,2.2,SEMI-AUTO,DIESEL
7244,8,CL Class,2018,23500,22741,145,52.3,2.1,AUTOMATIC,DIESEL
7245,8,CL Class,2018,24991,7500,145,44.1,1.6,AUTOMATIC,PETROL
7246,8,CL Class,2018,28220,27034,145,40.9,2,SEMI-AUTO,PETROL
7247,8,CL Class,2018,31850,10500,145,40.9,2,SEMI-AUTO,PETROL
7248,8,CL Class,2018,33450,7823,145,40.9,2,AUTOMATIC,PETROL
7249,8,CL Class,2019,19899,3696,145,67.3,2.1,MANUAL,DIESEL
7250,8,CL Class,2019,20599,4526,145,51.4,1.6,MANUAL,PETROL
7251,8,CL Class,2019,20952,7077,145,51.4,1.6,MANUAL,PETROL
7252,8,CL Class,2019,21995,13329,150,44.1,1.6,MANUAL,PETROL
7253,8,CL Class,2019,22000,20358,145,51.4,2.2,SEMI-AUTO,DIESEL
7254,8,CL Class,2019,22380,10000,145,44.1,1.6,MANUAL,PETROL
7255,8,CL Class,2019,22699,7337,145,44.1,1.6,SEMI-AUTO,PETROL
7256,8,CL Class,2019,23250,4474,145,50.4,1.3,AUTOMATIC,DIESEL
7257,8,CL Class,2019,23299,2786,145,44.1,1.6,SEMI-AUTO,PETROL
7258,8,CL Class,2019,24000,6152,145,38.2,2,SEMI-AUTO,PETROL
7259,8,CL Class,2019,24399,1831,145,58.9,2.1,SEMI-AUTO,DIESEL
7260,8,CL Class,2019,24540,9802,150,44.8,1.3,SEMI-AUTO,PETROL
7261,8,CL Class,2019,24799,200,145,44.1,1.6,SEMI-AUTO,PETROL
7262,8,CL Class,2019,24990,13501,145,51.4,2.2,SEMI-AUTO,DIESEL
7263,8,CL Class,2019,25199,6354,145,44.1,1.6,SEMI-AUTO,PETROL
7264,8,CL Class,2019,25240,14049,145,51.4,2.2,AUTOMATIC,DIESEL
7265,8,CL Class,2019,25290,14265,145,51.4,2.2,SEMI-AUTO,DIESEL
7266,8,CL Class,2019,25399,16122,145,38.2,2,SEMI-AUTO,PETROL
7267,8,CL Class,2019,25400,14090,145,51.4,2.2,SEMI-AUTO,DIESEL
7268,8,CL Class,2019,25495,4255,145,44.8,1.3,SEMI-AUTO,PETROL
7269,8,CL Class,2019,25495,5999,145,44.8,1.3,SEMI-AUTO,PETROL
7270,8,CL Class,2019,25495,13780,145,51.4,2.2,SEMI-AUTO,DIESEL
7271,8,CL Class,2019,25498,13953,145,51.4,2.2,SEMI-AUTO,DIESEL
7272,8,CL Class,2019,25500,13663,145,51.4,2.2,SEMI-AUTO,DIESEL
7273,8,CL Class,2019,25640,10866,145,51.4,2.2,SEMI-AUTO,DIESEL
7274,8,CL Class,2019,25691,8202,150,51.4,2.2,SEMI-AUTO,DIESEL
7275,8,CL Class,2019,25700,11344,145,51.4,2.2,SEMI-AUTO,DIESEL
7276,8,CL Class,2019,25745,1706,145,44.8,1.3,AUTOMATIC,PETROL
7277,8,CL Class,2019,25750,5498,150,40.9,2,SEMI-AUTO,PETROL
7278,8,CL Class,2019,25791,14055,145,51.4,2.2,SEMI-AUTO,DIESEL
7279,8,CL Class,2019,25855,13908,145,51.4,2.2,SEMI-AUTO,DIESEL
7280,8,CL Class,2019,25920,4312,145,44.8,1.3,AUTOMATIC,PETROL
7281,8,CL Class,2019,25980,14085,145,51.4,2.2,SEMI-AUTO,DIESEL
7282,8,CL Class,2019,25980,14085,145,51.4,2.2,SEMI-AUTO,DIESEL
7283,8,CL Class,2019,25980,14477,145,51.4,2.2,SEMI-AUTO,DIESEL
7284,8,CL Class,2019,25980,14477,145,51.4,2.2,SEMI-AUTO,DIESEL
7285,8,CL Class,2019,25984,12993,145,51.4,2.2,SEMI-AUTO,DIESEL
7286,8,CL Class,2019,25990,13775,145,51.4,2.2,SEMI-AUTO,DIESEL
7287,8,CL Class,2019,25991,10652,145,51.4,2.2,SEMI-AUTO,DIESEL
7288,8,CL Class,2019,25999,14168,145,51.4,2.2,SEMI-AUTO,DIESEL
7289,8,CL Class,2019,25999,14521,145,51.4,2.2,SEMI-AUTO,DIESEL
7290,8,CL Class,2019,26049,13958,145,51.4,2.2,SEMI-AUTO,DIESEL
7291,8,CL Class,2019,26049,14042,150,51.4,2.2,SEMI-AUTO,DIESEL
7292,8,CL Class,2019,26049,14042,145,51.4,2.2,SEMI-AUTO,DIESEL
7293,8,CL Class,2019,26049,14067,145,51.4,2.2,SEMI-AUTO,DIESEL
7294,8,CL Class,2019,26099,3550,145,51.4,2.2,SEMI-AUTO,DIESEL
7295,8,CL Class,2019,26099,5176,145,51.4,2.2,SEMI-AUTO,DIESEL
7296,8,CL Class,2019,26099,5280,145,51.4,2.2,SEMI-AUTO,DIESEL
7297,8,CL Class,2019,26099,5802,145,51.4,2.2,AUTOMATIC,DIESEL
7298,8,CL Class,2019,26099,13187,145,51.4,2.2,SEMI-AUTO,DIESEL
7299,8,CL Class,2019,26099,13417,145,51.4,2.2,SEMI-AUTO,DIESEL
7300,8,CL Class,2019,26149,12757,145,51.4,2.2,SEMI-AUTO,DIESEL
7301,8,CL Class,2019,26176,14204,145,51.4,2.2,SEMI-AUTO,DIESEL
7302,8,CL Class,2019,26199,4280,145,51.4,2.2,SEMI-AUTO,DIESEL
7303,8,CL Class,2019,26199,12285,145,51.4,2.2,SEMI-AUTO,DIESEL
7304,8,CL Class,2019,26199,12441,145,51.4,2.2,SEMI-AUTO,DIESEL
7305,8,CL Class,2019,26219,1000,145,44.1,1.3,SEMI-AUTO,PETROL
7306,8,CL Class,2019,26249,11830,145,51.4,2.2,SEMI-AUTO,DIESEL
7307,8,CL Class,2019,26249,11967,145,51.4,2.2,SEMI-AUTO,DIESEL
7308,8,CL Class,2019,26299,1270,145,38.2,2,AUTOMATIC,PETROL
7309,8,CL Class,2019,26299,1476,145,38.2,2,AUTOMATIC,PETROL
7310,8,CL Class,2019,26299,4413,145,38.2,2,AUTOMATIC,PETROL
7311,8,CL Class,2019,26299,5716,145,38.2,2,SEMI-AUTO,PETROL
7312,8,CL Class,2019,26299,7259,145,38.2,2,SEMI-AUTO,PETROL
7313,8,CL Class,2019,26299,8638,145,38.2,2,AUTOMATIC,PETROL
7314,8,CL Class,2019,26299,11347,145,51.4,2.2,SEMI-AUTO,DIESEL
7315,8,CL Class,2019,26299,11534,145,51.4,2.2,SEMI-AUTO,DIESEL
7316,8,CL Class,2019,26349,10893,150,51.4,2.2,SEMI-AUTO,DIESEL
7317,8,CL Class,2019,26349,10893,145,51.4,2.2,SEMI-AUTO,DIESEL
7318,8,CL Class,2019,26399,4049,145,38.2,2,SEMI-AUTO,PETROL
7319,8,CL Class,2019,26449,9859,145,51.4,2.2,SEMI-AUTO,DIESEL
7320,8,CL Class,2019,26480,14789,145,51.4,2.2,SEMI-AUTO,DIESEL
7321,8,CL Class,2019,26499,9348,145,51.4,2.2,SEMI-AUTO,DIESEL
7322,8,CL Class,2019,26499,9613,145,51.4,2.2,SEMI-AUTO,DIESEL
7323,8,CL Class,2019,26499,10432,145,51.4,2.2,SEMI-AUTO,DIESEL
7324,8,CL Class,2019,26499,11329,145,51.4,2.2,SEMI-AUTO,DIESEL
7325,8,CL Class,2019,26599,8531,145,51.4,2.2,SEMI-AUTO,DIESEL
7326,8,CL Class,2019,26699,3034,145,44.8,1.3,SEMI-AUTO,PETROL
7327,8,CL Class,2019,26699,14101,145,51.4,2.2,SEMI-AUTO,DIESEL
7328,8,CL Class,2019,26795,5896,150,38.2,2,SEMI-AUTO,PETROL
7329,8,CL Class,2019,26799,3532,145,38.2,2,SEMI-AUTO,PETROL
7330,8,CL Class,2019,26799,3569,145,38.2,2,SEMI-AUTO,PETROL
7331,8,CL Class,2019,26799,4038,145,38.2,2,AUTOMATIC,PETROL
7332,8,CL Class,2019,26799,4162,145,38.2,2,AUTOMATIC,PETROL
7333,8,CL Class,2019,26799,4276,145,38.2,2,SEMI-AUTO,PETROL
7334,8,CL Class,2019,26799,4422,145,38.2,2,SEMI-AUTO,PETROL
7335,8,CL Class,2019,26799,5051,145,38.2,2,AUTOMATIC,PETROL
7336,8,CL Class,2019,26899,10315,145,51.4,2.2,SEMI-AUTO,DIESEL
7337,8,CL Class,2019,26980,3730,145,44.1,1.3,SEMI-AUTO,PETROL
7338,8,CL Class,2019,26980,7795,145,44.8,1.3,SEMI-AUTO,PETROL
7339,8,CL Class,2019,26980,12790,145,51.4,2.2,SEMI-AUTO,DIESEL
7340,8,CL Class,2019,26980,13947,145,51.4,2.2,SEMI-AUTO,DIESEL
7341,8,CL Class,2019,26980,13962,145,51.4,2.2,SEMI-AUTO,DIESEL
7342,8,CL Class,2019,26999,7634,145,51.4,2.2,SEMI-AUTO,DIESEL
7343,8,CL Class,2019,27149,2000,145,38.2,2,SEMI-AUTO,PETROL
7344,8,CL Class,2019,27149,2001,145,38.2,2,SEMI-AUTO,PETROL
7345,8,CL Class,2019,27249,1000,145,39.8,2,SEMI-AUTO,PETROL
7346,8,CL Class,2019,27299,2924,145,38.2,2,AUTOMATIC,PETROL
7347,8,CL Class,2019,27299,3174,145,38.2,2,SEMI-AUTO,PETROL
7348,8,CL Class,2019,27299,3225,145,38.2,2,SEMI-AUTO,PETROL
7349,8,CL Class,2019,27380,6005,145,39.8,2,AUTOMATIC,PETROL
7350,8,CL Class,2019,27399,1938,145,38.2,2,SEMI-AUTO,PETROL
7351,8,CL Class,2019,27399,2354,145,38.2,2,SEMI-AUTO,PETROL
7352,8,CL Class,2019,27480,11408,145,51.4,2.2,SEMI-AUTO,DIESEL
7353,8,CL Class,2019,27499,1499,145,38.2,2,SEMI-AUTO,PETROL
7354,8,CL Class,2019,27500,4544,145,39.8,2,SEMI-AUTO,PETROL
7355,8,CL Class,2019,27590,1200,145,45.6,1.3,AUTOMATIC,PETROL
7356,8,CL Class,2019,27980,4197,145,44.1,1.3,SEMI-AUTO,PETROL
7357,8,CL Class,2019,28450,4999,145,44.1,1.3,AUTOMATIC,PETROL
7358,8,CL Class,2019,28929,101,145,44.8,1.3,SEMI-AUTO,PETROL
7359,8,CL Class,2019,28980,1434,145,44.1,1.3,SEMI-AUTO,PETROL
7360,8,CL Class,2019,29066,3220,145,39.8,2,AUTOMATIC,PETROL
7361,8,CL Class,2019,29199,2370,145,39.8,2,SEMI-AUTO,PETROL
7362,8,CL Class,2019,29289,6000,145,55.4,2,SEMI-AUTO,DIESEL
7363,8,CL Class,2019,29299,999,145,44.1,1.3,AUTOMATIC,PETROL
7364,8,CL Class,2019,29299,2914,145,39.8,2,SEMI-AUTO,PETROL
7365,8,CL Class,2019,29299,3004,145,40.9,2,SEMI-AUTO,PETROL
7366,8,CL Class,2019,29399,2492,145,39.8,2,SEMI-AUTO,PETROL
7367,8,CL Class,2019,29399,2566,145,39.8,2,SEMI-AUTO,PETROL
7368,8,CL Class,2019,29481,3605,145,44.8,1.3,AUTOMATIC,PETROL
7369,8,CL Class,2019,29499,1710,145,39.8,2,SEMI-AUTO,PETROL
7370,8,CL Class,2019,29532,1556,150,40.9,2,SEMI-AUTO,PETROL
7371,8,CL Class,2019,29980,3999,145,44.1,1.3,SEMI-AUTO,PETROL
7372,8,CL Class,2019,29990,3800,145,39.8,2,AUTOMATIC,PETROL
7373,8,CL Class,2019,30299,7772,145,40.4,2,SEMI-AUTO,PETROL
7374,8,CL Class,2019,30599,166,145,39.8,2,SEMI-AUTO,PETROL
7375,8,CL Class,2019,30991,1953,145,44.8,1.3,AUTOMATIC,PETROL
7376,8,CL Class,2019,30991,6032,145,44.8,1.3,AUTOMATIC,PETROL
7377,8,CL Class,2019,31790,3025,145,44.8,1.3,AUTOMATIC,PETROL
7378,8,CL Class,2019,32000,2001,145,55.4,2,AUTOMATIC,DIESEL
7379,8,CL Class,2019,35562,17098,145,40.9,2,AUTOMATIC,PETROL
7380,8,CL Class,2019,37699,2575,145,40.9,2,SEMI-AUTO,PETROL
7381,8,CL Class,2019,37799,3022,145,36.7,2,SEMI-AUTO,PETROL
7382,8,CL Class,2019,37999,3647,145,40.9,2,SEMI-AUTO,PETROL
7383,8,CL Class,2019,38750,4001,145,40.9,2,AUTOMATIC,PETROL
7384,8,CL Class,2019,38799,1666,145,32.8,2,AUTOMATIC,PETROL
7385,8,CL Class,2019,39099,25,145,32.8,2,SEMI-AUTO,PETROL
7386,8,CL Class,2019,39101,8435,145,32.8,2,AUTOMATIC,PETROL
7387,8,CL Class,2019,40099,778,145,32.8,2,SEMI-AUTO,PETROL
7388,8,CL Class,2019,54980,9,150,33.2,2,SEMI-AUTO,PETROL
7389,8,CL Class,2020,26579,1000,145,44.8,1.3,SEMI-AUTO,PETROL
7390,8,CL Class,2020,26850,3956,145,44.8,1.3,AUTOMATIC,PETROL
7391,8,CL Class,2020,27480,2459,145,44.1,1.3,SEMI-AUTO,PETROL
7392,8,CL Class,2020,27500,100,145,45.6,1.3,SEMI-AUTO,PETROL
7393,8,CL Class,2020,27779,1000,145,44.8,1.3,SEMI-AUTO,PETROL
7394,8,CL Class,2020,27980,3999,145,44.8,1.3,SEMI-AUTO,PETROL
7395,8,CL Class,2020,27990,999,145,44.8,1.3,SEMI-AUTO,PETROL
7396,8,CL Class,2020,27990,1204,145,44.8,1.3,SEMI-AUTO,PETROL
7397,8,CL Class,2020,28109,1000,145,56.5,2,SEMI-AUTO,DIESEL
7398,8,CL Class,2020,28319,1000,145,44.1,1.3,SEMI-AUTO,PETROL
7399,8,CL Class,2020,28891,2512,145,44.8,1.3,SEMI-AUTO,PETROL
7400,8,CL Class,2020,28995,4500,145,44.8,1.3,SEMI-AUTO,PETROL
7401,8,CL Class,2020,29628,3000,145,55.4,2,SEMI-AUTO,DIESEL
7402,8,CL Class,2020,29900,2048,150,44.8,1.3,SEMI-AUTO,PETROL
7403,8,CL Class,2020,29991,4000,145,39.8,2,SEMI-AUTO,PETROL
7404,8,CL Class,2020,29995,618,145,44.8,1.3,SEMI-AUTO,PETROL
7405,8,CL Class,2020,29999,1100,145,44.8,1.3,SEMI-AUTO,PETROL
7406,8,CL Class,2020,30389,1000,145,55.4,2,SEMI-AUTO,DIESEL
7407,8,CL Class,2020,30389,1000,145,55.4,2,SEMI-AUTO,DIESEL
7408,8,CL Class,2020,30990,200,150,44.8,1.3,SEMI-AUTO,PETROL
7409,8,CL Class,2020,30990,1783,145,44.1,1.3,SEMI-AUTO,PETROL
7410,8,CL Class,2020,31499,1500,145,44.1,1.3,SEMI-AUTO,PETROL
7411,8,CL Class,2020,32499,2000,145,55.4,2,SEMI-AUTO,DIESEL
7412,8,CL Class,2020,33120,11327,145,44.8,1.3,SEMI-AUTO,PETROL
7413,8,CL Class,2020,38624,19,150,36.7,2,SEMI-AUTO,PETROL
7414,8,CL Class,2020,54995,3500,145,33.2,2,SEMI-AUTO,PETROL
7415,9,CLA Class,2013,13000,74194,30,62.8,2.1,AUTOMATIC,DIESEL
7416,9,CLA Class,2013,14400,66000,30,62.8,2.1,AUTOMATIC,DIESEL
7417,9,CLA Class,2013,15275,23369,30,62.8,2.1,AUTOMATIC,DIESEL
7418,9,CLA Class,2014,12795,82580,30,64.2,1.8,MANUAL,DIESEL
7419,9,CLA Class,2014,15990,45000,30,62.8,2.1,AUTOMATIC,DIESEL
7420,9,CLA Class,2014,16991,34222,30,62.8,2.1,AUTOMATIC,DIESEL
7421,9,CLA Class,2014,24995,41445,205,39.8,2,AUTOMATIC,PETROL
7422,9,CLA Class,2015,11493,120000,20,65.7,2.1,MANUAL,DIESEL
7423,9,CLA Class,2015,13795,90740,20,67.3,2.1,AUTOMATIC,DIESEL
7424,9,CLA Class,2015,14295,50510,20,68.9,2.1,AUTOMATIC,DIESEL
7425,9,CLA Class,2015,15000,27778,20,62.8,2.1,AUTOMATIC,DIESEL
7426,9,CLA Class,2015,15400,17500,125,51.4,1.6,AUTOMATIC,PETROL
7427,9,CLA Class,2015,16250,32895,20,67.3,2.1,AUTOMATIC,DIESEL
7428,9,CLA Class,2015,24990,27000,200,39.8,2,AUTOMATIC,PETROL
7429,9,CLA Class,2016,10993,91000,20,67.3,2.1,MANUAL,DIESEL
7430,9,CLA Class,2016,11950,82177,20,68.9,2.1,AUTOMATIC,DIESEL
7431,9,CLA Class,2016,12400,70869,20,67.3,2.1,MANUAL,DIESEL
7432,9,CLA Class,2016,13295,82100,20,67.3,2.1,AUTOMATIC,DIESEL
7433,9,CLA Class,2016,13795,55700,20,67.3,2.1,AUTOMATIC,DIESEL
7434,9,CLA Class,2016,14000,47020,125,51.4,1.6,MANUAL,PETROL
7435,9,CLA Class,2016,14480,84000,200,42.8,2,AUTOMATIC,PETROL
7436,9,CLA Class,2016,14750,60872,20,67.3,2.1,MANUAL,DIESEL
7437,9,CLA Class,2016,14991,48292,125,51.4,1.6,MANUAL,PETROL
7438,9,CLA Class,2016,15200,53244,20,67.3,2.1,MANUAL,DIESEL
7439,9,CLA Class,2016,15800,37756,20,67.3,2.1,MANUAL,DIESEL
7440,9,CLA Class,2016,15944,32754,20,67.3,2.1,AUTOMATIC,DIESEL
7441,9,CLA Class,2016,16000,33231,125,51.4,1.6,MANUAL,PETROL
7442,9,CLA Class,2016,16450,21722,20,67.3,2.1,MANUAL,DIESEL
7443,9,CLA Class,2016,16649,49847,20,70.6,2.1,AUTOMATIC,DIESEL
7444,9,CLA Class,2016,17490,31959,200,42.8,2,AUTOMATIC,PETROL
7445,9,CLA Class,2016,18000,28863,125,58.9,2.1,AUTOMATIC,DIESEL
7446,9,CLA Class,2016,18250,13379,20,67.3,2.1,AUTOMATIC,DIESEL
7447,9,CLA Class,2016,18500,30106,125,58.9,2.1,AUTOMATIC,DIESEL
7448,9,CLA Class,2016,18700,25726,200,41.5,2,AUTOMATIC,PETROL
7449,9,CLA Class,2016,18980,32150,20,67.3,2.1,AUTOMATIC,DIESEL
7450,9,CLA Class,2016,19748,34612,20,67.3,2.1,AUTOMATIC,DIESEL
7451,9,CLA Class,2016,20248,28916,20,67.3,2.1,AUTOMATIC,DIESEL
7452,9,CLA Class,2016,28944,30500,205,40.9,2,AUTOMATIC,PETROL
7453,9,CLA Class,2017,14800,27941,145,68.9,2.1,AUTOMATIC,DIESEL
7454,9,CLA Class,2017,15500,31875,145,67.3,2.1,MANUAL,DIESEL
7455,9,CLA Class,2017,15600,22171,145,51.4,1.6,MANUAL,PETROL
7456,9,CLA Class,2017,16000,57763,20,67.3,2.1,AUTOMATIC,DIESEL
7457,9,CLA Class,2017,16600,35580,150,48.7,1.6,MANUAL,PETROL
7458,9,CLA Class,2017,16850,20182,150,67.3,2.1,AUTOMATIC,DIESEL
7459,9,CLA Class,2017,17000,7392,150,53.3,1.6,AUTOMATIC,PETROL
7460,9,CLA Class,2017,17000,17932,150,53.3,1.6,AUTOMATIC,PETROL
7461,9,CLA Class,2017,17200,10626,145,53.3,1.6,AUTOMATIC,PETROL
7462,9,CLA Class,2017,17590,53159,125,58.9,2.1,AUTOMATIC,DIESEL
7463,9,CLA Class,2017,17999,31555,20,67.3,2.1,MANUAL,DIESEL
7464,9,CLA Class,2017,18790,8423,150,67.3,2.1,AUTOMATIC,DIESEL
7465,9,CLA Class,2017,18900,18550,145,70.6,2.1,AUTOMATIC,DIESEL
7466,9,CLA Class,2017,18944,39950,20,67.3,2.1,AUTOMATIC,DIESEL
7467,9,CLA Class,2017,18980,26662,30,65.7,2.1,MANUAL,DIESEL
7468,9,CLA Class,2017,20000,24107,150,67.3,2.1,AUTOMATIC,DIESEL
7469,9,CLA Class,2017,20480,31949,150,58.9,2.1,AUTOMATIC,DIESEL
7470,9,CLA Class,2017,23490,9970,150,41.5,2,AUTOMATIC,PETROL
7471,9,CLA Class,2017,25900,25517,145,40.9,2,AUTOMATIC,PETROL
7472,9,CLA Class,2017,29280,20990,145,40.9,2,AUTOMATIC,PETROL
7473,9,CLA Class,2017,30748,11574,145,40.9,2,AUTOMATIC,PETROL
7474,9,CLA Class,2018,18100,11751,145,52.3,1.6,AUTOMATIC,PETROL
7475,9,CLA Class,2018,18400,32197,145,52.3,1.6,AUTOMATIC,PETROL
7476,9,CLA Class,2018,19950,6466,150,52.3,1.6,AUTOMATIC,PETROL
7477,9,CLA Class,2019,20700,3794,145,42.8,1.6,MANUAL,PETROL
7478,9,CLA Class,2019,25239,13968,145,51.4,2.1,AUTOMATIC,DIESEL
7479,9,CLA Class,2019,25440,10193,145,51.4,2.1,AUTOMATIC,DIESEL
7480,9,CLA Class,2019,25480,14024,145,51.4,2.1,AUTOMATIC,DIESEL
7481,9,CLA Class,2019,25491,9054,145,51.4,2.1,AUTOMATIC,DIESEL
7482,9,CLA Class,2019,25499,11442,145,51.4,2.1,AUTOMATIC,DIESEL
7483,9,CLA Class,2019,25744,13500,145,51.4,2.1,AUTOMATIC,DIESEL
7484,9,CLA Class,2019,26899,3138,145,44.1,1.3,AUTOMATIC,PETROL
7485,9,CLA Class,2019,26991,3439,145,40.9,2,AUTOMATIC,PETROL
7486,9,CLA Class,2019,28680,3128,145,40.9,2,AUTOMATIC,PETROL
7487,9,CLA Class,2019,31500,2500,145,55.4,2,AUTOMATIC,DIESEL
7488,9,CLA Class,2019,32890,6571,145,55.4,2,AUTOMATIC,DIESEL
7489,9,CLA Class,2020,24899,4345,150,45.6,1.3,AUTOMATIC,PETROL
7490,9,CLA Class,2020,28900,4308,145,44.1,1.3,AUTOMATIC,PETROL
7491,9,CLA Class,2020,28990,6000,145,40.9,2,AUTOMATIC,PETROL
7492,9,CLA Class,2020,29498,1000,145,44.8,1.3,AUTOMATIC,PETROL
7493,9,CLA Class,2020,29498,1200,145,44.1,1.3,AUTOMATIC,PETROL
7494,9,CLA Class,2020,29998,1000,145,44.8,1.3,AUTOMATIC,PETROL
7495,9,CLA Class,2020,30298,20,145,44.1,1.3,AUTOMATIC,PETROL
7496,9,CLA Class,2020,31150,3653,145,55.4,2,AUTOMATIC,DIESEL
7497,9,CLA Class,2020,32900,2700,145,44.8,1.3,AUTOMATIC,PETROL
7498,9,CLA Class,2020,32995,2000,150,44.8,1.3,AUTOMATIC,PETROL
7499,9,CLA Class,2020,32995,6000,145,44.8,1.3,AUTOMATIC,PETROL
7500,9,CLA Class,2020,54900,3600,145,33.2,2,AUTOMATIC,PETROL
7501,10,CLC Class,2010,4695,85000,305,35.8,1.6,AUTOMATIC,PETROL
7502,10,CLC Class,2010,5880,40000,300,34,1.8,AUTOMATIC,PETROL
7503,10,CLC Class,2010,5975,44662,300,35.8,1.6,AUTOMATIC,PETROL
7504,11,CLK,2002,3790,98000,325,24.6,5,AUTOMATIC,PETROL
7505,11,CLK,2003,3376,105000,230,39.2,2.7,AUTOMATIC,DIESEL
7506,11,CLK,2003,3495,185000,330,17.8,4.3,AUTOMATIC,PETROL
7507,11,CLK,2004,2495,104000,325,31.7,1.8,AUTOMATIC,PETROL
7508,11,CLK,2004,2995,113000,300,39.2,2.7,AUTOMATIC,DIESEL
7509,11,CLK,2004,3399,58000,260,39.2,2.7,AUTOMATIC,DIESEL
7510,11,CLK,2005,1995,105000,260,43.5,2.1,AUTOMATIC,DIESEL
7511,12,CLS Class,2007,4395,90000,300,27.7,3,AUTOMATIC,DIESEL
7512,12,CLS Class,2011,11975,75000,200,46.3,3,AUTOMATIC,DIESEL
7513,12,CLS Class,2011,11995,88559,200,46.3,3,AUTOMATIC,DIESEL
7514,12,CLS Class,2011,12995,54000,200,46.3,3,AUTOMATIC,DIESEL
7515,12,CLS Class,2011,13299,28738,200,46.3,3,AUTOMATIC,DIESEL
7516,12,CLS Class,2012,10990,107000,205,46.3,3,AUTOMATIC,DIESEL
7517,12,CLS Class,2012,12490,66880,200,46.3,3,AUTOMATIC,DIESEL
7518,12,CLS Class,2012,13199,48579,200,46.3,3,AUTOMATIC,DIESEL
7519,12,CLS Class,2012,21749,46283,555,28.5,5.5,AUTOMATIC,PETROL
7520,12,CLS Class,2013,10200,71004,145,55,2.1,AUTOMATIC,DIESEL
7521,12,CLS Class,2013,11900,69300,150,54.3,2.1,AUTOMATIC,DIESEL
7522,12,CLS Class,2013,11991,85967,200,46.3,3,SEMI-AUTO,DIESEL
7523,12,CLS Class,2013,11995,59500,145,54.3,2.1,AUTOMATIC,DIESEL
7524,12,CLS Class,2013,11998,60090,200,46.3,3,SEMI-AUTO,DIESEL
7525,12,CLS Class,2013,11999,43393,160,53.3,2.1,SEMI-AUTO,DIESEL
7526,12,CLS Class,2013,12000,65000,150,54.3,2.1,AUTOMATIC,DIESEL
7527,12,CLS Class,2013,12210,54238,145,54.3,2.1,AUTOMATIC,DIESEL
7528,12,CLS Class,2013,12295,56030,145,55,2.1,AUTOMATIC,DIESEL
7529,12,CLS Class,2013,12400,51423,145,55,2.1,AUTOMATIC,DIESEL
7530,12,CLS Class,2013,12475,91554,200,46.3,3,AUTOMATIC,DIESEL
7531,12,CLS Class,2013,12500,52572,200,46.3,3,AUTOMATIC,DIESEL
7532,12,CLS Class,2013,12795,59210,200,46.3,3,AUTOMATIC,DIESEL
7533,12,CLS Class,2013,12975,72216,200,46.3,3,AUTOMATIC,DIESEL
7534,12,CLS Class,2013,13495,48500,145,54.3,2.1,AUTOMATIC,DIESEL
7535,12,CLS Class,2013,14495,43939,190,46.3,3,AUTOMATIC,DIESEL
7536,12,CLS Class,2013,14750,56198,200,46.3,3,AUTOMATIC,DIESEL
7537,12,CLS Class,2013,14790,58000,200,47.1,3,AUTOMATIC,DIESEL
7538,12,CLS Class,2013,14972,64777,205,47.1,3,SEMI-AUTO,DIESEL
7539,12,CLS Class,2014,11975,100552,200,46.3,3,AUTOMATIC,DIESEL
7540,12,CLS Class,2014,13995,48500,145,54.3,2.1,AUTOMATIC,DIESEL
7541,12,CLS Class,2014,14000,32757,145,54.3,2.1,AUTOMATIC,DIESEL
7542,12,CLS Class,2014,15998,31815,145,54.3,2.1,SEMI-AUTO,DIESEL
7543,12,CLS Class,2014,16500,53931,200,46.3,3,SEMI-AUTO,DIESEL
7544,12,CLS Class,2014,16990,42980,145,54.3,2.1,SEMI-AUTO,DIESEL
7545,12,CLS Class,2014,19998,25696,165,52.3,3,SEMI-AUTO,DIESEL
7546,12,CLS Class,2015,16490,54000,145,56.5,2.1,AUTOMATIC,DIESEL
7547,12,CLS Class,2015,16498,39858,125,56.5,2.1,SEMI-AUTO,DIESEL
7548,12,CLS Class,2015,16590,44192,125,56.5,2.1,SEMI-AUTO,DIESEL
7549,12,CLS Class,2015,16750,68353,160,52.3,3,SEMI-AUTO,DIESEL
7550,12,CLS Class,2015,16995,50231,125,56.5,2.1,AUTOMATIC,DIESEL
7551,12,CLS Class,2015,17100,34063,145,56.5,2.1,AUTOMATIC,DIESEL
7552,12,CLS Class,2015,17450,60972,160,52.3,3,AUTOMATIC,DIESEL
7553,12,CLS Class,2015,17499,51974,125,57.7,2.1,AUTOMATIC,DIESEL
7554,12,CLS Class,2015,17991,29139,125,57.7,2.1,SEMI-AUTO,DIESEL
7555,12,CLS Class,2015,17998,46725,145,56.5,2.1,SEMI-AUTO,DIESEL
7556,12,CLS Class,2015,18099,38792,125,57.7,2.1,SEMI-AUTO,DIESEL
7557,12,CLS Class,2015,18499,23446,125,57.7,2.1,AUTOMATIC,DIESEL
7558,12,CLS Class,2015,18680,46085,160,51.4,3,AUTOMATIC,DIESEL
7559,12,CLS Class,2015,18990,20000,125,57.7,2.1,AUTOMATIC,DIESEL
7560,12,CLS Class,2015,18999,22067,125,57.7,2.1,SEMI-AUTO,DIESEL
7561,12,CLS Class,2015,19298,35866,160,49.6,3,SEMI-AUTO,DIESEL
7562,12,CLS Class,2015,19298,40912,125,57.7,2.1,SEMI-AUTO,DIESEL
7563,12,CLS Class,2015,19698,44143,160,51.4,3,SEMI-AUTO,DIESEL
7564,12,CLS Class,2015,19995,40032,160,51.4,3,AUTOMATIC,DIESEL
7565,12,CLS Class,2015,19995,48126,160,49.6,3,AUTOMATIC,DIESEL
7566,12,CLS Class,2015,20412,40270,160,51.4,3,SEMI-AUTO,DIESEL
7567,12,CLS Class,2015,20490,29766,160,51.4,3,AUTOMATIC,DIESEL
7568,12,CLS Class,2015,20498,33087,165,51.4,3,SEMI-AUTO,DIESEL
7569,12,CLS Class,2015,20498,41955,165,51.4,3,SEMI-AUTO,DIESEL
7570,12,CLS Class,2015,20995,29417,160,51.4,3,AUTOMATIC,DIESEL
7571,12,CLS Class,2015,21000,17957,125,57.7,2.1,AUTOMATIC,DIESEL
7572,12,CLS Class,2016,16957,41253,125,57.7,2.1,AUTOMATIC,DIESEL
7573,12,CLS Class,2016,16990,48000,125,57.7,2.1,AUTOMATIC,DIESEL
7574,12,CLS Class,2016,17500,44753,125,57.7,2.1,AUTOMATIC,DIESEL
7575,12,CLS Class,2016,17990,39200,125,57.7,2.1,AUTOMATIC,DIESEL
7576,12,CLS Class,2016,17999,47156,125,57.7,2.1,AUTOMATIC,DIESEL
7577,12,CLS Class,2016,18900,54195,165,49.6,3,AUTOMATIC,DIESEL
7578,12,CLS Class,2016,18980,46728,125,57.7,2.1,AUTOMATIC,DIESEL
7579,12,CLS Class,2016,18995,53000,145,56.5,2.1,AUTOMATIC,DIESEL
7580,12,CLS Class,2016,19113,39972,125,57.7,2.1,SEMI-AUTO,DIESEL
7581,12,CLS Class,2016,19200,33000,145,56.5,2.1,AUTOMATIC,DIESEL
7582,12,CLS Class,2016,19383,42651,145,56.5,2.1,AUTOMATIC,DIESEL
7583,12,CLS Class,2016,19480,30744,125,57.7,2.1,AUTOMATIC,DIESEL
7584,12,CLS Class,2016,19495,20500,125,57.7,2.1,AUTOMATIC,DIESEL
7585,12,CLS Class,2016,19495,31532,125,57.7,2.1,SEMI-AUTO,DIESEL
7586,12,CLS Class,2016,19499,48017,160,51.4,3,AUTOMATIC,DIESEL
7587,12,CLS Class,2016,19590,42018,125,57.7,2.1,AUTOMATIC,DIESEL
7588,12,CLS Class,2016,19749,35825,125,57.7,2.1,SEMI-AUTO,DIESEL
7589,12,CLS Class,2016,19770,27167,125,57.7,2.1,AUTOMATIC,DIESEL
7590,12,CLS Class,2016,19980,44029,125,57.7,2.1,SEMI-AUTO,DIESEL
7591,12,CLS Class,2016,19998,28925,125,57.7,2.1,SEMI-AUTO,DIESEL
7592,12,CLS Class,2016,19999,30422,145,56.5,2.1,AUTOMATIC,DIESEL
7593,12,CLS Class,2016,20099,23020,125,57.7,2.1,SEMI-AUTO,DIESEL
7594,12,CLS Class,2016,20399,16107,160,51.4,3,AUTOMATIC,DIESEL
7595,12,CLS Class,2016,20449,31684,160,51.4,3,SEMI-AUTO,DIESEL
7596,12,CLS Class,2016,20450,53555,160,51.4,3,AUTOMATIC,DIESEL
7597,12,CLS Class,2016,20498,33026,165,51.4,3,SEMI-AUTO,DIESEL
7598,12,CLS Class,2016,20499,22525,125,57.7,2.1,SEMI-AUTO,DIESEL
7599,12,CLS Class,2016,20500,16591,165,51.4,3,AUTOMATIC,DIESEL
7600,12,CLS Class,2016,20699,23629,145,56.5,2.1,SEMI-AUTO,DIESEL
7601,12,CLS Class,2016,20990,44444,160,51.4,3,SEMI-AUTO,DIESEL
7602,12,CLS Class,2016,21245,46068,145,56.5,2.1,AUTOMATIC,DIESEL
7603,12,CLS Class,2016,21398,34056,160,51.4,3,SEMI-AUTO,DIESEL
7604,12,CLS Class,2016,21490,28415,160,51.4,3,SEMI-AUTO,DIESEL
7605,12,CLS Class,2016,21490,29392,165,51.4,3,SEMI-AUTO,DIESEL
7606,12,CLS Class,2016,21498,35474,165,51.4,3,SEMI-AUTO,DIESEL
7607,12,CLS Class,2016,21591,17730,165,51.4,3,AUTOMATIC,DIESEL
7608,12,CLS Class,2016,21691,33063,165,51.4,3,SEMI-AUTO,DIESEL
7609,12,CLS Class,2016,21950,50000,235,39.2,3.5,AUTOMATIC,PETROL
7610,12,CLS Class,2016,21995,31689,160,51.4,3,SEMI-AUTO,DIESEL
7611,12,CLS Class,2016,21998,20306,165,51.4,3,SEMI-AUTO,DIESEL
7612,12,CLS Class,2016,21998,25313,160,51.4,3,SEMI-AUTO,DIESEL
7613,12,CLS Class,2016,21998,29306,160,51.4,3,SEMI-AUTO,DIESEL
7614,12,CLS Class,2016,21998,30496,160,51.4,3,SEMI-AUTO,DIESEL
7615,12,CLS Class,2016,22315,19366,165,51.4,3,AUTOMATIC,DIESEL
7616,12,CLS Class,2016,22421,26236,165,51.4,3,AUTOMATIC,DIESEL
7617,12,CLS Class,2016,22450,39652,160,49.6,3,SEMI-AUTO,DIESEL
7618,12,CLS Class,2016,22480,32232,160,51.4,3,AUTOMATIC,DIESEL
7619,12,CLS Class,2016,22490,24086,160,51.4,3,SEMI-AUTO,DIESEL
7620,12,CLS Class,2016,22498,14466,160,51.4,3,SEMI-AUTO,DIESEL
7621,12,CLS Class,2016,22498,23636,160,51.4,3,SEMI-AUTO,DIESEL
7622,12,CLS Class,2016,22684,32611,165,49.6,3,AUTOMATIC,DIESEL
7623,12,CLS Class,2016,22802,13588,165,51.4,3,AUTOMATIC,DIESEL
7624,12,CLS Class,2016,22998,13720,165,51.4,3,SEMI-AUTO,DIESEL
7625,12,CLS Class,2016,22998,25536,160,51.4,3,SEMI-AUTO,DIESEL
7626,12,CLS Class,2016,22998,34544,165,49.6,3,SEMI-AUTO,DIESEL
7627,12,CLS Class,2016,23480,31310,160,51.4,3,SEMI-AUTO,DIESEL
7628,12,CLS Class,2016,23995,13062,150,51.4,3,AUTOMATIC,DIESEL
7629,12,CLS Class,2016,23998,7675,160,49.6,3,SEMI-AUTO,DIESEL
7630,12,CLS Class,2016,24980,22878,160,49.6,3,SEMI-AUTO,DIESEL
7631,12,CLS Class,2016,25077,13887,165,49.6,3,AUTOMATIC,DIESEL
7632,12,CLS Class,2017,17495,65700,125,57.7,2.1,SEMI-AUTO,DIESEL
7633,12,CLS Class,2017,19000,39040,145,57.7,2.1,AUTOMATIC,DIESEL
7634,12,CLS Class,2017,19799,46943,145,57.7,2.1,SEMI-AUTO,DIESEL
7635,12,CLS Class,2017,19980,30004,125,57.7,2.1,SEMI-AUTO,DIESEL
7636,12,CLS Class,2017,20000,26941,145,57.7,2.1,SEMI-AUTO,DIESEL
7637,12,CLS Class,2017,20480,45870,125,57.7,2.1,SEMI-AUTO,DIESEL
7638,12,CLS Class,2017,20790,37150,145,57.7,2.1,AUTOMATIC,DIESEL
7639,12,CLS Class,2017,20886,72383,160,51.4,3,AUTOMATIC,DIESEL
7640,12,CLS Class,2017,20999,30987,125,57.7,2.1,SEMI-AUTO,DIESEL
7641,12,CLS Class,2017,21290,38736,125,57.7,2.1,SEMI-AUTO,DIESEL
7642,12,CLS Class,2017,21480,30427,145,57.7,2.1,SEMI-AUTO,DIESEL
7643,12,CLS Class,2017,21500,27772,145,57.7,2.1,SEMI-AUTO,DIESEL
7644,12,CLS Class,2017,21890,12190,150,57.7,2.1,SEMI-AUTO,DIESEL
7645,12,CLS Class,2017,21900,32977,145,51.4,3,AUTOMATIC,DIESEL
7646,12,CLS Class,2017,21950,34567,145,51.4,3,SEMI-AUTO,DIESEL
7647,12,CLS Class,2017,22490,31479,145,57.7,2.1,SEMI-AUTO,DIESEL
7648,12,CLS Class,2017,22646,21494,165,51.4,3,AUTOMATIC,DIESEL
7649,12,CLS Class,2017,22698,36402,160,51.4,3,SEMI-AUTO,DIESEL
7650,12,CLS Class,2017,22995,21218,150,56.5,2.1,SEMI-AUTO,DIESEL
7651,12,CLS Class,2017,23000,30000,165,51.4,3,SEMI-AUTO,DIESEL
7652,12,CLS Class,2017,23166,35625,165,49.6,3,AUTOMATIC,DIESEL
7653,12,CLS Class,2017,23980,26747,145,51.4,3,SEMI-AUTO,DIESEL
7654,12,CLS Class,2017,23995,15833,160,49.6,3,SEMI-AUTO,DIESEL
7655,12,CLS Class,2017,23998,27354,160,49.6,3,SEMI-AUTO,DIESEL
7656,12,CLS Class,2017,24913,19926,160,51.4,3,AUTOMATIC,DIESEL
7657,12,CLS Class,2017,26166,9165,150,51.4,3,AUTOMATIC,DIESEL
7658,12,CLS Class,2017,26512,14698,160,51.4,3,SEMI-AUTO,DIESEL
7659,12,CLS Class,2017,28995,8591,150,39.2,3.5,SEMI-AUTO,PETROL
7660,12,CLS Class,2018,21250,30320,145,57.7,2.1,SEMI-AUTO,DIESEL
7661,12,CLS Class,2018,23995,24315,145,57.7,2.1,SEMI-AUTO,DIESEL
7662,12,CLS Class,2018,24775,11461,145,57.7,2.1,SEMI-AUTO,DIESEL
7663,12,CLS Class,2018,26682,11700,145,51.4,3,SEMI-AUTO,DIESEL
7664,12,CLS Class,2018,31026,17663,145,48.7,2.9,AUTOMATIC,DIESEL
7665,12,CLS Class,2018,31796,14130,150,48.7,2.9,SEMI-AUTO,DIESEL
7666,12,CLS Class,2018,32800,13914,145,48.7,2.9,SEMI-AUTO,DIESEL
7667,12,CLS Class,2018,32849,16019,145,48.7,2.9,SEMI-AUTO,DIESEL
7668,12,CLS Class,2018,32950,3942,145,48.7,2.9,AUTOMATIC,DIESEL
7669,12,CLS Class,2018,32990,17000,150,48.7,2.9,SEMI-AUTO,DIESEL
7670,12,CLS Class,2018,33000,5673,145,48.7,2.9,SEMI-AUTO,DIESEL
7671,12,CLS Class,2018,33000,18559,145,48.7,2.9,SEMI-AUTO,DIESEL
7672,12,CLS Class,2018,33740,6710,145,48.7,2.9,AUTOMATIC,DIESEL
7673,12,CLS Class,2018,33980,5203,145,48.7,2.9,SEMI-AUTO,DIESEL
7674,12,CLS Class,2018,33990,8123,145,48.7,2.9,SEMI-AUTO,DIESEL
7675,12,CLS Class,2018,33990,10677,145,48.7,2.9,SEMI-AUTO,DIESEL
7676,12,CLS Class,2018,34390,16568,145,48.7,2.9,AUTOMATIC,DIESEL
7677,12,CLS Class,2018,34480,16432,145,48.7,2.9,SEMI-AUTO,DIESEL
7678,12,CLS Class,2018,34499,5611,145,48.7,2.9,SEMI-AUTO,DIESEL
7679,12,CLS Class,2018,34990,18837,150,47.9,2.9,AUTOMATIC,DIESEL
7680,12,CLS Class,2018,36500,1841,145,48.7,2.9,SEMI-AUTO,DIESEL
7681,12,CLS Class,2018,41112,8673,145,36.2,3,SEMI-AUTO,PETROL
7682,12,CLS Class,2018,41349,12078,145,47.9,2.9,SEMI-AUTO,DIESEL
7683,12,CLS Class,2018,41495,8376,145,36.2,3,AUTOMATIC,PETROL
7684,12,CLS Class,2018,54990,9300,145,32.5,3,AUTOMATIC,PETROL
7685,12,CLS Class,2019,33400,11704,145,48.7,2.9,AUTOMATIC,DIESEL
7686,12,CLS Class,2019,34900,9400,145,48.7,2.9,SEMI-AUTO,DIESEL
7687,12,CLS Class,2019,34979,3130,145,48.7,2.9,AUTOMATIC,DIESEL
7688,12,CLS Class,2019,34980,5919,145,48.7,2.9,SEMI-AUTO,DIESEL
7689,12,CLS Class,2019,35499,12057,145,48.7,2.9,SEMI-AUTO,DIESEL
7690,12,CLS Class,2019,35590,4105,145,48.7,2.9,AUTOMATIC,DIESEL
7691,12,CLS Class,2019,35850,7289,145,48.7,2.9,AUTOMATIC,DIESEL
7692,12,CLS Class,2019,35950,15263,145,45.6,2,AUTOMATIC,DIESEL
7693,12,CLS Class,2019,35980,6273,145,48.7,2.9,AUTOMATIC,DIESEL
7694,12,CLS Class,2019,35980,7444,145,48.7,2.9,SEMI-AUTO,DIESEL
7695,12,CLS Class,2019,36000,2352,145,48.7,2.9,SEMI-AUTO,DIESEL
7696,12,CLS Class,2019,36000,8264,145,48.7,2.9,SEMI-AUTO,DIESEL
7697,12,CLS Class,2019,36490,7036,145,48.7,2.9,SEMI-AUTO,DIESEL
7698,12,CLS Class,2019,36890,2500,145,45.6,2,AUTOMATIC,DIESEL
7699,12,CLS Class,2019,37352,3000,150,45.6,2,AUTOMATIC,DIESEL
7700,12,CLS Class,2019,37499,5680,145,48.7,2.9,SEMI-AUTO,DIESEL
7701,12,CLS Class,2019,37500,2609,145,48.7,2.9,SEMI-AUTO,DIESEL
7702,12,CLS Class,2019,37890,1751,145,45.6,2,AUTOMATIC,DIESEL
7703,12,CLS Class,2019,37990,2426,145,45.6,2,AUTOMATIC,DIESEL
7704,12,CLS Class,2019,38444,2611,145,48.7,2.9,AUTOMATIC,DIESEL
7705,12,CLS Class,2019,38500,3354,145,48.7,2.9,SEMI-AUTO,DIESEL
7706,12,CLS Class,2019,38899,6785,145,48.7,2.9,SEMI-AUTO,DIESEL
7707,12,CLS Class,2019,38899,7937,145,48.7,2.9,SEMI-AUTO,DIESEL
7708,12,CLS Class,2019,38999,999,145,45.6,2,AUTOMATIC,DIESEL
7709,12,CLS Class,2019,39599,3572,145,48.7,2.9,AUTOMATIC,DIESEL
7710,12,CLS Class,2019,39995,30000,150,47.9,2.9,AUTOMATIC,DIESEL
7711,12,CLS Class,2019,39998,926,145,45.6,2,SEMI-AUTO,DIESEL
7712,12,CLS Class,2019,39999,3194,145,45.6,2,SEMI-AUTO,DIESEL
7713,12,CLS Class,2019,40099,1173,145,48.7,2.9,SEMI-AUTO,DIESEL
7714,12,CLS Class,2019,40532,5053,145,48.7,2.9,SEMI-AUTO,DIESEL
7715,12,CLS Class,2019,40998,4001,145,47.9,2.9,SEMI-AUTO,DIESEL
7716,12,CLS Class,2019,41999,11763,145,47.9,2.9,SEMI-AUTO,DIESEL
7717,12,CLS Class,2019,42000,12000,145,47.9,2.9,SEMI-AUTO,DIESEL
7718,12,CLS Class,2019,42849,15674,145,47.9,2.9,SEMI-AUTO,DIESEL
7719,12,CLS Class,2019,42900,7301,145,47.9,2.9,SEMI-AUTO,DIESEL
7720,12,CLS Class,2019,42999,7038,145,47.9,2.9,SEMI-AUTO,DIESEL
7721,12,CLS Class,2019,43490,4011,145,47.9,2.9,AUTOMATIC,DIESEL
7722,12,CLS Class,2019,43499,12346,145,47.9,2.9,SEMI-AUTO,DIESEL
7723,12,CLS Class,2019,43640,2682,145,48.7,2.9,AUTOMATIC,DIESEL
7724,12,CLS Class,2019,44498,5428,145,47.9,2.9,SEMI-AUTO,DIESEL
7725,12,CLS Class,2019,44599,6056,145,47.9,2.9,SEMI-AUTO,DIESEL
7726,12,CLS Class,2019,44699,5500,145,47.9,2.9,AUTOMATIC,DIESEL
7727,12,CLS Class,2019,44799,7101,145,47.9,2.9,SEMI-AUTO,DIESEL
7728,12,CLS Class,2019,44995,4263,145,48.7,2.9,AUTOMATIC,DIESEL
7729,12,CLS Class,2019,44999,4000,145,47.9,2.9,SEMI-AUTO,DIESEL
7730,12,CLS Class,2019,44999,6465,145,47.9,2.9,SEMI-AUTO,DIESEL
7731,12,CLS Class,2019,45199,3426,145,47.9,2.9,SEMI-AUTO,DIESEL
7732,12,CLS Class,2019,45386,2987,145,47.9,2.9,AUTOMATIC,DIESEL
7733,12,CLS Class,2019,45636,2817,145,47.9,2.9,AUTOMATIC,DIESEL
7734,12,CLS Class,2019,45699,3418,145,47.9,2.9,SEMI-AUTO,DIESEL
7735,12,CLS Class,2019,45699,3443,145,47.9,2.9,SEMI-AUTO,DIESEL
7736,12,CLS Class,2019,45799,164,145,31.4,2,SEMI-AUTO,PETROL
7737,12,CLS Class,2019,46495,5524,145,47.9,2.9,SEMI-AUTO,DIESEL
7738,12,CLS Class,2019,46710,4133,145,47.9,2.9,AUTOMATIC,DIESEL
7739,12,CLS Class,2019,46952,107,145,47.9,2.9,AUTOMATIC,DIESEL
7740,12,CLS Class,2019,46995,2619,145,31.4,2,SEMI-AUTO,PETROL
7741,12,CLS Class,2019,47899,2798,145,47.9,2.9,SEMI-AUTO,DIESEL
7742,12,CLS Class,2019,47899,4977,145,47.9,2.9,SEMI-AUTO,DIESEL
7743,12,CLS Class,2019,49950,3335,145,48.7,2.9,AUTOMATIC,DIESEL
7744,12,CLS Class,2019,51540,11886,145,48.7,2.9,SEMI-AUTO,DIESEL
7745,12,CLS Class,2019,68000,8697,145,31.7,3,SEMI-AUTO,PETROL
7746,12,CLS Class,2019,69995,992,150,31.7,3,SEMI-AUTO,PETROL
7747,12,CLS Class,2020,41298,20,145,45.6,2,AUTOMATIC,DIESEL
7748,13,E Class,2001,3990,60997,325,29.4,2,AUTOMATIC,PETROL
7749,13,E Class,2005,3485,79191,325,32.5,1.8,AUTOMATIC,PETROL
7750,13,E Class,2005,3995,73000,325,32.5,1.8,AUTOMATIC,PETROL
7751,13,E Class,2006,2995,137827,325,34.9,3,AUTOMATIC,DIESEL
7752,13,E Class,2007,4880,58000,315,37.2,3,AUTOMATIC,DIESEL
7753,13,E Class,2008,14995,55000,570,19.8,6.2,SEMI-AUTO,PETROL
7754,13,E Class,2009,3995,131711,300,27.7,3,AUTOMATIC,DIESEL
7755,13,E Class,2009,4700,133000,330,34.9,3,AUTOMATIC,DIESEL
7756,13,E Class,2009,4950,99844,305,27.7,3,AUTOMATIC,DIESEL
7757,13,E Class,2009,6999,114000,235,44.1,2.1,AUTOMATIC,DIESEL
7758,13,E Class,2010,5995,121000,300,39.8,3,AUTOMATIC,DIESEL
7759,13,E Class,2010,6350,118000,145,48.7,2.1,AUTOMATIC,DIESEL
7760,13,E Class,2010,6794,69173,205,45.6,2.1,AUTOMATIC,DIESEL
7761,13,E Class,2010,6980,79000,300,35.3,1.8,MANUAL,PETROL
7762,13,E Class,2010,7995,70150,235,44.1,2.1,AUTOMATIC,DIESEL
7763,13,E Class,2010,7995,98000,200,45.6,2.1,AUTOMATIC,DIESEL
7764,13,E Class,2010,8290,64000,185,47.1,2.1,AUTOMATIC,DIESEL
7765,13,E Class,2010,8850,64723,200,45.6,3,AUTOMATIC,DIESEL
7766,13,E Class,2010,8949,94873,220,44.1,3,AUTOMATIC,DIESEL
7767,13,E Class,2011,5495,138000,150,53.3,2.1,AUTOMATIC,DIESEL
7768,13,E Class,2011,5740,115000,160,52.3,2.1,MANUAL,DIESEL
7769,13,E Class,2011,7490,89000,160,52.3,2.1,MANUAL,DIESEL
7770,13,E Class,2011,8899,68625,200,45.6,3,AUTOMATIC,DIESEL
7771,13,E Class,2011,9250,76508,200,45.6,2.1,AUTOMATIC,DIESEL
7772,13,E Class,2011,9295,38541,145,55.4,2.1,AUTOMATIC,DIESEL
7773,13,E Class,2011,9995,90000,235,43.5,3,AUTOMATIC,DIESEL
7774,13,E Class,2011,11230,47516,235,44.1,3,AUTOMATIC,DIESEL
7775,13,E Class,2011,14995,34000,200,47.1,3,AUTOMATIC,DIESEL
7776,13,E Class,2012,8238,60178,145,55.4,2.1,AUTOMATIC,DIESEL
7777,13,E Class,2012,8500,94871,200,47.1,3,AUTOMATIC,DIESEL
7778,13,E Class,2012,8750,94500,145,55.4,2.1,AUTOMATIC,DIESEL
7779,13,E Class,2012,8999,83763,145,55.4,2.1,AUTOMATIC,DIESEL
7780,13,E Class,2012,9000,70000,145,57.6,2.1,AUTOMATIC,DIESEL
7781,13,E Class,2012,9499,67681,145,53.3,2.1,AUTOMATIC,DIESEL
7782,13,E Class,2012,9995,73000,140,57.6,2.1,AUTOMATIC,DIESEL
7783,13,E Class,2012,10505,48613,145,55.4,2.1,AUTOMATIC,DIESEL
7784,13,E Class,2012,12495,50000,160,53.3,2.1,AUTOMATIC,DIESEL
7785,13,E Class,2013,5950,146438,205,41.5,1.8,AUTOMATIC,PETROL
7786,13,E Class,2013,5995,127600,125,51.4,2.1,MANUAL,DIESEL
7787,13,E Class,2013,8985,61638,150,57.6,2.1,AUTOMATIC,DIESEL
7788,13,E Class,2013,9300,62999,145,55.4,2.1,SEMI-AUTO,DIESEL
7789,13,E Class,2013,9489,96351,145,52.3,2.1,SEMI-AUTO,DIESEL
7790,13,E Class,2013,9495,82312,145,55.4,2.1,SEMI-AUTO,DIESEL
7791,13,E Class,2013,9550,69124,125,58.9,2.1,SEMI-AUTO,DIESEL
7792,13,E Class,2013,9990,82000,200,47.1,3,AUTOMATIC,DIESEL
7793,13,E Class,2013,9995,50000,140,55.4,2.1,SEMI-AUTO,DIESEL
7794,13,E Class,2013,10000,80442,125,58.9,2.1,AUTOMATIC,DIESEL
7795,13,E Class,2013,10490,85000,160,52.3,2.1,AUTOMATIC,DIESEL
7796,13,E Class,2013,10491,37895,145,55.4,2.1,SEMI-AUTO,DIESEL
7797,13,E Class,2013,10499,44626,145,55.4,2.1,AUTOMATIC,DIESEL
7798,13,E Class,2013,10595,87100,150,58.9,2.1,AUTOMATIC,DIESEL
7799,13,E Class,2013,10636,58811,200,42.2,1.8,AUTOMATIC,PETROL
7800,13,E Class,2013,10675,75000,160,52.3,2.1,MANUAL,DIESEL
7801,13,E Class,2013,10880,56230,145,57.7,2.1,AUTOMATIC,DIESEL
7802,13,E Class,2013,10990,64000,145,54.3,2.1,AUTOMATIC,DIESEL
7803,13,E Class,2013,10996,72351,125,58.9,2.1,SEMI-AUTO,DIESEL
7804,13,E Class,2013,11000,65792,30,58.9,2.1,AUTOMATIC,DIESEL
7805,13,E Class,2013,11119,62947,125,58.9,2.1,AUTOMATIC,DIESEL
7806,13,E Class,2013,11229,48684,125,58.9,2.1,AUTOMATIC,DIESEL
7807,13,E Class,2013,11250,43959,125,57.7,2.1,AUTOMATIC,DIESEL
7808,13,E Class,2013,11295,81200,125,57.7,2.1,AUTOMATIC,DIESEL
7809,13,E Class,2013,11299,60417,30,58.9,2.1,AUTOMATIC,DIESEL
7810,13,E Class,2013,11490,50000,145,54.3,2.1,AUTOMATIC,DIESEL
7811,13,E Class,2013,11795,53300,125,58.9,2.1,AUTOMATIC,DIESEL
7812,13,E Class,2013,11899,62051,145,54.3,2.1,AUTOMATIC,DIESEL
7813,13,E Class,2013,11950,48872,205,47.1,3,AUTOMATIC,DIESEL
7814,13,E Class,2013,11950,63903,30,58.9,2.1,AUTOMATIC,DIESEL
7815,13,E Class,2013,11950,63903,30,58.9,2.1,SEMI-AUTO,DIESEL
7816,13,E Class,2013,11990,50000,145,54.3,2.1,AUTOMATIC,DIESEL
7817,13,E Class,2013,11990,52000,125,57.7,2.1,AUTOMATIC,DIESEL
7818,13,E Class,2013,11990,74000,200,47.1,3,AUTOMATIC,DIESEL
7819,13,E Class,2013,11995,89625,20,62.8,2.1,AUTOMATIC,HYBRID
7820,13,E Class,2013,12013,59338,125,57.7,2.1,SEMI-AUTO,DIESEL
7821,13,E Class,2013,12230,77492,160,51.4,2.1,AUTOMATIC,DIESEL
7822,13,E Class,2013,12299,88991,200,47.1,3,AUTOMATIC,DIESEL
7823,13,E Class,2013,12460,47951,160,53.5,2.1,AUTOMATIC,DIESEL
7824,13,E Class,2013,12490,71499,125,57.7,2.1,SEMI-AUTO,DIESEL
7825,13,E Class,2013,12499,18061,125,58.9,2.1,AUTOMATIC,DIESEL
7826,13,E Class,2013,12622,62048,125,57.7,2.1,SEMI-AUTO,DIESEL
7827,13,E Class,2013,12893,36675,10,68.9,2.1,AUTOMATIC,HYBRID
7828,13,E Class,2013,12990,43000,145,54.3,2.1,AUTOMATIC,DIESEL
7829,13,E Class,2013,12990,56000,200,47.1,3,AUTOMATIC,DIESEL
7830,13,E Class,2013,12990,67000,200,47.1,3,AUTOMATIC,DIESEL
7831,13,E Class,2013,13000,54490,160,51.4,2.1,AUTOMATIC,DIESEL
7832,13,E Class,2013,13150,59806,160,51.4,2.1,SEMI-AUTO,DIESEL
7833,13,E Class,2013,13298,28500,145,54.3,2.1,AUTOMATIC,DIESEL
7834,13,E Class,2013,13300,42742,125,57.7,2.1,AUTOMATIC,DIESEL
7835,13,E Class,2013,13599,15759,125,58.9,2.1,AUTOMATIC,DIESEL
7836,13,E Class,2013,13790,33516,160,49.6,3,AUTOMATIC,DIESEL
7837,13,E Class,2013,13798,45000,125,57.7,2.1,AUTOMATIC,DIESEL
7838,13,E Class,2013,13965,43475,160,51.4,2.1,SEMI-AUTO,DIESEL
7839,13,E Class,2013,13991,48976,125,57.7,2.1,SEMI-AUTO,DIESEL
7840,13,E Class,2013,13995,31000,145,55.4,2.2,AUTOMATIC,DIESEL
7841,13,E Class,2013,13995,37000,30,58.9,2.2,AUTOMATIC,DIESEL
7842,13,E Class,2013,13995,39000,160,52.3,2.1,AUTOMATIC,DIESEL
7843,13,E Class,2013,13995,69900,200,45.6,3,SEMI-AUTO,DIESEL
7844,13,E Class,2013,14000,39872,160,52.3,2.1,AUTOMATIC,DIESEL
7845,13,E Class,2013,14750,48614,200,45.6,3,AUTOMATIC,DIESEL
7846,13,E Class,2013,14999,41920,200,47.1,3,AUTOMATIC,DIESEL
7847,13,E Class,2013,15000,37054,165,49.6,3,SEMI-AUTO,DIESEL
7848,13,E Class,2013,15182,39632,160,47.9,3,SEMI-AUTO,DIESEL
7849,13,E Class,2013,15499,36813,260,37.2,3,AUTOMATIC,PETROL
7850,13,E Class,2013,15775,45378,200,45.6,3,AUTOMATIC,DIESEL
7851,13,E Class,2013,16500,22000,165,47.9,3,AUTOMATIC,DIESEL
7852,13,E Class,2013,17495,27000,200,45.6,3,AUTOMATIC,DIESEL
7853,13,E Class,2014,7295,152280,30,58.9,2.1,AUTOMATIC,DIESEL
7854,13,E Class,2014,7995,154000,30,58.9,2.1,AUTOMATIC,DIESEL
7855,13,E Class,2014,9500,80084,30,58.9,2.1,SEMI-AUTO,DIESEL
7856,13,E Class,2014,9980,81450,30,64.2,2.1,AUTOMATIC,DIESEL
7857,13,E Class,2014,9990,60500,30,58.9,2.1,AUTOMATIC,DIESEL
7858,13,E Class,2014,10500,115680,20,64.2,2.1,AUTOMATIC,HYBRID
7859,13,E Class,2014,11250,98514,165,51.4,2.1,AUTOMATIC,DIESEL
7860,13,E Class,2014,11350,50477,30,58.9,2.1,SEMI-AUTO,DIESEL
7861,13,E Class,2014,11351,80988,125,56.5,2.1,AUTOMATIC,DIESEL
7862,13,E Class,2014,11472,83417,145,54.3,2.1,SEMI-AUTO,DIESEL
7863,13,E Class,2014,11495,40019,30,58.9,2.1,SEMI-AUTO,DIESEL
7864,13,E Class,2014,11650,51770,125,58.9,2.1,SEMI-AUTO,DIESEL
7865,13,E Class,2014,11950,70000,145,54.3,2.1,SEMI-AUTO,DIESEL
7866,13,E Class,2014,11972,75829,125,57.7,2.1,AUTOMATIC,DIESEL
7867,13,E Class,2014,11990,68835,125,58.9,2.1,AUTOMATIC,DIESEL
7868,13,E Class,2014,11999,56477,30,64.2,2.1,AUTOMATIC,DIESEL
7869,13,E Class,2014,11999,60514,145,52.3,2.1,AUTOMATIC,DIESEL
7870,13,E Class,2014,12450,78185,125,57.7,2.1,AUTOMATIC,DIESEL
7871,13,E Class,2014,12490,59000,125,57.7,2.1,AUTOMATIC,DIESEL
7872,13,E Class,2014,12490,71000,145,57.7,2.1,AUTOMATIC,DIESEL
7873,13,E Class,2014,12500,42510,145,58.9,2.1,AUTOMATIC,DIESEL
7874,13,E Class,2014,12795,54358,125,58.9,2.1,SEMI-AUTO,DIESEL
7875,13,E Class,2014,12802,82748,125,57.7,2.1,SEMI-AUTO,DIESEL
7876,13,E Class,2014,12899,60690,145,55.4,2.1,AUTOMATIC,DIESEL
7877,13,E Class,2014,12900,46545,125,58.9,2.1,AUTOMATIC,DIESEL
7878,13,E Class,2014,12990,44000,125,58.9,2.1,AUTOMATIC,DIESEL
7879,13,E Class,2014,12995,28436,145,54.3,2.1,MANUAL,DIESEL
7880,13,E Class,2014,12995,48422,125,57.7,2.1,SEMI-AUTO,DIESEL
7881,13,E Class,2014,12995,62056,10,67.3,2.1,SEMI-AUTO,HYBRID
7882,13,E Class,2014,12999,50219,125,58.9,2.1,AUTOMATIC,DIESEL
7883,13,E Class,2014,13000,52897,145,55.4,2.1,AUTOMATIC,DIESEL
7884,13,E Class,2014,13000,60500,125,57.7,2.1,SEMI-AUTO,DIESEL
7885,13,E Class,2014,13000,76890,145,54.3,3,AUTOMATIC,DIESEL
7886,13,E Class,2014,13100,44488,145,58.9,2.1,AUTOMATIC,DIESEL
7887,13,E Class,2014,13291,66416,205,47.1,3,SEMI-AUTO,DIESEL
7888,13,E Class,2014,13490,23226,30,58.9,2.1,SEMI-AUTO,DIESEL
7889,13,E Class,2014,13590,34840,125,58.9,2.1,SEMI-AUTO,DIESEL
7890,13,E Class,2014,13750,54561,145,54.3,2.1,SEMI-AUTO,DIESEL
7891,13,E Class,2014,13799,59874,125,57.7,2.1,SEMI-AUTO,DIESEL
7892,13,E Class,2014,13890,43067,145,54.3,2.1,SEMI-AUTO,DIESEL
7893,13,E Class,2014,13967,30200,125,57.7,2.1,AUTOMATIC,DIESEL
7894,13,E Class,2014,13970,51176,200,47.1,3,AUTOMATIC,DIESEL
7895,13,E Class,2014,13990,21000,125,57.7,2.1,AUTOMATIC,DIESEL
7896,13,E Class,2014,13990,49491,125,57.7,2.1,SEMI-AUTO,DIESEL
7897,13,E Class,2014,13995,37000,150,58.9,2.1,AUTOMATIC,DIESEL
7898,13,E Class,2014,13998,33404,125,58.9,2.1,SEMI-AUTO,DIESEL
7899,13,E Class,2014,13999,34500,125,57.7,2.1,SEMI-AUTO,DIESEL
7900,13,E Class,2014,14000,40262,125,57.7,2.1,AUTOMATIC,DIESEL
7901,13,E Class,2014,14000,43413,145,58.9,2.1,AUTOMATIC,DIESEL
7902,13,E Class,2014,14199,41560,125,57.7,2.1,SEMI-AUTO,DIESEL
7903,13,E Class,2014,14490,29000,160,49.6,3,AUTOMATIC,DIESEL
7904,13,E Class,2014,14499,33702,145,54.3,2.1,SEMI-AUTO,DIESEL
7905,13,E Class,2014,14500,31117,125,57.7,2.1,SEMI-AUTO,DIESEL
7906,13,E Class,2014,14975,58145,200,47.1,3,SEMI-AUTO,DIESEL
7907,13,E Class,2014,14995,20437,125,57.7,2.1,AUTOMATIC,DIESEL
7908,13,E Class,2014,14999,23685,145,47.9,2,AUTOMATIC,PETROL
7909,13,E Class,2014,15000,47709,125,57.7,2.1,AUTOMATIC,DIESEL
7910,13,E Class,2014,15491,36217,125,57.7,2.1,SEMI-AUTO,DIESEL
7911,13,E Class,2014,15695,38800,125,57.7,2.1,AUTOMATIC,DIESEL
7912,13,E Class,2014,15995,42000,200,45.6,3,AUTOMATIC,DIESEL
7913,13,E Class,2014,15998,43125,200,45.6,3,SEMI-AUTO,DIESEL
7914,13,E Class,2014,16000,66921,260,35.8,3,AUTOMATIC,PETROL
7915,13,E Class,2014,16299,27000,165,47.9,3,SEMI-AUTO,DIESEL
7916,13,E Class,2014,16872,23435,160,47.9,3,SEMI-AUTO,DIESEL
7917,13,E Class,2014,17000,22190,160,51.4,3,AUTOMATIC,DIESEL
7918,13,E Class,2015,6775,166086,30,64.2,2.1,AUTOMATIC,DIESEL
7919,13,E Class,2015,10000,125160,125,57.7,2.1,AUTOMATIC,DIESEL
7920,13,E Class,2015,10991,110000,125,60.1,2.1,MANUAL,DIESEL
7921,13,E Class,2015,11490,86000,145,54.3,2.1,AUTOMATIC,DIESEL
7922,13,E Class,2015,11495,131180,125,60.1,2.1,AUTOMATIC,DIESEL
7923,13,E Class,2015,11698,67066,30,64.2,2.1,SEMI-AUTO,DIESEL
7924,13,E Class,2015,11990,87000,125,57.7,2.1,AUTOMATIC,DIESEL
7925,13,E Class,2015,11995,75229,125,60.1,2.1,SEMI-AUTO,DIESEL
7926,13,E Class,2015,12295,81720,125,60.1,2.1,AUTOMATIC,DIESEL
7927,13,E Class,2015,12340,54040,125,60.1,2.1,SEMI-AUTO,DIESEL
7928,13,E Class,2015,12437,95008,125,56.5,2.1,AUTOMATIC,DIESEL
7929,13,E Class,2015,12500,44261,30,64.2,2.1,AUTOMATIC,DIESEL
7930,13,E Class,2015,12691,78000,125,61.4,2.1,SEMI-AUTO,DIESEL
7931,13,E Class,2015,12750,69664,30,64.2,2.1,AUTOMATIC,DIESEL
7932,13,E Class,2015,13000,50963,125,61.4,2.1,SEMI-AUTO,DIESEL
7933,13,E Class,2015,13000,56678,145,55.4,2.1,AUTOMATIC,DIESEL
7934,13,E Class,2015,13295,54473,30,64.2,2.1,AUTOMATIC,DIESEL
7935,13,E Class,2015,13499,71496,160,51.4,2.1,AUTOMATIC,DIESEL
7936,13,E Class,2015,13499,74808,125,60.1,2.1,AUTOMATIC,DIESEL
7937,13,E Class,2015,13527,51933,125,61.4,2.1,AUTOMATIC,DIESEL
7938,13,E Class,2015,13532,71235,145,53.3,3,AUTOMATIC,DIESEL
7939,13,E Class,2015,13547,40925,125,57.7,2.1,AUTOMATIC,DIESEL
7940,13,E Class,2015,13599,74293,125,61.4,2.1,AUTOMATIC,DIESEL
7941,13,E Class,2015,13750,41952,30,64.2,2.1,AUTOMATIC,DIESEL
7942,13,E Class,2015,13950,85000,125,61.4,2.1,AUTOMATIC,DIESEL
7943,13,E Class,2015,13990,34000,125,58.9,2.1,AUTOMATIC,DIESEL
7944,13,E Class,2015,13990,37000,125,57.7,2.1,AUTOMATIC,DIESEL
7945,13,E Class,2015,13990,46000,125,61.4,2.1,AUTOMATIC,DIESEL
7946,13,E Class,2015,13990,52000,125,60.1,2.1,AUTOMATIC,DIESEL
7947,13,E Class,2015,13995,67000,30,64.2,2.1,AUTOMATIC,DIESEL
7948,13,E Class,2015,13999,44387,150,55.4,2.1,AUTOMATIC,DIESEL
7949,13,E Class,2015,13999,46578,30,64.2,2.1,AUTOMATIC,DIESEL
7950,13,E Class,2015,13999,53652,125,61.4,2.1,AUTOMATIC,DIESEL
7951,13,E Class,2015,14150,44000,125,57.7,2.1,SEMI-AUTO,DIESEL
7952,13,E Class,2015,14250,56101,125,58.9,2.1,AUTOMATIC,DIESEL
7953,13,E Class,2015,14290,48285,125,58.9,2.1,AUTOMATIC,DIESEL
7954,13,E Class,2015,14399,41650,30,64.2,2.1,SEMI-AUTO,DIESEL
7955,13,E Class,2015,14400,56401,125,56.5,2.1,AUTOMATIC,DIESEL
7956,13,E Class,2015,14490,39000,125,61.4,2.1,AUTOMATIC,DIESEL
7957,13,E Class,2015,14490,63000,125,56.5,2.1,AUTOMATIC,DIESEL
7958,13,E Class,2015,14491,70980,125,56.5,2.1,AUTOMATIC,DIESEL
7959,13,E Class,2015,14611,56474,125,60.1,2.1,SEMI-AUTO,DIESEL
7960,13,E Class,2015,14699,41244,125,58.9,2.1,AUTOMATIC,DIESEL
7961,13,E Class,2015,14700,55283,125,56.5,2.1,AUTOMATIC,DIESEL
7962,13,E Class,2015,14790,25100,125,57.7,2.1,SEMI-AUTO,DIESEL
7963,13,E Class,2015,14850,34000,145,54.3,2.1,AUTOMATIC,DIESEL
7964,13,E Class,2015,14980,48769,125,56.5,2.1,AUTOMATIC,DIESEL
7965,13,E Class,2015,14980,59101,160,51.4,2.1,SEMI-AUTO,DIESEL
7966,13,E Class,2015,14990,33000,125,61.4,2.1,AUTOMATIC,DIESEL
7967,13,E Class,2015,14990,36000,125,61.4,2.1,AUTOMATIC,DIESEL
7968,13,E Class,2015,14990,43000,125,57.7,2.1,AUTOMATIC,DIESEL
7969,13,E Class,2015,14995,27986,125,57.7,2.2,AUTOMATIC,DIESEL
7970,13,E Class,2015,14995,36166,30,64.2,2.1,SEMI-AUTO,DIESEL
7971,13,E Class,2015,14995,39290,125,58.9,2.1,SEMI-AUTO,DIESEL
7972,13,E Class,2015,14995,48641,125,61.4,2.1,AUTOMATIC,DIESEL
7973,13,E Class,2015,14998,27512,125,57.7,2.1,SEMI-AUTO,DIESEL
7974,13,E Class,2015,14998,45033,125,56.5,2.1,SEMI-AUTO,DIESEL
7975,13,E Class,2015,14999,33588,125,58.9,2.1,AUTOMATIC,DIESEL
7976,13,E Class,2015,15000,36013,125,61.4,2.1,AUTOMATIC,DIESEL
7977,13,E Class,2015,15000,76667,145,54.3,3,AUTOMATIC,DIESEL
7978,13,E Class,2015,15181,38059,125,61.4,2.1,SEMI-AUTO,DIESEL
7979,13,E Class,2015,15275,35987,125,61.4,2.1,AUTOMATIC,DIESEL
7980,13,E Class,2015,15300,50126,145,53.3,3,AUTOMATIC,DIESEL
7981,13,E Class,2015,15360,58248,125,56.5,2.1,SEMI-AUTO,DIESEL
7982,13,E Class,2015,15395,50900,125,56.5,2.1,SEMI-AUTO,DIESEL
7983,13,E Class,2015,15462,48128,145,55.4,2.1,SEMI-AUTO,DIESEL
7984,13,E Class,2015,15490,28002,125,61.4,2.1,SEMI-AUTO,DIESEL
7985,13,E Class,2015,15490,54089,125,56.5,2.1,SEMI-AUTO,DIESEL
7986,13,E Class,2015,15499,74500,145,54.3,3,SEMI-AUTO,DIESEL
7987,13,E Class,2015,15540,29963,145,53.3,3,AUTOMATIC,DIESEL
7988,13,E Class,2015,15637,45943,160,51.4,2.1,AUTOMATIC,DIESEL
7989,13,E Class,2015,15691,29701,125,57.7,2.1,AUTOMATIC,DIESEL
7990,13,E Class,2015,15700,34075,125,58.9,2.1,AUTOMATIC,DIESEL
7991,13,E Class,2015,15880,34821,125,61.4,2.1,AUTOMATIC,DIESEL
7992,13,E Class,2015,15950,44000,125,57.7,2.2,AUTOMATIC,DIESEL
7993,13,E Class,2015,15990,53000,145,54.3,3,AUTOMATIC,DIESEL
7994,13,E Class,2015,15991,36705,150,54.3,3,AUTOMATIC,DIESEL
7995,13,E Class,2015,15995,38000,125,60.1,2.1,SEMI-AUTO,DIESEL
7996,13,E Class,2015,15998,21284,125,61.4,2.1,SEMI-AUTO,DIESEL
7997,13,E Class,2015,15998,50087,145,53.3,3,AUTOMATIC,DIESEL
7998,13,E Class,2015,15999,25787,125,60.1,2.1,SEMI-AUTO,DIESEL
7999,13,E Class,2015,15999,30000,145,55.4,2.1,SEMI-AUTO,DIESEL
8000,13,E Class,2015,15999,30000,150,55.4,2.1,SEMI-AUTO,DIESEL
8001,13,E Class,2015,15999,36634,125,56.5,2.1,AUTOMATIC,DIESEL
8002,13,E Class,2015,15999,44704,150,56.5,2.1,SEMI-AUTO,DIESEL
8003,13,E Class,2015,16295,34000,145,54.3,3,AUTOMATIC,DIESEL
8004,13,E Class,2015,16298,38829,160,53.3,3,AUTOMATIC,DIESEL
8005,13,E Class,2015,16322,21097,125,58.9,2.1,SEMI-AUTO,DIESEL
8006,13,E Class,2015,16350,24041,145,56.5,2.1,AUTOMATIC,DIESEL
8007,13,E Class,2015,16480,42967,125,58.9,2.1,AUTOMATIC,DIESEL
8008,13,E Class,2015,16490,31000,125,57.7,2.1,AUTOMATIC,DIESEL
8009,13,E Class,2015,16495,36400,125,56.5,2.1,AUTOMATIC,DIESEL
8010,13,E Class,2015,16499,40085,160,51.4,2.1,SEMI-AUTO,DIESEL
8011,13,E Class,2015,16500,38411,125,56.5,2.1,AUTOMATIC,DIESEL
8012,13,E Class,2015,16502,41641,145,55.4,2.1,SEMI-AUTO,DIESEL
8013,13,E Class,2015,16691,48584,125,61.4,2.1,SEMI-AUTO,DIESEL
8014,13,E Class,2015,16786,45847,145,54.3,3,AUTOMATIC,DIESEL
8015,13,E Class,2015,16950,45000,145,54.3,3,AUTOMATIC,DIESEL
8016,13,E Class,2015,16999,16688,125,61.4,2.1,SEMI-AUTO,DIESEL
8017,13,E Class,2015,17165,36959,150,53.3,3,AUTOMATIC,DIESEL
8018,13,E Class,2015,17248,39692,145,53.3,3,AUTOMATIC,DIESEL
8019,13,E Class,2015,17280,44866,145,54.3,3,SEMI-AUTO,DIESEL
8020,13,E Class,2015,17480,22000,140,53.3,3,AUTOMATIC,DIESEL
8021,13,E Class,2015,17480,26310,125,56.5,2.1,SEMI-AUTO,DIESEL
8022,13,E Class,2015,17480,32093,145,54.3,3,SEMI-AUTO,DIESEL
8023,13,E Class,2015,17490,19556,125,61.4,2.1,SEMI-AUTO,DIESEL
8024,13,E Class,2015,17495,29500,145,54.3,3,AUTOMATIC,DIESEL
8025,13,E Class,2015,17495,32000,145,55.4,2.1,AUTOMATIC,DIESEL
8026,13,E Class,2015,17495,44000,145,53.3,3,AUTOMATIC,DIESEL
8027,13,E Class,2015,17672,31888,145,55.4,2.1,SEMI-AUTO,DIESEL
8028,13,E Class,2015,17698,27622,145,54.3,3,SEMI-AUTO,DIESEL
8029,13,E Class,2015,17802,32533,125,56.5,2.1,AUTOMATIC,DIESEL
8030,13,E Class,2015,17950,54000,160,51.4,3,AUTOMATIC,DIESEL
8031,13,E Class,2015,17980,25615,125,61.4,2.1,SEMI-AUTO,DIESEL
8032,13,E Class,2015,17995,59813,145,54.3,3,AUTOMATIC,DIESEL
8033,13,E Class,2015,17998,34464,145,53.3,3,SEMI-AUTO,DIESEL
8034,13,E Class,2015,17998,42577,145,54.3,3,SEMI-AUTO,DIESEL
8035,13,E Class,2015,18049,30410,150,54.3,3,AUTOMATIC,DIESEL
8036,13,E Class,2015,18135,18849,150,54.3,3,AUTOMATIC,DIESEL
8037,13,E Class,2015,18399,32397,125,56.5,2.1,SEMI-AUTO,DIESEL
8038,13,E Class,2015,18464,26275,160,46.3,2,AUTOMATIC,PETROL
8039,13,E Class,2015,18495,29940,160,50.4,3,AUTOMATIC,DIESEL
8040,13,E Class,2015,18498,40348,145,54.3,3,SEMI-AUTO,DIESEL
8041,13,E Class,2015,18995,7315,160,50.4,3,AUTOMATIC,DIESEL
8042,13,E Class,2015,18995,7315,160,50.4,3,AUTOMATIC,DIESEL
8043,13,E Class,2015,18995,7315,160,50.4,3,AUTOMATIC,DIESEL
8044,13,E Class,2015,18998,39530,145,54.3,3,SEMI-AUTO,DIESEL
8045,13,E Class,2015,19132,45669,160,51.4,3,SEMI-AUTO,DIESEL
8046,13,E Class,2015,19248,45607,160,51.4,3,AUTOMATIC,DIESEL
8047,13,E Class,2015,19298,42040,160,51.4,3,SEMI-AUTO,DIESEL
8048,13,E Class,2015,19400,34000,160,51.4,3,AUTOMATIC,DIESEL
8049,13,E Class,2015,19495,24000,160,46.3,2,AUTOMATIC,PETROL
8050,13,E Class,2015,19498,17167,145,54.3,3,SEMI-AUTO,DIESEL
8051,13,E Class,2015,19498,22877,150,54.3,3,SEMI-AUTO,DIESEL
8052,13,E Class,2015,19498,26999,160,51.4,3,SEMI-AUTO,DIESEL
8053,13,E Class,2015,19698,23578,150,54.3,3,SEMI-AUTO,DIESEL
8054,13,E Class,2015,19699,35995,235,37.7,3.5,AUTOMATIC,PETROL
8055,13,E Class,2015,19700,33659,240,39.2,3.5,SEMI-AUTO,PETROL
8056,13,E Class,2015,20258,31968,165,51.4,3,AUTOMATIC,DIESEL
8057,13,E Class,2015,20298,28056,160,51.4,3,SEMI-AUTO,DIESEL
8058,13,E Class,2015,20374,30288,165,51.4,3,AUTOMATIC,DIESEL
8059,13,E Class,2015,20480,41964,160,51.4,3,AUTOMATIC,DIESEL
8060,13,E Class,2015,20498,27688,160,51.4,3,SEMI-AUTO,DIESEL
8061,13,E Class,2015,20769,21874,165,51.4,3,AUTOMATIC,DIESEL
8062,13,E Class,2015,21298,15048,160,51.4,3,SEMI-AUTO,DIESEL
8063,13,E Class,2015,21900,83079,555,28.8,5.5,AUTOMATIC,PETROL
8064,13,E Class,2015,23000,21780,240,37.7,3.5,SEMI-AUTO,PETROL
8065,13,E Class,2015,25499,42422,555,28.8,5.5,AUTOMATIC,PETROL
8066,13,E Class,2015,27985,40988,565,29.1,5.5,AUTOMATIC,PETROL
8067,13,E Class,2016,12000,117660,125,61.4,2.1,AUTOMATIC,DIESEL
8068,13,E Class,2016,12795,99100,125,60.1,2.1,AUTOMATIC,DIESEL
8069,13,E Class,2016,12990,95000,125,56.5,2.1,AUTOMATIC,DIESEL
8070,13,E Class,2016,13488,85121,125,61.4,2.1,AUTOMATIC,DIESEL
8071,13,E Class,2016,14000,67640,125,58.9,2.1,AUTOMATIC,DIESEL
8072,13,E Class,2016,14120,48853,30,64.2,2.1,SEMI-AUTO,DIESEL
8073,13,E Class,2016,14200,58221,125,58.9,2.1,AUTOMATIC,DIESEL
8074,13,E Class,2016,14670,62119,125,60.1,2.1,AUTOMATIC,DIESEL
8075,13,E Class,2016,14891,60787,125,60.1,2.1,SEMI-AUTO,DIESEL
8076,13,E Class,2016,14989,86627,20,72.4,2,AUTOMATIC,DIESEL
8077,13,E Class,2016,14990,59000,125,61.4,2.1,AUTOMATIC,DIESEL
8078,13,E Class,2016,14999,67162,125,61.4,2.1,AUTOMATIC,DIESEL
8079,13,E Class,2016,15000,48317,125,56.5,2.1,AUTOMATIC,DIESEL
8080,13,E Class,2016,15100,58287,125,61.4,2.1,AUTOMATIC,DIESEL
8081,13,E Class,2016,15200,52938,125,58.9,2.1,AUTOMATIC,DIESEL
8082,13,E Class,2016,15310,41759,125,58.9,2.1,AUTOMATIC,DIESEL
8083,13,E Class,2016,15490,31000,125,61.4,2.1,AUTOMATIC,DIESEL
8084,13,E Class,2016,15499,48031,125,56.5,2.1,AUTOMATIC,DIESEL
8085,13,E Class,2016,15599,36210,125,58.9,2.1,AUTOMATIC,DIESEL
8086,13,E Class,2016,15635,30132,30,64.2,2.1,SEMI-AUTO,DIESEL
8087,13,E Class,2016,15699,80652,20,67.3,2,AUTOMATIC,DIESEL
8088,13,E Class,2016,15790,43280,125,56.5,2.1,SEMI-AUTO,DIESEL
8089,13,E Class,2016,15858,64126,20,72.4,2,AUTOMATIC,DIESEL
8090,13,E Class,2016,15990,72000,30,65.7,2,AUTOMATIC,DIESEL
8091,13,E Class,2016,15995,60931,125,58.9,2.1,SEMI-AUTO,DIESEL
8092,13,E Class,2016,15995,60931,125,58.9,2.1,SEMI-AUTO,DIESEL
8093,13,E Class,2016,15999,37371,125,61.4,2.1,AUTOMATIC,DIESEL
8094,13,E Class,2016,16000,28569,125,58.9,2.1,AUTOMATIC,DIESEL
8095,13,E Class,2016,16072,61202,145,56.5,2.1,SEMI-AUTO,DIESEL
8096,13,E Class,2016,16200,47380,125,58.9,2.1,AUTOMATIC,DIESEL
8097,13,E Class,2016,16295,48807,125,56.5,2.1,SEMI-AUTO,DIESEL
8098,13,E Class,2016,16306,25922,125,58.9,2.1,AUTOMATIC,DIESEL
8099,13,E Class,2016,16328,49066,125,58.9,2.1,SEMI-AUTO,DIESEL
8100,13,E Class,2016,16469,47288,125,60.1,2.1,AUTOMATIC,DIESEL
8101,13,E Class,2016,16480,21441,125,61.4,2.1,SEMI-AUTO,DIESEL
8102,13,E Class,2016,16480,48889,125,58.9,2.1,AUTOMATIC,DIESEL
8103,13,E Class,2016,16490,29000,125,58.9,2.1,AUTOMATIC,DIESEL
8104,13,E Class,2016,16498,37098,125,56.5,2.1,SEMI-AUTO,DIESEL
8105,13,E Class,2016,16499,40930,150,54.3,3,SEMI-AUTO,DIESEL
8106,13,E Class,2016,16500,38951,125,61.4,2.1,AUTOMATIC,DIESEL
8107,13,E Class,2016,16556,49798,20,72.4,2,AUTOMATIC,DIESEL
8108,13,E Class,2016,16686,35311,160,46.3,2,AUTOMATIC,PETROL
8109,13,E Class,2016,16820,39096,125,58.9,2.1,SEMI-AUTO,DIESEL
8110,13,E Class,2016,16890,48534,20,72.4,2,SEMI-AUTO,DIESEL
8111,13,E Class,2016,16900,28575,125,58.9,2.1,AUTOMATIC,DIESEL
8112,13,E Class,2016,16900,46915,20,72.4,2,AUTOMATIC,DIESEL
8113,13,E Class,2016,16950,33473,20,72.4,2,AUTOMATIC,DIESEL
8114,13,E Class,2016,16982,43446,20,72.4,2,SEMI-AUTO,DIESEL
8115,13,E Class,2016,16990,25711,125,58.9,2.1,SEMI-AUTO,DIESEL
8116,13,E Class,2016,16990,67000,30,65.7,2,AUTOMATIC,DIESEL
8117,13,E Class,2016,16999,58280,20,72.4,2,AUTOMATIC,DIESEL
8118,13,E Class,2016,17000,27361,125,56.5,2.1,SEMI-AUTO,DIESEL
8119,13,E Class,2016,17240,30277,20,72.4,2,SEMI-AUTO,DIESEL
8120,13,E Class,2016,17250,40830,125,61.4,2.1,AUTOMATIC,DIESEL
8121,13,E Class,2016,17299,39765,125,56.5,2.1,SEMI-AUTO,DIESEL
8122,13,E Class,2016,17399,35805,20,72.4,2,AUTOMATIC,DIESEL
8123,13,E Class,2016,17450,48643,125,58.9,2.1,SEMI-AUTO,DIESEL
8124,13,E Class,2016,17475,42795,20,72.4,2,AUTOMATIC,DIESEL
8125,13,E Class,2016,17480,42112,125,58.9,2.1,SEMI-AUTO,DIESEL
8126,13,E Class,2016,17490,54280,20,72.4,2,SEMI-AUTO,DIESEL
8127,13,E Class,2016,17495,40000,145,54.3,3,AUTOMATIC,DIESEL
8128,13,E Class,2016,17498,54502,20,72.4,2,SEMI-AUTO,DIESEL
8129,13,E Class,2016,17499,26561,125,58.9,2.1,AUTOMATIC,DIESEL
8130,13,E Class,2016,17500,35581,125,58.9,2.1,AUTOMATIC,DIESEL
8131,13,E Class,2016,17650,51492,20,72.4,2,SEMI-AUTO,DIESEL
8132,13,E Class,2016,17680,46512,145,56.5,2.1,SEMI-AUTO,DIESEL
8133,13,E Class,2016,17691,18895,20,72.4,2,AUTOMATIC,DIESEL
8134,13,E Class,2016,17780,31726,160,46.3,2,AUTOMATIC,PETROL
8135,13,E Class,2016,17791,35279,125,58.9,2.1,SEMI-AUTO,DIESEL
8136,13,E Class,2016,17799,26234,20,72.4,2,AUTOMATIC,DIESEL
8137,13,E Class,2016,17820,24514,30,65.7,2,AUTOMATIC,DIESEL
8138,13,E Class,2016,17900,35101,125,58.9,2.1,AUTOMATIC,DIESEL
8139,13,E Class,2016,17900,53275,30,65.7,2,AUTOMATIC,DIESEL
8140,13,E Class,2016,17940,35012,30,65.7,2,SEMI-AUTO,DIESEL
8141,13,E Class,2016,17950,30264,20,72.4,2,AUTOMATIC,DIESEL
8142,13,E Class,2016,17980,49096,145,54.3,3,SEMI-AUTO,DIESEL
8143,13,E Class,2016,17990,16503,20,72.4,2,SEMI-AUTO,DIESEL
8144,13,E Class,2016,17990,28123,30,65.7,2,SEMI-AUTO,DIESEL
8145,13,E Class,2016,17990,34356,20,72.4,2,SEMI-AUTO,DIESEL
8146,13,E Class,2016,17990,37778,125,56.5,2.1,AUTOMATIC,DIESEL
8147,13,E Class,2016,17990,39000,30,65.7,2,AUTOMATIC,DIESEL
8148,13,E Class,2016,17990,39000,30,65.7,2,AUTOMATIC,DIESEL
8149,13,E Class,2016,17995,30417,145,56.5,2.1,SEMI-AUTO,DIESEL
8150,13,E Class,2016,17995,34000,20,72.4,2,AUTOMATIC,DIESEL
8151,13,E Class,2016,17995,39980,30,65.7,2,AUTOMATIC,DIESEL
8152,13,E Class,2016,17998,57036,30,65.7,2,SEMI-AUTO,DIESEL
8153,13,E Class,2016,17999,42217,20,72.4,2,SEMI-AUTO,DIESEL
8154,13,E Class,2016,17999,42255,20,72.4,2,SEMI-AUTO,DIESEL
8155,13,E Class,2016,18037,25593,125,58.9,2.1,SEMI-AUTO,DIESEL
8156,13,E Class,2016,18116,27784,125,58.9,2.1,AUTOMATIC,DIESEL
8157,13,E Class,2016,18199,26905,30,65.7,2,SEMI-AUTO,DIESEL
8158,13,E Class,2016,18199,29700,20,72.4,2,SEMI-AUTO,DIESEL
8159,13,E Class,2016,18260,37199,30,65.7,2,AUTOMATIC,DIESEL
8160,13,E Class,2016,18280,40184,30,65.7,2,SEMI-AUTO,DIESEL
8161,13,E Class,2016,18280,40184,30,65.7,2,SEMI-AUTO,DIESEL
8162,13,E Class,2016,18280,40184,30,65.7,2,SEMI-AUTO,DIESEL
8163,13,E Class,2016,18295,20582,125,58.9,2.1,SEMI-AUTO,DIESEL
8164,13,E Class,2016,18299,31599,125,56.5,2.1,SEMI-AUTO,DIESEL
8165,13,E Class,2016,18300,36188,30,65.7,2,AUTOMATIC,DIESEL
8166,13,E Class,2016,18304,45905,30,61.4,2,SEMI-AUTO,DIESEL
8167,13,E Class,2016,18314,33367,150,54.3,3,AUTOMATIC,DIESEL
8168,13,E Class,2016,18329,39031,30,65.7,2,AUTOMATIC,DIESEL
8169,13,E Class,2016,18342,27141,20,72.4,2,SEMI-AUTO,DIESEL
8170,13,E Class,2016,18391,38198,20,72.4,2,AUTOMATIC,DIESEL
8171,13,E Class,2016,18480,19639,125,58.9,2.1,AUTOMATIC,DIESEL
8172,13,E Class,2016,18481,42752,20,72.4,2,SEMI-AUTO,DIESEL
8173,13,E Class,2016,18498,39947,145,56.5,2.1,AUTOMATIC,DIESEL
8174,13,E Class,2016,18500,20698,20,72.4,2,AUTOMATIC,DIESEL
8175,13,E Class,2016,18500,23129,150,56.5,2.1,SEMI-AUTO,DIESEL
8176,13,E Class,2016,18500,49000,20,72.4,2,AUTOMATIC,DIESEL
8177,13,E Class,2016,18500,50000,20,72.4,2,AUTOMATIC,DIESEL
8178,13,E Class,2016,18550,41458,30,65.7,2,AUTOMATIC,DIESEL
8179,13,E Class,2016,18649,12523,145,56.5,2.1,SEMI-AUTO,DIESEL
8180,13,E Class,2016,18691,30168,20,72.4,2,AUTOMATIC,DIESEL
8181,13,E Class,2016,18695,18335,150,56.5,2.1,AUTOMATIC,DIESEL
8182,13,E Class,2016,18698,31131,145,54.3,3,SEMI-AUTO,DIESEL
8183,13,E Class,2016,18740,12600,160,52.3,3,AUTOMATIC,DIESEL
8184,13,E Class,2016,18750,33500,20,67.3,2,AUTOMATIC,DIESEL
8185,13,E Class,2016,18750,53000,20,67.3,2,AUTOMATIC,DIESEL
8186,13,E Class,2016,18795,36998,160,51.4,3,AUTOMATIC,DIESEL
8187,13,E Class,2016,18795,48207,30,65.7,2,SEMI-AUTO,DIESEL
8188,13,E Class,2016,18799,44739,30,65.7,2,AUTOMATIC,DIESEL
8189,13,E Class,2016,18800,31257,30,65.7,2,AUTOMATIC,DIESEL
8190,13,E Class,2016,18850,24053,125,56.5,2.1,SEMI-AUTO,DIESEL
8191,13,E Class,2016,18872,15758,125,58.9,2.1,SEMI-AUTO,DIESEL
8192,13,E Class,2016,18880,45143,30,65.7,2,SEMI-AUTO,DIESEL
8193,13,E Class,2016,18900,48139,30,65.7,2,AUTOMATIC,DIESEL
8194,13,E Class,2016,18900,61709,160,51.4,3,AUTOMATIC,DIESEL
8195,13,E Class,2016,18902,44987,20,67.3,2,SEMI-AUTO,DIESEL
8196,13,E Class,2016,18949,15238,125,58.9,2.1,AUTOMATIC,DIESEL
8197,13,E Class,2016,18980,33079,20,72.4,2,SEMI-AUTO,DIESEL
8198,13,E Class,2016,18990,25000,30,65.7,2,AUTOMATIC,DIESEL
8199,13,E Class,2016,18990,33499,30,65.7,2,SEMI-AUTO,DIESEL
8200,13,E Class,2016,18990,33599,160,52.3,3,AUTOMATIC,DIESEL
8201,13,E Class,2016,18991,27834,30,65.7,2,SEMI-AUTO,DIESEL
8202,13,E Class,2016,18995,11000,125,58.9,2.1,AUTOMATIC,DIESEL
8203,13,E Class,2016,18995,18723,125,60.1,2.1,SEMI-AUTO,DIESEL
8204,13,E Class,2016,18995,23772,125,58.9,2.1,AUTOMATIC,DIESEL
8205,13,E Class,2016,18998,23951,125,58.9,2.1,SEMI-AUTO,DIESEL
8206,13,E Class,2016,18998,29466,145,54.3,3,SEMI-AUTO,DIESEL
8207,13,E Class,2016,18998,32107,160,52.3,3,SEMI-AUTO,DIESEL
8208,13,E Class,2016,18999,15396,20,72.4,2,AUTOMATIC,DIESEL
8209,13,E Class,2016,19004,24186,150,54.3,3,AUTOMATIC,DIESEL
8210,13,E Class,2016,19200,27064,145,54.3,3,AUTOMATIC,DIESEL
8211,13,E Class,2016,19232,56056,145,65.7,2,SEMI-AUTO,DIESEL
8212,13,E Class,2016,19248,42868,145,53.3,3,AUTOMATIC,DIESEL
8213,13,E Class,2016,19250,27083,30,65.7,2,AUTOMATIC,DIESEL
8214,13,E Class,2016,19250,54126,160,50.4,3,SEMI-AUTO,DIESEL
8215,13,E Class,2016,19290,31514,165,51.4,3,AUTOMATIC,DIESEL
8216,13,E Class,2016,19298,26780,160,52.3,3,SEMI-AUTO,DIESEL
8217,13,E Class,2016,19299,24267,145,54.3,3,AUTOMATIC,DIESEL
8218,13,E Class,2016,19349,13177,20,72.4,2,SEMI-AUTO,DIESEL
8219,13,E Class,2016,19370,12824,20,72.4,2,SEMI-AUTO,DIESEL
8220,13,E Class,2016,19392,31019,160,43.5,2,SEMI-AUTO,PETROL
8221,13,E Class,2016,19399,55407,30,65.7,2,SEMI-AUTO,DIESEL
8222,13,E Class,2016,19402,18217,160,45.6,2,SEMI-AUTO,PETROL
8223,13,E Class,2016,19431,36790,145,54.3,3,SEMI-AUTO,DIESEL
8224,13,E Class,2016,19480,19448,125,58.9,2.1,SEMI-AUTO,DIESEL
8225,13,E Class,2016,19480,35744,160,50.4,3,SEMI-AUTO,DIESEL
8226,13,E Class,2016,19481,57645,165,51.4,3,SEMI-AUTO,DIESEL
8227,13,E Class,2016,19489,26550,125,56.5,2.1,SEMI-AUTO,DIESEL
8228,13,E Class,2016,19495,26953,20,72.4,2,SEMI-AUTO,DIESEL
8229,13,E Class,2016,19498,23791,125,56.5,2.1,SEMI-AUTO,DIESEL
8230,13,E Class,2016,19498,33249,145,54.3,3,SEMI-AUTO,DIESEL
8231,13,E Class,2016,19498,36107,160,51.4,3,SEMI-AUTO,DIESEL
8232,13,E Class,2016,19498,38238,165,52.3,3,SEMI-AUTO,DIESEL
8233,13,E Class,2016,19499,14596,20,72.4,2,AUTOMATIC,DIESEL
8234,13,E Class,2016,19499,28530,30,65.7,2,SEMI-AUTO,DIESEL
8235,13,E Class,2016,19501,25783,20,67.3,2,SEMI-AUTO,DIESEL
8236,13,E Class,2016,19502,21733,20,72.4,2,SEMI-AUTO,DIESEL
8237,13,E Class,2016,19552,14815,125,61.4,2.1,SEMI-AUTO,DIESEL
8238,13,E Class,2016,19599,27032,30,65.7,2,AUTOMATIC,DIESEL
8239,13,E Class,2016,19599,29570,30,65.7,2,AUTOMATIC,DIESEL
8240,13,E Class,2016,19612,19119,20,72.4,2,SEMI-AUTO,DIESEL
8241,13,E Class,2016,19698,42334,30,65.7,2,SEMI-AUTO,DIESEL
8242,13,E Class,2016,19699,30148,30,61.4,2,SEMI-AUTO,DIESEL
8243,13,E Class,2016,19700,24874,30,65.7,2,SEMI-AUTO,DIESEL
8244,13,E Class,2016,19701,14123,30,65.7,2,SEMI-AUTO,DIESEL
8245,13,E Class,2016,19740,21430,160,52.3,3,AUTOMATIC,DIESEL
8246,13,E Class,2016,19750,29000,30,65.7,2,SEMI-AUTO,DIESEL
8247,13,E Class,2016,19798,12863,160,52.3,3,SEMI-AUTO,DIESEL
8248,13,E Class,2016,19799,5548,125,58.9,2.1,SEMI-AUTO,DIESEL
8249,13,E Class,2016,19799,19198,20,72.4,2,SEMI-AUTO,DIESEL
8250,13,E Class,2016,19802,9582,160,46.3,2,SEMI-AUTO,PETROL
8251,13,E Class,2016,19811,21423,150,53.3,3,AUTOMATIC,DIESEL
8252,13,E Class,2016,19845,32741,30,65.7,2,AUTOMATIC,DIESEL
8253,13,E Class,2016,19971,37843,145,54.3,3,AUTOMATIC,DIESEL
8254,13,E Class,2016,19980,16383,145,53.3,3,SEMI-AUTO,DIESEL
8255,13,E Class,2016,19990,23543,160,51.4,3,SEMI-AUTO,DIESEL
8256,13,E Class,2016,19990,43000,160,51.4,3,SEMI-AUTO,DIESEL
8257,13,E Class,2016,19990,47805,145,54.3,3,SEMI-AUTO,DIESEL
8258,13,E Class,2016,19995,13000,125,58.9,2.1,AUTOMATIC,DIESEL
8259,13,E Class,2016,19995,22000,20,72.4,2,SEMI-AUTO,DIESEL
8260,13,E Class,2016,19998,18718,145,54.3,3,SEMI-AUTO,DIESEL
8261,13,E Class,2016,19998,20215,20,72.4,2,SEMI-AUTO,DIESEL
8262,13,E Class,2016,19998,29511,30,65.7,2,SEMI-AUTO,DIESEL
8263,13,E Class,2016,19998,31736,30,65.7,2,SEMI-AUTO,DIESEL
8264,13,E Class,2016,19998,35665,145,54.3,3,SEMI-AUTO,DIESEL
8265,13,E Class,2016,19999,16137,30,65.7,2,AUTOMATIC,DIESEL
8266,13,E Class,2016,19999,27663,30,65.7,2,SEMI-AUTO,DIESEL
8267,13,E Class,2016,19999,27663,30,65.7,2,SEMI-AUTO,DIESEL
8268,13,E Class,2016,20042,25262,150,54.3,3,AUTOMATIC,DIESEL
8269,13,E Class,2016,20049,24242,20,72.4,2,SEMI-AUTO,DIESEL
8270,13,E Class,2016,20049,24242,20,72.4,2,SEMI-AUTO,DIESEL
8271,13,E Class,2016,20049,27868,145,54.3,3,SEMI-AUTO,DIESEL
8272,13,E Class,2016,20052,25072,20,67.3,2,AUTOMATIC,DIESEL
8273,13,E Class,2016,20106,17703,150,53.3,3,AUTOMATIC,DIESEL
8274,13,E Class,2016,20184,16725,150,53.3,3,AUTOMATIC,DIESEL
8275,13,E Class,2016,20264,26644,165,50.4,3,AUTOMATIC,DIESEL
8276,13,E Class,2016,20298,23411,160,52.3,3,SEMI-AUTO,DIESEL
8277,13,E Class,2016,20298,25273,145,54.3,3,SEMI-AUTO,DIESEL
8278,13,E Class,2016,20298,26707,145,54.3,3,SEMI-AUTO,DIESEL
8279,13,E Class,2016,20349,14391,30,65.7,2,SEMI-AUTO,DIESEL
8280,13,E Class,2016,20349,14391,30,65.7,2,SEMI-AUTO,DIESEL
8281,13,E Class,2016,20380,27836,20,67.3,2,SEMI-AUTO,DIESEL
8282,13,E Class,2016,20480,25837,145,53.3,3,SEMI-AUTO,DIESEL
8283,13,E Class,2016,20480,29131,160,50.4,3,SEMI-AUTO,DIESEL
8284,13,E Class,2016,20498,25891,150,54.3,3,SEMI-AUTO,DIESEL
8285,13,E Class,2016,20498,37915,160,51.4,3,SEMI-AUTO,DIESEL
8286,13,E Class,2016,20680,25962,160,52.3,3,SEMI-AUTO,DIESEL
8287,13,E Class,2016,20698,22284,145,54.3,3,SEMI-AUTO,DIESEL
8288,13,E Class,2016,20782,18216,160,52.3,3,SEMI-AUTO,DIESEL
8289,13,E Class,2016,20800,24279,30,65.7,2,AUTOMATIC,DIESEL
8290,13,E Class,2016,20800,40000,30,65.7,2,AUTOMATIC,DIESEL
8291,13,E Class,2016,20950,49000,30,65.7,2,AUTOMATIC,DIESEL
8292,13,E Class,2016,20995,19027,30,65.7,2,AUTOMATIC,DIESEL
8293,13,E Class,2016,20998,16843,145,54.3,3,SEMI-AUTO,DIESEL
8294,13,E Class,2016,20998,37181,160,51.4,3,SEMI-AUTO,DIESEL
8295,13,E Class,2016,21064,24927,165,51.4,3,AUTOMATIC,DIESEL
8296,13,E Class,2016,21299,12021,30,65.7,2,SEMI-AUTO,DIESEL
8297,13,E Class,2016,21317,21316,165,50.4,3,AUTOMATIC,DIESEL
8298,13,E Class,2016,21498,17078,165,50.4,3,SEMI-AUTO,DIESEL
8299,13,E Class,2016,21498,29833,160,51.4,3,SEMI-AUTO,DIESEL
8300,13,E Class,2016,21594,26315,165,51.4,3,AUTOMATIC,DIESEL
8301,13,E Class,2016,21672,20568,165,50.4,3,AUTOMATIC,DIESEL
8302,13,E Class,2016,21749,27178,160,51.4,3,SEMI-AUTO,DIESEL
8303,13,E Class,2016,21749,30209,30,65.7,2,SEMI-AUTO,DIESEL
8304,13,E Class,2016,21980,49477,145,54.3,3,SEMI-AUTO,DIESEL
8305,13,E Class,2016,21990,32266,160,51.4,3,AUTOMATIC,DIESEL
8306,13,E Class,2016,21995,15000,135,56.5,2.1,AUTOMATIC,DIESEL
8307,13,E Class,2016,21995,40100,165,43.5,2,SEMI-AUTO,PETROL
8308,13,E Class,2016,21999,41090,235,37.7,3.5,SEMI-AUTO,PETROL
8309,13,E Class,2016,22372,40950,30,61.4,2,SEMI-AUTO,DIESEL
8310,13,E Class,2016,22399,33087,30,65.7,2,SEMI-AUTO,DIESEL
8311,13,E Class,2016,22480,33662,30,65.7,2,SEMI-AUTO,DIESEL
8312,13,E Class,2016,22495,22436,30,61.4,2,SEMI-AUTO,DIESEL
8313,13,E Class,2016,22615,13118,165,50.4,3,AUTOMATIC,DIESEL
8314,13,E Class,2016,22624,19176,30,65.7,2,SEMI-AUTO,DIESEL
8315,13,E Class,2016,22636,12902,165,50.4,3,AUTOMATIC,DIESEL
8316,13,E Class,2016,22799,21330,30,65.7,2,SEMI-AUTO,DIESEL
8317,13,E Class,2016,22990,32000,30,61.4,2,SEMI-AUTO,DIESEL
8318,13,E Class,2016,22990,49521,160,51.4,3,AUTOMATIC,DIESEL
8319,13,E Class,2016,22999,16257,20,72.4,2,SEMI-AUTO,DIESEL
8320,13,E Class,2016,23495,19433,30,65.7,2,SEMI-AUTO,DIESEL
8321,13,E Class,2016,24890,36178,160,51.4,3,AUTOMATIC,DIESEL
8322,13,E Class,2016,24995,12710,145,54.3,3,SEMI-AUTO,DIESEL
8323,13,E Class,2016,25412,24346,160,51.4,3,SEMI-AUTO,DIESEL
8324,13,E Class,2016,25629,17943,165,51.4,3,AUTOMATIC,DIESEL
8325,13,E Class,2016,26000,19694,160,51.4,3,SEMI-AUTO,DIESEL
8326,13,E Class,2017,15491,128000,150,65.7,2,AUTOMATIC,DIESEL
8327,13,E Class,2017,15700,82342,30,61.4,2,AUTOMATIC,DIESEL
8328,13,E Class,2017,15800,72462,145,67.3,2,AUTOMATIC,DIESEL
8329,13,E Class,2017,16800,56338,145,61.4,2,AUTOMATIC,DIESEL
8330,13,E Class,2017,16800,58035,145,61.4,2,AUTOMATIC,DIESEL
8331,13,E Class,2017,16800,60223,20,72.4,2,AUTOMATIC,DIESEL
8332,13,E Class,2017,16950,92173,20,72.4,2,AUTOMATIC,DIESEL
8333,13,E Class,2017,16989,66069,20,72.4,2,AUTOMATIC,DIESEL
8334,13,E Class,2017,16995,37798,145,72.4,2,AUTOMATIC,DIESEL
8335,13,E Class,2017,16998,59946,20,72.4,2,AUTOMATIC,DIESEL
8336,13,E Class,2017,17250,31599,125,58.9,2.1,AUTOMATIC,DIESEL
8337,13,E Class,2017,17500,38473,20,72.4,2,AUTOMATIC,DIESEL
8338,13,E Class,2017,17500,43837,145,67.3,2,AUTOMATIC,DIESEL
8339,13,E Class,2017,17650,59397,20,72.4,2,SEMI-AUTO,DIESEL
8340,13,E Class,2017,17698,45093,20,72.4,2,AUTOMATIC,DIESEL
8341,13,E Class,2017,17700,34786,20,72.4,2,AUTOMATIC,DIESEL
8342,13,E Class,2017,17700,41926,145,72.4,2,AUTOMATIC,DIESEL
8343,13,E Class,2017,17800,40566,150,72.4,2,AUTOMATIC,DIESEL
8344,13,E Class,2017,17800,42081,145,72.4,2,AUTOMATIC,DIESEL
8345,13,E Class,2017,17800,42783,145,72.4,2,AUTOMATIC,DIESEL
8346,13,E Class,2017,17800,45729,150,72.4,2,AUTOMATIC,DIESEL
8347,13,E Class,2017,17989,58463,20,67.3,2,AUTOMATIC,DIESEL
8348,13,E Class,2017,17990,40789,145,72.4,2,SEMI-AUTO,DIESEL
8349,13,E Class,2017,17999,41105,145,72.4,2,AUTOMATIC,DIESEL
8350,13,E Class,2017,18000,32347,20,72.4,2,AUTOMATIC,DIESEL
8351,13,E Class,2017,18000,40953,30,65.7,2,AUTOMATIC,DIESEL
8352,13,E Class,2017,18037,61328,145,65.7,2,AUTOMATIC,DIESEL
8353,13,E Class,2017,18250,35090,150,72.4,2,AUTOMATIC,DIESEL
8354,13,E Class,2017,18298,53262,30,65.7,2,SEMI-AUTO,DIESEL
8355,13,E Class,2017,18300,38976,20,67.3,2,AUTOMATIC,DIESEL
8356,13,E Class,2017,18337,35600,145,72.4,2,AUTOMATIC,DIESEL
8357,13,E Class,2017,18400,45266,20,72.4,2,AUTOMATIC,DIESEL
8358,13,E Class,2017,18475,64327,150,65.7,2,AUTOMATIC,DIESEL
8359,13,E Class,2017,18480,44316,20,72.4,2,SEMI-AUTO,DIESEL
8360,13,E Class,2017,18490,23000,125,58.9,2.1,AUTOMATIC,DIESEL
8361,13,E Class,2017,18499,45463,20,67.3,2,SEMI-AUTO,DIESEL
8362,13,E Class,2017,18500,37596,145,65.7,2,AUTOMATIC,DIESEL
8363,13,E Class,2017,18500,48950,145,67.3,2,AUTOMATIC,DIESEL
8364,13,E Class,2017,18500,52329,145,67.3,2,AUTOMATIC,DIESEL
8365,13,E Class,2017,18600,37581,30,65.7,2,AUTOMATIC,DIESEL
8366,13,E Class,2017,18600,40337,145,72.4,2,AUTOMATIC,DIESEL
8367,13,E Class,2017,18660,30007,145,72.4,2,SEMI-AUTO,DIESEL
8368,13,E Class,2017,18699,40703,20,72.4,2,SEMI-AUTO,DIESEL
8369,13,E Class,2017,18700,28396,20,67.3,2,AUTOMATIC,DIESEL
8370,13,E Class,2017,18700,37554,145,72.4,2,AUTOMATIC,DIESEL
8371,13,E Class,2017,18791,52232,20,67.3,2,SEMI-AUTO,DIESEL
8372,13,E Class,2017,18795,40000,30,65.7,2,SEMI-AUTO,DIESEL
8373,13,E Class,2017,18798,42177,145,72.4,2,SEMI-AUTO,DIESEL
8374,13,E Class,2017,18799,43201,20,72.4,2,SEMI-AUTO,DIESEL
8375,13,E Class,2017,18836,26722,145,72.4,2,AUTOMATIC,DIESEL
8376,13,E Class,2017,18870,26057,145,72.4,2,SEMI-AUTO,DIESEL
8377,13,E Class,2017,18886,26636,145,72.4,2,AUTOMATIC,DIESEL
8378,13,E Class,2017,18900,45000,20,72.4,2,AUTOMATIC,DIESEL
8379,13,E Class,2017,18936,21195,20,72.4,2,AUTOMATIC,DIESEL
8380,13,E Class,2017,18966,29039,145,65.7,2,SEMI-AUTO,DIESEL
8381,13,E Class,2017,18990,23000,145,72.4,2,AUTOMATIC,DIESEL
8382,13,E Class,2017,18990,23800,20,72.4,2,AUTOMATIC,DIESEL
8383,13,E Class,2017,18990,25326,145,72.4,2,SEMI-AUTO,DIESEL
8384,13,E Class,2017,18990,31000,145,65.7,2,AUTOMATIC,DIESEL
8385,13,E Class,2017,18990,43500,145,61.4,2,SEMI-AUTO,DIESEL
8386,13,E Class,2017,18999,36738,145,65.7,2,AUTOMATIC,DIESEL
8387,13,E Class,2017,18999,50000,145,72.4,2,SEMI-AUTO,DIESEL
8388,13,E Class,2017,18999,77363,145,61.4,2,AUTOMATIC,DIESEL
8389,13,E Class,2017,19000,27400,30,65.7,2,AUTOMATIC,DIESEL
8390,13,E Class,2017,19000,28491,20,72.4,2,AUTOMATIC,DIESEL
8391,13,E Class,2017,19000,28950,150,67.3,2,AUTOMATIC,DIESEL
8392,13,E Class,2017,19000,32231,30,65.7,2,AUTOMATIC,DIESEL
8393,13,E Class,2017,19000,38255,150,65.7,2,AUTOMATIC,DIESEL
8394,13,E Class,2017,19000,42476,30,65.7,2,AUTOMATIC,DIESEL
8395,13,E Class,2017,19000,44784,20,67.3,2,AUTOMATIC,DIESEL
8396,13,E Class,2017,19070,39224,150,65.7,2,SEMI-AUTO,DIESEL
8397,13,E Class,2017,19150,32844,150,56.5,2.1,SEMI-AUTO,DIESEL
8398,13,E Class,2017,19199,33133,20,72.4,2,SEMI-AUTO,DIESEL
8399,13,E Class,2017,19199,49364,145,72.4,2,SEMI-AUTO,DIESEL
8400,13,E Class,2017,19200,21494,20,72.4,2,AUTOMATIC,DIESEL
8401,13,E Class,2017,19200,55910,145,67.3,2,AUTOMATIC,DIESEL
8402,13,E Class,2017,19212,42984,30,65.7,2,SEMI-AUTO,DIESEL
8403,13,E Class,2017,19250,33369,150,65.7,2,AUTOMATIC,DIESEL
8404,13,E Class,2017,19260,26233,20,72.4,2,AUTOMATIC,DIESEL
8405,13,E Class,2017,19290,25500,150,67.3,2,SEMI-AUTO,DIESEL
8406,13,E Class,2017,19299,39469,20,67.3,2,SEMI-AUTO,DIESEL
8407,13,E Class,2017,19395,22767,145,72.4,2,SEMI-AUTO,DIESEL
8408,13,E Class,2017,19400,30000,145,65.7,2,AUTOMATIC,DIESEL
8409,13,E Class,2017,19449,29935,20,72.4,2,SEMI-AUTO,DIESEL
8410,13,E Class,2017,19450,15834,20,72.4,2,SEMI-AUTO,DIESEL
8411,13,E Class,2017,19490,24046,30,65.7,2,SEMI-AUTO,DIESEL
8412,13,E Class,2017,19490,57000,145,65.7,2,AUTOMATIC,DIESEL
8413,13,E Class,2017,19495,17890,125,58.9,2.1,AUTOMATIC,DIESEL
8414,13,E Class,2017,19498,33037,150,72.4,2,SEMI-AUTO,DIESEL
8415,13,E Class,2017,19498,40470,20,72.4,2,AUTOMATIC,DIESEL
8416,13,E Class,2017,19498,47007,30,65.7,2,SEMI-AUTO,DIESEL
8417,13,E Class,2017,19498,49866,150,65.7,2,SEMI-AUTO,DIESEL
8418,13,E Class,2017,19498,54028,150,65.7,2,SEMI-AUTO,DIESEL
8419,13,E Class,2017,19499,28180,145,72.4,2,SEMI-AUTO,DIESEL
8420,13,E Class,2017,19499,28180,150,72.4,2,SEMI-AUTO,DIESEL
8421,13,E Class,2017,19500,23682,20,72.4,2,SEMI-AUTO,DIESEL
8422,13,E Class,2017,19500,26826,30,65.7,2,AUTOMATIC,DIESEL
8423,13,E Class,2017,19500,30918,30,65.7,2,AUTOMATIC,DIESEL
8424,13,E Class,2017,19500,33652,150,67.3,2,AUTOMATIC,DIESEL
8425,13,E Class,2017,19500,36347,145,65.7,2,AUTOMATIC,DIESEL
8426,13,E Class,2017,19500,37132,30,65.7,2,AUTOMATIC,DIESEL
8427,13,E Class,2017,19500,37509,30,61.4,2,SEMI-AUTO,DIESEL
8428,13,E Class,2017,19599,37722,145,65.7,2,AUTOMATIC,DIESEL
8429,13,E Class,2017,19696,26002,145,65.7,2,AUTOMATIC,DIESEL
8430,13,E Class,2017,19698,25152,145,72.4,2,SEMI-AUTO,DIESEL
8431,13,E Class,2017,19699,31817,30,65.7,2,SEMI-AUTO,DIESEL
8432,13,E Class,2017,19699,48420,145,65.7,2,SEMI-AUTO,DIESEL
8433,13,E Class,2017,19722,14222,145,72.4,2,AUTOMATIC,DIESEL
8434,13,E Class,2017,19751,36056,30,65.7,2,SEMI-AUTO,DIESEL
8435,13,E Class,2017,19760,23811,145,61.4,2,AUTOMATIC,DIESEL
8436,13,E Class,2017,19795,18057,145,67.3,2,SEMI-AUTO,DIESEL
8437,13,E Class,2017,19799,19097,20,72.4,2,SEMI-AUTO,DIESEL
8438,13,E Class,2017,19849,31508,145,72.4,2,SEMI-AUTO,DIESEL
8439,13,E Class,2017,19891,39851,145,61.4,2,SEMI-AUTO,DIESEL
8440,13,E Class,2017,19899,13959,20,72.4,2,SEMI-AUTO,DIESEL
8441,13,E Class,2017,19922,22198,20,72.4,2,SEMI-AUTO,DIESEL
8442,13,E Class,2017,19922,33019,30,65.7,2,SEMI-AUTO,DIESEL
8443,13,E Class,2017,19940,28471,20,67.3,2,SEMI-AUTO,DIESEL
8444,13,E Class,2017,19950,15474,145,72.4,2,AUTOMATIC,DIESEL
8445,13,E Class,2017,19970,10392,20,72.4,2,SEMI-AUTO,DIESEL
8446,13,E Class,2017,19980,19258,125,58.9,2.1,SEMI-AUTO,DIESEL
8447,13,E Class,2017,19980,35905,20,67.3,2,AUTOMATIC,DIESEL
8448,13,E Class,2017,19980,38193,145,72.4,2,SEMI-AUTO,DIESEL
8449,13,E Class,2017,19989,24425,145,72.4,2,AUTOMATIC,DIESEL
8450,13,E Class,2017,19990,25000,145,65.7,2,AUTOMATIC,DIESEL
8451,13,E Class,2017,19990,32000,30,65.7,2,AUTOMATIC,DIESEL
8452,13,E Class,2017,19995,21166,145,50.4,3,SEMI-AUTO,DIESEL
8453,13,E Class,2017,19998,46230,145,67.3,2,SEMI-AUTO,DIESEL
8454,13,E Class,2017,19998,52570,30,65.7,2,SEMI-AUTO,DIESEL
8455,13,E Class,2017,19999,21548,145,65.7,2,AUTOMATIC,DIESEL
8456,13,E Class,2017,19999,27381,20,72.4,2,SEMI-AUTO,DIESEL
8457,13,E Class,2017,19999,27977,20,72.4,2,AUTOMATIC,DIESEL
8458,13,E Class,2017,19999,29392,145,72.4,2,SEMI-AUTO,DIESEL
8459,13,E Class,2017,19999,35852,145,72.4,2,AUTOMATIC,DIESEL
8460,13,E Class,2017,19999,37259,145,65.7,2,AUTOMATIC,DIESEL
8461,13,E Class,2017,19999,41620,145,72.4,2,SEMI-AUTO,DIESEL
8462,13,E Class,2017,20000,21067,30,65.7,2,AUTOMATIC,DIESEL
8463,13,E Class,2017,20000,26750,150,65.7,2,AUTOMATIC,DIESEL
8464,13,E Class,2017,20000,28552,145,67.3,2,SEMI-AUTO,DIESEL
8465,13,E Class,2017,20000,29274,30,65.7,2,AUTOMATIC,DIESEL
8466,13,E Class,2017,20000,34495,145,72.4,2,SEMI-AUTO,DIESEL
8467,13,E Class,2017,20099,38566,145,61.4,2,SEMI-AUTO,DIESEL
8468,13,E Class,2017,20100,17059,30,65.7,2,AUTOMATIC,DIESEL
8469,13,E Class,2017,20150,25899,30,65.7,2,SEMI-AUTO,DIESEL
8470,13,E Class,2017,20157,13760,145,72.4,2,SEMI-AUTO,DIESEL
8471,13,E Class,2017,20199,19075,145,72.4,2,SEMI-AUTO,DIESEL
8472,13,E Class,2017,20200,20043,145,61.4,2,AUTOMATIC,DIESEL
8473,13,E Class,2017,20240,17793,20,72.4,2,SEMI-AUTO,DIESEL
8474,13,E Class,2017,20250,24639,20,72.4,2,AUTOMATIC,DIESEL
8475,13,E Class,2017,20250,40000,145,65.7,2,AUTOMATIC,DIESEL
8476,13,E Class,2017,20274,45186,145,70.6,2,AUTOMATIC,DIESEL
8477,13,E Class,2017,20282,42000,145,67.3,2,SEMI-AUTO,DIESEL
8478,13,E Class,2017,20291,33729,145,72.4,2,AUTOMATIC,DIESEL
8479,13,E Class,2017,20299,25479,20,72.4,2,SEMI-AUTO,DIESEL
8480,13,E Class,2017,20299,35958,145,61.4,2,SEMI-AUTO,DIESEL
8481,13,E Class,2017,20300,21531,30,61.4,2,AUTOMATIC,DIESEL
8482,13,E Class,2017,20300,23179,145,61.4,2,AUTOMATIC,DIESEL
8483,13,E Class,2017,20310,42150,20,72.4,2,SEMI-AUTO,DIESEL
8484,13,E Class,2017,20342,41547,20,72.4,2,SEMI-AUTO,DIESEL
8485,13,E Class,2017,20400,25069,145,72.4,2,SEMI-AUTO,DIESEL
8486,13,E Class,2017,20450,26296,150,61.4,2.1,AUTOMATIC,DIESEL
8487,13,E Class,2017,20472,32183,145,72.4,2,AUTOMATIC,DIESEL
8488,13,E Class,2017,20475,21851,30,65.7,2,AUTOMATIC,DIESEL
8489,13,E Class,2017,20480,30567,145,65.7,2,SEMI-AUTO,DIESEL
8490,13,E Class,2017,20490,30000,30,65.7,2,AUTOMATIC,DIESEL
8491,13,E Class,2017,20498,18330,145,72.4,2,AUTOMATIC,DIESEL
8492,13,E Class,2017,20498,20195,20,72.4,2,SEMI-AUTO,DIESEL
8493,13,E Class,2017,20498,32984,20,67.3,2,SEMI-AUTO,DIESEL
8494,13,E Class,2017,20498,35494,145,61.4,2,SEMI-AUTO,DIESEL
8495,13,E Class,2017,20498,36455,145,65.7,2,SEMI-AUTO,DIESEL
8496,13,E Class,2017,20500,22142,20,72.4,2,AUTOMATIC,DIESEL
8497,13,E Class,2017,20500,30148,145,72.4,2,AUTOMATIC,DIESEL
8498,13,E Class,2017,20555,23656,30,65.7,2,SEMI-AUTO,DIESEL
8499,13,E Class,2017,20599,21494,145,72.4,2,SEMI-AUTO,DIESEL
8500,13,E Class,2017,20599,47400,145,65.7,2,SEMI-AUTO,DIESEL
8501,13,E Class,2017,20662,44965,20,67.3,2,SEMI-AUTO,DIESEL
8502,13,E Class,2017,20690,24325,145,65.7,2,AUTOMATIC,DIESEL
8503,13,E Class,2017,20699,26442,145,72.4,2,SEMI-AUTO,DIESEL
8504,13,E Class,2017,20699,31871,145,67.3,2,SEMI-AUTO,DIESEL
8505,13,E Class,2017,20700,9150,30,65.7,2,AUTOMATIC,DIESEL
8506,13,E Class,2017,20737,22122,145,65.7,2,AUTOMATIC,DIESEL
8507,13,E Class,2017,20749,30123,145,61.4,2,SEMI-AUTO,DIESEL
8508,13,E Class,2017,20789,22960,150,72.4,2,SEMI-AUTO,DIESEL
8509,13,E Class,2017,20792,17000,145,72.4,2,SEMI-AUTO,DIESEL
8510,13,E Class,2017,20795,28348,145,65.7,2,SEMI-AUTO,DIESEL
8511,13,E Class,2017,20849,14021,145,65.7,2,AUTOMATIC,DIESEL
8512,13,E Class,2017,20849,23472,145,72.4,2,SEMI-AUTO,DIESEL
8513,13,E Class,2017,20880,37000,30,65.7,2,AUTOMATIC,DIESEL
8514,13,E Class,2017,20882,65789,30,65.7,2,SEMI-AUTO,DIESEL
8515,13,E Class,2017,20899,28878,145,72.4,2,SEMI-AUTO,DIESEL
8516,13,E Class,2017,20899,29500,145,72.4,2,SEMI-AUTO,DIESEL
8517,13,E Class,2017,20905,28431,165,52.3,3,AUTOMATIC,DIESEL
8518,13,E Class,2017,20940,17227,20,72.4,2,SEMI-AUTO,DIESEL
8519,13,E Class,2017,20980,15843,145,56.5,2.1,SEMI-AUTO,DIESEL
8520,13,E Class,2017,20980,15843,145,56.5,2.1,SEMI-AUTO,DIESEL
8521,13,E Class,2017,20980,32106,145,65.7,2,SEMI-AUTO,DIESEL
8522,13,E Class,2017,20981,24800,145,65.7,2,SEMI-AUTO,DIESEL
8523,13,E Class,2017,20989,21756,30,65.7,2,SEMI-AUTO,DIESEL
8524,13,E Class,2017,20990,25000,145,65.7,2,AUTOMATIC,DIESEL
8525,13,E Class,2017,20991,28194,20,72.4,2,AUTOMATIC,DIESEL
8526,13,E Class,2017,20992,16534,20,72.4,2,SEMI-AUTO,DIESEL
8527,13,E Class,2017,20995,32497,20,67.3,2,SEMI-AUTO,DIESEL
8528,13,E Class,2017,20997,20730,145,65.7,2,AUTOMATIC,DIESEL
8529,13,E Class,2017,20998,16016,145,72.4,2,SEMI-AUTO,DIESEL
8530,13,E Class,2017,20998,17751,150,52.3,3,SEMI-AUTO,DIESEL
8531,13,E Class,2017,20998,17890,160,52.3,3,SEMI-AUTO,DIESEL
8532,13,E Class,2017,20998,21352,20,72.4,2,SEMI-AUTO,DIESEL
8533,13,E Class,2017,20998,21929,30,65.7,2,SEMI-AUTO,DIESEL
8534,13,E Class,2017,20998,22930,145,72.4,2,SEMI-AUTO,DIESEL
8535,13,E Class,2017,20998,27671,145,72.4,2,SEMI-AUTO,DIESEL
8536,13,E Class,2017,20998,29816,145,61.4,2,SEMI-AUTO,DIESEL
8537,13,E Class,2017,20999,11404,160,52.3,3,AUTOMATIC,DIESEL
8538,13,E Class,2017,20999,25454,145,61.4,2,AUTOMATIC,DIESEL
8539,13,E Class,2017,20999,43232,145,65.7,2,SEMI-AUTO,DIESEL
8540,13,E Class,2017,21000,30892,30,65.7,2,AUTOMATIC,DIESEL
8541,13,E Class,2017,21099,38488,145,65.7,2,SEMI-AUTO,DIESEL
8542,13,E Class,2017,21142,26928,145,67.3,2,AUTOMATIC,DIESEL
8543,13,E Class,2017,21149,23032,20,72.4,2,SEMI-AUTO,DIESEL
8544,13,E Class,2017,21149,29146,145,65.7,2,SEMI-AUTO,DIESEL
8545,13,E Class,2017,21156,15815,145,67.3,2,AUTOMATIC,DIESEL
8546,13,E Class,2017,21182,29200,145,65.7,2,SEMI-AUTO,DIESEL
8547,13,E Class,2017,21190,20000,145,67.3,2,AUTOMATIC,DIESEL
8548,13,E Class,2017,21199,25245,145,67.3,2,SEMI-AUTO,DIESEL
8549,13,E Class,2017,21199,29128,145,67.3,2,SEMI-AUTO,DIESEL
8550,13,E Class,2017,21237,24463,165,52.3,3,AUTOMATIC,DIESEL
8551,13,E Class,2017,21290,21165,160,52.3,3,SEMI-AUTO,DIESEL
8552,13,E Class,2017,21290,34123,145,54.3,3,AUTOMATIC,DIESEL
8553,13,E Class,2017,21299,20852,145,72.4,2,SEMI-AUTO,DIESEL
8554,13,E Class,2017,21299,21787,145,65.7,2,SEMI-AUTO,DIESEL
8555,13,E Class,2017,21299,23429,145,61.4,2,SEMI-AUTO,DIESEL
8556,13,E Class,2017,21299,32335,20,67.3,2,SEMI-AUTO,DIESEL
8557,13,E Class,2017,21323,23448,165,52.3,3,AUTOMATIC,DIESEL
8558,13,E Class,2017,21391,16654,145,72.4,2,SEMI-AUTO,DIESEL
8559,13,E Class,2017,21399,16753,145,72.4,2,SEMI-AUTO,DIESEL
8560,13,E Class,2017,21399,18941,145,72.4,2,SEMI-AUTO,DIESEL
8561,13,E Class,2017,21399,19995,145,72.4,2,SEMI-AUTO,DIESEL
8562,13,E Class,2017,21399,20650,145,72.4,2,AUTOMATIC,DIESEL
8563,13,E Class,2017,21450,19577,145,61.4,2,SEMI-AUTO,DIESEL
8564,13,E Class,2017,21456,13503,145,65.7,2,AUTOMATIC,DIESEL
8565,13,E Class,2017,21480,39975,145,61.4,2,SEMI-AUTO,DIESEL
8566,13,E Class,2017,21495,18658,145,67.3,2,SEMI-AUTO,DIESEL
8567,13,E Class,2017,21495,32080,145,54.3,3,AUTOMATIC,DIESEL
8568,13,E Class,2017,21498,20636,160,52.3,3,SEMI-AUTO,DIESEL
8569,13,E Class,2017,21498,23084,150,61.4,2,AUTOMATIC,DIESEL
8570,13,E Class,2017,21498,31750,145,61.4,2,SEMI-AUTO,DIESEL
8571,13,E Class,2017,21499,21716,145,67.3,2,SEMI-AUTO,DIESEL
8572,13,E Class,2017,21499,24938,145,67.3,2,SEMI-AUTO,DIESEL
8573,13,E Class,2017,21499,32365,30,61.4,2,SEMI-AUTO,DIESEL
8574,13,E Class,2017,21500,25000,150,61.4,2,AUTOMATIC,DIESEL
8575,13,E Class,2017,21500,26508,145,61.4,2,SEMI-AUTO,DIESEL
8576,13,E Class,2017,21500,29138,30,65.7,2,AUTOMATIC,DIESEL
8577,13,E Class,2017,21599,28234,145,65.7,2,SEMI-AUTO,DIESEL
8578,13,E Class,2017,21599,28823,20,67.3,2,SEMI-AUTO,DIESEL
8579,13,E Class,2017,21602,40690,145,54.3,3,SEMI-AUTO,DIESEL
8580,13,E Class,2017,21607,20112,165,52.3,3,AUTOMATIC,DIESEL
8581,13,E Class,2017,21690,22484,145,65.7,2,SEMI-AUTO,DIESEL
8582,13,E Class,2017,21699,19457,145,72.4,2,SEMI-AUTO,DIESEL
8583,13,E Class,2017,21699,31459,145,65.7,2,SEMI-AUTO,DIESEL
8584,13,E Class,2017,21732,18636,20,67.3,2,SEMI-AUTO,DIESEL
8585,13,E Class,2017,21734,17327,145,65.7,2,AUTOMATIC,DIESEL
8586,13,E Class,2017,21752,33090,145,61.4,2,SEMI-AUTO,DIESEL
8587,13,E Class,2017,21799,28078,145,65.7,2,SEMI-AUTO,DIESEL
8588,13,E Class,2017,21799,37034,30,65.7,2,SEMI-AUTO,DIESEL
8589,13,E Class,2017,21820,20952,145,54.3,3,AUTOMATIC,DIESEL
8590,13,E Class,2017,21832,32232,145,61.4,2,SEMI-AUTO,DIESEL
8591,13,E Class,2017,21849,17285,145,61.4,2,SEMI-AUTO,DIESEL
8592,13,E Class,2017,21890,26000,145,72.4,2,AUTOMATIC,DIESEL
8593,13,E Class,2017,21890,26932,160,52.3,3,SEMI-AUTO,DIESEL
8594,13,E Class,2017,21899,24195,145,65.7,2,SEMI-AUTO,DIESEL
8595,13,E Class,2017,21900,35598,145,61.4,2,AUTOMATIC,DIESEL
8596,13,E Class,2017,21950,19156,160,52.3,3,SEMI-AUTO,DIESEL
8597,13,E Class,2017,21950,26355,145,65.7,2,AUTOMATIC,DIESEL
8598,13,E Class,2017,21972,44000,30,65.7,2,SEMI-AUTO,DIESEL
8599,13,E Class,2017,21980,20846,145,67.3,2,AUTOMATIC,DIESEL
8600,13,E Class,2017,21989,23211,145,65.7,2,SEMI-AUTO,DIESEL
8601,13,E Class,2017,21990,12069,145,65.7,2,AUTOMATIC,DIESEL
8602,13,E Class,2017,21990,17729,145,61.4,2,AUTOMATIC,DIESEL
8603,13,E Class,2017,21990,23966,145,72.4,2,SEMI-AUTO,DIESEL
8604,13,E Class,2017,21990,24000,145,65.7,2,SEMI-AUTO,DIESEL
8605,13,E Class,2017,21990,27000,30,65.7,2,AUTOMATIC,DIESEL
8606,13,E Class,2017,21998,16062,145,52.3,3,SEMI-AUTO,DIESEL
8607,13,E Class,2017,21998,18812,150,65.7,2,SEMI-AUTO,DIESEL
8608,13,E Class,2017,21998,19249,145,65.7,2,SEMI-AUTO,DIESEL
8609,13,E Class,2017,21998,20044,145,61.4,2,SEMI-AUTO,DIESEL
8610,13,E Class,2017,21998,20239,160,52.3,3,SEMI-AUTO,DIESEL
8611,13,E Class,2017,21998,21707,145,61.4,2,AUTOMATIC,DIESEL
8612,13,E Class,2017,21999,11330,30,61.4,2,AUTOMATIC,DIESEL
8613,13,E Class,2017,21999,11630,145,72.4,2,SEMI-AUTO,DIESEL
8614,13,E Class,2017,21999,18406,145,65.7,2,SEMI-AUTO,DIESEL
8615,13,E Class,2017,22000,22990,145,65.7,2,SEMI-AUTO,DIESEL
8616,13,E Class,2017,22000,24749,145,61.4,2,SEMI-AUTO,DIESEL
8617,13,E Class,2017,22099,15617,145,67.3,2,SEMI-AUTO,DIESEL
8618,13,E Class,2017,22099,16977,145,65.7,2,SEMI-AUTO,DIESEL
8619,13,E Class,2017,22099,22645,145,65.7,2,SEMI-AUTO,DIESEL
8620,13,E Class,2017,22149,13797,145,61.4,2,SEMI-AUTO,DIESEL
8621,13,E Class,2017,22150,27425,145,61.4,2,AUTOMATIC,DIESEL
8622,13,E Class,2017,22151,24335,145,61.4,2,SEMI-AUTO,DIESEL
8623,13,E Class,2017,22199,13402,145,61.4,2,SEMI-AUTO,DIESEL
8624,13,E Class,2017,22199,16350,145,67.3,2,SEMI-AUTO,DIESEL
8625,13,E Class,2017,22215,27797,145,61.4,2,AUTOMATIC,DIESEL
8626,13,E Class,2017,22225,26270,145,61.4,2,AUTOMATIC,DIESEL
8627,13,E Class,2017,22250,19225,145,61.4,2,SEMI-AUTO,DIESEL
8628,13,E Class,2017,22270,13398,165,52.3,3,AUTOMATIC,DIESEL
8629,13,E Class,2017,22299,18557,145,65.7,2,AUTOMATIC,DIESEL
8630,13,E Class,2017,22299,19725,145,65.7,2,SEMI-AUTO,DIESEL
8631,13,E Class,2017,22299,21702,145,65.7,2,SEMI-AUTO,DIESEL
8632,13,E Class,2017,22299,22810,145,65.7,2,SEMI-AUTO,DIESEL
8633,13,E Class,2017,22332,20830,145,61.4,2,AUTOMATIC,DIESEL
8634,13,E Class,2017,22350,14850,145,61.4,2,SEMI-AUTO,DIESEL
8635,13,E Class,2017,22380,16012,145,61.4,2,SEMI-AUTO,DIESEL
8636,13,E Class,2017,22399,13284,145,65.7,2,SEMI-AUTO,DIESEL
8637,13,E Class,2017,22399,19000,145,65.7,2,AUTOMATIC,DIESEL
8638,13,E Class,2017,22444,10547,165,52.3,3,AUTOMATIC,DIESEL
8639,13,E Class,2017,22470,19954,145,61.4,2,AUTOMATIC,DIESEL
8640,13,E Class,2017,22480,17897,145,61.4,2,SEMI-AUTO,DIESEL
8641,13,E Class,2017,22480,18060,145,61.4,2,SEMI-AUTO,DIESEL
8642,13,E Class,2017,22480,19092,145,65.7,2,SEMI-AUTO,DIESEL
8643,13,E Class,2017,22480,24723,145,65.7,2,SEMI-AUTO,DIESEL
8644,13,E Class,2017,22480,40239,30,65.7,2,SEMI-AUTO,DIESEL
8645,13,E Class,2017,22482,18902,145,65.7,2,AUTOMATIC,DIESEL
8646,13,E Class,2017,22495,29169,30,61.4,2,SEMI-AUTO,DIESEL
8647,13,E Class,2017,22498,25827,145,61.4,2,AUTOMATIC,DIESEL
8648,13,E Class,2017,22499,19228,145,65.7,2,SEMI-AUTO,DIESEL
8649,13,E Class,2017,22499,19493,145,65.7,2,SEMI-AUTO,DIESEL
8650,13,E Class,2017,22499,21000,30,65.7,2,SEMI-AUTO,DIESEL
8651,13,E Class,2017,22499,21301,145,65.7,2,SEMI-AUTO,DIESEL
8652,13,E Class,2017,22499,29631,145,57.7,2,AUTOMATIC,DIESEL
8653,13,E Class,2017,22500,18634,145,65.7,2,SEMI-AUTO,DIESEL
8654,13,E Class,2017,22549,11900,145,65.7,2,SEMI-AUTO,DIESEL
8655,13,E Class,2017,22576,23669,165,51.4,3,SEMI-AUTO,DIESEL
8656,13,E Class,2017,22594,22702,145,67.3,2,AUTOMATIC,DIESEL
8657,13,E Class,2017,22706,29556,30,65.7,2,SEMI-AUTO,DIESEL
8658,13,E Class,2017,22740,25567,145,51.4,3,AUTOMATIC,DIESEL
8659,13,E Class,2017,22750,20737,145,65.7,2,AUTOMATIC,DIESEL
8660,13,E Class,2017,22780,20774,145,65.7,2,SEMI-AUTO,DIESEL
8661,13,E Class,2017,22789,7700,145,65.7,2,SEMI-AUTO,DIESEL
8662,13,E Class,2017,22881,15756,165,50.4,3,SEMI-AUTO,DIESEL
8663,13,E Class,2017,22890,34934,150,61.4,2,AUTOMATIC,DIESEL
8664,13,E Class,2017,22900,26000,150,58.9,2,AUTOMATIC,DIESEL
8665,13,E Class,2017,22970,22699,145,70.6,2,SEMI-AUTO,DIESEL
8666,13,E Class,2017,22980,18038,145,65.7,2,SEMI-AUTO,DIESEL
8667,13,E Class,2017,22980,20425,145,61.4,2,SEMI-AUTO,DIESEL
8668,13,E Class,2017,22980,32861,145,61.4,2,SEMI-AUTO,DIESEL
8669,13,E Class,2017,22998,9926,150,65.7,2,SEMI-AUTO,DIESEL
8670,13,E Class,2017,22998,16910,145,65.7,2,SEMI-AUTO,DIESEL
8671,13,E Class,2017,22998,27542,30,65.7,2,AUTOMATIC,DIESEL
8672,13,E Class,2017,22999,14695,145,61.4,2,SEMI-AUTO,DIESEL
8673,13,E Class,2017,22999,20000,30,65.7,2,SEMI-AUTO,DIESEL
8674,13,E Class,2017,23072,16931,145,65.7,2,SEMI-AUTO,DIESEL
8675,13,E Class,2017,23250,7521,145,61.4,2,SEMI-AUTO,DIESEL
8676,13,E Class,2017,23299,24000,145,65.7,2,SEMI-AUTO,DIESEL
8677,13,E Class,2017,23372,53203,160,51.4,3,SEMI-AUTO,DIESEL
8678,13,E Class,2017,23390,18362,145,70.6,2,SEMI-AUTO,DIESEL
8679,13,E Class,2017,23462,17360,145,51.4,3,SEMI-AUTO,DIESEL
8680,13,E Class,2017,23480,16635,145,65.7,2,SEMI-AUTO,DIESEL
8681,13,E Class,2017,23480,18444,145,65.7,2,SEMI-AUTO,DIESEL
8682,13,E Class,2017,23480,23997,145,65.7,2,SEMI-AUTO,DIESEL
8683,13,E Class,2017,23499,7898,145,67.3,2,SEMI-AUTO,DIESEL
8684,13,E Class,2017,23499,20776,125,58.9,2,SEMI-AUTO,DIESEL
8685,13,E Class,2017,23499,21695,145,57.7,2,AUTOMATIC,DIESEL
8686,13,E Class,2017,23499,40659,145,65.7,2,SEMI-AUTO,DIESEL
8687,13,E Class,2017,23599,9012,145,65.7,2,SEMI-AUTO,DIESEL
8688,13,E Class,2017,23599,19328,30,61.4,2,SEMI-AUTO,DIESEL
8689,13,E Class,2017,23899,25479,145,65.7,2,SEMI-AUTO,DIESEL
8690,13,E Class,2017,23991,16533,145,61.4,2,SEMI-AUTO,DIESEL
8691,13,E Class,2017,23995,16820,145,51.4,3,SEMI-AUTO,DIESEL
8692,13,E Class,2017,23995,19300,30,65.7,2,SEMI-AUTO,DIESEL
8693,13,E Class,2017,24248,31000,30,70.6,2,AUTOMATIC,DIESEL
8694,13,E Class,2017,24299,18701,145,54.3,3,SEMI-AUTO,DIESEL
8695,13,E Class,2017,24299,20000,145,54.3,3,SEMI-AUTO,DIESEL
8696,13,E Class,2017,24399,23166,145,65.7,2,SEMI-AUTO,DIESEL
8697,13,E Class,2017,24480,17636,145,65.7,2,SEMI-AUTO,DIESEL
8698,13,E Class,2017,24480,19727,145,51.4,3,SEMI-AUTO,DIESEL
8699,13,E Class,2017,24480,22469,145,51.4,3,SEMI-AUTO,DIESEL
8700,13,E Class,2017,24500,8674,145,65.7,2,AUTOMATIC,DIESEL
8701,13,E Class,2017,24702,17337,145,61.4,2,AUTOMATIC,DIESEL
8702,13,E Class,2017,24750,15713,145,65.7,2,SEMI-AUTO,DIESEL
8703,13,E Class,2017,24799,7501,145,57.7,2,AUTOMATIC,DIESEL
8704,13,E Class,2017,24890,22785,30,61.4,2,SEMI-AUTO,DIESEL
8705,13,E Class,2017,24900,17736,145,58.9,2,AUTOMATIC,DIESEL
8706,13,E Class,2017,24900,28500,150,70.6,2,AUTOMATIC,DIESEL
8707,13,E Class,2017,24912,9661,30,65.7,2,SEMI-AUTO,DIESEL
8708,13,E Class,2017,24980,19893,145,54.3,3,SEMI-AUTO,DIESEL
8709,13,E Class,2017,24980,27993,145,65.7,2,SEMI-AUTO,DIESEL
8710,13,E Class,2017,24989,10776,145,58.9,2,AUTOMATIC,DIESEL
8711,13,E Class,2017,24992,23468,30,61.4,2,SEMI-AUTO,DIESEL
8712,13,E Class,2017,25124,31968,145,61.4,2,AUTOMATIC,DIESEL
8713,13,E Class,2017,25450,19780,30,61.4,2,SEMI-AUTO,DIESEL
8714,13,E Class,2017,25995,22000,145,70.6,2,AUTOMATIC,DIESEL
8715,13,E Class,2017,26027,20575,145,40.4,2,SEMI-AUTO,PETROL
8716,13,E Class,2017,26480,11776,145,51.4,3,SEMI-AUTO,DIESEL
8717,13,E Class,2017,26499,21654,145,65.7,2,SEMI-AUTO,DIESEL
8718,13,E Class,2017,26995,29900,145,70.6,2,SEMI-AUTO,DIESEL
8719,13,E Class,2017,27250,26000,145,70.6,2,SEMI-AUTO,DIESEL
8720,13,E Class,2017,27298,18403,145,40.4,2,SEMI-AUTO,PETROL
8721,13,E Class,2017,27400,17045,145,40.4,2,AUTOMATIC,PETROL
8722,13,E Class,2017,27480,10472,145,70.6,2,AUTOMATIC,DIESEL
8723,13,E Class,2017,28012,11340,145,40.4,2,SEMI-AUTO,PETROL
8724,13,E Class,2017,28800,14566,145,40.4,2,AUTOMATIC,PETROL
8725,13,E Class,2017,28995,27442,150,51.4,3,SEMI-AUTO,DIESEL
8726,13,E Class,2017,29950,43000,145,33.6,3,AUTOMATIC,PETROL
8727,13,E Class,2017,29995,24531,145,40.4,2,SEMI-AUTO,PETROL
8728,13,E Class,2017,30732,9076,145,40.4,2,SEMI-AUTO,PETROL
8729,13,E Class,2017,30890,26011,145,33.6,3,SEMI-AUTO,PETROL
8730,13,E Class,2017,30996,21055,150,33.6,3,SEMI-AUTO,PETROL
8731,13,E Class,2017,31950,21000,145,33.6,3,AUTOMATIC,PETROL
8732,13,E Class,2017,31995,26869,145,41.5,3,SEMI-AUTO,DIESEL
8733,13,E Class,2017,31995,49000,300,32.8,3,AUTOMATIC,PETROL
8734,13,E Class,2017,31997,13553,145,33.6,3,AUTOMATIC,PETROL
8735,13,E Class,2017,32695,20000,145,33.6,3,SEMI-AUTO,PETROL
8736,13,E Class,2017,32990,42000,145,33.6,3,AUTOMATIC,PETROL
8737,13,E Class,2017,34980,26129,300,32.8,3,SEMI-AUTO,PETROL
8738,13,E Class,2017,36980,13095,145,33.6,3,SEMI-AUTO,PETROL
8739,13,E Class,2017,54999,18682,150,31,4,SEMI-AUTO,PETROL
8740,13,E Class,2018,18600,50711,145,72.4,2,AUTOMATIC,DIESEL
8741,13,E Class,2018,19000,32143,145,72.4,2,AUTOMATIC,DIESEL
8742,13,E Class,2018,19000,32250,145,72.4,2,AUTOMATIC,DIESEL
8743,13,E Class,2018,19000,32489,145,72.4,2,AUTOMATIC,DIESEL
8744,13,E Class,2018,19000,32555,145,72.4,2,AUTOMATIC,DIESEL
8745,13,E Class,2018,19000,32951,145,72.4,2,AUTOMATIC,DIESEL
8746,13,E Class,2018,19000,34150,145,72.4,2,AUTOMATIC,DIESEL
8747,13,E Class,2018,19000,34788,145,72.4,2,AUTOMATIC,DIESEL
8748,13,E Class,2018,19000,35717,150,72.4,2,AUTOMATIC,DIESEL
8749,13,E Class,2018,19800,33080,145,72.4,2,AUTOMATIC,DIESEL
8750,13,E Class,2018,19899,26439,145,72.4,2,AUTOMATIC,DIESEL
8751,13,E Class,2018,19900,35657,145,67.3,2,AUTOMATIC,DIESEL
8752,13,E Class,2018,20000,19419,150,61.4,2,AUTOMATIC,DIESEL
8753,13,E Class,2018,20000,21513,145,61.4,2,AUTOMATIC,DIESEL
8754,13,E Class,2018,20000,28000,150,72.4,2,AUTOMATIC,DIESEL
8755,13,E Class,2018,20000,31215,150,72.4,2,AUTOMATIC,DIESEL
8756,13,E Class,2018,20250,24147,145,72.4,2,AUTOMATIC,DIESEL
8757,13,E Class,2018,20300,26692,145,72.4,2,AUTOMATIC,DIESEL
8758,13,E Class,2018,20399,33059,145,65.7,2,AUTOMATIC,DIESEL
8759,13,E Class,2018,20485,31784,145,72.4,2,SEMI-AUTO,DIESEL
8760,13,E Class,2018,20599,22073,145,72.4,2,AUTOMATIC,DIESEL
8761,13,E Class,2018,20795,42097,145,65.7,2,SEMI-AUTO,DIESEL
8762,13,E Class,2018,20800,28759,150,72.4,2,AUTOMATIC,DIESEL
8763,13,E Class,2018,20800,30493,150,72.4,2,AUTOMATIC,DIESEL
8764,13,E Class,2018,20800,30818,150,72.4,2,AUTOMATIC,DIESEL
8765,13,E Class,2018,20800,31165,150,72.4,2,AUTOMATIC,DIESEL
8766,13,E Class,2018,20800,31255,150,72.4,2,AUTOMATIC,DIESEL
8767,13,E Class,2018,20800,31629,150,72.4,2,AUTOMATIC,DIESEL
8768,13,E Class,2018,20800,32712,150,72.4,2,AUTOMATIC,DIESEL
8769,13,E Class,2018,20900,31034,145,61.4,2,AUTOMATIC,DIESEL
8770,13,E Class,2018,20980,32600,145,72.4,2,SEMI-AUTO,DIESEL
8771,13,E Class,2018,20999,17697,145,72.4,2,AUTOMATIC,DIESEL
8772,13,E Class,2018,21000,29679,145,72.4,2,AUTOMATIC,DIESEL
8773,13,E Class,2018,21000,39381,150,65.7,2,AUTOMATIC,DIESEL
8774,13,E Class,2018,21331,41530,145,65.7,2,SEMI-AUTO,DIESEL
8775,13,E Class,2018,21386,22264,145,65.7,2,SEMI-AUTO,DIESEL
8776,13,E Class,2018,21490,25978,145,61.4,2,SEMI-AUTO,DIESEL
8777,13,E Class,2018,21495,36563,150,72.4,2,SEMI-AUTO,DIESEL
8778,13,E Class,2018,21498,25454,150,72.4,2,SEMI-AUTO,DIESEL
8779,13,E Class,2018,21499,20420,145,72.4,2,AUTOMATIC,DIESEL
8780,13,E Class,2018,21499,27322,145,72.4,2,SEMI-AUTO,DIESEL
8781,13,E Class,2018,21500,20304,145,72.4,2,AUTOMATIC,DIESEL
8782,13,E Class,2018,21500,27459,145,72.4,2,AUTOMATIC,DIESEL
8783,13,E Class,2018,21500,31281,145,72.4,2,AUTOMATIC,DIESEL
8784,13,E Class,2018,21500,32131,145,72.4,2,AUTOMATIC,DIESEL
8785,13,E Class,2018,21790,20837,150,61.4,2,SEMI-AUTO,DIESEL
8786,13,E Class,2018,21799,19886,145,72.4,2,SEMI-AUTO,DIESEL
8787,13,E Class,2018,21899,22985,150,65.7,2,SEMI-AUTO,DIESEL
8788,13,E Class,2018,21899,22985,145,65.7,2,AUTOMATIC,DIESEL
8789,13,E Class,2018,21990,25000,145,65.7,2,AUTOMATIC,DIESEL
8790,13,E Class,2018,21990,32153,145,61.4,2,SEMI-AUTO,DIESEL
8791,13,E Class,2018,21995,26569,145,72.4,2,SEMI-AUTO,DIESEL
8792,13,E Class,2018,21999,26981,145,65.7,2,SEMI-AUTO,DIESEL
8793,13,E Class,2018,21999,40000,145,72.4,2,SEMI-AUTO,DIESEL
8794,13,E Class,2018,22049,20457,145,65.7,2,SEMI-AUTO,DIESEL
8795,13,E Class,2018,22240,14236,145,72.4,2,SEMI-AUTO,DIESEL
8796,13,E Class,2018,22250,16189,150,65.7,2,AUTOMATIC,DIESEL
8797,13,E Class,2018,22299,17571,145,65.7,2,SEMI-AUTO,DIESEL
8798,13,E Class,2018,22400,22503,145,67.3,2,SEMI-AUTO,DIESEL
8799,13,E Class,2018,22490,36000,145,72.4,2,AUTOMATIC,DIESEL
8800,13,E Class,2018,22499,15961,145,72.4,2,SEMI-AUTO,DIESEL
8801,13,E Class,2018,22499,26695,145,65.7,2,SEMI-AUTO,DIESEL
8802,13,E Class,2018,22500,32521,145,67.3,2,AUTOMATIC,DIESEL
8803,13,E Class,2018,22691,16806,145,61.4,2,AUTOMATIC,DIESEL
8804,13,E Class,2018,22699,18770,145,67.3,2,SEMI-AUTO,DIESEL
8805,13,E Class,2018,22699,29911,145,65.7,2,AUTOMATIC,DIESEL
8806,13,E Class,2018,22738,24000,150,61.4,0,AUTOMATIC,DIESEL
8807,13,E Class,2018,22980,20772,145,65.7,2,SEMI-AUTO,DIESEL
8808,13,E Class,2018,22995,24950,145,72.4,2,SEMI-AUTO,DIESEL
8809,13,E Class,2018,22998,16089,145,65.7,2,SEMI-AUTO,DIESEL
8810,13,E Class,2018,22999,13284,145,72.4,2,AUTOMATIC,DIESEL
8811,13,E Class,2018,22999,14995,145,61.4,2,AUTOMATIC,DIESEL
8812,13,E Class,2018,23089,18800,145,65.7,2,SEMI-AUTO,DIESEL
8813,13,E Class,2018,23102,25319,145,61.4,2,SEMI-AUTO,DIESEL
8814,13,E Class,2018,23299,20000,145,65.7,2,AUTOMATIC,DIESEL
8815,13,E Class,2018,23354,12527,145,61.4,2,AUTOMATIC,DIESEL
8816,13,E Class,2018,23399,9729,145,65.7,2,SEMI-AUTO,DIESEL
8817,13,E Class,2018,23399,10000,145,61.4,2,AUTOMATIC,DIESEL
8818,13,E Class,2018,23480,10729,145,61.4,2,SEMI-AUTO,DIESEL
8819,13,E Class,2018,23480,13520,145,61.4,2,AUTOMATIC,DIESEL
8820,13,E Class,2018,23480,16291,145,61.4,2,SEMI-AUTO,DIESEL
8821,13,E Class,2018,23499,13904,145,67.3,2,SEMI-AUTO,DIESEL
8822,13,E Class,2018,23500,11108,145,61.4,2,SEMI-AUTO,DIESEL
8823,13,E Class,2018,23649,14676,145,72.4,2,SEMI-AUTO,DIESEL
8824,13,E Class,2018,23900,25320,145,58.9,2,AUTOMATIC,DIESEL
8825,13,E Class,2018,23963,9074,145,61.4,2,AUTOMATIC,DIESEL
8826,13,E Class,2018,23989,51223,150,70.6,2,AUTOMATIC,DIESEL
8827,13,E Class,2018,23990,24000,145,51.4,3,AUTOMATIC,DIESEL
8828,13,E Class,2018,23990,25799,145,61.4,2,SEMI-AUTO,DIESEL
8829,13,E Class,2018,23995,9445,145,72.4,2,SEMI-AUTO,DIESEL
8830,13,E Class,2018,23998,12614,145,65.7,2,SEMI-AUTO,DIESEL
8831,13,E Class,2018,24000,5904,145,61.4,2,SEMI-AUTO,DIESEL
8832,13,E Class,2018,24000,14648,145,67.3,2,AUTOMATIC,DIESEL
8833,13,E Class,2018,24040,10310,145,72.4,2,AUTOMATIC,DIESEL
8834,13,E Class,2018,24220,8138,145,72.4,2,AUTOMATIC,DIESEL
8835,13,E Class,2018,24399,14413,150,72.4,2,SEMI-AUTO,DIESEL
8836,13,E Class,2018,24480,12833,145,61.4,2,SEMI-AUTO,DIESEL
8837,13,E Class,2018,24490,11052,145,65.7,2,SEMI-AUTO,DIESEL
8838,13,E Class,2018,24500,25150,145,70.6,2,AUTOMATIC,DIESEL
8839,13,E Class,2018,24676,6957,145,54.3,2,SEMI-AUTO,DIESEL
8840,13,E Class,2018,24790,16151,145,58.9,2,SEMI-AUTO,DIESEL
8841,13,E Class,2018,24892,9900,145,61.4,2,SEMI-AUTO,DIESEL
8842,13,E Class,2018,24950,999,145,54.3,2,SEMI-AUTO,DIESEL
8843,13,E Class,2018,24975,2334,145,61.4,2,SEMI-AUTO,DIESEL
8844,13,E Class,2018,24990,23000,145,57.7,2,AUTOMATIC,DIESEL
8845,13,E Class,2018,25495,18752,145,70.6,2,SEMI-AUTO,DIESEL
8846,13,E Class,2018,25498,10267,150,58.9,2,SEMI-AUTO,DIESEL
8847,13,E Class,2018,25499,3810,145,61.4,2,SEMI-AUTO,DIESEL
8848,13,E Class,2018,25500,11534,145,61.4,2,AUTOMATIC,DIESEL
8849,13,E Class,2018,25699,2183,145,61.4,2,SEMI-AUTO,DIESEL
8850,13,E Class,2018,25749,1624,145,61.4,2,SEMI-AUTO,DIESEL
8851,13,E Class,2018,25882,2861,145,61.4,2,SEMI-AUTO,DIESEL
8852,13,E Class,2018,25980,7832,145,58.9,2,AUTOMATIC,DIESEL
8853,13,E Class,2018,25980,12155,145,58.9,2,AUTOMATIC,DIESEL
8854,13,E Class,2018,26000,11790,145,58.9,2,AUTOMATIC,DIESEL
8855,13,E Class,2018,26250,15228,145,70.6,2,AUTOMATIC,DIESEL
8856,13,E Class,2018,26490,17993,145,58.9,2,SEMI-AUTO,DIESEL
8857,13,E Class,2018,26490,20316,145,70.6,2,SEMI-AUTO,DIESEL
8858,13,E Class,2018,26499,17131,145,57.7,2,SEMI-AUTO,DIESEL
8859,13,E Class,2018,26965,13438,145,40.4,2,SEMI-AUTO,PETROL
8860,13,E Class,2018,26998,6286,145,39.8,2,AUTOMATIC,PETROL
8861,13,E Class,2018,27000,14228,150,40.4,2,AUTOMATIC,PETROL
8862,13,E Class,2018,27000,15517,150,40.4,2,AUTOMATIC,PETROL
8863,13,E Class,2018,27099,17762,145,58.9,2,SEMI-AUTO,DIESEL
8864,13,E Class,2018,27242,11397,145,51.4,3,SEMI-AUTO,DIESEL
8865,13,E Class,2018,27272,15074,145,57.7,2,AUTOMATIC,DIESEL
8866,13,E Class,2018,27326,12443,145,70.6,2,SEMI-AUTO,DIESEL
8867,13,E Class,2018,27579,13000,150,57.7,2,SEMI-AUTO,DIESEL
8868,13,E Class,2018,27786,14288,145,70.6,2,SEMI-AUTO,DIESEL
8869,13,E Class,2018,27971,24874,150,40.4,2,SEMI-AUTO,PETROL
8870,13,E Class,2018,27980,7514,145,65.7,2,SEMI-AUTO,DIESEL
8871,13,E Class,2018,27991,10327,145,40.4,2,AUTOMATIC,PETROL
8872,13,E Class,2018,27995,19573,150,57.7,2,SEMI-AUTO,DIESEL
8873,13,E Class,2018,27999,5170,145,58.9,2,SEMI-AUTO,DIESEL
8874,13,E Class,2018,27999,14391,145,58.9,2,SEMI-AUTO,DIESEL
8875,13,E Class,2018,28124,15329,145,51.4,3,SEMI-AUTO,DIESEL
8876,13,E Class,2018,28306,10656,145,70.6,2,AUTOMATIC,DIESEL
8877,13,E Class,2018,28372,7410,145,70.6,2,SEMI-AUTO,DIESEL
8878,13,E Class,2018,28499,14391,145,70.6,2,AUTOMATIC,DIESEL
8879,13,E Class,2018,28750,12313,145,51.4,3,SEMI-AUTO,DIESEL
8880,13,E Class,2018,28790,13534,145,57.7,2,SEMI-AUTO,DIESEL
8881,13,E Class,2018,28849,1746,145,57.7,2,SEMI-AUTO,DIESEL
8882,13,E Class,2018,28970,10310,150,57.7,2,AUTOMATIC,DIESEL
8883,13,E Class,2018,28990,13590,145,51.4,3,SEMI-AUTO,DIESEL
8884,13,E Class,2018,29172,7634,145,70.6,2,SEMI-AUTO,DIESEL
8885,13,E Class,2018,29401,18147,145,57.7,2,SEMI-AUTO,DIESEL
8886,13,E Class,2018,29499,4992,145,57.7,2,SEMI-AUTO,DIESEL
8887,13,E Class,2018,29499,6841,145,57.7,2,SEMI-AUTO,DIESEL
8888,13,E Class,2018,29499,6841,150,57.7,2,SEMI-AUTO,DIESEL
8889,13,E Class,2018,29500,10250,145,57.7,2,SEMI-AUTO,DIESEL
8890,13,E Class,2018,29649,1070,145,57.7,2,AUTOMATIC,DIESEL
8891,13,E Class,2018,29750,11309,145,57.7,2,AUTOMATIC,DIESEL
8892,13,E Class,2018,29980,3421,145,57.7,2,SEMI-AUTO,DIESEL
8893,13,E Class,2018,29980,7806,145,51.4,3,SEMI-AUTO,DIESEL
8894,13,E Class,2018,29981,870,145,57.7,2,AUTOMATIC,DIESEL
8895,13,E Class,2018,29992,5310,145,51.4,3,AUTOMATIC,DIESEL
8896,13,E Class,2018,30000,8010,145,51.4,3,SEMI-AUTO,DIESEL
8897,13,E Class,2018,30000,11574,145,57.7,2,SEMI-AUTO,DIESEL
8898,13,E Class,2018,30202,20001,145,53.3,2,SEMI-AUTO,DIESEL
8899,13,E Class,2018,30249,6050,145,70.6,2,AUTOMATIC,DIESEL
8900,13,E Class,2018,30299,1539,145,57.7,2,SEMI-AUTO,DIESEL
8901,13,E Class,2018,30380,13947,145,40.4,2,SEMI-AUTO,PETROL
8902,13,E Class,2018,30399,5789,145,57.7,2,SEMI-AUTO,DIESEL
8903,13,E Class,2018,30480,7081,145,57.7,2,SEMI-AUTO,DIESEL
8904,13,E Class,2018,30480,9096,145,57.7,2,SEMI-AUTO,DIESEL
8905,13,E Class,2018,30495,12250,145,51.4,3,AUTOMATIC,DIESEL
8906,13,E Class,2018,30592,7684,145,57.7,2,AUTOMATIC,DIESEL
8907,13,E Class,2018,30680,6108,145,57.7,2,SEMI-AUTO,DIESEL
8908,13,E Class,2018,30680,9848,145,57.7,2,SEMI-AUTO,DIESEL
8909,13,E Class,2018,30980,2247,145,57.7,2,AUTOMATIC,DIESEL
8910,13,E Class,2018,30980,6951,145,70.6,2,SEMI-AUTO,DIESEL
8911,13,E Class,2018,30980,7578,145,57.7,2,SEMI-AUTO,DIESEL
8912,13,E Class,2018,30982,2114,145,39.2,2,SEMI-AUTO,PETROL
8913,13,E Class,2018,30995,9037,150,51.4,3,SEMI-AUTO,DIESEL
8914,13,E Class,2018,31299,6500,145,57.7,2,SEMI-AUTO,DIESEL
8915,13,E Class,2018,31480,5317,145,57.7,2,SEMI-AUTO,DIESEL
8916,13,E Class,2018,31480,6137,145,57.7,2,SEMI-AUTO,DIESEL
8917,13,E Class,2018,31480,6283,145,57.7,2,SEMI-AUTO,DIESEL
8918,13,E Class,2018,31480,6310,145,57.7,2,SEMI-AUTO,DIESEL
8919,13,E Class,2018,31480,11958,145,70.6,2,SEMI-AUTO,DIESEL
8920,13,E Class,2018,31900,5003,145,40.4,2,AUTOMATIC,PETROL
8921,13,E Class,2018,31980,13475,145,70.6,2,SEMI-AUTO,DIESEL
8922,13,E Class,2018,31980,13475,145,70.6,2,SEMI-AUTO,DIESEL
8923,13,E Class,2018,31990,9490,145,70.6,2,AUTOMATIC,DIESEL
8924,13,E Class,2018,31998,9000,145,70.6,2,SEMI-AUTO,DIESEL
8925,13,E Class,2018,32049,8053,145,41.5,3,SEMI-AUTO,DIESEL
8926,13,E Class,2018,32480,9679,145,57.7,2,SEMI-AUTO,DIESEL
8927,13,E Class,2018,32498,9252,145,33.6,3,SEMI-AUTO,PETROL
8928,13,E Class,2018,32980,10872,145,40.4,2,SEMI-AUTO,PETROL
8929,13,E Class,2018,33299,12100,145,40.4,2,SEMI-AUTO,PETROL
8930,13,E Class,2018,33688,1500,145,42.8,3,SEMI-AUTO,DIESEL
8931,13,E Class,2018,33980,1585,145,41.5,3,SEMI-AUTO,DIESEL
8932,13,E Class,2018,34199,413,145,41.5,3,SEMI-AUTO,DIESEL
8933,13,E Class,2018,34199,18331,145,41.5,3,SEMI-AUTO,DIESEL
8934,13,E Class,2018,34749,12458,145,41.5,3,AUTOMATIC,DIESEL
8935,13,E Class,2018,34980,6897,145,41.5,3,SEMI-AUTO,DIESEL
8936,13,E Class,2018,35749,12363,145,33.6,3,SEMI-AUTO,PETROL
8937,13,E Class,2018,35890,7200,145,42.8,3,AUTOMATIC,DIESEL
8938,13,E Class,2018,35950,5776,145,42.8,3,AUTOMATIC,DIESEL
8939,13,E Class,2018,35980,1306,145,41.5,3,SEMI-AUTO,DIESEL
8940,13,E Class,2018,35995,8396,150,41.5,3,AUTOMATIC,DIESEL
8941,13,E Class,2018,39495,11999,145,32.8,3,SEMI-AUTO,PETROL
8942,13,E Class,2018,41699,6910,145,33.6,3,SEMI-AUTO,PETROL
8943,13,E Class,2018,47998,9783,145,31.7,3,SEMI-AUTO,PETROL
8944,13,E Class,2018,50799,1462,145,31.7,3,SEMI-AUTO,PETROL
8945,13,E Class,2018,51200,4500,145,30.1,4,SEMI-AUTO,PETROL
8946,13,E Class,2018,51416,9330,145,32.1,4,AUTOMATIC,PETROL
8947,13,E Class,2018,55749,4003,145,32.1,4,SEMI-AUTO,PETROL
8948,13,E Class,2018,57599,89,145,30.1,4,SEMI-AUTO,PETROL
8949,13,E Class,2018,59899,89,145,30.1,4,SEMI-AUTO,PETROL
8950,13,E Class,2018,63990,28300,145,30.1,4,AUTOMATIC,PETROL
8951,13,E Class,2019,22990,14107,145,72.4,2,SEMI-AUTO,DIESEL
8952,13,E Class,2019,22990,14664,145,72.4,2,SEMI-AUTO,DIESEL
8953,13,E Class,2019,22990,15956,145,72.4,2,SEMI-AUTO,DIESEL
8954,13,E Class,2019,23480,18810,145,42.2,2,AUTOMATIC,PETROL
8955,13,E Class,2019,23690,14077,145,72.4,2,SEMI-AUTO,DIESEL
8956,13,E Class,2019,23690,14295,145,72.4,2,SEMI-AUTO,DIESEL
8957,13,E Class,2019,23816,7651,145,39.8,2,SEMI-AUTO,PETROL
8958,13,E Class,2019,23890,14098,145,72.4,2,SEMI-AUTO,DIESEL
8959,13,E Class,2019,23950,16916,145,65.7,2,AUTOMATIC,DIESEL
8960,13,E Class,2019,23990,13589,145,72.4,2,SEMI-AUTO,DIESEL
8961,13,E Class,2019,24000,13945,145,72.4,2,SEMI-AUTO,DIESEL
8962,13,E Class,2019,24000,16431,145,65.7,2,AUTOMATIC,DIESEL
8963,13,E Class,2019,24249,10860,145,72.4,2,AUTOMATIC,DIESEL
8964,13,E Class,2019,24250,11210,150,72.4,2,AUTOMATIC,DIESEL
8965,13,E Class,2019,24349,14522,145,72.4,2,SEMI-AUTO,DIESEL
8966,13,E Class,2019,24349,15189,145,72.4,2,SEMI-AUTO,DIESEL
8967,13,E Class,2019,24399,13940,145,72.4,2,SEMI-AUTO,DIESEL
8968,13,E Class,2019,24399,14061,145,72.4,2,SEMI-AUTO,DIESEL
8969,13,E Class,2019,24399,14163,145,72.4,2,SEMI-AUTO,DIESEL
8970,13,E Class,2019,24399,14391,145,72.4,2,SEMI-AUTO,DIESEL
8971,13,E Class,2019,24440,16313,150,72.4,2,AUTOMATIC,DIESEL
8972,13,E Class,2019,24449,13679,145,72.4,2,SEMI-AUTO,DIESEL
8973,13,E Class,2019,24449,14313,145,72.4,2,SEMI-AUTO,DIESEL
8974,13,E Class,2019,24480,11996,145,72.4,2,SEMI-AUTO,DIESEL
8975,13,E Class,2019,24480,11998,145,72.4,2,SEMI-AUTO,DIESEL
8976,13,E Class,2019,24480,12065,145,72.4,2,SEMI-AUTO,DIESEL
8977,13,E Class,2019,24480,13370,145,72.4,2,SEMI-AUTO,DIESEL
8978,13,E Class,2019,24480,14487,145,72.4,2,SEMI-AUTO,DIESEL
8979,13,E Class,2019,24480,14499,145,72.4,2,AUTOMATIC,DIESEL
8980,13,E Class,2019,24489,22561,145,61.4,2,SEMI-AUTO,DIESEL
8981,13,E Class,2019,24490,6762,145,67.3,2,SEMI-AUTO,DIESEL
8982,13,E Class,2019,24490,7542,145,67.3,2,SEMI-AUTO,DIESEL
8983,13,E Class,2019,24490,8499,150,67.3,2,SEMI-AUTO,DIESEL
8984,13,E Class,2019,24491,10764,145,72.4,2,SEMI-AUTO,DIESEL
8985,13,E Class,2019,24491,12231,145,72.4,2,SEMI-AUTO,DIESEL
8986,13,E Class,2019,24495,9800,145,72.4,2,SEMI-AUTO,DIESEL
8987,13,E Class,2019,24498,15316,145,72.4,2,SEMI-AUTO,DIESEL
8988,13,E Class,2019,24510,14885,145,72.4,2,AUTOMATIC,DIESEL
8989,13,E Class,2019,24535,14350,145,72.4,2,SEMI-AUTO,DIESEL
8990,13,E Class,2019,24541,10279,145,67.3,2,AUTOMATIC,DIESEL
8991,13,E Class,2019,24581,9882,145,72.4,2,SEMI-AUTO,DIESEL
8992,13,E Class,2019,24628,12938,145,72.4,2,SEMI-AUTO,DIESEL
8993,13,E Class,2019,24649,15289,145,72.4,2,SEMI-AUTO,DIESEL
8994,13,E Class,2019,24699,14735,145,72.4,2,SEMI-AUTO,DIESEL
8995,13,E Class,2019,24699,15009,145,72.4,2,SEMI-AUTO,DIESEL
8996,13,E Class,2019,24749,10388,145,72.4,2,SEMI-AUTO,DIESEL
8997,13,E Class,2019,24749,10451,145,72.4,2,SEMI-AUTO,DIESEL
8998,13,E Class,2019,24749,14186,145,72.4,2,SEMI-AUTO,DIESEL
8999,13,E Class,2019,24749,14207,145,72.4,2,SEMI-AUTO,DIESEL
9000,13,E Class,2019,24749,14218,145,72.4,2,SEMI-AUTO,DIESEL
9001,13,E Class,2019,24749,14242,145,72.4,2,SEMI-AUTO,DIESEL
9002,13,E Class,2019,24749,14352,145,72.4,2,SEMI-AUTO,DIESEL
9003,13,E Class,2019,24749,14360,145,72.4,2,SEMI-AUTO,DIESEL
9004,13,E Class,2019,24749,15083,145,72.4,2,SEMI-AUTO,DIESEL
9005,13,E Class,2019,24749,15181,145,72.4,2,SEMI-AUTO,DIESEL
9006,13,E Class,2019,24749,15210,145,72.4,2,AUTOMATIC,DIESEL
9007,13,E Class,2019,24749,15333,145,72.4,2,SEMI-AUTO,DIESEL
9008,13,E Class,2019,24780,2000,145,72.4,2,SEMI-AUTO,DIESEL
9009,13,E Class,2019,24780,2000,145,72.4,2,SEMI-AUTO,DIESEL
9010,13,E Class,2019,24780,6631,145,72.4,2,SEMI-AUTO,DIESEL
9011,13,E Class,2019,24780,10250,145,72.4,2,SEMI-AUTO,DIESEL
9012,13,E Class,2019,24780,11784,145,72.4,2,SEMI-AUTO,DIESEL
9013,13,E Class,2019,24780,11852,145,72.4,2,SEMI-AUTO,DIESEL
9014,13,E Class,2019,24780,12669,145,72.4,2,SEMI-AUTO,DIESEL
9015,13,E Class,2019,24780,13954,145,72.4,2,SEMI-AUTO,DIESEL
9016,13,E Class,2019,24780,14277,145,72.4,2,SEMI-AUTO,DIESEL
9017,13,E Class,2019,24780,14648,145,72.4,2,SEMI-AUTO,DIESEL
9018,13,E Class,2019,24780,14828,145,72.4,2,SEMI-AUTO,DIESEL
9019,13,E Class,2019,24799,13901,145,72.4,2,SEMI-AUTO,DIESEL
9020,13,E Class,2019,24799,14027,145,72.4,2,SEMI-AUTO,DIESEL
9021,13,E Class,2019,24799,14121,145,72.4,2,SEMI-AUTO,DIESEL
9022,13,E Class,2019,24799,14143,145,72.4,2,SEMI-AUTO,DIESEL
9023,13,E Class,2019,24799,14145,145,72.4,2,SEMI-AUTO,DIESEL
9024,13,E Class,2019,24800,3318,145,67.3,2,AUTOMATIC,DIESEL
9025,13,E Class,2019,24800,4537,145,67.3,2,AUTOMATIC,DIESEL
9026,13,E Class,2019,24849,13506,145,72.4,2,SEMI-AUTO,DIESEL
9027,13,E Class,2019,24849,13898,145,72.4,2,SEMI-AUTO,DIESEL
9028,13,E Class,2019,24849,13910,145,72.4,2,SEMI-AUTO,DIESEL
9029,13,E Class,2019,24849,14222,145,72.4,2,AUTOMATIC,DIESEL
9030,13,E Class,2019,24899,13474,145,72.4,2,SEMI-AUTO,DIESEL
9031,13,E Class,2019,24944,11997,145,67.3,2,AUTOMATIC,DIESEL
9032,13,E Class,2019,24950,5664,145,67.3,2,AUTOMATIC,DIESEL
9033,13,E Class,2019,24950,6399,145,67.3,2,AUTOMATIC,DIESEL
9034,13,E Class,2019,24965,14908,145,72.4,2,AUTOMATIC,DIESEL
9035,13,E Class,2019,24966,12982,145,72.4,2,AUTOMATIC,DIESEL
9036,13,E Class,2019,24981,11911,145,72.4,2,AUTOMATIC,DIESEL
9037,13,E Class,2019,24981,14857,145,72.4,2,AUTOMATIC,DIESEL
9038,13,E Class,2019,24990,12341,145,67.3,2,AUTOMATIC,DIESEL
9039,13,E Class,2019,24990,14715,145,72.4,2,AUTOMATIC,DIESEL
9040,13,E Class,2019,24990,14908,145,72.4,2,AUTOMATIC,DIESEL
9041,13,E Class,2019,24995,5352,145,67.3,2,SEMI-AUTO,DIESEL
9042,13,E Class,2019,24995,6308,145,67.3,2,SEMI-AUTO,DIESEL
9043,13,E Class,2019,24995,6584,145,72.4,2,AUTOMATIC,DIESEL
9044,13,E Class,2019,24995,8400,145,72.4,2,SEMI-AUTO,DIESEL
9045,13,E Class,2019,24995,14808,145,67.3,2,SEMI-AUTO,DIESEL
9046,13,E Class,2019,24995,15033,150,72.4,2,SEMI-AUTO,DIESEL
9047,13,E Class,2019,24999,7773,145,67.3,2,SEMI-AUTO,DIESEL
9048,13,E Class,2019,24999,10424,145,72.4,2,SEMI-AUTO,DIESEL
9049,13,E Class,2019,24999,11360,145,72.4,2,SEMI-AUTO,DIESEL
9050,13,E Class,2019,24999,13302,145,72.4,2,SEMI-AUTO,DIESEL
9051,13,E Class,2019,24999,13423,145,72.4,2,SEMI-AUTO,DIESEL
9052,13,E Class,2019,24999,13967,145,72.4,2,SEMI-AUTO,DIESEL
9053,13,E Class,2019,25000,14521,145,72.4,2,SEMI-AUTO,DIESEL
9054,13,E Class,2019,25046,12560,145,72.4,2,AUTOMATIC,DIESEL
9055,13,E Class,2019,25099,16053,145,72.4,2,SEMI-AUTO,DIESEL
9056,13,E Class,2019,25102,11815,145,72.4,2,AUTOMATIC,DIESEL
9057,13,E Class,2019,25146,14338,145,72.4,2,AUTOMATIC,DIESEL
9058,13,E Class,2019,25149,10306,145,72.4,2,SEMI-AUTO,DIESEL
9059,13,E Class,2019,25149,10444,145,72.4,2,SEMI-AUTO,DIESEL
9060,13,E Class,2019,25149,10652,145,72.4,2,SEMI-AUTO,DIESEL
9061,13,E Class,2019,25149,10807,145,72.4,2,SEMI-AUTO,DIESEL
9062,13,E Class,2019,25196,14764,145,72.4,2,AUTOMATIC,DIESEL
9063,13,E Class,2019,25199,9580,145,72.4,2,SEMI-AUTO,DIESEL
9064,13,E Class,2019,25199,9900,145,72.4,2,SEMI-AUTO,DIESEL
9065,13,E Class,2019,25199,10315,145,72.4,2,SEMI-AUTO,DIESEL
9066,13,E Class,2019,25199,13835,145,72.4,2,SEMI-AUTO,DIESEL
9067,13,E Class,2019,25276,9045,145,72.4,2,SEMI-AUTO,DIESEL
9068,13,E Class,2019,25276,15156,145,67.3,2,AUTOMATIC,DIESEL
9069,13,E Class,2019,25295,14973,145,65.7,2,SEMI-AUTO,DIESEL
9070,13,E Class,2019,25299,8136,145,72.4,2,SEMI-AUTO,DIESEL
9071,13,E Class,2019,25299,8470,145,72.4,2,SEMI-AUTO,DIESEL
9072,13,E Class,2019,25299,15563,145,72.4,2,SEMI-AUTO,DIESEL
9073,13,E Class,2019,25346,15336,145,67.3,2,SEMI-AUTO,DIESEL
9074,13,E Class,2019,25349,7894,145,72.4,2,SEMI-AUTO,DIESEL
9075,13,E Class,2019,25349,11705,145,67.3,2,SEMI-AUTO,DIESEL
9076,13,E Class,2019,25390,8032,145,67.3,2,AUTOMATIC,DIESEL
9077,13,E Class,2019,25399,11290,145,72.4,2,AUTOMATIC,DIESEL
9078,13,E Class,2019,25449,6937,145,72.4,2,SEMI-AUTO,DIESEL
9079,13,E Class,2019,25449,12428,145,72.4,2,AUTOMATIC,DIESEL
9080,13,E Class,2019,25480,2000,145,67.3,2,AUTOMATIC,DIESEL
9081,13,E Class,2019,25480,5944,145,72.4,2,SEMI-AUTO,DIESEL
9082,13,E Class,2019,25480,12954,145,72.4,2,SEMI-AUTO,DIESEL
9083,13,E Class,2019,25480,13885,145,72.4,2,SEMI-AUTO,DIESEL
9084,13,E Class,2019,25480,14763,145,72.4,2,SEMI-AUTO,DIESEL
9085,13,E Class,2019,25481,9436,145,72.4,2,SEMI-AUTO,DIESEL
9086,13,E Class,2019,25489,7781,145,72.4,2,AUTOMATIC,DIESEL
9087,13,E Class,2019,25490,3010,145,67.3,2,SEMI-AUTO,DIESEL
9088,13,E Class,2019,25490,6529,145,42.2,2,SEMI-AUTO,PETROL
9089,13,E Class,2019,25490,7512,145,72.4,2,AUTOMATIC,DIESEL
9090,13,E Class,2019,25495,7499,145,67.3,2,SEMI-AUTO,DIESEL
9091,13,E Class,2019,25495,14777,145,67.3,2,SEMI-AUTO,DIESEL
9092,13,E Class,2019,25499,5600,145,67.3,2,SEMI-AUTO,DIESEL
9093,13,E Class,2019,25499,7488,145,67.3,2,SEMI-AUTO,DIESEL
9094,13,E Class,2019,25499,10423,145,72.4,2,SEMI-AUTO,DIESEL
9095,13,E Class,2019,25554,10524,145,72.4,2,SEMI-AUTO,DIESEL
9096,13,E Class,2019,25599,9396,145,72.4,2,SEMI-AUTO,DIESEL
9097,13,E Class,2019,25599,9953,145,72.4,2,SEMI-AUTO,DIESEL
9098,13,E Class,2019,25599,12277,145,72.4,2,SEMI-AUTO,DIESEL
9099,13,E Class,2019,25636,14979,145,72.4,2,SEMI-AUTO,DIESEL
9100,13,E Class,2019,25676,9155,145,72.4,2,SEMI-AUTO,DIESEL
9101,13,E Class,2019,25699,12050,145,72.4,2,SEMI-AUTO,DIESEL
9102,13,E Class,2019,25699,13509,145,72.4,2,SEMI-AUTO,DIESEL
9103,13,E Class,2019,25764,7534,145,67.3,2,SEMI-AUTO,DIESEL
9104,13,E Class,2019,25780,5978,145,67.3,2,AUTOMATIC,DIESEL
9105,13,E Class,2019,25780,7580,145,67.3,2,AUTOMATIC,DIESEL
9106,13,E Class,2019,25780,9853,145,72.4,2,SEMI-AUTO,DIESEL
9107,13,E Class,2019,25780,10171,145,72.4,2,SEMI-AUTO,DIESEL
9108,13,E Class,2019,25780,11082,145,72.4,2,SEMI-AUTO,DIESEL
9109,13,E Class,2019,25780,11205,145,72.4,2,SEMI-AUTO,DIESEL
9110,13,E Class,2019,25780,12467,145,72.4,2,SEMI-AUTO,DIESEL
9111,13,E Class,2019,25780,12856,145,72.4,2,SEMI-AUTO,DIESEL
9112,13,E Class,2019,25780,12994,145,72.4,2,SEMI-AUTO,DIESEL
9113,13,E Class,2019,25780,13319,145,72.4,2,SEMI-AUTO,DIESEL
9114,13,E Class,2019,25780,13443,145,72.4,2,SEMI-AUTO,DIESEL
9115,13,E Class,2019,25780,14136,145,72.4,2,SEMI-AUTO,DIESEL
9116,13,E Class,2019,25780,14228,145,72.4,2,SEMI-AUTO,DIESEL
9117,13,E Class,2019,25780,14259,145,72.4,2,SEMI-AUTO,DIESEL
9118,13,E Class,2019,25780,14430,145,72.4,2,SEMI-AUTO,DIESEL
9119,13,E Class,2019,25780,14558,145,72.4,2,SEMI-AUTO,DIESEL
9120,13,E Class,2019,25780,14620,145,72.4,2,SEMI-AUTO,DIESEL
9121,13,E Class,2019,25780,14771,145,72.4,2,SEMI-AUTO,DIESEL
9122,13,E Class,2019,25780,14784,145,72.4,2,SEMI-AUTO,DIESEL
9123,13,E Class,2019,25780,14832,145,72.4,2,SEMI-AUTO,DIESEL
9124,13,E Class,2019,25780,15009,145,72.4,2,SEMI-AUTO,DIESEL
9125,13,E Class,2019,25780,15107,145,72.4,2,SEMI-AUTO,DIESEL
9126,13,E Class,2019,25780,15122,145,72.4,2,SEMI-AUTO,DIESEL
9127,13,E Class,2019,25780,15403,145,72.4,2,SEMI-AUTO,DIESEL
9128,13,E Class,2019,25780,15426,145,72.4,2,SEMI-AUTO,DIESEL
9129,13,E Class,2019,25780,15854,145,72.4,2,SEMI-AUTO,DIESEL
9130,13,E Class,2019,25795,11268,145,72.4,2,AUTOMATIC,DIESEL
9131,13,E Class,2019,25799,10551,145,72.4,2,SEMI-AUTO,DIESEL
9132,13,E Class,2019,25890,6500,145,72.4,2,AUTOMATIC,DIESEL
9133,13,E Class,2019,25890,9755,145,72.4,2,AUTOMATIC,DIESEL
9134,13,E Class,2019,25899,4997,145,72.4,2,SEMI-AUTO,DIESEL
9135,13,E Class,2019,25899,11959,145,72.4,2,AUTOMATIC,DIESEL
9136,13,E Class,2019,25905,7695,145,67.3,2,SEMI-AUTO,DIESEL
9137,13,E Class,2019,25966,6122,145,72.4,2,SEMI-AUTO,DIESEL
9138,13,E Class,2019,25980,3850,145,67.3,2,AUTOMATIC,DIESEL
9139,13,E Class,2019,25980,10778,145,72.4,2,SEMI-AUTO,DIESEL
9140,13,E Class,2019,25980,11116,145,72.4,2,SEMI-AUTO,DIESEL
9141,13,E Class,2019,25989,3443,145,67.3,2,AUTOMATIC,DIESEL
9142,13,E Class,2019,25995,6620,145,67.3,2,AUTOMATIC,DIESEL
9143,13,E Class,2019,25995,7499,145,67.3,2,SEMI-AUTO,DIESEL
9144,13,E Class,2019,25999,3900,145,72.4,2,SEMI-AUTO,DIESEL
9145,13,E Class,2019,25999,8396,145,72.4,2,SEMI-AUTO,DIESEL
9146,13,E Class,2019,25999,12274,145,72.4,2,SEMI-AUTO,DIESEL
9147,13,E Class,2019,26000,6248,145,67.3,2,SEMI-AUTO,DIESEL
9148,13,E Class,2019,26026,14140,145,72.4,2,AUTOMATIC,DIESEL
9149,13,E Class,2019,26099,3310,145,72.4,2,SEMI-AUTO,DIESEL
9150,13,E Class,2019,26099,6305,145,72.4,2,SEMI-AUTO,DIESEL
9151,13,E Class,2019,26099,9401,145,72.4,2,SEMI-AUTO,DIESEL
9152,13,E Class,2019,26185,3816,145,72.4,2,SEMI-AUTO,DIESEL
9153,13,E Class,2019,26199,2000,145,72.4,2,SEMI-AUTO,DIESEL
9154,13,E Class,2019,26299,3665,145,72.4,2,SEMI-AUTO,DIESEL
9155,13,E Class,2019,26335,5690,145,67.3,2,SEMI-AUTO,DIESEL
9156,13,E Class,2019,26385,4298,145,67.3,2,SEMI-AUTO,DIESEL
9157,13,E Class,2019,26399,15189,145,72.4,2,SEMI-AUTO,DIESEL
9158,13,E Class,2019,26399,15333,145,72.4,2,SEMI-AUTO,DIESEL
9159,13,E Class,2019,26480,12677,145,72.4,2,SEMI-AUTO,DIESEL
9160,13,E Class,2019,26499,2638,145,72.4,2,SEMI-AUTO,DIESEL
9161,13,E Class,2019,26499,3350,145,67.3,2,AUTOMATIC,DIESEL
9162,13,E Class,2019,26499,13304,145,72.4,2,SEMI-AUTO,DIESEL
9163,13,E Class,2019,26889,9116,145,72.4,2,AUTOMATIC,DIESEL
9164,13,E Class,2019,26890,6416,145,61.4,2,SEMI-AUTO,DIESEL
9165,13,E Class,2019,26925,100,145,67.3,2,SEMI-AUTO,DIESEL
9166,13,E Class,2019,26949,10862,145,67.3,2,SEMI-AUTO,DIESEL
9167,13,E Class,2019,26980,1506,145,67.3,2,SEMI-AUTO,DIESEL
9168,13,E Class,2019,26980,6311,145,61.4,2,AUTOMATIC,DIESEL
9169,13,E Class,2019,26980,13278,145,67.3,2,SEMI-AUTO,DIESEL
9170,13,E Class,2019,26980,14105,145,67.3,2,SEMI-AUTO,DIESEL
9171,13,E Class,2019,26980,15180,145,67.3,2,SEMI-AUTO,DIESEL
9172,13,E Class,2019,26980,17556,145,67.3,2,SEMI-AUTO,DIESEL
9173,13,E Class,2019,26995,7475,145,42.2,2,AUTOMATIC,PETROL
9174,13,E Class,2019,26999,4673,145,39.8,2,SEMI-AUTO,PETROL
9175,13,E Class,2019,26999,6134,150,72.4,2,SEMI-AUTO,DIESEL
9176,13,E Class,2019,27028,5179,145,67.3,2,AUTOMATIC,DIESEL
9177,13,E Class,2019,27300,811,145,65.7,2,AUTOMATIC,DIESEL
9178,13,E Class,2019,27316,6184,145,58.9,2,SEMI-AUTO,DIESEL
9179,13,E Class,2019,27679,8120,145,65.7,2,SEMI-AUTO,DIESEL
9180,13,E Class,2019,27750,14943,145,58.9,2,SEMI-AUTO,DIESEL
9181,13,E Class,2019,27750,15262,145,58.9,2,AUTOMATIC,DIESEL
9182,13,E Class,2019,27770,10825,145,58.9,2,SEMI-AUTO,DIESEL
9183,13,E Class,2019,27790,9000,145,61.4,2,SEMI-AUTO,DIESEL
9184,13,E Class,2019,27799,13500,145,67.3,2,SEMI-AUTO,DIESEL
9185,13,E Class,2019,27949,6149,145,67.3,2,SEMI-AUTO,DIESEL
9186,13,E Class,2019,27980,3823,145,39.8,2,SEMI-AUTO,PETROL
9187,13,E Class,2019,27980,11085,145,58.9,2,SEMI-AUTO,DIESEL
9188,13,E Class,2019,27980,13924,145,65.7,2,SEMI-AUTO,DIESEL
9189,13,E Class,2019,27980,13924,145,65.7,2,SEMI-AUTO,DIESEL
9190,13,E Class,2019,27980,13975,145,65.7,2,SEMI-AUTO,DIESEL
9191,13,E Class,2019,27980,13975,145,65.7,2,SEMI-AUTO,DIESEL
9192,13,E Class,2019,27980,14159,145,65.7,2,SEMI-AUTO,DIESEL
9193,13,E Class,2019,27980,14338,145,65.7,2,SEMI-AUTO,DIESEL
9194,13,E Class,2019,27980,14479,145,61.4,2,SEMI-AUTO,DIESEL
9195,13,E Class,2019,27990,4158,145,39.8,2,SEMI-AUTO,PETROL
9196,13,E Class,2019,27991,9037,145,65.7,2,SEMI-AUTO,DIESEL
9197,13,E Class,2019,27995,5594,150,58.9,2,SEMI-AUTO,DIESEL
9198,13,E Class,2019,27999,6374,145,67.3,2,SEMI-AUTO,DIESEL
9199,13,E Class,2019,28000,14665,150,65.7,2,SEMI-AUTO,DIESEL
9200,13,E Class,2019,28049,14307,145,65.7,2,SEMI-AUTO,DIESEL
9201,13,E Class,2019,28149,3242,145,39.8,2,SEMI-AUTO,PETROL
9202,13,E Class,2019,28149,34000,145,39.8,2,SEMI-AUTO,PETROL
9203,13,E Class,2019,28200,13615,145,58.9,2,SEMI-AUTO,DIESEL
9204,13,E Class,2019,28249,14833,145,58.9,2,SEMI-AUTO,DIESEL
9205,13,E Class,2019,28299,2000,145,39.8,2,SEMI-AUTO,PETROL
9206,13,E Class,2019,28349,1450,145,39.8,2,AUTOMATIC,PETROL
9207,13,E Class,2019,28449,12778,145,58.9,2,SEMI-AUTO,DIESEL
9208,13,E Class,2019,28452,33,145,65.7,2,SEMI-AUTO,DIESEL
9209,13,E Class,2019,28470,2000,145,65.7,2,SEMI-AUTO,DIESEL
9210,13,E Class,2019,28480,9876,145,58.9,2,SEMI-AUTO,DIESEL
9211,13,E Class,2019,28480,11152,145,58.9,2,SEMI-AUTO,DIESEL
9212,13,E Class,2019,28480,12667,145,58.9,2,SEMI-AUTO,DIESEL
9213,13,E Class,2019,28480,14827,145,58.9,2,SEMI-AUTO,DIESEL
9214,13,E Class,2019,28499,8097,145,61.4,2,SEMI-AUTO,DIESEL
9215,13,E Class,2019,28500,12972,145,58.9,2,SEMI-AUTO,DIESEL
9216,13,E Class,2019,28500,14188,145,58.9,2,SEMI-AUTO,DIESEL
9217,13,E Class,2019,28692,14950,145,58.9,2,SEMI-AUTO,DIESEL
9218,13,E Class,2019,28699,13217,145,58.9,2,SEMI-AUTO,DIESEL
9219,13,E Class,2019,28706,15012,145,58.9,2,SEMI-AUTO,DIESEL
9220,13,E Class,2019,28799,2298,145,61.4,2,SEMI-AUTO,DIESEL
9221,13,E Class,2019,28799,12236,145,58.9,2,SEMI-AUTO,DIESEL
9222,13,E Class,2019,28850,11354,145,58.9,2,SEMI-AUTO,DIESEL
9223,13,E Class,2019,28866,13089,145,58.9,2,AUTOMATIC,DIESEL
9224,13,E Class,2019,28871,8529,150,61.4,2,SEMI-AUTO,DIESEL
9225,13,E Class,2019,28879,7668,145,61.4,2,SEMI-AUTO,DIESEL
9226,13,E Class,2019,28899,13828,145,58.9,2,SEMI-AUTO,DIESEL
9227,13,E Class,2019,28950,14321,145,58.9,2,SEMI-AUTO,DIESEL
9228,13,E Class,2019,28980,3449,145,61.4,2,SEMI-AUTO,DIESEL
9229,13,E Class,2019,28980,10156,145,58.9,2,SEMI-AUTO,DIESEL
9230,13,E Class,2019,28980,13504,145,58.9,2,SEMI-AUTO,DIESEL
9231,13,E Class,2019,28990,20,145,72.4,2,AUTOMATIC,DIESEL
9232,13,E Class,2019,28995,12630,145,61.4,2,SEMI-AUTO,DIESEL
9233,13,E Class,2019,28998,26100,145,65.7,2,SEMI-AUTO,DIESEL
9234,13,E Class,2019,29099,10560,145,58.9,2,SEMI-AUTO,DIESEL
9235,13,E Class,2019,29316,34404,145,70.6,2,SEMI-AUTO,DIESEL
9236,13,E Class,2019,29399,8181,145,58.9,2,AUTOMATIC,DIESEL
9237,13,E Class,2019,29477,14000,150,53.3,2,AUTOMATIC,DIESEL
9238,13,E Class,2019,29480,5932,145,58.9,2,SEMI-AUTO,DIESEL
9239,13,E Class,2019,29480,7859,145,61.4,2,SEMI-AUTO,DIESEL
9240,13,E Class,2019,29480,12088,145,58.9,2,AUTOMATIC,DIESEL
9241,13,E Class,2019,29549,5133,145,58.9,2,SEMI-AUTO,DIESEL
9242,13,E Class,2019,29780,7765,145,65.7,2,AUTOMATIC,DIESEL
9243,13,E Class,2019,29799,2553,145,70.6,2,AUTOMATIC,DIESEL
9244,13,E Class,2019,29799,8200,145,58.9,2,SEMI-AUTO,DIESEL
9245,13,E Class,2019,29849,5981,145,65.7,2,SEMI-AUTO,DIESEL
9246,13,E Class,2019,29900,14605,150,58.9,2,SEMI-AUTO,DIESEL
9247,13,E Class,2019,29950,5822,145,45.6,2,AUTOMATIC,DIESEL
9248,13,E Class,2019,29966,7278,145,58.9,2,AUTOMATIC,DIESEL
9249,13,E Class,2019,29980,13708,145,58.9,2,SEMI-AUTO,DIESEL
9250,13,E Class,2019,29991,10356,145,70.6,2,AUTOMATIC,DIESEL
9251,13,E Class,2019,30000,12638,150,58.9,2,SEMI-AUTO,DIESEL
9252,13,E Class,2019,30000,16478,150,58.9,2,SEMI-AUTO,DIESEL
9253,13,E Class,2019,30350,3607,145,57.7,2,SEMI-AUTO,DIESEL
9254,13,E Class,2019,30640,11264,145,70.6,2,SEMI-AUTO,DIESEL
9255,13,E Class,2019,30879,7686,145,65.7,2,SEMI-AUTO,DIESEL
9256,13,E Class,2019,30890,890,145,39.8,2,AUTOMATIC,PETROL
9257,13,E Class,2019,30980,4831,145,61.4,2,SEMI-AUTO,DIESEL
9258,13,E Class,2019,30999,10676,145,70.6,2,SEMI-AUTO,DIESEL
9259,13,E Class,2019,31249,9379,145,70.6,2,SEMI-AUTO,DIESEL
9260,13,E Class,2019,31299,15055,145,58.9,2,SEMI-AUTO,DIESEL
9261,13,E Class,2019,31490,3948,145,45.6,2,SEMI-AUTO,DIESEL
9262,13,E Class,2019,31499,11415,145,58.9,2,SEMI-AUTO,DIESEL
9263,13,E Class,2019,31500,5130,145,72.4,2,AUTOMATIC,DIESEL
9264,13,E Class,2019,31628,1499,145,41.5,3,SEMI-AUTO,DIESEL
9265,13,E Class,2019,31745,4282,145,45.6,2,AUTOMATIC,DIESEL
9266,13,E Class,2019,31980,5412,145,70.6,2,SEMI-AUTO,DIESEL
9267,13,E Class,2019,31990,7905,145,42.8,2,AUTOMATIC,DIESEL
9268,13,E Class,2019,31995,1411,145,45.6,2,AUTOMATIC,DIESEL
9269,13,E Class,2019,31995,5853,145,45.6,2,AUTOMATIC,DIESEL
9270,13,E Class,2019,31995,8000,145,45.6,2,AUTOMATIC,DIESEL
9271,13,E Class,2019,31995,10000,145,45.6,2,AUTOMATIC,DIESEL
9272,13,E Class,2019,32240,6240,145,42.8,2,AUTOMATIC,DIESEL
9273,13,E Class,2019,32455,8466,145,70.6,2,SEMI-AUTO,DIESEL
9274,13,E Class,2019,32480,8939,145,70.6,2,SEMI-AUTO,DIESEL
9275,13,E Class,2019,32480,10030,145,51.4,3,AUTOMATIC,DIESEL
9276,13,E Class,2019,32490,3375,145,42.8,2,SEMI-AUTO,DIESEL
9277,13,E Class,2019,32495,500,145,45.6,2,AUTOMATIC,DIESEL
9278,13,E Class,2019,32495,999,145,70.6,2,AUTOMATIC,DIESEL
9279,13,E Class,2019,32499,5631,145,70.6,2,SEMI-AUTO,DIESEL
9280,13,E Class,2019,32499,5683,145,70.6,2,AUTOMATIC,DIESEL
9281,13,E Class,2019,32499,7542,145,70.6,2,SEMI-AUTO,DIESEL
9282,13,E Class,2019,32500,513,145,45.6,2,SEMI-AUTO,DIESEL
9283,13,E Class,2019,32640,5615,145,45.6,2,AUTOMATIC,DIESEL
9284,13,E Class,2019,32670,5820,145,70.6,2,SEMI-AUTO,DIESEL
9285,13,E Class,2019,32684,50,150,72.4,2,SEMI-AUTO,DIESEL
9286,13,E Class,2019,32734,11458,145,57.7,2,SEMI-AUTO,DIESEL
9287,13,E Class,2019,32750,9500,145,42.8,2,AUTOMATIC,DIESEL
9288,13,E Class,2019,32849,7669,145,57.7,2,SEMI-AUTO,DIESEL
9289,13,E Class,2019,32890,5807,150,57.7,2,AUTOMATIC,DIESEL
9290,13,E Class,2019,32900,3646,150,57.7,2,AUTOMATIC,DIESEL
9291,13,E Class,2019,32949,9051,145,57.7,2,SEMI-AUTO,DIESEL
9292,13,E Class,2019,32980,4998,145,57.7,2,SEMI-AUTO,DIESEL
9293,13,E Class,2019,32980,5164,145,57.7,2,SEMI-AUTO,DIESEL
9294,13,E Class,2019,32980,8655,145,57.7,2,SEMI-AUTO,DIESEL
9295,13,E Class,2019,32980,9108,145,57.7,2,SEMI-AUTO,DIESEL
9296,13,E Class,2019,32998,8946,145,44.8,2,AUTOMATIC,DIESEL
9297,13,E Class,2019,32999,7626,145,45.6,2,AUTOMATIC,DIESEL
9298,13,E Class,2019,33099,5260,145,70.6,2,SEMI-AUTO,DIESEL
9299,13,E Class,2019,33149,5237,145,70.6,2,SEMI-AUTO,DIESEL
9300,13,E Class,2019,33285,5163,145,42.8,2,AUTOMATIC,DIESEL
9301,13,E Class,2019,33299,2674,145,42.8,2,AUTOMATIC,DIESEL
9302,13,E Class,2019,33299,3969,145,42.8,2,AUTOMATIC,DIESEL
9303,13,E Class,2019,33299,7550,145,57.7,2,SEMI-AUTO,DIESEL
9304,13,E Class,2019,33350,3692,145,45.6,2,SEMI-AUTO,DIESEL
9305,13,E Class,2019,33356,11551,145,39.2,2,SEMI-AUTO,PETROL
9306,13,E Class,2019,33399,2582,145,45.6,2,SEMI-AUTO,DIESEL
9307,13,E Class,2019,33480,4422,145,42.8,2,SEMI-AUTO,DIESEL
9308,13,E Class,2019,33480,7800,145,45.6,2,AUTOMATIC,DIESEL
9309,13,E Class,2019,33499,1934,145,45.6,2,SEMI-AUTO,DIESEL
9310,13,E Class,2019,33499,3887,145,45.6,2,AUTOMATIC,DIESEL
9311,13,E Class,2019,33499,8493,145,57.7,2,SEMI-AUTO,DIESEL
9312,13,E Class,2019,33680,9854,145,40.4,2,SEMI-AUTO,PETROL
9313,13,E Class,2019,33700,12542,145,40.4,2,SEMI-AUTO,PETROL
9314,13,E Class,2019,33719,1000,145,70.6,2,SEMI-AUTO,DIESEL
9315,13,E Class,2019,33750,2877,145,45.6,2,AUTOMATIC,DIESEL
9316,13,E Class,2019,33879,1000,145,70.6,2,AUTOMATIC,DIESEL
9317,13,E Class,2019,33899,5698,145,57.7,2,SEMI-AUTO,DIESEL
9318,13,E Class,2019,33900,3501,145,57.7,2,AUTOMATIC,DIESEL
9319,13,E Class,2019,33980,12928,145,48.7,3,SEMI-AUTO,DIESEL
9320,13,E Class,2019,33990,4025,145,42.8,2,AUTOMATIC,DIESEL
9321,13,E Class,2019,33995,5000,145,45.6,2,SEMI-AUTO,DIESEL
9322,13,E Class,2019,34099,1000,145,45.6,2,SEMI-AUTO,DIESEL
9323,13,E Class,2019,34099,4811,145,57.7,2,SEMI-AUTO,DIESEL
9324,13,E Class,2019,34139,6425,145,57.7,2,AUTOMATIC,DIESEL
9325,13,E Class,2019,34220,35,145,45.6,2,AUTOMATIC,DIESEL
9326,13,E Class,2019,34269,1000,145,45.6,2,AUTOMATIC,DIESEL
9327,13,E Class,2019,34280,40,145,65.7,2,SEMI-AUTO,DIESEL
9328,13,E Class,2019,34335,5812,145,42.8,2,AUTOMATIC,DIESEL
9329,13,E Class,2019,34400,10434,150,48.7,2.9,AUTOMATIC,DIESEL
9330,13,E Class,2019,34480,6144,145,57.7,2,SEMI-AUTO,DIESEL
9331,13,E Class,2019,34499,1825,145,70.6,2,SEMI-AUTO,DIESEL
9332,13,E Class,2019,34500,3000,145,70.6,2,SEMI-AUTO,DIESEL
9333,13,E Class,2019,34526,2320,145,57.7,2,AUTOMATIC,DIESEL
9334,13,E Class,2019,34544,5508,145,57.7,2,SEMI-AUTO,DIESEL
9335,13,E Class,2019,34556,8436,145,39.2,2,SEMI-AUTO,PETROL
9336,13,E Class,2019,34622,2566,145,57.7,2,SEMI-AUTO,DIESEL
9337,13,E Class,2019,34630,3752,145,42.8,2,AUTOMATIC,DIESEL
9338,13,E Class,2019,34640,2824,150,42.8,3,SEMI-AUTO,DIESEL
9339,13,E Class,2019,34695,2676,135,188.3,2,SEMI-AUTO,HYBRID
9340,13,E Class,2019,34724,7506,145,48.7,3,AUTOMATIC,DIESEL
9341,13,E Class,2019,34740,4999,145,42.8,2,AUTOMATIC,DIESEL
9342,13,E Class,2019,34740,4999,145,45.6,2,AUTOMATIC,DIESEL
9343,13,E Class,2019,34799,5000,145,45.6,2,AUTOMATIC,DIESEL
9344,13,E Class,2019,34820,6999,145,45.6,2,AUTOMATIC,DIESEL
9345,13,E Class,2019,34849,15553,145,48.7,3,SEMI-AUTO,DIESEL
9346,13,E Class,2019,34890,13883,145,48.7,3,SEMI-AUTO,DIESEL
9347,13,E Class,2019,34899,4772,145,70.6,2,SEMI-AUTO,DIESEL
9348,13,E Class,2019,34899,15284,145,48.7,3,SEMI-AUTO,DIESEL
9349,13,E Class,2019,34950,5062,145,42.8,2,AUTOMATIC,DIESEL
9350,13,E Class,2019,34950,13997,145,48.7,3,SEMI-AUTO,DIESEL
9351,13,E Class,2019,34980,2003,145,57.7,2,SEMI-AUTO,DIESEL
9352,13,E Class,2019,34980,3613,145,57.7,2,SEMI-AUTO,DIESEL
9353,13,E Class,2019,34980,3917,145,53.3,2,SEMI-AUTO,DIESEL
9354,13,E Class,2019,34980,4196,145,70.6,2,SEMI-AUTO,DIESEL
9355,13,E Class,2019,34980,6306,145,70.6,2,SEMI-AUTO,DIESEL
9356,13,E Class,2019,34980,7068,145,57.7,2,SEMI-AUTO,DIESEL
9357,13,E Class,2019,34980,7068,145,57.7,2,SEMI-AUTO,DIESEL
9358,13,E Class,2019,34990,20,145,45.6,2,SEMI-AUTO,DIESEL
9359,13,E Class,2019,34990,3190,145,57.7,2,AUTOMATIC,DIESEL
9360,13,E Class,2019,34995,4016,145,57.7,2,SEMI-AUTO,DIESEL
9361,13,E Class,2019,34995,4129,140,201.8,2,AUTOMATIC,HYBRID
9362,13,E Class,2019,34995,14335,140,176.6,2,SEMI-AUTO,HYBRID
9363,13,E Class,2019,34999,3174,145,45.6,2,SEMI-AUTO,DIESEL
9364,13,E Class,2019,34999,14461,145,48.7,3,SEMI-AUTO,DIESEL
9365,13,E Class,2019,35049,13925,145,48.7,3,SEMI-AUTO,DIESEL
9366,13,E Class,2019,35099,1000,145,70.6,2,SEMI-AUTO,DIESEL
9367,13,E Class,2019,35099,2339,145,45.6,2,SEMI-AUTO,DIESEL
9368,13,E Class,2019,35149,7630,145,48.7,3,SEMI-AUTO,DIESEL
9369,13,E Class,2019,35149,13047,145,48.7,3,SEMI-AUTO,DIESEL
9370,13,E Class,2019,35299,2110,145,70.6,2,SEMI-AUTO,DIESEL
9371,13,E Class,2019,35349,11598,145,48.7,3,SEMI-AUTO,DIESEL
9372,13,E Class,2019,35349,11798,145,48.7,3,SEMI-AUTO,DIESEL
9373,13,E Class,2019,35400,35,145,42.8,2,AUTOMATIC,DIESEL
9374,13,E Class,2019,35480,723,145,57.7,2,SEMI-AUTO,DIESEL
9375,13,E Class,2019,35480,3846,145,57.7,2,SEMI-AUTO,DIESEL
9376,13,E Class,2019,35599,14954,145,48.7,3,AUTOMATIC,DIESEL
9377,13,E Class,2019,35659,1000,145,42.8,2,SEMI-AUTO,DIESEL
9378,13,E Class,2019,35660,7322,145,33.7,2,AUTOMATIC,PETROL
9379,13,E Class,2019,35699,8813,145,48.7,3,SEMI-AUTO,DIESEL
9380,13,E Class,2019,35699,8911,145,48.7,3,SEMI-AUTO,DIESEL
9381,13,E Class,2019,35699,8919,145,48.7,3,SEMI-AUTO,DIESEL
9382,13,E Class,2019,35699,9957,145,42.8,2,SEMI-AUTO,DIESEL
9383,13,E Class,2019,35849,7697,145,48.7,3,SEMI-AUTO,DIESEL
9384,13,E Class,2019,35849,9084,145,42.8,2,SEMI-AUTO,DIESEL
9385,13,E Class,2019,35849,9475,145,57.7,2,SEMI-AUTO,DIESEL
9386,13,E Class,2019,35890,8797,135,134.5,2,AUTOMATIC,HYBRID
9387,13,E Class,2019,35899,5393,145,42.8,2,SEMI-AUTO,DIESEL
9388,13,E Class,2019,35949,6995,145,48.7,3,SEMI-AUTO,DIESEL
9389,13,E Class,2019,35980,9,145,45.6,2,SEMI-AUTO,DIESEL
9390,13,E Class,2019,35980,9,145,45.6,2,SEMI-AUTO,DIESEL
9391,13,E Class,2019,35990,5526,145,70.6,2,SEMI-AUTO,DIESEL
9392,13,E Class,2019,35995,2000,145,70.6,2,AUTOMATIC,DIESEL
9393,13,E Class,2019,35995,2499,145,57.7,2,AUTOMATIC,DIESEL
9394,13,E Class,2019,36000,1667,145,57.7,2,SEMI-AUTO,DIESEL
9395,13,E Class,2019,36099,8652,145,48.7,3,SEMI-AUTO,DIESEL
9396,13,E Class,2019,36149,6689,145,48.7,3,AUTOMATIC,DIESEL
9397,13,E Class,2019,36247,2459,145,48.7,3,AUTOMATIC,DIESEL
9398,13,E Class,2019,36299,1005,145,57.7,2,AUTOMATIC,DIESEL
9399,13,E Class,2019,36310,5412,145,70.6,2,AUTOMATIC,DIESEL
9400,13,E Class,2019,36360,8584,145,57.7,2,SEMI-AUTO,DIESEL
9401,13,E Class,2019,36395,1550,145,57.7,2,AUTOMATIC,DIESEL
9402,13,E Class,2019,36399,15020,145,48.7,3,AUTOMATIC,DIESEL
9403,13,E Class,2019,36450,5786,145,42.8,2,AUTOMATIC,DIESEL
9404,13,E Class,2019,36479,5040,145,48.7,3,SEMI-AUTO,DIESEL
9405,13,E Class,2019,36500,3877,145,33.7,2,AUTOMATIC,PETROL
9406,13,E Class,2019,36500,5000,135,188.3,2,SEMI-AUTO,HYBRID
9407,13,E Class,2019,36589,10500,145,70.6,2,SEMI-AUTO,DIESEL
9408,13,E Class,2019,36599,2264,145,53.3,2,SEMI-AUTO,DIESEL
9409,13,E Class,2019,36699,5065,145,48.7,3,SEMI-AUTO,DIESEL
9410,13,E Class,2019,36699,5745,135,188.3,2,AUTOMATIC,HYBRID
9411,13,E Class,2019,36699,11700,145,48.7,3,SEMI-AUTO,DIESEL
9412,13,E Class,2019,36749,2422,145,48.7,3,SEMI-AUTO,DIESEL
9413,13,E Class,2019,36799,3309,145,48.7,3,SEMI-AUTO,DIESEL
9414,13,E Class,2019,36890,8100,145,57.7,2,AUTOMATIC,DIESEL
9415,13,E Class,2019,36900,8831,145,46.3,3,SEMI-AUTO,DIESEL
9416,13,E Class,2019,36980,2999,145,57.7,2,SEMI-AUTO,DIESEL
9417,13,E Class,2019,36995,8780,145,46.3,3,SEMI-AUTO,DIESEL
9418,13,E Class,2019,36995,9325,145,46.3,3,SEMI-AUTO,DIESEL
9419,13,E Class,2019,36995,11096,145,46.3,3,SEMI-AUTO,DIESEL
9420,13,E Class,2019,36998,629,145,32.9,2,SEMI-AUTO,PETROL
9421,13,E Class,2019,36998,5211,145,70.6,2,SEMI-AUTO,DIESEL
9422,13,E Class,2019,36999,6105,135,134.5,2,SEMI-AUTO,HYBRID
9423,13,E Class,2019,37000,1600,145,33.7,2,AUTOMATIC,PETROL
9424,13,E Class,2019,37000,2837,145,57.7,2,SEMI-AUTO,DIESEL
9425,13,E Class,2019,37000,6940,145,48.7,3,SEMI-AUTO,DIESEL
9426,13,E Class,2019,37199,4800,145,48.7,3,SEMI-AUTO,DIESEL
9427,13,E Class,2019,37199,5359,145,48.7,3,SEMI-AUTO,DIESEL
9428,13,E Class,2019,37219,1000,145,57.7,2,SEMI-AUTO,DIESEL
9429,13,E Class,2019,37286,7924,145,48.7,3,AUTOMATIC,DIESEL
9430,13,E Class,2019,37299,14031,145,48.7,3,SEMI-AUTO,DIESEL
9431,13,E Class,2019,37399,3682,145,57.7,2,SEMI-AUTO,DIESEL
9432,13,E Class,2019,37399,3896,145,57.7,2,SEMI-AUTO,DIESEL
9433,13,E Class,2019,37399,11035,145,48.7,3,SEMI-AUTO,DIESEL
9434,13,E Class,2019,37481,4800,150,40.4,2,SEMI-AUTO,PETROL
9435,13,E Class,2019,37599,6758,145,48.7,3,SEMI-AUTO,DIESEL
9436,13,E Class,2019,37599,14031,145,48.7,3,SEMI-AUTO,DIESEL
9437,13,E Class,2019,37699,7779,145,48.7,3,SEMI-AUTO,DIESEL
9438,13,E Class,2019,37699,11588,145,48.7,3,SEMI-AUTO,DIESEL
9439,13,E Class,2019,37899,5629,145,48.7,3,SEMI-AUTO,DIESEL
9440,13,E Class,2019,37899,8482,145,48.7,3,SEMI-AUTO,DIESEL
9441,13,E Class,2019,37900,10190,145,45.6,2.9,AUTOMATIC,DIESEL
9442,13,E Class,2019,37980,1040,145,48.7,3,SEMI-AUTO,DIESEL
9443,13,E Class,2019,37980,2138,145,53.3,2,AUTOMATIC,DIESEL
9444,13,E Class,2019,37991,3790,145,45.6,2,AUTOMATIC,DIESEL
9445,13,E Class,2019,37995,1,145,48.7,3,SEMI-AUTO,DIESEL
9446,13,E Class,2019,37995,9,145,57.7,2,AUTOMATIC,DIESEL
9447,13,E Class,2019,37999,4366,145,48.7,3,SEMI-AUTO,DIESEL
9448,13,E Class,2019,37999,10470,145,44.8,2,SEMI-AUTO,DIESEL
9449,13,E Class,2019,37999,11588,145,48.7,3,SEMI-AUTO,DIESEL
9450,13,E Class,2019,38179,1000,145,57.7,2,SEMI-AUTO,DIESEL
9451,13,E Class,2019,38398,275,145,43.5,3,AUTOMATIC,DIESEL
9452,13,E Class,2019,38399,2967,145,48.7,3,AUTOMATIC,DIESEL
9453,13,E Class,2019,38399,5493,145,48.7,3,AUTOMATIC,DIESEL
9454,13,E Class,2019,38480,136,145,48.7,3,SEMI-AUTO,DIESEL
9455,13,E Class,2019,38480,723,145,57.7,2,SEMI-AUTO,DIESEL
9456,13,E Class,2019,38487,3155,145,45.6,2,AUTOMATIC,DIESEL
9457,13,E Class,2019,38499,5258,145,48.7,3,SEMI-AUTO,DIESEL
9458,13,E Class,2019,38500,12422,135,188.3,2,SEMI-AUTO,HYBRID
9459,13,E Class,2019,38509,1000,145,57.7,2,SEMI-AUTO,DIESEL
9460,13,E Class,2019,38509,4578,145,57.7,2,AUTOMATIC,DIESEL
9461,13,E Class,2019,38550,3725,145,45.6,2,AUTOMATIC,DIESEL
9462,13,E Class,2019,38661,4121,145,53.3,2,AUTOMATIC,DIESEL
9463,13,E Class,2019,38699,3878,145,48.7,3,SEMI-AUTO,DIESEL
9464,13,E Class,2019,38780,6012,145,57.7,2,AUTOMATIC,DIESEL
9465,13,E Class,2019,38880,1347,145,47.1,3,AUTOMATIC,DIESEL
9466,13,E Class,2019,38899,2247,145,48.7,3,SEMI-AUTO,DIESEL
9467,13,E Class,2019,38899,5342,135,188.3,2,AUTOMATIC,HYBRID
9468,13,E Class,2019,38899,6828,135,188.3,2,AUTOMATIC,HYBRID
9469,13,E Class,2019,38990,500,145,48.7,3,AUTOMATIC,DIESEL
9470,13,E Class,2019,38995,2400,135,188.3,2,AUTOMATIC,HYBRID
9471,13,E Class,2019,38995,2419,145,46.3,3,SEMI-AUTO,DIESEL
9472,13,E Class,2019,38995,8356,150,45.6,3,SEMI-AUTO,DIESEL
9473,13,E Class,2019,38998,378,145,57.7,2,SEMI-AUTO,DIESEL
9474,13,E Class,2019,39129,1000,135,188.3,2,SEMI-AUTO,HYBRID
9475,13,E Class,2019,39450,11476,145,48.7,3,SEMI-AUTO,DIESEL
9476,13,E Class,2019,39480,3341,145,48.7,3,AUTOMATIC,DIESEL
9477,13,E Class,2019,39491,4701,145,32.1,3,AUTOMATIC,PETROL
9478,13,E Class,2019,39499,1000,145,57.7,2,SEMI-AUTO,DIESEL
9479,13,E Class,2019,39499,1000,145,57.7,2,SEMI-AUTO,DIESEL
9480,13,E Class,2019,39599,2872,135,188.3,2,SEMI-AUTO,HYBRID
9481,13,E Class,2019,39680,8720,145,70.6,2,AUTOMATIC,DIESEL
9482,13,E Class,2019,39700,2077,135,188.3,2,SEMI-AUTO,HYBRID
9483,13,E Class,2019,39700,11286,145,44.8,2,AUTOMATIC,DIESEL
9484,13,E Class,2019,39810,7839,145,70.6,2,AUTOMATIC,DIESEL
9485,13,E Class,2019,39890,3024,135,188.3,2,AUTOMATIC,HYBRID
9486,13,E Class,2019,39900,11206,145,38.2,3,SEMI-AUTO,DIESEL
9487,13,E Class,2019,39925,4001,145,57.7,2,AUTOMATIC,DIESEL
9488,13,E Class,2019,39950,9200,145,72.4,2,SEMI-AUTO,DIESEL
9489,13,E Class,2019,39980,8853,145,45.6,3,SEMI-AUTO,DIESEL
9490,13,E Class,2019,39990,5817,145,45.6,2,AUTOMATIC,DIESEL
9491,13,E Class,2019,39995,5000,145,32.9,2,SEMI-AUTO,PETROL
9492,13,E Class,2019,39995,10374,145,38.2,3,SEMI-AUTO,DIESEL
9493,13,E Class,2019,39998,2675,135,134.5,2,SEMI-AUTO,HYBRID
9494,13,E Class,2019,39999,5000,145,42.8,3,AUTOMATIC,DIESEL
9495,13,E Class,2019,39999,5649,145,32.1,3,SEMI-AUTO,PETROL
9496,13,E Class,2019,39999,7679,145,45.6,3,AUTOMATIC,DIESEL
9497,13,E Class,2019,40349,12712,145,39.2,3,SEMI-AUTO,DIESEL
9498,13,E Class,2019,40899,3728,145,46.3,3,SEMI-AUTO,DIESEL
9499,13,E Class,2019,40995,7512,150,41.5,2.9,AUTOMATIC,DIESEL
9500,13,E Class,2019,40998,1255,145,49.6,2,SEMI-AUTO,DIESEL
9501,13,E Class,2019,40999,308,135,188.3,2,AUTOMATIC,HYBRID
9502,13,E Class,2019,40999,506,135,188.3,2,SEMI-AUTO,HYBRID
9503,13,E Class,2019,40999,1000,135,188.3,2,AUTOMATIC,HYBRID
9504,13,E Class,2019,40999,1000,135,188.3,2,SEMI-AUTO,HYBRID
9505,13,E Class,2019,40999,1000,135,188.3,2,SEMI-AUTO,HYBRID
9506,13,E Class,2019,41099,4613,135,188.3,2,SEMI-AUTO,HYBRID
9507,13,E Class,2019,41399,7220,135,188.3,2,SEMI-AUTO,HYBRID
9508,13,E Class,2019,41399,7220,135,188.3,2,SEMI-AUTO,HYBRID
9509,13,E Class,2019,41449,8115,145,47.1,3,SEMI-AUTO,DIESEL
9510,13,E Class,2019,41480,1989,145,42.8,3,SEMI-AUTO,DIESEL
9511,13,E Class,2019,41499,3695,145,33.6,3,SEMI-AUTO,PETROL
9512,13,E Class,2019,41519,1000,145,42.8,3,SEMI-AUTO,DIESEL
9513,13,E Class,2019,41519,1000,145,42.8,3,SEMI-AUTO,DIESEL
9514,13,E Class,2019,41550,159,145,31.7,3,AUTOMATIC,PETROL
9515,13,E Class,2019,41795,101,145,47.1,3,AUTOMATIC,DIESEL
9516,13,E Class,2019,41799,5559,145,32.8,3,SEMI-AUTO,PETROL
9517,13,E Class,2019,41799,7041,145,45.6,3,SEMI-AUTO,DIESEL
9518,13,E Class,2019,41890,3244,135,176.6,2,AUTOMATIC,HYBRID
9519,13,E Class,2019,41900,12335,150,38.2,3,SEMI-AUTO,DIESEL
9520,13,E Class,2019,41989,7604,145,32.5,3,SEMI-AUTO,PETROL
9521,13,E Class,2019,41995,1800,145,39.2,2,AUTOMATIC,PETROL
9522,13,E Class,2019,41995,11799,150,38.2,3,SEMI-AUTO,DIESEL
9523,13,E Class,2019,42000,1502,145,47.1,3,SEMI-AUTO,DIESEL
9524,13,E Class,2019,42199,10600,145,47.1,3,SEMI-AUTO,DIESEL
9525,13,E Class,2019,42399,2293,145,32.9,2,SEMI-AUTO,PETROL
9526,13,E Class,2019,42450,150,145,31.7,3,AUTOMATIC,PETROL
9527,13,E Class,2019,42499,1854,145,41.5,3,SEMI-AUTO,DIESEL
9528,13,E Class,2019,42590,12419,145,32.5,3,AUTOMATIC,PETROL
9529,13,E Class,2019,42599,1000,145,42.8,3,SEMI-AUTO,DIESEL
9530,13,E Class,2019,42599,1000,145,42.8,3,AUTOMATIC,DIESEL
9531,13,E Class,2019,42649,7743,145,38.2,3,SEMI-AUTO,DIESEL
9532,13,E Class,2019,42650,7730,145,45.6,3,AUTOMATIC,DIESEL
9533,13,E Class,2019,42729,1709,135,188.3,2,SEMI-AUTO,HYBRID
9534,13,E Class,2019,42924,2000,145,32.1,3,SEMI-AUTO,PETROL
9535,13,E Class,2019,42981,3520,145,57.7,2,AUTOMATIC,DIESEL
9536,13,E Class,2019,42995,4350,145,47.1,3,SEMI-AUTO,DIESEL
9537,13,E Class,2019,42995,16271,145,32.1,3,SEMI-AUTO,PETROL
9538,13,E Class,2019,42999,2175,145,32.1,3,SEMI-AUTO,PETROL
9539,13,E Class,2019,43099,1000,145,46.3,3,SEMI-AUTO,DIESEL
9540,13,E Class,2019,43199,3711,145,47.1,3,AUTOMATIC,DIESEL
9541,13,E Class,2019,43199,5686,145,38.2,3,SEMI-AUTO,DIESEL
9542,13,E Class,2019,43490,6500,145,47.1,3,SEMI-AUTO,DIESEL
9543,13,E Class,2019,43519,1000,145,29.7,3,AUTOMATIC,PETROL
9544,13,E Class,2019,43599,3664,145,32.1,3,SEMI-AUTO,PETROL
9545,13,E Class,2019,43600,5100,145,32.5,3,AUTOMATIC,PETROL
9546,13,E Class,2019,43649,2396,135,176.6,2,SEMI-AUTO,HYBRID
9547,13,E Class,2019,43750,150,145,47.1,3,AUTOMATIC,DIESEL
9548,13,E Class,2019,43750,2963,145,33.7,2,AUTOMATIC,PETROL
9549,13,E Class,2019,43799,3949,145,45.6,3,SEMI-AUTO,DIESEL
9550,13,E Class,2019,43900,50,145,32.9,2,AUTOMATIC,PETROL
9551,13,E Class,2019,43987,3117,145,57.7,2,AUTOMATIC,DIESEL
9552,13,E Class,2019,43989,6214,135,188.3,2,AUTOMATIC,HYBRID
9553,13,E Class,2019,43995,2202,145,32.1,3,SEMI-AUTO,PETROL
9554,13,E Class,2019,43995,3500,145,41.5,3,AUTOMATIC,DIESEL
9555,13,E Class,2019,43999,10,145,45.6,3,SEMI-AUTO,DIESEL
9556,13,E Class,2019,43999,6632,145,32.8,3,AUTOMATIC,PETROL
9557,13,E Class,2019,43999,9687,145,32.5,3,SEMI-AUTO,PETROL
9558,13,E Class,2019,44099,175,145,32.1,3,SEMI-AUTO,PETROL
9559,13,E Class,2019,44159,1000,145,40.9,3,SEMI-AUTO,DIESEL
9560,13,E Class,2019,44160,4198,145,32.1,3,AUTOMATIC,PETROL
9561,13,E Class,2019,44299,2700,145,32.8,3,AUTOMATIC,PETROL
9562,13,E Class,2019,44399,7805,145,32.5,3,SEMI-AUTO,PETROL
9563,13,E Class,2019,44400,12257,145,31.7,3,AUTOMATIC,PETROL
9564,13,E Class,2019,44499,8000,145,32.5,3,SEMI-AUTO,PETROL
9565,13,E Class,2019,44670,169,145,46.3,3,AUTOMATIC,DIESEL
9566,13,E Class,2019,44970,103,145,32.1,3,AUTOMATIC,PETROL
9567,13,E Class,2019,44995,750,145,47.1,3,SEMI-AUTO,DIESEL
9568,13,E Class,2019,44995,1842,145,47.1,2.9,AUTOMATIC,DIESEL
9569,13,E Class,2019,44999,5500,145,29.7,3,SEMI-AUTO,PETROL
9570,13,E Class,2019,45099,9071,145,32.5,3,SEMI-AUTO,PETROL
9571,13,E Class,2019,45490,1483,145,32.5,3,AUTOMATIC,PETROL
9572,13,E Class,2019,45499,8024,145,32.5,3,SEMI-AUTO,PETROL
9573,13,E Class,2019,45599,10497,145,45.6,3,SEMI-AUTO,DIESEL
9574,13,E Class,2019,45799,1000,145,48.7,3,AUTOMATIC,DIESEL
9575,13,E Class,2019,45799,1000,145,48.7,3,SEMI-AUTO,DIESEL
9576,13,E Class,2019,45799,1000,145,48.7,3,SEMI-AUTO,DIESEL
9577,13,E Class,2019,45799,1000,145,48.7,3,SEMI-AUTO,DIESEL
9578,13,E Class,2019,45980,10491,145,32.5,3,SEMI-AUTO,PETROL
9579,13,E Class,2019,45980,10491,145,32.5,3,SEMI-AUTO,PETROL
9580,13,E Class,2019,45995,922,145,47.1,3,AUTOMATIC,DIESEL
9581,13,E Class,2019,46199,1000,145,32.1,3,SEMI-AUTO,PETROL
9582,13,E Class,2019,46199,5047,145,47.1,3,SEMI-AUTO,DIESEL
9583,13,E Class,2019,46199,6288,145,32.1,3,SEMI-AUTO,PETROL
9584,13,E Class,2019,46299,4339,145,47.1,3,SEMI-AUTO,DIESEL
9585,13,E Class,2019,46399,3955,145,47.1,3,SEMI-AUTO,DIESEL
9586,13,E Class,2019,46899,1171,145,47.1,3,SEMI-AUTO,DIESEL
9587,13,E Class,2019,46980,9,145,47.1,3,SEMI-AUTO,DIESEL
9588,13,E Class,2019,46980,9648,145,32.5,3,SEMI-AUTO,PETROL
9589,13,E Class,2019,46998,3325,145,32.5,3,SEMI-AUTO,PETROL
9590,13,E Class,2019,47298,2894,145,38.2,2.9,AUTOMATIC,DIESEL
9591,13,E Class,2019,47300,101,145,47.1,3,AUTOMATIC,DIESEL
9592,13,E Class,2019,47550,101,145,32.5,3,AUTOMATIC,PETROL
9593,13,E Class,2019,47770,1005,145,32.5,3,AUTOMATIC,PETROL
9594,13,E Class,2019,47995,1001,145,31.7,3,AUTOMATIC,PETROL
9595,13,E Class,2019,48599,1000,145,45.6,3,SEMI-AUTO,DIESEL
9596,13,E Class,2019,48799,3074,145,45.6,3,SEMI-AUTO,DIESEL
9597,13,E Class,2019,48900,50,145,32.1,3,AUTOMATIC,PETROL
9598,13,E Class,2019,48990,3379,150,32.1,3,SEMI-AUTO,PETROL
9599,13,E Class,2019,48998,2669,145,47.1,3,SEMI-AUTO,DIESEL
9600,13,E Class,2019,49000,9722,145,32.1,3,SEMI-AUTO,PETROL
9601,13,E Class,2019,49010,150,145,32.5,3,AUTOMATIC,PETROL
9602,13,E Class,2019,49390,5000,145,32.5,3,AUTOMATIC,PETROL
9603,13,E Class,2019,49499,2134,145,31.7,3,SEMI-AUTO,PETROL
9604,13,E Class,2019,49500,4250,145,31.7,3,AUTOMATIC,PETROL
9605,13,E Class,2019,49699,9612,145,32.5,3,SEMI-AUTO,PETROL
9606,13,E Class,2019,49799,1810,145,31.7,3,SEMI-AUTO,PETROL
9607,13,E Class,2019,49950,3139,145,31.7,3,SEMI-AUTO,PETROL
9608,13,E Class,2019,49989,716,145,32.1,3,SEMI-AUTO,PETROL
9609,13,E Class,2019,50299,1000,145,32.5,3,SEMI-AUTO,PETROL
9610,13,E Class,2019,50299,1078,145,32.5,3,SEMI-AUTO,PETROL
9611,13,E Class,2019,51099,10903,145,31.7,3,AUTOMATIC,PETROL
9612,13,E Class,2019,51124,4974,145,31.7,3,SEMI-AUTO,PETROL
9613,13,E Class,2019,51995,9749,145,32.1,3,SEMI-AUTO,PETROL
9614,13,E Class,2019,52000,4130,145,31.7,3,SEMI-AUTO,PETROL
9615,13,E Class,2019,52713,7502,145,32.1,3,AUTOMATIC,PETROL
9616,13,E Class,2019,52732,7218,145,32.1,3,SEMI-AUTO,PETROL
9617,13,E Class,2019,52990,6332,145,47.1,3,AUTOMATIC,DIESEL
9618,13,E Class,2019,53010,3639,145,31.7,3,AUTOMATIC,PETROL
9619,13,E Class,2019,53122,5588,145,32.1,3,AUTOMATIC,PETROL
9620,13,E Class,2019,54000,5648,145,31.7,3,SEMI-AUTO,PETROL
9621,13,E Class,2019,54599,1145,145,32.1,3,SEMI-AUTO,PETROL
9622,13,E Class,2019,55499,2991,145,31.7,3,SEMI-AUTO,PETROL
9623,13,E Class,2019,55830,9325,145,32.1,3,AUTOMATIC,PETROL
9624,13,E Class,2019,56399,3105,145,31.7,3,SEMI-AUTO,PETROL
9625,13,E Class,2019,56499,74,145,31.7,3,SEMI-AUTO,PETROL
9626,13,E Class,2019,56499,484,145,31.7,3,SEMI-AUTO,PETROL
9627,13,E Class,2019,56980,3999,145,31.7,3,SEMI-AUTO,PETROL
9628,13,E Class,2019,58298,13493,145,32.1,4,AUTOMATIC,PETROL
9629,13,E Class,2019,58921,12,145,47.1,3,AUTOMATIC,DIESEL
9630,13,E Class,2019,59199,6458,145,32.1,4,AUTOMATIC,PETROL
9631,13,E Class,2019,59999,90,145,30.1,4,SEMI-AUTO,PETROL
9632,13,E Class,2019,61990,75,145,30.1,4,AUTOMATIC,PETROL
9633,13,E Class,2019,61990,169,145,30.1,4,AUTOMATIC,PETROL
9634,13,E Class,2019,62500,3200,145,30.1,4,AUTOMATIC,PETROL
9635,13,E Class,2019,71199,375,145,31,4,SEMI-AUTO,PETROL
9636,13,E Class,2019,71199,958,145,30.1,4,SEMI-AUTO,PETROL
9637,13,E Class,2019,75099,1000,150,31,4,SEMI-AUTO,PETROL
9638,13,E Class,2020,33950,2568,145,42.8,2,AUTOMATIC,DIESEL
9639,13,E Class,2020,35409,1000,145,45.6,2,SEMI-AUTO,DIESEL
9640,13,E Class,2020,35438,3500,145,42.8,2,AUTOMATIC,DIESEL
9641,13,E Class,2020,35480,1989,145,42.8,2,SEMI-AUTO,DIESEL
9642,13,E Class,2020,35990,1499,145,70.6,2,SEMI-AUTO,DIESEL
9643,13,E Class,2020,35990,4025,145,53.3,2,SEMI-AUTO,DIESEL
9644,13,E Class,2020,36980,9,145,45.6,2,SEMI-AUTO,DIESEL
9645,13,E Class,2020,36980,16,145,70.6,2,SEMI-AUTO,DIESEL
9646,13,E Class,2020,36990,1499,145,70.6,2,SEMI-AUTO,DIESEL
9647,13,E Class,2020,37029,1000,145,42.8,2,SEMI-AUTO,DIESEL
9648,13,E Class,2020,37298,20,145,44.8,2,AUTOMATIC,DIESEL
9649,13,E Class,2020,37890,2499,145,57.7,2,SEMI-AUTO,DIESEL
9650,13,E Class,2020,37950,298,150,42.8,2,SEMI-AUTO,DIESEL
9651,13,E Class,2020,37998,1000,145,70.6,2,AUTOMATIC,DIESEL
9652,13,E Class,2020,38399,1000,145,70.6,2,SEMI-AUTO,DIESEL
9653,13,E Class,2020,38399,1000,145,70.6,2,SEMI-AUTO,DIESEL
9654,13,E Class,2020,38490,1499,145,57.7,2,SEMI-AUTO,DIESEL
9655,13,E Class,2020,38890,1499,145,42.8,2,SEMI-AUTO,DIESEL
9656,13,E Class,2020,38990,648,145,43.5,3,SEMI-AUTO,DIESEL
9657,13,E Class,2020,39895,101,145,33.7,2,SEMI-AUTO,PETROL
9658,13,E Class,2020,39980,1096,145,57.7,2,SEMI-AUTO,DIESEL
9659,13,E Class,2020,39989,2400,145,57.7,2,SEMI-AUTO,DIESEL
9660,13,E Class,2020,39991,2184,150,44.8,2,SEMI-AUTO,DIESEL
9661,13,E Class,2020,39991,6623,145,45.6,2,AUTOMATIC,DIESEL
9662,13,E Class,2020,39995,2103,145,38.2,3,SEMI-AUTO,DIESEL
9663,13,E Class,2020,39995,4499,145,53.3,2,SEMI-AUTO,DIESEL
9664,13,E Class,2020,40411,2004,145,42.8,2,SEMI-AUTO,DIESEL
9665,13,E Class,2020,40900,3500,145,42.8,2,AUTOMATIC,DIESEL
9666,13,E Class,2020,40979,1000,145,57.7,2,SEMI-AUTO,DIESEL
9667,13,E Class,2020,41149,1000,145,57.7,2,SEMI-AUTO,DIESEL
9668,13,E Class,2020,41400,770,145,33.7,2,SEMI-AUTO,PETROL
9669,13,E Class,2020,42441,3490,145,57.7,2,SEMI-AUTO,DIESEL
9670,13,E Class,2020,42480,1489,145,57.7,2,SEMI-AUTO,DIESEL
9671,13,E Class,2020,42490,3900,145,70.6,2,SEMI-AUTO,DIESEL
9672,13,E Class,2020,42798,20,145,57.7,2,AUTOMATIC,DIESEL
9673,13,E Class,2020,42900,6000,145,57.7,2,AUTOMATIC,DIESEL
9674,13,E Class,2020,42990,3541,145,32.9,2,SEMI-AUTO,PETROL
9675,13,E Class,2020,42991,4000,145,57.7,2,SEMI-AUTO,DIESEL
9676,13,E Class,2020,43498,1000,145,41.5,2.9,AUTOMATIC,DIESEL
9677,13,E Class,2020,43649,1000,135,176.6,2,SEMI-AUTO,HYBRID
9678,13,E Class,2020,44000,199,145,42.8,3,SEMI-AUTO,DIESEL
9679,13,E Class,2020,44500,100,145,42.8,3,SEMI-AUTO,DIESEL
9680,13,E Class,2020,44500,100,145,42.8,3,SEMI-AUTO,DIESEL
9681,13,E Class,2020,44500,2000,145,42.8,3,SEMI-AUTO,DIESEL
9682,13,E Class,2020,44500,3365,145,47.1,2.9,AUTOMATIC,DIESEL
9683,13,E Class,2020,44900,6000,145,57.7,2,AUTOMATIC,DIESEL
9684,13,E Class,2020,44980,9,145,42.8,3,SEMI-AUTO,DIESEL
9685,13,E Class,2020,44995,794,145,57.7,2,SEMI-AUTO,DIESEL
9686,13,E Class,2020,44995,6000,145,70.6,2,AUTOMATIC,DIESEL
9687,13,E Class,2020,45498,1000,145,42.8,2.9,AUTOMATIC,DIESEL
9688,13,E Class,2020,45499,999,145,41.5,3,SEMI-AUTO,DIESEL
9689,13,E Class,2020,45900,51,145,32.5,2,SEMI-AUTO,PETROL
9690,13,E Class,2020,45990,159,145,45.6,3,SEMI-AUTO,DIESEL
9691,13,E Class,2020,45995,2500,150,70.6,2,AUTOMATIC,DIESEL
9692,13,E Class,2020,46200,4814,145,33.7,2,SEMI-AUTO,PETROL
9693,13,E Class,2020,46402,197,145,32.9,2,SEMI-AUTO,PETROL
9694,13,E Class,2020,49990,6000,145,47.1,2.9,AUTOMATIC,DIESEL
9695,13,E Class,2020,50998,2000,145,47.1,2.9,AUTOMATIC,DIESEL
9696,13,E Class,2020,51379,1000,145,31.7,3,SEMI-AUTO,PETROL
9697,13,E Class,2020,56980,3999,145,32.1,3,SEMI-AUTO,PETROL
9698,13,E Class,2020,59990,1500,145,31.7,3,SEMI-AUTO,PETROL
9699,13,E Class,2020,59995,250,145,32.1,3,SEMI-AUTO,PETROL
9700,13,E Class,2020,65995,200,145,31.7,3,SEMI-AUTO,PETROL
9701,14,G Class,2012,44990,43000,570,25.2,3,AUTOMATIC,DIESEL
9702,14,G Class,2013,45000,52438,580,25.2,3,AUTOMATIC,DIESEL
9703,14,G Class,2015,52995,34400,570,25.2,3,SEMI-AUTO,DIESEL
9704,14,G Class,2015,99850,10000,570,20.5,5.5,SEMI-AUTO,PETROL
9705,14,G Class,2016,61948,16000,325,30.4,4,AUTOMATIC,PETROL
9706,14,G Class,2016,73948,4000,325,30.1,4,AUTOMATIC,PETROL
9707,14,G Class,2017,71995,38247,145,20.5,5.5,AUTOMATIC,PETROL
9708,14,G Class,2018,64950,13000,145,28.5,3,AUTOMATIC,DIESEL
9709,14,G Class,2018,135124,18234,150,21.4,4,SEMI-AUTO,PETROL
9710,14,G Class,2018,135771,19000,145,21.4,4,SEMI-AUTO,PETROL
9711,14,G Class,2018,139995,13046,145,21.4,4,SEMI-AUTO,PETROL
9712,14,G Class,2019,102502,8691,150,11,3,SEMI-AUTO,DIESEL
9713,14,G Class,2019,139948,12000,145,21.4,4,AUTOMATIC,PETROL
9714,14,G Class,2020,154998,3000,150,21.4,4,AUTOMATIC,PETROL
9715,14,G Class,2020,159999,1350,145,21.4,4,SEMI-AUTO,PETROL
9716,15,GL Class,2007,7340,104000,570,28.8,3,AUTOMATIC,DIESEL
9717,15,GL Class,2007,8490,74000,570,28.8,3,AUTOMATIC,DIESEL
9718,15,GL Class,2013,25998,60462,325,35.3,3,AUTOMATIC,DIESEL
9719,15,GL Class,2013,27482,49847,325,35.3,3,AUTOMATIC,DIESEL
9720,15,GL Class,2014,13421,66010,145,55.4,2.1,AUTOMATIC,DIESEL
9721,15,GL Class,2014,14499,23888,30,62.8,2.1,MANUAL,DIESEL
9722,15,GL Class,2014,14899,43632,145,55.4,2.1,AUTOMATIC,DIESEL
9723,15,GL Class,2014,14999,42719,145,55.4,2.1,AUTOMATIC,DIESEL
9724,15,GL Class,2014,15965,34534,200,42.8,2,AUTOMATIC,PETROL
9725,15,GL Class,2014,16499,35598,145,55.4,2.1,AUTOMATIC,DIESEL
9726,15,GL Class,2014,17499,24809,200,42.8,2,AUTOMATIC,PETROL
9727,15,GL Class,2014,17699,5007,145,55.4,2.1,AUTOMATIC,DIESEL
9728,15,GL Class,2014,24498,67833,325,35.3,3,AUTOMATIC,DIESEL
9729,15,GL Class,2014,27499,53407,325,35.3,3,AUTOMATIC,DIESEL
9730,15,GL Class,2014,29489,44921,325,35.3,3,SEMI-AUTO,DIESEL
9731,15,GL Class,2014,35989,55000,570,23,5.5,AUTOMATIC,PETROL
9732,15,GL Class,2015,13999,64539,20,67.3,2.1,AUTOMATIC,DIESEL
9733,15,GL Class,2015,14799,42254,20,62.8,2.1,AUTOMATIC,DIESEL
9734,15,GL Class,2015,14999,29053,20,64.2,2.1,MANUAL,DIESEL
9735,15,GL Class,2015,15299,41270,20,62.8,2.1,AUTOMATIC,DIESEL
9736,15,GL Class,2015,15499,27142,20,67.3,2.1,MANUAL,DIESEL
9737,15,GL Class,2015,15499,45132,125,56.5,2.1,AUTOMATIC,DIESEL
9738,15,GL Class,2015,15599,54965,125,55.4,2.1,AUTOMATIC,DIESEL
9739,15,GL Class,2015,15799,27713,20,67.3,2.1,AUTOMATIC,DIESEL
9740,15,GL Class,2015,15799,53845,125,56.5,2.1,AUTOMATIC,DIESEL
9741,15,GL Class,2015,15999,39775,125,55.4,2.1,AUTOMATIC,DIESEL
9742,15,GL Class,2015,15999,40319,125,56.6,2.1,AUTOMATIC,DIESEL
9743,15,GL Class,2015,15999,42073,125,55.4,2.1,AUTOMATIC,DIESEL
9744,15,GL Class,2015,16499,49838,125,55.4,2.1,AUTOMATIC,DIESEL
9745,15,GL Class,2015,16499,53789,125,56.5,2.1,AUTOMATIC,DIESEL
9746,15,GL Class,2015,16799,40659,125,56.5,2.1,AUTOMATIC,DIESEL
9747,15,GL Class,2015,16990,27000,125,55.4,2.1,AUTOMATIC,DIESEL
9748,15,GL Class,2015,16990,45000,125,55.4,2.1,AUTOMATIC,DIESEL
9749,15,GL Class,2015,17299,29520,125,55.4,2.1,AUTOMATIC,DIESEL
9750,15,GL Class,2015,17375,39518,125,56.5,2.1,AUTOMATIC,DIESEL
9751,15,GL Class,2015,17399,23117,125,55.4,2.1,AUTOMATIC,DIESEL
9752,15,GL Class,2015,17721,39970,125,55.4,2.1,AUTOMATIC,DIESEL
9753,15,GL Class,2015,17799,24963,125,55.4,2.1,AUTOMATIC,DIESEL
9754,15,GL Class,2015,17949,18758,125,55.4,2.1,AUTOMATIC,DIESEL
9755,15,GL Class,2015,17999,24314,125,56.6,2.1,AUTOMATIC,DIESEL
9756,15,GL Class,2015,18199,21210,125,56.5,2.1,AUTOMATIC,DIESEL
9757,15,GL Class,2015,19499,14295,125,55.4,2.1,AUTOMATIC,DIESEL
9758,15,GL Class,2015,22806,42332,235,37.7,2,AUTOMATIC,PETROL
9759,15,GL Class,2015,24975,85437,325,36.2,3,AUTOMATIC,DIESEL
9760,15,GL Class,2015,28700,61289,330,35.3,3,AUTOMATIC,DIESEL
9761,15,GL Class,2015,28881,45000,325,36.2,3,SEMI-AUTO,DIESEL
9762,15,GL Class,2015,28975,51081,325,36.2,3,AUTOMATIC,DIESEL
9763,15,GL Class,2015,29865,45712,330,36.2,3,AUTOMATIC,DIESEL
9764,15,GL Class,2015,30698,44902,325,36.2,3,SEMI-AUTO,DIESEL
9765,15,GL Class,2015,31723,31112,330,36.2,3,AUTOMATIC,DIESEL
9766,15,GL Class,2015,31998,36281,330,36.2,3,SEMI-AUTO,DIESEL
9767,15,GL Class,2015,32998,22548,330,36.2,3,SEMI-AUTO,DIESEL
9768,15,GL Class,2015,34129,13581,330,36.2,3,AUTOMATIC,DIESEL
9769,15,GL Class,2016,14499,53167,20,67.3,2.1,AUTOMATIC,DIESEL
9770,15,GL Class,2016,15000,42320,20,64.2,2.1,MANUAL,DIESEL
9771,15,GL Class,2016,15395,46808,20,67.3,2.1,MANUAL,DIESEL
9772,15,GL Class,2016,15699,26809,20,67.3,2.1,MANUAL,DIESEL
9773,15,GL Class,2016,15750,54761,125,56.6,2.1,AUTOMATIC,DIESEL
9774,15,GL Class,2016,15999,30140,30,64.2,2.1,MANUAL,DIESEL
9775,15,GL Class,2016,16299,9780,20,67.3,2.1,MANUAL,DIESEL
9776,15,GL Class,2016,16299,34132,145,48.7,1.6,MANUAL,PETROL
9777,15,GL Class,2016,16499,13144,125,55.4,2.1,AUTOMATIC,DIESEL
9778,15,GL Class,2016,16499,35333,30,64.2,2.1,AUTOMATIC,DIESEL
9779,15,GL Class,2016,16917,29834,30,64.2,2.1,AUTOMATIC,DIESEL
9780,15,GL Class,2016,16999,32293,20,67.3,2.1,AUTOMATIC,DIESEL
9781,15,GL Class,2016,16999,34586,125,56.6,2.1,AUTOMATIC,DIESEL
9782,15,GL Class,2016,16999,39542,30,64.2,2.1,AUTOMATIC,DIESEL
9783,15,GL Class,2016,17069,35025,125,56.5,2.1,AUTOMATIC,DIESEL
9784,15,GL Class,2016,17299,11684,20,67.3,2.1,AUTOMATIC,DIESEL
9785,15,GL Class,2016,17999,11653,20,67.3,2.1,AUTOMATIC,DIESEL
9786,15,GL Class,2016,17999,26511,125,56.5,2.1,AUTOMATIC,DIESEL
9787,15,GL Class,2016,18295,17909,145,50.4,1.6,AUTOMATIC,PETROL
9788,15,GL Class,2016,18499,46864,125,56.5,2.1,AUTOMATIC,DIESEL
9789,15,GL Class,2016,18999,20617,125,56.5,2.1,AUTOMATIC,DIESEL
9790,15,GL Class,2016,19699,16489,125,56.5,2.1,AUTOMATIC,DIESEL
9791,15,GL Class,2016,20750,57864,125,56.5,2.1,AUTOMATIC,DIESEL
9792,15,GL Class,2016,24495,25285,125,56.5,2.1,AUTOMATIC,DIESEL
9793,15,GL Class,2016,25999,19859,125,56.5,2.1,AUTOMATIC,DIESEL
9794,15,GL Class,2016,27990,36000,235,42.8,3,AUTOMATIC,DIESEL
9795,15,GL Class,2016,29090,64025,325,36.2,3,SEMI-AUTO,DIESEL
9796,15,GL Class,2016,30990,72000,300,39.2,3,AUTOMATIC,DIESEL
9797,15,GL Class,2016,31750,42000,260,42.8,3,AUTOMATIC,DIESEL
9798,15,GL Class,2016,31988,37989,330,36.2,3,AUTOMATIC,DIESEL
9799,15,GL Class,2016,33037,29810,325,36.2,3,SEMI-AUTO,DIESEL
9800,15,GL Class,2016,34581,19132,330,36.2,3,AUTOMATIC,DIESEL
9801,15,GL Class,2016,34998,32726,325,36.2,3,SEMI-AUTO,DIESEL
9802,15,GL Class,2016,35000,18091,330,36.2,3,AUTOMATIC,DIESEL
9803,15,GL Class,2016,35371,14253,325,36.2,3,AUTOMATIC,DIESEL
9804,15,GL Class,2016,36500,16000,300,36.2,3,AUTOMATIC,DIESEL
9805,15,GL Class,2016,38362,17000,305,36.2,3,SEMI-AUTO,DIESEL
9806,15,GL Class,2017,15899,42830,145,67.3,2.1,MANUAL,DIESEL
9807,15,GL Class,2017,16995,14602,20,67.3,2.1,MANUAL,DIESEL
9808,15,GL Class,2017,17399,69751,125,56.5,2.1,AUTOMATIC,DIESEL
9809,15,GL Class,2017,17499,22750,30,64.2,2.1,MANUAL,DIESEL
9810,15,GL Class,2017,17999,47424,125,56.5,2.1,AUTOMATIC,DIESEL
9811,15,GL Class,2017,18990,19000,145,56.5,2.1,AUTOMATIC,DIESEL
9812,15,GL Class,2017,19299,15309,145,64.2,2.1,AUTOMATIC,DIESEL
9813,15,GL Class,2017,19299,20117,145,64.2,2.1,AUTOMATIC,DIESEL
9814,15,GL Class,2017,19499,18345,145,67.3,2.1,AUTOMATIC,DIESEL
9815,15,GL Class,2017,20500,56316,125,56.5,2.1,AUTOMATIC,DIESEL
9816,15,GL Class,2017,24999,25462,145,56.5,2.1,AUTOMATIC,DIESEL
9817,15,GL Class,2017,26499,8442,145,56.5,2.1,AUTOMATIC,DIESEL
9818,15,GL Class,2017,26999,10881,145,56.5,2.1,AUTOMATIC,DIESEL
9819,15,GL Class,2017,27990,24000,200,47.9,2.1,AUTOMATIC,DIESEL
9820,15,GL Class,2017,27990,28000,200,47.9,2.1,AUTOMATIC,DIESEL
9821,15,GL Class,2017,27999,30827,200,47.9,2.1,AUTOMATIC,DIESEL
9822,15,GL Class,2017,29300,28871,145,45.6,3,AUTOMATIC,DIESEL
9823,15,GL Class,2018,17699,25458,145,48.7,1.6,MANUAL,PETROL
9824,15,GL Class,2018,17999,24600,145,48.7,1.6,MANUAL,PETROL
9825,15,GL Class,2018,18258,24166,145,48.7,1.6,MANUAL,PETROL
9826,15,GL Class,2018,19399,15202,145,48.7,1.6,MANUAL,PETROL
9827,15,GL Class,2018,19699,17231,145,50.4,1.6,AUTOMATIC,PETROL
9828,15,GL Class,2018,19999,12471,145,50.4,1.6,AUTOMATIC,PETROL
9829,15,GL Class,2018,19999,13096,145,50.4,1.6,AUTOMATIC,PETROL
9830,15,GL Class,2018,19999,13436,145,50.4,1.6,AUTOMATIC,PETROL
9831,15,GL Class,2018,20699,14505,145,50.4,1.6,AUTOMATIC,PETROL
9832,15,GL Class,2018,20899,14026,145,56.5,2.1,AUTOMATIC,DIESEL
9833,15,GL Class,2018,20999,2880,145,56.5,2.1,AUTOMATIC,DIESEL
9834,15,GL Class,2018,27499,24632,145,56.5,2.1,AUTOMATIC,DIESEL
9835,15,GL Class,2018,27597,13820,145,56.5,2.1,AUTOMATIC,DIESEL
9836,15,GL Class,2018,27699,8291,145,56.5,2.1,AUTOMATIC,DIESEL
9837,16,GLA Class,2014,11300,89286,30,62.8,2.1,MANUAL,DIESEL
9838,16,GLA Class,2014,11998,77579,30,62.8,2.1,SEMI-AUTO,DIESEL
9839,16,GLA Class,2014,12981,55905,30,62.8,2.1,MANUAL,DIESEL
9840,16,GLA Class,2014,13000,64469,145,55.4,2.1,AUTOMATIC,DIESEL
9841,16,GLA Class,2014,13447,54146,145,55.4,2.1,AUTOMATIC,DIESEL
9842,16,GLA Class,2014,13900,22118,30,62.8,2.1,MANUAL,DIESEL
9843,16,GLA Class,2014,13990,56488,145,55.4,2.1,AUTOMATIC,DIESEL
9844,16,GLA Class,2014,13991,42301,30,62.8,2.1,SEMI-AUTO,DIESEL
9845,16,GLA Class,2014,13995,40423,30,62.8,2.1,SEMI-AUTO,DIESEL
9846,16,GLA Class,2014,14000,81862,150,55.4,2.1,AUTOMATIC,DIESEL
9847,16,GLA Class,2014,14400,58512,150,55.4,2.1,SEMI-AUTO,DIESEL
9848,16,GLA Class,2014,14750,38261,145,55.4,2.1,SEMI-AUTO,DIESEL
9849,16,GLA Class,2014,14790,52722,145,55.4,2.1,SEMI-AUTO,DIESEL
9850,16,GLA Class,2014,14800,26111,145,55.4,2.1,AUTOMATIC,DIESEL
9851,16,GLA Class,2014,14980,23316,145,55.4,2.1,AUTOMATIC,DIESEL
9852,16,GLA Class,2014,14995,33361,30,62.8,2.1,SEMI-AUTO,DIESEL
9853,16,GLA Class,2014,14998,64001,145,55.4,2.1,SEMI-AUTO,DIESEL
9854,16,GLA Class,2014,15000,40723,145,55.4,2.1,AUTOMATIC,DIESEL
9855,16,GLA Class,2014,15490,46123,145,55.4,2.1,AUTOMATIC,DIESEL
9856,16,GLA Class,2014,15495,60895,145,55.4,2.1,SEMI-AUTO,DIESEL
9857,16,GLA Class,2014,15498,31758,145,55.4,2.1,SEMI-AUTO,DIESEL
9858,16,GLA Class,2014,15498,53000,145,55.4,2.1,SEMI-AUTO,DIESEL
9859,16,GLA Class,2014,15500,21729,30,62.8,2.1,SEMI-AUTO,DIESEL
9860,16,GLA Class,2014,15600,41952,145,55.4,2.1,SEMI-AUTO,DIESEL
9861,16,GLA Class,2014,15698,43696,145,55.4,2.1,SEMI-AUTO,DIESEL
9862,16,GLA Class,2014,15790,60101,145,55.4,2.1,SEMI-AUTO,DIESEL
9863,16,GLA Class,2014,15898,38004,145,55.4,2.1,AUTOMATIC,DIESEL
9864,16,GLA Class,2014,15950,25678,30,62.8,2.1,SEMI-AUTO,DIESEL
9865,16,GLA Class,2014,15990,59000,145,55.4,2.1,AUTOMATIC,DIESEL
9866,16,GLA Class,2014,15999,33487,145,55.4,2.1,SEMI-AUTO,DIESEL
9867,16,GLA Class,2014,16190,57649,145,55.4,2.1,AUTOMATIC,DIESEL
9868,16,GLA Class,2014,16249,18086,30,62.8,2.1,SEMI-AUTO,DIESEL
9869,16,GLA Class,2014,16249,18086,30,62.8,2.1,SEMI-AUTO,DIESEL
9870,16,GLA Class,2014,16395,46000,145,55.4,2.1,AUTOMATIC,DIESEL
9871,16,GLA Class,2014,16399,33719,145,55.4,2.1,SEMI-AUTO,DIESEL
9872,16,GLA Class,2014,16490,47550,200,42.8,2,AUTOMATIC,PETROL
9873,16,GLA Class,2014,16498,33961,145,55.4,2.1,SEMI-AUTO,DIESEL
9874,16,GLA Class,2014,16650,34200,145,55.4,2.1,SEMI-AUTO,DIESEL
9875,16,GLA Class,2014,16799,21000,145,55.4,2.1,SEMI-AUTO,DIESEL
9876,16,GLA Class,2014,16889,57706,150,55.4,2.1,AUTOMATIC,DIESEL
9877,16,GLA Class,2014,16995,29450,150,55.4,2.1,AUTOMATIC,DIESEL
9878,16,GLA Class,2014,16995,35344,150,55.4,2.1,SEMI-AUTO,DIESEL
9879,16,GLA Class,2014,17000,21086,145,55.4,2.1,SEMI-AUTO,DIESEL
9880,16,GLA Class,2014,17840,30648,200,42.8,2,SEMI-AUTO,PETROL
9881,16,GLA Class,2014,17998,34271,200,42.8,2,SEMI-AUTO,PETROL
9882,16,GLA Class,2014,20498,45231,235,37.7,2,SEMI-AUTO,PETROL
9883,16,GLA Class,2014,23495,27265,235,37.7,2,SEMI-AUTO,PETROL
9884,16,GLA Class,2015,10500,115920,30,62.8,2.1,MANUAL,DIESEL
9885,16,GLA Class,2015,12980,85000,30,62.8,2.1,SEMI-AUTO,DIESEL
9886,16,GLA Class,2015,13000,101060,125,55.4,2.1,AUTOMATIC,DIESEL
9887,16,GLA Class,2015,13485,72000,150,55.4,2.1,SEMI-AUTO,DIESEL
9888,16,GLA Class,2015,13795,71280,20,62.8,2.1,AUTOMATIC,DIESEL
9889,16,GLA Class,2015,13970,70000,20,62.8,2.1,SEMI-AUTO,DIESEL
9890,16,GLA Class,2015,13995,62760,20,62.8,2.1,SEMI-AUTO,DIESEL
9891,16,GLA Class,2015,14000,57090,30,62.8,2.1,AUTOMATIC,DIESEL
9892,16,GLA Class,2015,14241,40402,20,64.2,2.1,MANUAL,DIESEL
9893,16,GLA Class,2015,14295,59280,20,62.8,2.1,MANUAL,DIESEL
9894,16,GLA Class,2015,14498,41042,20,64.2,2.1,MANUAL,DIESEL
9895,16,GLA Class,2015,14500,54500,30,62.8,2.1,AUTOMATIC,DIESEL
9896,16,GLA Class,2015,14595,72300,125,55.4,2.1,SEMI-AUTO,DIESEL
9897,16,GLA Class,2015,14990,32028,20,62.8,2.1,MANUAL,DIESEL
9898,16,GLA Class,2015,14992,40251,20,62.8,2.1,SEMI-AUTO,DIESEL
9899,16,GLA Class,2015,14995,23000,20,67.3,2.1,MANUAL,DIESEL
9900,16,GLA Class,2015,14998,45537,20,62.8,2.1,SEMI-AUTO,DIESEL
9901,16,GLA Class,2015,15020,63884,30,62.8,2.1,AUTOMATIC,DIESEL
9902,16,GLA Class,2015,15150,24892,20,62.8,2.1,SEMI-AUTO,DIESEL
9903,16,GLA Class,2015,15200,23583,20,62.8,2.1,AUTOMATIC,DIESEL
9904,16,GLA Class,2015,15250,23247,20,64.2,2.1,MANUAL,DIESEL
9905,16,GLA Class,2015,15275,43443,20,64.2,2.1,SEMI-AUTO,DIESEL
9906,16,GLA Class,2015,15349,42759,20,67.3,2.1,SEMI-AUTO,DIESEL
9907,16,GLA Class,2015,15390,60216,125,55.4,2.1,SEMI-AUTO,DIESEL
9908,16,GLA Class,2015,15490,31978,20,64.2,2.1,MANUAL,DIESEL
9909,16,GLA Class,2015,15500,48366,20,62.8,2.1,MANUAL,DIESEL
9910,16,GLA Class,2015,15632,55787,125,55.4,2.1,AUTOMATIC,DIESEL
9911,16,GLA Class,2015,15640,47370,125,55.4,2.1,SEMI-AUTO,DIESEL
9912,16,GLA Class,2015,15689,42689,125,55.4,2.1,SEMI-AUTO,DIESEL
9913,16,GLA Class,2015,15694,28541,145,55.4,2.1,SEMI-AUTO,DIESEL
9914,16,GLA Class,2015,15695,32000,125,55.4,2.1,AUTOMATIC,DIESEL
9915,16,GLA Class,2015,15695,36105,150,55.4,2.1,AUTOMATIC,DIESEL
9916,16,GLA Class,2015,15750,40351,125,56.6,2.1,AUTOMATIC,DIESEL
9917,16,GLA Class,2015,15800,12641,20,62.8,2.1,AUTOMATIC,DIESEL
9918,16,GLA Class,2015,15800,34250,125,55.4,2.1,AUTOMATIC,DIESEL
9919,16,GLA Class,2015,15800,55906,125,55.4,2.1,AUTOMATIC,DIESEL
9920,16,GLA Class,2015,15837,31091,125,55.4,2.1,SEMI-AUTO,DIESEL
9921,16,GLA Class,2015,15895,44874,145,55.4,2.1,SEMI-AUTO,DIESEL
9922,16,GLA Class,2015,15900,26619,125,56.5,2.1,AUTOMATIC,DIESEL
9923,16,GLA Class,2015,15900,50147,145,55.4,2.1,AUTOMATIC,DIESEL
9924,16,GLA Class,2015,15990,49626,125,55.4,2.1,SEMI-AUTO,DIESEL
9925,16,GLA Class,2015,15998,38858,20,67.3,2.1,SEMI-AUTO,DIESEL
9926,16,GLA Class,2015,16000,27146,20,67.3,2.1,SEMI-AUTO,DIESEL
9927,16,GLA Class,2015,16199,15546,20,64.2,2.1,MANUAL,DIESEL
9928,16,GLA Class,2015,16250,47851,125,55.4,2.1,AUTOMATIC,DIESEL
9929,16,GLA Class,2015,16250,55582,125,56.5,2.1,AUTOMATIC,DIESEL
9930,16,GLA Class,2015,16280,26166,125,55.4,2.1,AUTOMATIC,DIESEL
9931,16,GLA Class,2015,16299,44588,125,56.6,2.1,SEMI-AUTO,DIESEL
9932,16,GLA Class,2015,16299,44588,125,56.6,2.1,SEMI-AUTO,DIESEL
9933,16,GLA Class,2015,16300,40066,125,55.4,2.1,AUTOMATIC,DIESEL
9934,16,GLA Class,2015,16395,35445,125,55.4,2.1,SEMI-AUTO,DIESEL
9935,16,GLA Class,2015,16490,18601,30,62.8,2.1,AUTOMATIC,DIESEL
9936,16,GLA Class,2015,16495,19000,20,62.8,2.1,SEMI-AUTO,DIESEL
9937,16,GLA Class,2015,16500,29011,125,56.5,2.1,AUTOMATIC,DIESEL
9938,16,GLA Class,2015,16690,14726,20,64.2,2.1,SEMI-AUTO,DIESEL
9939,16,GLA Class,2015,16791,42328,145,55.4,2.1,SEMI-AUTO,DIESEL
9940,16,GLA Class,2015,16800,22519,125,55.4,2.1,AUTOMATIC,DIESEL
9941,16,GLA Class,2015,16800,38615,20,62.8,2.1,AUTOMATIC,DIESEL
9942,16,GLA Class,2015,16980,38990,125,56.5,2.1,SEMI-AUTO,DIESEL
9943,16,GLA Class,2015,16980,38990,125,56.5,2.1,SEMI-AUTO,DIESEL
9944,16,GLA Class,2015,16990,26912,125,56.5,2.1,SEMI-AUTO,DIESEL
9945,16,GLA Class,2015,16993,37115,125,55.4,2.1,AUTOMATIC,DIESEL
9946,16,GLA Class,2015,16995,46073,20,67.3,2.1,SEMI-AUTO,DIESEL
9947,16,GLA Class,2015,16998,28957,125,55.4,2.1,AUTOMATIC,DIESEL
9948,16,GLA Class,2015,16998,42129,125,56.5,2.1,SEMI-AUTO,DIESEL
9949,16,GLA Class,2015,17000,28952,125,55.4,2.1,AUTOMATIC,DIESEL
9950,16,GLA Class,2015,17000,58000,125,55.4,2.1,SEMI-AUTO,DIESEL
9951,16,GLA Class,2015,17199,42700,125,55.4,2.1,SEMI-AUTO,DIESEL
9952,16,GLA Class,2015,17199,48618,125,55.4,2.1,SEMI-AUTO,DIESEL
9953,16,GLA Class,2015,17298,28543,125,55.4,2.1,SEMI-AUTO,DIESEL
9954,16,GLA Class,2015,17350,43894,125,55.4,2.1,SEMI-AUTO,DIESEL
9955,16,GLA Class,2015,17450,38100,125,55.4,2.1,SEMI-AUTO,DIESEL
9956,16,GLA Class,2015,17485,36462,125,55.4,2.1,SEMI-AUTO,DIESEL
9957,16,GLA Class,2015,17491,33204,125,55.4,2.1,SEMI-AUTO,DIESEL
9958,16,GLA Class,2015,17495,38123,125,56.5,2.1,SEMI-AUTO,DIESEL
9959,16,GLA Class,2015,17495,58000,125,56.5,2.1,SEMI-AUTO,DIESEL
9960,16,GLA Class,2015,17498,25909,125,56.5,2.1,SEMI-AUTO,DIESEL
9961,16,GLA Class,2015,17498,30154,125,55.4,2.1,SEMI-AUTO,DIESEL
9962,16,GLA Class,2015,17499,47000,125,56.5,2.1,SEMI-AUTO,DIESEL
9963,16,GLA Class,2015,17624,29505,125,55.4,2.1,AUTOMATIC,DIESEL
9964,16,GLA Class,2015,17749,34012,125,56.5,2.1,SEMI-AUTO,DIESEL
9965,16,GLA Class,2015,17790,30000,125,55.4,2.1,SEMI-AUTO,DIESEL
9966,16,GLA Class,2015,17899,42740,125,55.4,2.1,AUTOMATIC,DIESEL
9967,16,GLA Class,2015,17960,38339,125,56.5,2.1,SEMI-AUTO,DIESEL
9968,16,GLA Class,2015,17991,32964,125,55.4,2.1,AUTOMATIC,DIESEL
9969,16,GLA Class,2015,17995,37291,150,55.4,2.1,SEMI-AUTO,DIESEL
9970,16,GLA Class,2015,17998,25585,125,56.5,2.1,SEMI-AUTO,DIESEL
9971,16,GLA Class,2015,17998,42942,200,42.8,2,SEMI-AUTO,PETROL
9972,16,GLA Class,2015,18000,36833,125,56.5,2.1,AUTOMATIC,DIESEL
9973,16,GLA Class,2015,18298,34066,125,55.4,2.1,AUTOMATIC,DIESEL
9974,16,GLA Class,2015,18395,15296,125,56.5,2.1,SEMI-AUTO,DIESEL
9975,16,GLA Class,2015,18449,22367,125,55.4,2.1,SEMI-AUTO,DIESEL
9976,16,GLA Class,2015,18449,40346,125,56.5,2.1,SEMI-AUTO,DIESEL
9977,16,GLA Class,2015,18498,18106,125,56.6,2.1,SEMI-AUTO,DIESEL
9978,16,GLA Class,2015,18498,22888,125,55.4,2.1,SEMI-AUTO,DIESEL
9979,16,GLA Class,2015,18499,33713,125,56.5,2.1,SEMI-AUTO,DIESEL
9980,16,GLA Class,2015,18499,38572,125,55.4,2.1,SEMI-AUTO,DIESEL
9981,16,GLA Class,2015,18599,24927,125,56.5,2.1,SEMI-AUTO,DIESEL
9982,16,GLA Class,2015,18902,23432,125,56.5,2.1,AUTOMATIC,DIESEL
9983,16,GLA Class,2015,18980,35585,125,55.4,2.1,SEMI-AUTO,DIESEL
9984,16,GLA Class,2015,18998,33114,125,56.5,2.1,SEMI-AUTO,DIESEL
9985,16,GLA Class,2015,19599,16633,200,42.8,2,SEMI-AUTO,PETROL
9986,16,GLA Class,2015,19699,10651,125,55.4,2.1,SEMI-AUTO,DIESEL
9987,16,GLA Class,2015,19991,29087,200,42.8,2,SEMI-AUTO,PETROL
9988,16,GLA Class,2015,19995,12475,125,55.4,2.1,SEMI-AUTO,DIESEL
9989,16,GLA Class,2015,20262,10839,125,55.4,2.1,AUTOMATIC,DIESEL
9990,16,GLA Class,2015,20999,13510,125,56.5,2.1,SEMI-AUTO,DIESEL
9991,16,GLA Class,2015,22500,50012,235,37.7,2,SEMI-AUTO,PETROL
9992,16,GLA Class,2015,23495,41909,235,37.7,2,AUTOMATIC,PETROL
9993,16,GLA Class,2015,27444,26177,240,37.7,2,AUTOMATIC,PETROL
9994,16,GLA Class,2016,14400,59865,30,64.2,2.1,MANUAL,DIESEL
9995,16,GLA Class,2016,14500,70480,30,64.2,2.1,AUTOMATIC,DIESEL
9996,16,GLA Class,2016,14600,36357,20,67.3,2.1,MANUAL,DIESEL
9997,16,GLA Class,2016,14799,47965,20,67.3,2.1,MANUAL,DIESEL
9998,16,GLA Class,2016,14830,52675,30,64.2,2.1,AUTOMATIC,DIESEL
9999,16,GLA Class,2016,14995,70002,125,56.6,2.1,SEMI-AUTO,DIESEL
10000,16,GLA Class,2016,15000,29774,20,67.3,2.1,MANUAL,DIESEL
10001,16,GLA Class,2016,15290,42365,20,64.2,2.1,MANUAL,DIESEL
10002,16,GLA Class,2016,15382,41776,20,67.3,2.1,MANUAL,DIESEL
10003,16,GLA Class,2016,15400,57315,125,56.5,2.1,AUTOMATIC,DIESEL
10004,16,GLA Class,2016,15480,33283,20,67.3,2.1,SEMI-AUTO,DIESEL
10005,16,GLA Class,2016,15490,25978,30,64.2,2.1,MANUAL,DIESEL
10006,16,GLA Class,2016,15504,65000,125,56.5,2.1,SEMI-AUTO,DIESEL
10007,16,GLA Class,2016,15541,42590,30,64.2,2.1,MANUAL,DIESEL
10008,16,GLA Class,2016,15561,71610,125,56.6,2.1,SEMI-AUTO,DIESEL
10009,16,GLA Class,2016,15600,42844,30,64.2,2.1,AUTOMATIC,DIESEL
10010,16,GLA Class,2016,15640,42367,20,64.2,2.1,AUTOMATIC,DIESEL
10011,16,GLA Class,2016,15990,48074,20,67.3,2.1,AUTOMATIC,DIESEL
10012,16,GLA Class,2016,15991,47914,20,64.2,2.1,SEMI-AUTO,DIESEL
10013,16,GLA Class,2016,15998,34699,20,67.3,2.1,MANUAL,DIESEL
10014,16,GLA Class,2016,15998,40974,30,64.2,2.1,MANUAL,DIESEL
10015,16,GLA Class,2016,15998,52029,125,56.5,2.1,SEMI-AUTO,DIESEL
10016,16,GLA Class,2016,16000,50834,20,64.2,2.1,MANUAL,DIESEL
10017,16,GLA Class,2016,16130,36152,125,56.5,2.1,SEMI-AUTO,DIESEL
10018,16,GLA Class,2016,16200,40584,125,56.5,2.1,AUTOMATIC,DIESEL
10019,16,GLA Class,2016,16294,23102,20,64.2,2.1,MANUAL,DIESEL
10020,16,GLA Class,2016,16300,31870,20,67.3,2.1,SEMI-AUTO,DIESEL
10021,16,GLA Class,2016,16350,24955,20,64.2,2.1,SEMI-AUTO,DIESEL
10022,16,GLA Class,2016,16375,47972,125,56.5,2.1,AUTOMATIC,DIESEL
10023,16,GLA Class,2016,16400,35787,125,55.4,2.1,AUTOMATIC,DIESEL
10024,16,GLA Class,2016,16452,52485,125,56.6,2.1,SEMI-AUTO,DIESEL
10025,16,GLA Class,2016,16485,12400,20,64.2,2.1,MANUAL,DIESEL
10026,16,GLA Class,2016,16490,26145,30,64.2,2.1,AUTOMATIC,DIESEL
10027,16,GLA Class,2016,16490,60126,125,56.5,2.1,AUTOMATIC,DIESEL
10028,16,GLA Class,2016,16495,45519,125,56.5,2.1,AUTOMATIC,DIESEL
10029,16,GLA Class,2016,16500,36053,30,64.2,2.1,MANUAL,DIESEL
10030,16,GLA Class,2016,16580,61356,125,56.5,2.1,AUTOMATIC,DIESEL
10031,16,GLA Class,2016,16590,16908,20,64.2,2.1,AUTOMATIC,DIESEL
10032,16,GLA Class,2016,16591,48808,125,56.5,2.1,SEMI-AUTO,DIESEL
10033,16,GLA Class,2016,16695,26000,30,64.2,2.1,AUTOMATIC,DIESEL
10034,16,GLA Class,2016,16700,32877,125,56.5,2.1,AUTOMATIC,DIESEL
10035,16,GLA Class,2016,16700,44930,125,56.5,2.1,AUTOMATIC,DIESEL
10036,16,GLA Class,2016,16965,35465,30,64.2,2.1,SEMI-AUTO,DIESEL
10037,16,GLA Class,2016,16980,38096,20,64.2,2.1,SEMI-AUTO,DIESEL
10038,16,GLA Class,2016,16990,39575,30,64.2,2.1,SEMI-AUTO,DIESEL
10039,16,GLA Class,2016,16991,46713,125,56.5,2.1,SEMI-AUTO,DIESEL
10040,16,GLA Class,2016,16995,16928,20,67.3,2.1,MANUAL,DIESEL
10041,16,GLA Class,2016,16998,30129,125,56.5,2.1,SEMI-AUTO,DIESEL
10042,16,GLA Class,2016,16998,50543,125,56.5,2.1,SEMI-AUTO,DIESEL
10043,16,GLA Class,2016,16999,20121,30,64.2,2.1,SEMI-AUTO,DIESEL
10044,16,GLA Class,2016,17000,4942,20,64.2,2.1,MANUAL,DIESEL
10045,16,GLA Class,2016,17000,22142,125,56.5,2.1,AUTOMATIC,DIESEL
10046,16,GLA Class,2016,17000,30419,125,56.5,2.1,AUTOMATIC,DIESEL
10047,16,GLA Class,2016,17050,54953,125,56.6,2.1,SEMI-AUTO,DIESEL
10048,16,GLA Class,2016,17117,15821,125,56.6,2.1,AUTOMATIC,DIESEL
10049,16,GLA Class,2016,17221,40308,125,56.5,2.1,SEMI-AUTO,DIESEL
10050,16,GLA Class,2016,17450,17626,30,64.2,2.1,SEMI-AUTO,DIESEL
10051,16,GLA Class,2016,17450,41325,125,56.5,2.1,SEMI-AUTO,DIESEL
10052,16,GLA Class,2016,17450,47700,125,56.6,2.1,SEMI-AUTO,DIESEL
10053,16,GLA Class,2016,17462,24412,30,64.2,2.1,SEMI-AUTO,DIESEL
10054,16,GLA Class,2016,17480,21011,125,56.6,2.1,SEMI-AUTO,DIESEL
10055,16,GLA Class,2016,17480,49062,125,56.5,2.1,SEMI-AUTO,DIESEL
10056,16,GLA Class,2016,17490,21469,20,67.3,2.1,SEMI-AUTO,DIESEL
10057,16,GLA Class,2016,17490,25000,20,64.2,2.1,AUTOMATIC,DIESEL
10058,16,GLA Class,2016,17495,44499,125,56.5,2.1,SEMI-AUTO,DIESEL
10059,16,GLA Class,2016,17500,25639,20,67.3,2.1,SEMI-AUTO,DIESEL
10060,16,GLA Class,2016,17500,27660,125,56.5,2.1,AUTOMATIC,DIESEL
10061,16,GLA Class,2016,17600,33540,125,56.5,2.1,AUTOMATIC,DIESEL
10062,16,GLA Class,2016,17650,35000,125,56.5,2.1,SEMI-AUTO,DIESEL
10063,16,GLA Class,2016,17690,33242,125,56.5,2.1,SEMI-AUTO,DIESEL
10064,16,GLA Class,2016,17690,41520,125,56.5,2.1,SEMI-AUTO,DIESEL
10065,16,GLA Class,2016,17765,36308,125,56.5,2.1,AUTOMATIC,DIESEL
10066,16,GLA Class,2016,17799,23500,20,67.3,2.1,SEMI-AUTO,DIESEL
10067,16,GLA Class,2016,17800,34092,125,56.6,2.1,AUTOMATIC,DIESEL
10068,16,GLA Class,2016,17800,47977,125,56.5,2.1,AUTOMATIC,DIESEL
10069,16,GLA Class,2016,17863,28483,125,56.5,2.1,AUTOMATIC,DIESEL
10070,16,GLA Class,2016,17890,23337,125,56.5,2.1,AUTOMATIC,DIESEL
10071,16,GLA Class,2016,17990,30171,125,56.5,2.1,SEMI-AUTO,DIESEL
10072,16,GLA Class,2016,17991,20233,125,56.6,2.1,SEMI-AUTO,DIESEL
10073,16,GLA Class,2016,17991,26193,125,56.6,2.1,SEMI-AUTO,DIESEL
10074,16,GLA Class,2016,17995,16919,125,56.5,2.1,SEMI-AUTO,DIESEL
10075,16,GLA Class,2016,17995,29593,125,55.4,2.1,AUTOMATIC,DIESEL
10076,16,GLA Class,2016,17995,36535,125,56.5,2.1,AUTOMATIC,DIESEL
10077,16,GLA Class,2016,17995,56564,30,64.2,2.1,AUTOMATIC,DIESEL
10078,16,GLA Class,2016,17997,29217,125,56.5,2.1,SEMI-AUTO,DIESEL
10079,16,GLA Class,2016,17998,39017,125,56.5,2.1,SEMI-AUTO,DIESEL
10080,16,GLA Class,2016,17999,19885,20,67.3,2.1,MANUAL,DIESEL
10081,16,GLA Class,2016,17999,33086,125,56.5,2.1,SEMI-AUTO,DIESEL
10082,16,GLA Class,2016,17999,35231,125,56.6,2.1,SEMI-AUTO,DIESEL
10083,16,GLA Class,2016,17999,36249,125,56.6,2.1,SEMI-AUTO,DIESEL
10084,16,GLA Class,2016,17999,36249,125,56.6,2.1,SEMI-AUTO,DIESEL
10085,16,GLA Class,2016,18100,45485,125,56.6,2.1,AUTOMATIC,DIESEL
10086,16,GLA Class,2016,18149,18810,30,64.2,2.1,SEMI-AUTO,DIESEL
10087,16,GLA Class,2016,18200,23746,125,56.5,2.1,AUTOMATIC,DIESEL
10088,16,GLA Class,2016,18200,27516,125,56.6,2.1,SEMI-AUTO,DIESEL
10089,16,GLA Class,2016,18290,19692,125,56.6,2.1,SEMI-AUTO,DIESEL
10090,16,GLA Class,2016,18390,43225,125,56.6,2.1,SEMI-AUTO,DIESEL
10091,16,GLA Class,2016,18400,27941,125,56.6,2.1,AUTOMATIC,DIESEL
10092,16,GLA Class,2016,18400,49000,200,43.5,2,AUTOMATIC,PETROL
10093,16,GLA Class,2016,18431,24500,30,64.2,2.1,SEMI-AUTO,DIESEL
10094,16,GLA Class,2016,18435,40882,125,56.5,2.1,SEMI-AUTO,DIESEL
10095,16,GLA Class,2016,18485,27931,125,56.5,2.1,SEMI-AUTO,DIESEL
10096,16,GLA Class,2016,18495,27292,125,56.5,2.1,SEMI-AUTO,DIESEL
10097,16,GLA Class,2016,18500,31478,125,56.5,2.1,AUTOMATIC,DIESEL
10098,16,GLA Class,2016,18501,20654,125,56.6,2.1,SEMI-AUTO,DIESEL
10099,16,GLA Class,2016,18532,23111,20,67.3,2.1,SEMI-AUTO,DIESEL
10100,16,GLA Class,2016,18590,21634,125,56.5,2.1,SEMI-AUTO,DIESEL
10101,16,GLA Class,2016,18590,21634,125,56.5,2.1,SEMI-AUTO,DIESEL
10102,16,GLA Class,2016,18640,20422,125,56.5,2.1,SEMI-AUTO,DIESEL
10103,16,GLA Class,2016,18690,30898,125,56.6,2.1,SEMI-AUTO,DIESEL
10104,16,GLA Class,2016,18700,25071,125,56.5,2.1,SEMI-AUTO,DIESEL
10105,16,GLA Class,2016,18700,30895,125,56.5,0,OTHER,OTHER
10106,16,GLA Class,2016,18750,28130,125,56.6,2.1,SEMI-AUTO,DIESEL
10107,16,GLA Class,2016,18750,30142,125,56.5,2.1,SEMI-AUTO,DIESEL
10108,16,GLA Class,2016,18799,18950,125,56.5,2.1,SEMI-AUTO,DIESEL
10109,16,GLA Class,2016,18799,41742,125,56.5,2.1,SEMI-AUTO,DIESEL
10110,16,GLA Class,2016,18850,21429,125,56.5,2.1,SEMI-AUTO,DIESEL
10111,16,GLA Class,2016,18980,28231,125,56.5,2.1,SEMI-AUTO,DIESEL
10112,16,GLA Class,2016,18980,41713,125,56.6,2.1,AUTOMATIC,DIESEL
10113,16,GLA Class,2016,18990,27850,125,56.5,2.1,SEMI-AUTO,DIESEL
10114,16,GLA Class,2016,18990,32859,125,56.5,2.1,AUTOMATIC,DIESEL
10115,16,GLA Class,2016,18991,37482,125,56.5,2.1,AUTOMATIC,DIESEL
10116,16,GLA Class,2016,18995,37279,200,43.5,2,SEMI-AUTO,PETROL
10117,16,GLA Class,2016,18998,19696,125,56.5,2.1,SEMI-AUTO,DIESEL
10118,16,GLA Class,2016,18999,36899,125,56.5,2.1,SEMI-AUTO,DIESEL
10119,16,GLA Class,2016,19000,31348,125,56.5,2.1,SEMI-AUTO,DIESEL
10120,16,GLA Class,2016,19012,39577,125,56.5,2.1,SEMI-AUTO,DIESEL
10121,16,GLA Class,2016,19124,29774,125,55.4,2.1,SEMI-AUTO,DIESEL
10122,16,GLA Class,2016,19297,21761,200,43.5,2,AUTOMATIC,PETROL
10123,16,GLA Class,2016,19330,35425,125,56.5,2.1,AUTOMATIC,DIESEL
10124,16,GLA Class,2016,19380,23979,125,56.5,2.1,SEMI-AUTO,DIESEL
10125,16,GLA Class,2016,19395,34000,125,56.5,2.1,AUTOMATIC,DIESEL
10126,16,GLA Class,2016,19399,32040,125,56.5,2.1,SEMI-AUTO,DIESEL
10127,16,GLA Class,2016,19490,17910,125,56.5,2.1,AUTOMATIC,DIESEL
10128,16,GLA Class,2016,19490,29766,125,56.5,2.1,SEMI-AUTO,DIESEL
10129,16,GLA Class,2016,19495,20957,125,56.5,2.1,AUTOMATIC,DIESEL
10130,16,GLA Class,2016,19495,23143,125,56.5,2.1,SEMI-AUTO,DIESEL
10131,16,GLA Class,2016,19498,13763,125,56.5,2.1,AUTOMATIC,DIESEL
10132,16,GLA Class,2016,19498,27846,125,56.5,2.1,SEMI-AUTO,DIESEL
10133,16,GLA Class,2016,19500,25922,125,56.5,2.1,AUTOMATIC,DIESEL
10134,16,GLA Class,2016,19640,14502,125,56.5,2.1,AUTOMATIC,DIESEL
10135,16,GLA Class,2016,19790,22145,200,43.5,2,SEMI-AUTO,PETROL
10136,16,GLA Class,2016,19799,20877,125,56.5,2.1,SEMI-AUTO,DIESEL
10137,16,GLA Class,2016,19799,28845,125,56.5,2.1,SEMI-AUTO,DIESEL
10138,16,GLA Class,2016,19799,28845,125,56.5,2.1,SEMI-AUTO,DIESEL
10139,16,GLA Class,2016,19849,10812,30,64.2,2.1,SEMI-AUTO,DIESEL
10140,16,GLA Class,2016,19849,24463,125,56.5,2.1,SEMI-AUTO,DIESEL
10141,16,GLA Class,2016,19860,22064,125,56.5,2.1,SEMI-AUTO,DIESEL
10142,16,GLA Class,2016,19980,32465,125,56.5,2.1,SEMI-AUTO,DIESEL
10143,16,GLA Class,2016,19998,32501,125,56.5,2.1,AUTOMATIC,DIESEL
10144,16,GLA Class,2016,19999,17344,125,56.5,2.1,SEMI-AUTO,DIESEL
10145,16,GLA Class,2016,19999,26554,125,56.5,2.1,SEMI-AUTO,DIESEL
10146,16,GLA Class,2016,20042,15182,125,56.5,2.1,SEMI-AUTO,DIESEL
10147,16,GLA Class,2016,20299,28242,125,56.5,2.1,SEMI-AUTO,DIESEL
10148,16,GLA Class,2016,20391,14407,125,56.5,2.1,SEMI-AUTO,DIESEL
10149,16,GLA Class,2016,20412,16429,125,56.5,2.1,AUTOMATIC,DIESEL
10150,16,GLA Class,2016,20480,19294,125,56.5,2.1,SEMI-AUTO,DIESEL
10151,16,GLA Class,2016,20480,33549,200,43.5,2,SEMI-AUTO,PETROL
10152,16,GLA Class,2016,20480,35953,125,56.5,2.1,SEMI-AUTO,DIESEL
10153,16,GLA Class,2016,20563,34190,200,43.5,2,AUTOMATIC,PETROL
10154,16,GLA Class,2016,20592,44087,200,43.5,2,SEMI-AUTO,PETROL
10155,16,GLA Class,2016,20624,20026,125,56.5,2.1,SEMI-AUTO,DIESEL
10156,16,GLA Class,2016,20677,11868,200,43.5,2,AUTOMATIC,PETROL
10157,16,GLA Class,2016,20999,40000,205,43.5,2,SEMI-AUTO,PETROL
10158,16,GLA Class,2016,21292,10871,125,56.5,2.1,SEMI-AUTO,DIESEL
10159,16,GLA Class,2016,21480,31701,200,43.5,2,SEMI-AUTO,PETROL
10160,16,GLA Class,2016,21481,6662,145,48.7,1.6,SEMI-AUTO,PETROL
10161,16,GLA Class,2016,21498,21253,200,43.5,2,SEMI-AUTO,PETROL
10162,16,GLA Class,2016,21595,21512,200,43.5,2,SEMI-AUTO,PETROL
10163,16,GLA Class,2016,21750,3160,125,56.6,2.1,AUTOMATIC,DIESEL
10164,16,GLA Class,2016,21933,30060,200,43.5,2,AUTOMATIC,PETROL
10165,16,GLA Class,2016,22000,17223,200,43.5,2,SEMI-AUTO,PETROL
10166,16,GLA Class,2016,25499,36298,235,38.2,2,SEMI-AUTO,PETROL
10167,16,GLA Class,2016,26995,31211,235,37.7,2,AUTOMATIC,PETROL
10168,16,GLA Class,2016,28495,9884,235,38.2,2,AUTOMATIC,PETROL
10169,16,GLA Class,2017,13980,24309,150,64.2,2.1,SEMI-AUTO,DIESEL
10170,16,GLA Class,2017,14610,59808,150,67.3,2.1,MANUAL,DIESEL
10171,16,GLA Class,2017,14950,54952,30,64.2,2.1,MANUAL,DIESEL
10172,16,GLA Class,2017,15000,58268,30,64.2,2.1,AUTOMATIC,DIESEL
10173,16,GLA Class,2017,15090,32484,20,67.3,2.1,MANUAL,DIESEL
10174,16,GLA Class,2017,15195,56960,20,67.3,2.1,MANUAL,DIESEL
10175,16,GLA Class,2017,15200,66691,20,67.3,2.1,MANUAL,DIESEL
10176,16,GLA Class,2017,15400,41762,30,64.2,2.1,MANUAL,DIESEL
10177,16,GLA Class,2017,15495,65261,30,64.2,2.1,MANUAL,DIESEL
10178,16,GLA Class,2017,16000,30886,30,64.2,2.1,MANUAL,DIESEL
10179,16,GLA Class,2017,16000,34635,30,64.2,0,MANUAL,DIESEL
10180,16,GLA Class,2017,16070,21609,145,67.3,2.1,MANUAL,DIESEL
10181,16,GLA Class,2017,16120,29480,30,64.2,2.1,MANUAL,DIESEL
10182,16,GLA Class,2017,16200,20000,145,48.7,1.6,MANUAL,PETROL
10183,16,GLA Class,2017,16300,25150,20,67.3,2.1,MANUAL,DIESEL
10184,16,GLA Class,2017,16300,32681,150,67.3,2.1,MANUAL,DIESEL
10185,16,GLA Class,2017,16400,45529,125,56.5,2.1,AUTOMATIC,DIESEL
10186,16,GLA Class,2017,16400,53622,125,56.5,2.1,AUTOMATIC,DIESEL
10187,16,GLA Class,2017,16490,40045,20,67.3,2.1,AUTOMATIC,DIESEL
10188,16,GLA Class,2017,16498,32917,30,64.2,2.1,MANUAL,DIESEL
10189,16,GLA Class,2017,16498,35421,150,67.3,2.1,MANUAL,DIESEL
10190,16,GLA Class,2017,16500,31679,145,67.3,2.1,MANUAL,DIESEL
10191,16,GLA Class,2017,16500,44708,150,67.3,2.1,MANUAL,DIESEL
10192,16,GLA Class,2017,16700,29159,145,67.3,2.1,MANUAL,DIESEL
10193,16,GLA Class,2017,16700,30312,30,64.2,2.1,AUTOMATIC,DIESEL
10194,16,GLA Class,2017,16800,21599,30,64.2,2.1,AUTOMATIC,DIESEL
10195,16,GLA Class,2017,16800,22526,145,48.7,1.6,MANUAL,PETROL
10196,16,GLA Class,2017,16810,27248,20,67.3,2.1,MANUAL,DIESEL
10197,16,GLA Class,2017,16850,39023,150,64.2,2.1,AUTOMATIC,DIESEL
10198,16,GLA Class,2017,16990,36414,30,64.2,2.1,SEMI-AUTO,DIESEL
10199,16,GLA Class,2017,16999,33014,145,48.7,1.6,MANUAL,PETROL
10200,16,GLA Class,2017,17000,18833,145,64.2,2.1,MANUAL,DIESEL
10201,16,GLA Class,2017,17000,26000,145,48.7,1.6,MANUAL,PETROL
10202,16,GLA Class,2017,17000,26424,30,64.2,2.1,AUTOMATIC,DIESEL
10203,16,GLA Class,2017,17000,29831,30,64.2,2.1,AUTOMATIC,DIESEL
10204,16,GLA Class,2017,17016,24464,145,67.3,2.1,MANUAL,DIESEL
10205,16,GLA Class,2017,17199,50000,145,67.3,2.1,SEMI-AUTO,DIESEL
10206,16,GLA Class,2017,17200,25162,145,47.1,1.6,MANUAL,PETROL
10207,16,GLA Class,2017,17299,27775,145,67.3,2.1,SEMI-AUTO,DIESEL
10208,16,GLA Class,2017,17392,11865,30,64.2,2.1,MANUAL,DIESEL
10209,16,GLA Class,2017,17400,38080,145,47.1,1.6,MANUAL,PETROL
10210,16,GLA Class,2017,17490,20530,145,56.6,2.1,SEMI-AUTO,DIESEL
10211,16,GLA Class,2017,17495,40316,30,64.2,2.1,SEMI-AUTO,DIESEL
10212,16,GLA Class,2017,17495,45500,125,56.5,2.1,AUTOMATIC,DIESEL
10213,16,GLA Class,2017,17500,26550,30,64.2,2.1,AUTOMATIC,DIESEL
10214,16,GLA Class,2017,17500,35069,145,47.1,1.6,MANUAL,PETROL
10215,16,GLA Class,2017,17699,28500,145,47.1,1.6,MANUAL,PETROL
10216,16,GLA Class,2017,17800,10538,20,67.3,2.1,SEMI-AUTO,DIESEL
10217,16,GLA Class,2017,17850,18692,145,48.7,1.6,MANUAL,PETROL
10218,16,GLA Class,2017,17880,20019,125,56.6,2.1,SEMI-AUTO,DIESEL
10219,16,GLA Class,2017,17880,20019,125,56.6,2.1,SEMI-AUTO,DIESEL
10220,16,GLA Class,2017,17889,42941,125,56.6,2.1,SEMI-AUTO,DIESEL
10221,16,GLA Class,2017,17891,31000,20,67.3,2.1,SEMI-AUTO,DIESEL
10222,16,GLA Class,2017,17975,52655,125,56.6,2.1,SEMI-AUTO,DIESEL
10223,16,GLA Class,2017,17990,27325,145,48.7,1.6,MANUAL,PETROL
10224,16,GLA Class,2017,17990,29057,145,67.3,2.1,SEMI-AUTO,DIESEL
10225,16,GLA Class,2017,17991,22007,145,48.7,1.6,MANUAL,PETROL
10226,16,GLA Class,2017,17991,43224,145,48.7,1.6,SEMI-AUTO,PETROL
10227,16,GLA Class,2017,17997,21298,145,56.5,2.1,AUTOMATIC,DIESEL
10228,16,GLA Class,2017,17998,47465,145,64.2,2.1,SEMI-AUTO,DIESEL
10229,16,GLA Class,2017,18000,41269,125,56.5,2.1,SEMI-AUTO,DIESEL
10230,16,GLA Class,2017,18101,43239,30,64.2,2.1,MANUAL,DIESEL
10231,16,GLA Class,2017,18391,40130,145,56.5,2.1,AUTOMATIC,DIESEL
10232,16,GLA Class,2017,18447,54961,145,56.5,2.1,AUTOMATIC,DIESEL
10233,16,GLA Class,2017,18470,24928,145,48.7,1.6,AUTOMATIC,PETROL
10234,16,GLA Class,2017,18480,43375,145,56.5,2.1,SEMI-AUTO,DIESEL
10235,16,GLA Class,2017,18495,29036,125,56.5,2.1,SEMI-AUTO,DIESEL
10236,16,GLA Class,2017,18495,34940,30,64.2,2.1,SEMI-AUTO,DIESEL
10237,16,GLA Class,2017,18500,35901,145,56.5,2.1,AUTOMATIC,DIESEL
10238,16,GLA Class,2017,18624,24314,145,64.2,2.1,AUTOMATIC,DIESEL
10239,16,GLA Class,2017,18698,20954,150,67.3,2.1,SEMI-AUTO,DIESEL
10240,16,GLA Class,2017,18700,26878,145,64.2,2.1,AUTOMATIC,DIESEL
10241,16,GLA Class,2017,18780,36640,145,64.2,2.1,MANUAL,DIESEL
10242,16,GLA Class,2017,18792,14864,145,67.3,2.1,MANUAL,DIESEL
10243,16,GLA Class,2017,18812,39000,145,64.2,2.1,SEMI-AUTO,DIESEL
10244,16,GLA Class,2017,18841,30477,145,56.5,2.1,AUTOMATIC,DIESEL
10245,16,GLA Class,2017,18950,25741,145,56.5,2.1,AUTOMATIC,DIESEL
10246,16,GLA Class,2017,18990,46857,145,56.5,2.1,SEMI-AUTO,DIESEL
10247,16,GLA Class,2017,18991,23437,145,56.5,2.1,SEMI-AUTO,DIESEL
10248,16,GLA Class,2017,18991,30112,145,43.5,2,AUTOMATIC,PETROL
10249,16,GLA Class,2017,18998,18847,150,50.4,1.6,SEMI-AUTO,PETROL
10250,16,GLA Class,2017,19000,22163,125,56.5,2.1,AUTOMATIC,DIESEL
10251,16,GLA Class,2017,19032,29203,145,64.2,2.1,AUTOMATIC,DIESEL
10252,16,GLA Class,2017,19340,21425,145,56.5,2.1,SEMI-AUTO,DIESEL
10253,16,GLA Class,2017,19450,42932,125,56.5,2.1,AUTOMATIC,DIESEL
10254,16,GLA Class,2017,19480,26850,150,58.9,2.1,SEMI-AUTO,DIESEL
10255,16,GLA Class,2017,19498,5422,30,64.2,2.1,MANUAL,DIESEL
10256,16,GLA Class,2017,19499,19204,145,64.2,2.1,SEMI-AUTO,DIESEL
10257,16,GLA Class,2017,19602,11525,30,64.2,2.1,SEMI-AUTO,DIESEL
10258,16,GLA Class,2017,19642,30545,125,56.6,2.1,SEMI-AUTO,DIESEL
10259,16,GLA Class,2017,19698,6631,150,48.7,1.6,SEMI-AUTO,PETROL
10260,16,GLA Class,2017,19699,24192,145,56.5,2.1,AUTOMATIC,DIESEL
10261,16,GLA Class,2017,19701,18000,145,43.5,2,SEMI-AUTO,PETROL
10262,16,GLA Class,2017,19750,15258,30,64.2,2.1,AUTOMATIC,DIESEL
10263,16,GLA Class,2017,19750,27213,150,56.5,2.1,AUTOMATIC,DIESEL
10264,16,GLA Class,2017,19780,18458,145,47.1,1.6,MANUAL,PETROL
10265,16,GLA Class,2017,19799,9186,150,56.5,2.1,SEMI-AUTO,DIESEL
10266,16,GLA Class,2017,19852,34526,125,56.5,2.1,SEMI-AUTO,DIESEL
10267,16,GLA Class,2017,19890,9989,145,56.5,2.1,SEMI-AUTO,DIESEL
10268,16,GLA Class,2017,19890,20969,145,56.5,2.1,SEMI-AUTO,DIESEL
10269,16,GLA Class,2017,19890,22693,125,56.5,2.1,SEMI-AUTO,DIESEL
10270,16,GLA Class,2017,19890,27219,145,56.5,2.1,SEMI-AUTO,DIESEL
10271,16,GLA Class,2017,19891,30063,125,56.5,2.1,SEMI-AUTO,DIESEL
10272,16,GLA Class,2017,19932,29155,125,56.5,2.1,SEMI-AUTO,DIESEL
10273,16,GLA Class,2017,19980,21849,145,64.2,2.1,SEMI-AUTO,DIESEL
10274,16,GLA Class,2017,19980,25912,125,56.5,2.1,SEMI-AUTO,DIESEL
10275,16,GLA Class,2017,19981,30523,125,56.5,2.1,SEMI-AUTO,DIESEL
10276,16,GLA Class,2017,19990,14577,125,56.5,2.1,SEMI-AUTO,DIESEL
10277,16,GLA Class,2017,19990,20907,145,56.5,2.1,AUTOMATIC,DIESEL
10278,16,GLA Class,2017,19995,19867,145,56.5,2.1,SEMI-AUTO,DIESEL
10279,16,GLA Class,2017,19995,37000,145,56.5,2.2,AUTOMATIC,DIESEL
10280,16,GLA Class,2017,19999,16339,125,56.5,2.1,SEMI-AUTO,DIESEL
10281,16,GLA Class,2017,20000,21325,145,42.8,2,AUTOMATIC,PETROL
10282,16,GLA Class,2017,20049,13986,125,56.5,2.1,SEMI-AUTO,DIESEL
10283,16,GLA Class,2017,20149,13108,145,64.2,2.1,SEMI-AUTO,DIESEL
10284,16,GLA Class,2017,20150,16639,145,56.5,2.1,SEMI-AUTO,DIESEL
10285,16,GLA Class,2017,20282,23217,150,56.5,2.1,SEMI-AUTO,DIESEL
10286,16,GLA Class,2017,20472,13097,125,56.5,2.1,SEMI-AUTO,DIESEL
10287,16,GLA Class,2017,20480,26999,145,56.5,2.1,SEMI-AUTO,DIESEL
10288,16,GLA Class,2017,20490,26580,145,56.5,2.1,SEMI-AUTO,DIESEL
10289,16,GLA Class,2017,20490,31950,145,56.5,2.1,SEMI-AUTO,DIESEL
10290,16,GLA Class,2017,20490,33301,145,56.5,2.1,SEMI-AUTO,DIESEL
10291,16,GLA Class,2017,20495,29138,145,56.5,2.1,AUTOMATIC,DIESEL
10292,16,GLA Class,2017,20542,19808,125,56.5,2.1,AUTOMATIC,DIESEL
10293,16,GLA Class,2017,20560,11300,145,47.1,1.6,MANUAL,PETROL
10294,16,GLA Class,2017,20562,11759,145,64.2,2.1,SEMI-AUTO,DIESEL
10295,16,GLA Class,2017,20662,32722,145,56.5,2.1,AUTOMATIC,DIESEL
10296,16,GLA Class,2017,20699,15169,145,56.5,2.1,SEMI-AUTO,DIESEL
10297,16,GLA Class,2017,20799,15368,145,56.5,2.1,SEMI-AUTO,DIESEL
10298,16,GLA Class,2017,20949,23814,125,56.5,2.1,SEMI-AUTO,DIESEL
10299,16,GLA Class,2017,20980,20484,125,56.5,2.1,SEMI-AUTO,DIESEL
10300,16,GLA Class,2017,20995,18120,205,43.5,2,SEMI-AUTO,PETROL
10301,16,GLA Class,2017,20995,20960,125,58.9,2.1,SEMI-AUTO,DIESEL
10302,16,GLA Class,2017,20999,12501,145,56.5,2.1,SEMI-AUTO,DIESEL
10303,16,GLA Class,2017,20999,29209,125,56.5,2.1,SEMI-AUTO,DIESEL
10304,16,GLA Class,2017,21062,21143,125,56.5,2.1,SEMI-AUTO,DIESEL
10305,16,GLA Class,2017,21085,18607,145,56.5,2.1,AUTOMATIC,DIESEL
10306,16,GLA Class,2017,21099,20000,145,56.6,2.1,SEMI-AUTO,DIESEL
10307,16,GLA Class,2017,21100,21524,145,56.5,2.1,SEMI-AUTO,DIESEL
10308,16,GLA Class,2017,21182,10827,125,56.5,2.1,AUTOMATIC,DIESEL
10309,16,GLA Class,2017,21182,18405,145,56.5,2.1,SEMI-AUTO,DIESEL
10310,16,GLA Class,2017,21199,13137,145,56.5,2.1,SEMI-AUTO,DIESEL
10311,16,GLA Class,2017,21291,15830,150,56.5,2.1,SEMI-AUTO,DIESEL
10312,16,GLA Class,2017,21299,2731,125,56.5,2.1,SEMI-AUTO,DIESEL
10313,16,GLA Class,2017,21330,7565,145,56.5,2.1,SEMI-AUTO,DIESEL
10314,16,GLA Class,2017,21400,10519,145,56.5,2.1,SEMI-AUTO,DIESEL
10315,16,GLA Class,2017,21481,23630,145,56.5,2.1,SEMI-AUTO,DIESEL
10316,16,GLA Class,2017,21599,14065,145,56.5,2.1,SEMI-AUTO,DIESEL
10317,16,GLA Class,2017,21680,8650,125,56.5,2.1,SEMI-AUTO,DIESEL
10318,16,GLA Class,2017,21890,22816,150,50.4,1.6,AUTOMATIC,PETROL
10319,16,GLA Class,2017,21980,8046,145,56.5,2.1,SEMI-AUTO,DIESEL
10320,16,GLA Class,2017,21995,22129,145,56.5,2.1,SEMI-AUTO,DIESEL
10321,16,GLA Class,2017,22000,16102,145,56.5,2.1,SEMI-AUTO,DIESEL
10322,16,GLA Class,2017,22750,9000,145,56.5,2.1,SEMI-AUTO,DIESEL
10323,16,GLA Class,2017,22750,11837,125,56.5,2.1,AUTOMATIC,DIESEL
10324,16,GLA Class,2017,23192,13341,145,48.7,1.6,SEMI-AUTO,PETROL
10325,16,GLA Class,2017,23250,17963,145,56.5,2.1,AUTOMATIC,DIESEL
10326,16,GLA Class,2017,23599,6009,145,56.5,2.1,SEMI-AUTO,DIESEL
10327,16,GLA Class,2017,23890,27107,150,42.8,2,SEMI-AUTO,PETROL
10328,16,GLA Class,2017,23981,7395,150,56.5,2.1,SEMI-AUTO,DIESEL
10329,16,GLA Class,2017,29449,18277,235,38.2,2,SEMI-AUTO,PETROL
10330,16,GLA Class,2017,30480,15922,150,38.2,2,AUTOMATIC,PETROL
10331,16,GLA Class,2017,30498,20085,145,38.2,2,SEMI-AUTO,PETROL
10332,16,GLA Class,2017,30500,18791,145,38.2,2,SEMI-AUTO,PETROL
10333,16,GLA Class,2017,30586,22782,145,38.2,2,AUTOMATIC,PETROL
10334,16,GLA Class,2017,30998,13409,235,38.2,2,SEMI-AUTO,PETROL
10335,16,GLA Class,2018,12931,46485,150,64.2,2.1,SEMI-AUTO,DIESEL
10336,16,GLA Class,2018,16950,29334,145,67.3,2.1,MANUAL,DIESEL
10337,16,GLA Class,2018,17500,29515,150,64.2,2.1,MANUAL,DIESEL
10338,16,GLA Class,2018,17800,18740,150,64.2,2.1,AUTOMATIC,DIESEL
10339,16,GLA Class,2018,18100,21639,150,50.4,1.6,AUTOMATIC,PETROL
10340,16,GLA Class,2018,18400,19523,145,67.3,2.1,AUTOMATIC,DIESEL
10341,16,GLA Class,2018,18450,16701,150,64.2,2.1,MANUAL,DIESEL
10342,16,GLA Class,2018,18480,33312,145,50.4,1.6,SEMI-AUTO,PETROL
10343,16,GLA Class,2018,18500,12347,145,40.9,1.6,MANUAL,PETROL
10344,16,GLA Class,2018,18749,20646,145,64.2,2.1,MANUAL,DIESEL
10345,16,GLA Class,2018,18749,20646,145,64.2,2.1,MANUAL,DIESEL
10346,16,GLA Class,2018,18800,31378,150,64.2,2.1,AUTOMATIC,DIESEL
10347,16,GLA Class,2018,18950,11577,145,67.3,2.1,SEMI-AUTO,DIESEL
10348,16,GLA Class,2018,18995,21000,145,48.7,1.6,MANUAL,PETROL
10349,16,GLA Class,2018,19249,10849,150,58.9,2.1,AUTOMATIC,DIESEL
10350,16,GLA Class,2018,19300,21553,145,56.5,2.1,AUTOMATIC,DIESEL
10351,16,GLA Class,2018,19399,12471,145,64.2,2.1,MANUAL,DIESEL
10352,16,GLA Class,2018,19400,16515,145,64.2,2.1,AUTOMATIC,DIESEL
10353,16,GLA Class,2018,19450,28448,145,64.2,2.1,MANUAL,DIESEL
10354,16,GLA Class,2018,19480,10637,145,67.3,2.1,MANUAL,DIESEL
10355,16,GLA Class,2018,19495,17911,145,50.4,1.6,SEMI-AUTO,PETROL
10356,16,GLA Class,2018,19500,22873,150,64.2,2.1,SEMI-AUTO,DIESEL
10357,16,GLA Class,2018,19700,10512,145,50.4,1.6,AUTOMATIC,PETROL
10358,16,GLA Class,2018,19950,18621,145,56.5,2.1,AUTOMATIC,DIESEL
10359,16,GLA Class,2018,19990,24508,145,48.7,1.6,SEMI-AUTO,PETROL
10360,16,GLA Class,2018,20000,23974,150,56.5,2.1,AUTOMATIC,DIESEL
10361,16,GLA Class,2018,20250,20062,145,50.4,1.6,SEMI-AUTO,PETROL
10362,16,GLA Class,2018,20250,23861,150,56.5,2.1,AUTOMATIC,DIESEL
10363,16,GLA Class,2018,20350,24556,145,56.5,2.1,AUTOMATIC,DIESEL
10364,16,GLA Class,2018,20490,10266,145,44.8,1.6,SEMI-AUTO,PETROL
10365,16,GLA Class,2018,20500,12576,145,50.4,1.6,SEMI-AUTO,PETROL
10366,16,GLA Class,2018,20550,36615,145,56.5,2.1,SEMI-AUTO,DIESEL
10367,16,GLA Class,2018,20700,21000,145,58.9,2.1,SEMI-AUTO,DIESEL
10368,16,GLA Class,2018,20792,13775,145,50.4,1.6,SEMI-AUTO,PETROL
10369,16,GLA Class,2018,20799,11370,145,56.5,2.1,SEMI-AUTO,DIESEL
10370,16,GLA Class,2018,20810,18462,145,42.8,2,AUTOMATIC,PETROL
10371,16,GLA Class,2018,20822,10002,145,44.8,1.6,AUTOMATIC,PETROL
10372,16,GLA Class,2018,20900,20020,150,56.5,2.1,AUTOMATIC,DIESEL
10373,16,GLA Class,2018,20911,19004,150,56.5,2.1,SEMI-AUTO,DIESEL
10374,16,GLA Class,2018,20990,18166,145,56.5,2.1,SEMI-AUTO,DIESEL
10375,16,GLA Class,2018,20991,18777,150,56.5,2.1,SEMI-AUTO,DIESEL
10376,16,GLA Class,2018,20995,13133,145,56.5,2.1,SEMI-AUTO,DIESEL
10377,16,GLA Class,2018,20998,12198,150,48.7,1.6,SEMI-AUTO,PETROL
10378,16,GLA Class,2018,20999,11261,145,56.5,2.1,AUTOMATIC,DIESEL
10379,16,GLA Class,2018,21240,14461,150,56.5,2.1,SEMI-AUTO,DIESEL
10380,16,GLA Class,2018,21326,13550,145,56.5,2.1,AUTOMATIC,DIESEL
10381,16,GLA Class,2018,21399,17999,150,56.5,2.1,SEMI-AUTO,DIESEL
10382,16,GLA Class,2018,21399,17999,145,56.5,2.1,SEMI-AUTO,DIESEL
10383,16,GLA Class,2018,21486,9659,145,58.9,2.1,AUTOMATIC,DIESEL
10384,16,GLA Class,2018,21499,13559,145,56.5,2.1,SEMI-AUTO,DIESEL
10385,16,GLA Class,2018,21500,14428,145,56.5,2.1,SEMI-AUTO,DIESEL
10386,16,GLA Class,2018,21550,20349,145,48.7,1.6,AUTOMATIC,PETROL
10387,16,GLA Class,2018,21591,11700,145,56.5,2.1,SEMI-AUTO,DIESEL
10388,16,GLA Class,2018,21795,15387,145,48.7,1.6,SEMI-AUTO,PETROL
10389,16,GLA Class,2018,21890,11653,145,56.5,2.1,AUTOMATIC,DIESEL
10390,16,GLA Class,2018,21891,11246,145,56.5,2.1,AUTOMATIC,DIESEL
10391,16,GLA Class,2018,21899,10552,145,67.3,2.1,SEMI-AUTO,DIESEL
10392,16,GLA Class,2018,21899,18122,145,56.5,2.1,SEMI-AUTO,DIESEL
10393,16,GLA Class,2018,21980,15728,145,56.5,2.1,SEMI-AUTO,DIESEL
10394,16,GLA Class,2018,21990,10400,145,48.7,1.6,SEMI-AUTO,PETROL
10395,16,GLA Class,2018,21995,18237,150,58.9,2.1,SEMI-AUTO,DIESEL
10396,16,GLA Class,2018,21999,15381,145,56.5,2.1,SEMI-AUTO,DIESEL
10397,16,GLA Class,2018,21999,17231,145,67.3,2.1,SEMI-AUTO,DIESEL
10398,16,GLA Class,2018,21999,17306,145,56.5,2.1,SEMI-AUTO,DIESEL
10399,16,GLA Class,2018,22000,14869,145,56.5,2.1,SEMI-AUTO,DIESEL
10400,16,GLA Class,2018,22049,14235,145,67.3,2.1,AUTOMATIC,DIESEL
10401,16,GLA Class,2018,22162,13249,145,56.5,2.1,AUTOMATIC,DIESEL
10402,16,GLA Class,2018,22250,13546,145,56.5,2.1,AUTOMATIC,DIESEL
10403,16,GLA Class,2018,22299,6500,145,67.3,2.1,SEMI-AUTO,DIESEL
10404,16,GLA Class,2018,22299,11597,145,67.3,2.1,SEMI-AUTO,DIESEL
10405,16,GLA Class,2018,22300,10693,145,67.3,2.1,SEMI-AUTO,DIESEL
10406,16,GLA Class,2018,22400,9481,145,48.7,1.6,SEMI-AUTO,PETROL
10407,16,GLA Class,2018,22412,8109,145,56.5,2.1,AUTOMATIC,DIESEL
10408,16,GLA Class,2018,22480,17392,145,56.5,2.1,SEMI-AUTO,DIESEL
10409,16,GLA Class,2018,22490,31604,150,56.5,2.1,AUTOMATIC,DIESEL
10410,16,GLA Class,2018,22525,12014,145,48.7,1.6,AUTOMATIC,PETROL
10411,16,GLA Class,2018,22990,14000,145,56.5,2.2,AUTOMATIC,DIESEL
10412,16,GLA Class,2018,22991,11265,145,42.8,2,AUTOMATIC,PETROL
10413,16,GLA Class,2018,22991,13415,145,42.8,2,AUTOMATIC,PETROL
10414,16,GLA Class,2018,23000,10808,145,56.5,2.1,SEMI-AUTO,DIESEL
10415,16,GLA Class,2018,23480,10312,145,56.5,2.1,SEMI-AUTO,DIESEL
10416,16,GLA Class,2018,23499,9979,150,56.5,2.1,SEMI-AUTO,DIESEL
10417,16,GLA Class,2018,23512,12796,145,56.5,2.1,SEMI-AUTO,DIESEL
10418,16,GLA Class,2018,23635,10466,145,56.5,2.1,AUTOMATIC,DIESEL
10419,16,GLA Class,2018,23980,18281,145,56.5,2.1,SEMI-AUTO,DIESEL
10420,16,GLA Class,2018,24099,2900,145,56.5,2.1,SEMI-AUTO,DIESEL
10421,16,GLA Class,2018,24132,6651,145,56.5,2.1,SEMI-AUTO,DIESEL
10422,16,GLA Class,2018,25301,6361,145,56.5,2.1,SEMI-AUTO,DIESEL
10423,16,GLA Class,2018,25480,11102,145,56.5,2.1,SEMI-AUTO,DIESEL
10424,16,GLA Class,2018,25480,11561,145,56.5,2.1,SEMI-AUTO,DIESEL
10425,16,GLA Class,2018,25480,12695,145,56.5,2.1,SEMI-AUTO,DIESEL
10426,16,GLA Class,2018,25480,12695,145,56.5,2.1,SEMI-AUTO,DIESEL
10427,16,GLA Class,2018,25480,17123,145,56.5,2.1,SEMI-AUTO,DIESEL
10428,16,GLA Class,2018,25500,11638,145,56.5,2.1,SEMI-AUTO,DIESEL
10429,16,GLA Class,2018,25699,5278,145,56.5,2.1,SEMI-AUTO,DIESEL
10430,16,GLA Class,2018,25980,9452,145,56.5,2.1,SEMI-AUTO,DIESEL
10431,16,GLA Class,2018,25999,7887,145,56.5,2.1,SEMI-AUTO,DIESEL
10432,16,GLA Class,2018,26072,8941,145,56.5,2.1,AUTOMATIC,DIESEL
10433,16,GLA Class,2018,26299,7293,145,56.5,2.1,SEMI-AUTO,DIESEL
10434,16,GLA Class,2018,26399,4507,145,56.5,2.1,SEMI-AUTO,DIESEL
10435,16,GLA Class,2018,26899,4253,145,56.5,2.1,SEMI-AUTO,DIESEL
10436,16,GLA Class,2018,31490,20320,145,38.2,2,SEMI-AUTO,PETROL
10437,16,GLA Class,2018,31990,23573,150,38.2,2,AUTOMATIC,PETROL
10438,16,GLA Class,2018,32000,2752,145,38.2,2,SEMI-AUTO,PETROL
10439,16,GLA Class,2018,32224,6889,145,37.7,2,AUTOMATIC,PETROL
10440,16,GLA Class,2019,17600,20854,145,40.9,1.6,MANUAL,PETROL
10441,16,GLA Class,2019,17600,22326,145,40.9,1.6,MANUAL,PETROL
10442,16,GLA Class,2019,17800,21865,145,40.9,1.6,MANUAL,PETROL
10443,16,GLA Class,2019,18500,12883,145,40.9,1.6,MANUAL,PETROL
10444,16,GLA Class,2019,18500,15870,145,40.9,1.6,MANUAL,PETROL
10445,16,GLA Class,2019,18500,18143,145,40.9,1.6,MANUAL,PETROL
10446,16,GLA Class,2019,18500,18341,145,40.9,1.6,MANUAL,PETROL
10447,16,GLA Class,2019,18500,19638,150,40.9,1.6,MANUAL,PETROL
10448,16,GLA Class,2019,18990,15000,145,44.8,1.6,SEMI-AUTO,PETROL
10449,16,GLA Class,2019,19750,14049,150,44.8,1.6,AUTOMATIC,PETROL
10450,16,GLA Class,2019,20000,7553,145,40.9,1.6,MANUAL,PETROL
10451,16,GLA Class,2019,20440,13250,145,44.8,1.6,AUTOMATIC,PETROL
10452,16,GLA Class,2019,20500,3242,145,40.9,1.6,MANUAL,PETROL
10453,16,GLA Class,2019,20990,8100,145,44.8,1.6,AUTOMATIC,PETROL
10454,16,GLA Class,2019,20995,6587,145,40.9,1.6,MANUAL,PETROL
10455,16,GLA Class,2019,21000,11361,150,50.4,1.6,AUTOMATIC,PETROL
10456,16,GLA Class,2019,21380,9374,150,37.2,1.6,AUTOMATIC,PETROL
10457,16,GLA Class,2019,21490,13545,145,67.3,2.1,AUTOMATIC,DIESEL
10458,16,GLA Class,2019,21497,4999,145,44.8,1.6,AUTOMATIC,PETROL
10459,16,GLA Class,2019,21699,8845,145,67.3,2.1,SEMI-AUTO,DIESEL
10460,16,GLA Class,2019,21750,6586,150,44.8,1.6,SEMI-AUTO,PETROL
10461,16,GLA Class,2019,21795,7326,150,44.8,1.6,SEMI-AUTO,PETROL
10462,16,GLA Class,2019,21810,1550,145,44.8,1.6,SEMI-AUTO,PETROL
10463,16,GLA Class,2019,21980,9708,145,44.8,1.6,SEMI-AUTO,PETROL
10464,16,GLA Class,2019,21980,12265,145,67.3,2.1,SEMI-AUTO,DIESEL
10465,16,GLA Class,2019,21995,6499,150,44.8,1.6,SEMI-AUTO,PETROL
10466,16,GLA Class,2019,22000,15174,145,67.3,2.1,SEMI-AUTO,DIESEL
10467,16,GLA Class,2019,22099,21131,145,67.3,2.1,SEMI-AUTO,DIESEL
10468,16,GLA Class,2019,22199,12117,145,67.3,2.1,SEMI-AUTO,DIESEL
10469,16,GLA Class,2019,22199,12117,150,67.3,2.1,SEMI-AUTO,DIESEL
10470,16,GLA Class,2019,22299,4684,145,67.3,2.1,SEMI-AUTO,DIESEL
10471,16,GLA Class,2019,22375,13850,145,67.3,2.1,AUTOMATIC,DIESEL
10472,16,GLA Class,2019,22400,13302,145,67.3,2.1,SEMI-AUTO,DIESEL
10473,16,GLA Class,2019,22480,12623,145,67.3,2.1,SEMI-AUTO,DIESEL
10474,16,GLA Class,2019,22490,16389,145,67.3,2.1,SEMI-AUTO,DIESEL
10475,16,GLA Class,2019,22599,5026,145,67.3,2.1,SEMI-AUTO,DIESEL
10476,16,GLA Class,2019,22600,19193,145,37.2,1.6,AUTOMATIC,PETROL
10477,16,GLA Class,2019,22699,14342,145,67.3,2.1,SEMI-AUTO,DIESEL
10478,16,GLA Class,2019,22799,14069,145,67.3,2.1,SEMI-AUTO,DIESEL
10479,16,GLA Class,2019,22800,13734,145,67.3,2.1,SEMI-AUTO,DIESEL
10480,16,GLA Class,2019,22899,15618,145,67.3,2.1,SEMI-AUTO,DIESEL
10481,16,GLA Class,2019,22949,11810,145,67.3,2.1,SEMI-AUTO,DIESEL
10482,16,GLA Class,2019,22980,2717,145,37.7,1.6,MANUAL,PETROL
10483,16,GLA Class,2019,22980,11738,145,67.3,2.1,SEMI-AUTO,DIESEL
10484,16,GLA Class,2019,22989,12884,150,67.3,2.1,SEMI-AUTO,DIESEL
10485,16,GLA Class,2019,22990,1647,145,44.8,1.6,AUTOMATIC,PETROL
10486,16,GLA Class,2019,22999,12217,145,67.3,2.1,SEMI-AUTO,DIESEL
10487,16,GLA Class,2019,22999,12904,145,67.3,2.1,SEMI-AUTO,DIESEL
10488,16,GLA Class,2019,22999,13452,145,67.3,2.1,SEMI-AUTO,DIESEL
10489,16,GLA Class,2019,22999,13594,145,67.3,2.1,SEMI-AUTO,DIESEL
10490,16,GLA Class,2019,22999,17471,145,67.3,2.1,SEMI-AUTO,DIESEL
10491,16,GLA Class,2019,23049,10598,145,67.3,2.1,SEMI-AUTO,DIESEL
10492,16,GLA Class,2019,23049,14560,145,67.3,2.1,SEMI-AUTO,DIESEL
10493,16,GLA Class,2019,23099,13581,145,67.3,2.1,SEMI-AUTO,DIESEL
10494,16,GLA Class,2019,23099,13654,145,67.3,2.1,SEMI-AUTO,DIESEL
10495,16,GLA Class,2019,23099,13723,145,67.3,2.1,SEMI-AUTO,DIESEL
10496,16,GLA Class,2019,23099,15375,145,67.3,2.1,SEMI-AUTO,DIESEL
10497,16,GLA Class,2019,23122,11656,145,67.3,2.1,AUTOMATIC,DIESEL
10498,16,GLA Class,2019,23149,9253,145,67.3,2.1,SEMI-AUTO,DIESEL
10499,16,GLA Class,2019,23149,13136,145,67.3,2.1,SEMI-AUTO,DIESEL
10500,16,GLA Class,2019,23149,13359,150,67.3,2.1,SEMI-AUTO,DIESEL
10501,16,GLA Class,2019,23149,13359,145,67.3,2.1,SEMI-AUTO,DIESEL
10502,16,GLA Class,2019,23149,13406,145,67.3,2.1,SEMI-AUTO,DIESEL
10503,16,GLA Class,2019,23150,10251,150,36.2,1.6,AUTOMATIC,PETROL
10504,16,GLA Class,2019,23199,5100,145,67.3,2.1,AUTOMATIC,DIESEL
10505,16,GLA Class,2019,23199,14858,145,67.3,2.1,SEMI-AUTO,DIESEL
10506,16,GLA Class,2019,23200,2953,150,56.5,2.1,AUTOMATIC,DIESEL
10507,16,GLA Class,2019,23249,12137,145,67.3,2.1,SEMI-AUTO,DIESEL
10508,16,GLA Class,2019,23250,11005,145,67.3,2.1,SEMI-AUTO,DIESEL
10509,16,GLA Class,2019,23299,7727,145,67.3,2.1,SEMI-AUTO,DIESEL
10510,16,GLA Class,2019,23299,11339,145,67.3,2.1,SEMI-AUTO,DIESEL
10511,16,GLA Class,2019,23299,11606,145,67.3,2.1,SEMI-AUTO,DIESEL
10512,16,GLA Class,2019,23299,15375,145,67.3,2.1,SEMI-AUTO,DIESEL
10513,16,GLA Class,2019,23399,10621,145,67.3,2.1,SEMI-AUTO,DIESEL
10514,16,GLA Class,2019,23399,13400,145,67.3,2.1,SEMI-AUTO,DIESEL
10515,16,GLA Class,2019,23480,12741,145,67.3,2.1,SEMI-AUTO,DIESEL
10516,16,GLA Class,2019,23480,12989,145,67.3,2.1,SEMI-AUTO,DIESEL
10517,16,GLA Class,2019,23480,14410,145,67.3,2.1,SEMI-AUTO,DIESEL
10518,16,GLA Class,2019,23499,10155,145,67.3,2.1,SEMI-AUTO,DIESEL
10519,16,GLA Class,2019,23500,12246,145,67.3,2.1,SEMI-AUTO,DIESEL
10520,16,GLA Class,2019,23599,8910,145,36.2,1.6,SEMI-AUTO,PETROL
10521,16,GLA Class,2019,23599,10288,145,67.3,2.1,SEMI-AUTO,DIESEL
10522,16,GLA Class,2019,23599,15588,145,67.3,2.1,SEMI-AUTO,DIESEL
10523,16,GLA Class,2019,23780,12580,145,67.3,2.1,SEMI-AUTO,DIESEL
10524,16,GLA Class,2019,23780,12580,145,67.3,2.1,SEMI-AUTO,DIESEL
10525,16,GLA Class,2019,23790,3467,145,37.2,1.6,AUTOMATIC,PETROL
10526,16,GLA Class,2019,23799,7836,145,67.3,2.1,SEMI-AUTO,DIESEL
10527,16,GLA Class,2019,23799,12836,145,67.3,2.1,SEMI-AUTO,DIESEL
10528,16,GLA Class,2019,23820,3012,145,37.2,1.6,SEMI-AUTO,PETROL
10529,16,GLA Class,2019,23842,10295,145,67.3,2.1,SEMI-AUTO,DIESEL
10530,16,GLA Class,2019,23890,5751,145,64.2,2.1,SEMI-AUTO,DIESEL
10531,16,GLA Class,2019,23899,12131,145,67.3,2.1,SEMI-AUTO,DIESEL
10532,16,GLA Class,2019,23945,11767,145,50.4,1.6,SEMI-AUTO,PETROL
10533,16,GLA Class,2019,23950,5345,145,36.2,1.6,AUTOMATIC,PETROL
10534,16,GLA Class,2019,23950,6000,145,37.2,1.6,SEMI-AUTO,PETROL
10535,16,GLA Class,2019,23980,11241,145,67.3,2.1,SEMI-AUTO,DIESEL
10536,16,GLA Class,2019,23980,15012,145,67.3,2.1,SEMI-AUTO,DIESEL
10537,16,GLA Class,2019,23990,1875,145,37.2,1.6,AUTOMATIC,PETROL
10538,16,GLA Class,2019,23995,2648,145,37.2,1.6,AUTOMATIC,PETROL
10539,16,GLA Class,2019,23995,12493,150,50.4,1.6,SEMI-AUTO,PETROL
10540,16,GLA Class,2019,24003,6584,145,36.2,1.6,SEMI-AUTO,PETROL
10541,16,GLA Class,2019,24049,14719,145,50.4,1.6,SEMI-AUTO,PETROL
10542,16,GLA Class,2019,24049,14723,145,50.4,1.6,SEMI-AUTO,PETROL
10543,16,GLA Class,2019,24149,13570,145,50.4,1.6,SEMI-AUTO,PETROL
10544,16,GLA Class,2019,24172,9554,145,67.3,2.1,SEMI-AUTO,DIESEL
10545,16,GLA Class,2019,24249,6728,145,36.2,1.6,SEMI-AUTO,PETROL
10546,16,GLA Class,2019,24299,9808,145,67.3,2.1,SEMI-AUTO,DIESEL
10547,16,GLA Class,2019,24299,11861,145,50.4,1.6,SEMI-AUTO,PETROL
10548,16,GLA Class,2019,24449,10420,145,50.4,1.6,SEMI-AUTO,PETROL
10549,16,GLA Class,2019,24538,2311,145,64.2,2.1,AUTOMATIC,DIESEL
10550,16,GLA Class,2019,24539,2198,145,64.2,2.1,SEMI-AUTO,DIESEL
10551,16,GLA Class,2019,24539,2480,145,64.2,2.1,SEMI-AUTO,DIESEL
10552,16,GLA Class,2019,24539,3613,150,64.2,2.1,SEMI-AUTO,DIESEL
10553,16,GLA Class,2019,24649,8108,145,50.4,1.6,SEMI-AUTO,PETROL
10554,16,GLA Class,2019,24799,8045,145,64.2,2.1,SEMI-AUTO,DIESEL
10555,16,GLA Class,2019,24799,11229,145,36.2,1.6,SEMI-AUTO,PETROL
10556,16,GLA Class,2019,24980,9910,150,36.2,1.6,AUTOMATIC,PETROL
10557,16,GLA Class,2019,24980,10636,150,36.2,1.6,AUTOMATIC,PETROL
10558,16,GLA Class,2019,24995,5048,145,36.2,1.6,AUTOMATIC,PETROL
10559,16,GLA Class,2019,24995,7489,145,48.7,1.6,SEMI-AUTO,PETROL
10560,16,GLA Class,2019,24995,12136,150,48.7,1.6,SEMI-AUTO,PETROL
10561,16,GLA Class,2019,24995,16399,145,42.8,2,SEMI-AUTO,PETROL
10562,16,GLA Class,2019,24999,1000,145,64.2,2.1,SEMI-AUTO,DIESEL
10563,16,GLA Class,2019,24999,1000,145,64.2,2.1,SEMI-AUTO,DIESEL
10564,16,GLA Class,2019,24999,1000,145,64.2,2.1,SEMI-AUTO,DIESEL
10565,16,GLA Class,2019,24999,1000,145,64.2,2.1,SEMI-AUTO,DIESEL
10566,16,GLA Class,2019,24999,1000,145,64.2,2.1,SEMI-AUTO,DIESEL
10567,16,GLA Class,2019,24999,1000,145,64.2,2.1,SEMI-AUTO,DIESEL
10568,16,GLA Class,2019,24999,1000,145,64.2,2.1,AUTOMATIC,DIESEL
10569,16,GLA Class,2019,24999,1000,145,64.2,2.1,SEMI-AUTO,DIESEL
10570,16,GLA Class,2019,24999,1000,145,64.2,2.1,SEMI-AUTO,DIESEL
10571,16,GLA Class,2019,24999,1160,145,64.2,2.1,SEMI-AUTO,DIESEL
10572,16,GLA Class,2019,24999,1481,145,64.2,2.1,SEMI-AUTO,DIESEL
10573,16,GLA Class,2019,24999,1500,145,64.2,2.1,AUTOMATIC,DIESEL
10574,16,GLA Class,2019,24999,1523,145,64.2,2.1,SEMI-AUTO,DIESEL
10575,16,GLA Class,2019,24999,2001,145,64.2,2.1,SEMI-AUTO,DIESEL
10576,16,GLA Class,2019,24999,2368,145,64.2,2.1,SEMI-AUTO,DIESEL
10577,16,GLA Class,2019,24999,2611,145,64.2,2.1,SEMI-AUTO,DIESEL
10578,16,GLA Class,2019,24999,2665,145,64.2,2.1,SEMI-AUTO,DIESEL
10579,16,GLA Class,2019,24999,2666,145,64.2,2.1,SEMI-AUTO,DIESEL
10580,16,GLA Class,2019,24999,3208,145,64.2,2.1,SEMI-AUTO,DIESEL
10581,16,GLA Class,2019,24999,10104,145,36.2,1.6,AUTOMATIC,PETROL
10582,16,GLA Class,2019,24999,10900,145,36.2,1.6,SEMI-AUTO,PETROL
10583,16,GLA Class,2019,24999,11564,145,36.2,1.6,SEMI-AUTO,PETROL
10584,16,GLA Class,2019,25099,4891,145,64.2,2.1,SEMI-AUTO,DIESEL
10585,16,GLA Class,2019,25099,4938,145,64.2,2.1,SEMI-AUTO,DIESEL
10586,16,GLA Class,2019,25299,2838,145,64.2,2.1,AUTOMATIC,DIESEL
10587,16,GLA Class,2019,25299,2869,145,64.2,2.1,SEMI-AUTO,DIESEL
10588,16,GLA Class,2019,25299,3130,145,64.2,2.1,AUTOMATIC,DIESEL
10589,16,GLA Class,2019,25299,3413,145,64.2,2.1,SEMI-AUTO,DIESEL
10590,16,GLA Class,2019,25399,1690,145,64.2,2.1,SEMI-AUTO,DIESEL
10591,16,GLA Class,2019,25399,2058,145,64.2,2.1,SEMI-AUTO,DIESEL
10592,16,GLA Class,2019,25400,3000,150,35.8,1.6,AUTOMATIC,PETROL
10593,16,GLA Class,2019,25495,6801,150,48.7,1.6,SEMI-AUTO,PETROL
10594,16,GLA Class,2019,25499,971,145,64.2,2.1,SEMI-AUTO,DIESEL
10595,16,GLA Class,2019,25499,1270,145,64.2,2.1,SEMI-AUTO,DIESEL
10596,16,GLA Class,2019,25599,37,145,64.2,2.1,SEMI-AUTO,DIESEL
10597,16,GLA Class,2019,25599,116,145,64.2,2.1,SEMI-AUTO,DIESEL
10598,16,GLA Class,2019,25675,1480,145,48.7,1.6,SEMI-AUTO,PETROL
10599,16,GLA Class,2019,25799,11910,145,56.5,2.1,SEMI-AUTO,DIESEL
10600,16,GLA Class,2019,25899,2845,145,56.5,2.1,SEMI-AUTO,DIESEL
10601,16,GLA Class,2019,25899,5647,145,56.5,2.1,AUTOMATIC,DIESEL
10602,16,GLA Class,2019,25950,4999,145,35.8,1.6,AUTOMATIC,PETROL
10603,16,GLA Class,2019,25990,2125,145,35.8,1.6,AUTOMATIC,PETROL
10604,16,GLA Class,2019,25990,2182,145,35.8,1.6,AUTOMATIC,PETROL
10605,16,GLA Class,2019,25995,511,150,48.7,1.6,SEMI-AUTO,PETROL
10606,16,GLA Class,2019,25995,4538,150,48.7,1.6,SEMI-AUTO,PETROL
10607,16,GLA Class,2019,25999,9817,145,56.5,2.1,SEMI-AUTO,DIESEL
10608,16,GLA Class,2019,26049,9556,145,56.5,2.1,SEMI-AUTO,DIESEL
10609,16,GLA Class,2019,26099,6155,145,56.5,2.1,SEMI-AUTO,DIESEL
10610,16,GLA Class,2019,26099,6643,145,56.5,2.1,SEMI-AUTO,DIESEL
10611,16,GLA Class,2019,26199,4705,145,56.5,2.1,AUTOMATIC,DIESEL
10612,16,GLA Class,2019,26399,3317,145,56.5,2.1,AUTOMATIC,DIESEL
10613,16,GLA Class,2019,26399,3334,145,56.5,2.1,AUTOMATIC,DIESEL
10614,16,GLA Class,2019,26399,3406,145,56.5,2.1,SEMI-AUTO,DIESEL
10615,16,GLA Class,2019,26400,4000,145,35.8,1.6,SEMI-AUTO,PETROL
10616,16,GLA Class,2019,26599,2000,150,36.2,1.6,SEMI-AUTO,PETROL
10617,16,GLA Class,2019,26599,4155,150,56.5,2.1,SEMI-AUTO,DIESEL
10618,16,GLA Class,2019,26599,4155,145,56.5,2.1,SEMI-AUTO,DIESEL
10619,16,GLA Class,2019,26980,1998,145,35.8,1.6,SEMI-AUTO,PETROL
10620,16,GLA Class,2019,26980,11937,145,48.7,1.6,SEMI-AUTO,PETROL
10621,16,GLA Class,2019,26990,1700,145,35.8,1.6,AUTOMATIC,PETROL
10622,16,GLA Class,2019,27245,500,145,56.5,2.1,AUTOMATIC,DIESEL
10623,16,GLA Class,2019,27359,1000,145,56.5,2.1,SEMI-AUTO,DIESEL
10624,16,GLA Class,2019,27499,999,145,35.8,1.6,AUTOMATIC,PETROL
10625,16,GLA Class,2019,27588,6190,150,44.8,1.6,SEMI-AUTO,PETROL
10626,16,GLA Class,2019,28951,1661,145,35.8,1.6,AUTOMATIC,PETROL
10627,16,GLA Class,2019,28987,1566,145,35.8,1.6,AUTOMATIC,PETROL
10628,16,GLA Class,2019,28987,3225,145,35.8,1.6,SEMI-AUTO,PETROL
10629,16,GLA Class,2019,29491,807,145,35.8,1.6,AUTOMATIC,PETROL
10630,16,GLA Class,2019,29990,100,145,56.5,2.1,AUTOMATIC,DIESEL
10631,16,GLA Class,2019,30000,3099,145,35.8,1.6,AUTOMATIC,PETROL
10632,16,GLA Class,2019,35890,7194,145,37.7,2,AUTOMATIC,PETROL
10633,16,GLA Class,2020,21991,1695,145,44.8,1.6,SEMI-AUTO,PETROL
10634,16,GLA Class,2020,22495,101,145,44.8,1.6,SEMI-AUTO,PETROL
10635,16,GLA Class,2020,22495,702,145,44.8,1.6,AUTOMATIC,PETROL
10636,16,GLA Class,2020,22495,4499,145,44.8,1.6,AUTOMATIC,PETROL
10637,16,GLA Class,2020,22980,1989,145,44.8,1.6,SEMI-AUTO,PETROL
10638,16,GLA Class,2020,22999,99,145,44.8,1.6,SEMI-AUTO,PETROL
10639,16,GLA Class,2020,23490,1734,150,44.8,1.6,SEMI-AUTO,PETROL
10640,16,GLA Class,2020,23990,2500,145,37.2,1.6,SEMI-AUTO,PETROL
10641,16,GLA Class,2020,24640,2275,145,44.8,1.6,SEMI-AUTO,PETROL
10642,16,GLA Class,2020,24890,3876,145,44.8,1.6,SEMI-AUTO,PETROL
10643,16,GLA Class,2020,24980,16,145,37.2,1.6,SEMI-AUTO,PETROL
10644,16,GLA Class,2020,24995,1066,145,37.2,1.6,SEMI-AUTO,PETROL
10645,16,GLA Class,2020,24995,2499,145,37.2,1.6,SEMI-AUTO,PETROL
10646,16,GLA Class,2020,24995,3500,145,37.2,1.6,AUTOMATIC,PETROL
10647,16,GLA Class,2020,25299,99,145,37.2,1.6,SEMI-AUTO,PETROL
10648,16,GLA Class,2020,25480,16,145,37.2,1.6,SEMI-AUTO,PETROL
10649,16,GLA Class,2020,25480,16,145,37.2,1.6,SEMI-AUTO,PETROL
10650,16,GLA Class,2020,25491,4000,145,37.2,1.6,SEMI-AUTO,PETROL
10651,16,GLA Class,2020,25748,1000,145,37.2,1.6,AUTOMATIC,PETROL
10652,16,GLA Class,2020,25995,570,150,37.2,1.6,SEMI-AUTO,PETROL
10653,16,GLA Class,2020,26189,5000,145,35.8,1.6,SEMI-AUTO,PETROL
10654,16,GLA Class,2020,26400,266,145,37.2,1.6,SEMI-AUTO,PETROL
10655,16,GLA Class,2020,26880,10,145,44.8,1.6,SEMI-AUTO,PETROL
10656,16,GLA Class,2020,26880,250,145,44.8,1.6,SEMI-AUTO,PETROL
10657,16,GLA Class,2020,26880,319,145,44.8,1.6,SEMI-AUTO,PETROL
10658,16,GLA Class,2020,26890,1486,145,37.2,1.6,SEMI-AUTO,PETROL
10659,16,GLA Class,2020,26890,1670,145,37.2,1.6,SEMI-AUTO,PETROL
10660,16,GLA Class,2020,26890,2498,145,37.2,1.6,SEMI-AUTO,PETROL
10661,16,GLA Class,2020,26890,3442,145,37.2,1.6,SEMI-AUTO,PETROL
10662,16,GLA Class,2020,26990,1499,145,35.8,1.6,SEMI-AUTO,PETROL
10663,16,GLA Class,2020,27300,100,145,35.8,1.6,SEMI-AUTO,PETROL
10664,16,GLA Class,2020,27480,864,145,37.2,1.6,SEMI-AUTO,PETROL
10665,16,GLA Class,2020,27490,1499,145,35.8,1.6,SEMI-AUTO,PETROL
10666,16,GLA Class,2020,27498,1000,145,37.2,1.6,AUTOMATIC,PETROL
10667,16,GLA Class,2020,27681,4000,145,37.2,1.6,SEMI-AUTO,PETROL
10668,16,GLA Class,2020,27790,2460,145,35.8,1.6,SEMI-AUTO,PETROL
10669,16,GLA Class,2020,27980,16,145,35.8,1.6,SEMI-AUTO,PETROL
10670,16,GLA Class,2020,27980,16,145,35.8,1.6,SEMI-AUTO,PETROL
10671,16,GLA Class,2020,27980,16,145,35.8,1.6,SEMI-AUTO,PETROL
10672,16,GLA Class,2020,27998,3930,150,35.8,1.6,SEMI-AUTO,PETROL
10673,16,GLA Class,2020,28680,6000,145,44.8,1.6,AUTOMATIC,PETROL
10674,16,GLA Class,2020,28790,1792,145,35.8,1.6,SEMI-AUTO,PETROL
10675,16,GLA Class,2020,28900,20,145,35.8,1.6,SEMI-AUTO,PETROL
10676,16,GLA Class,2020,28995,250,145,35.8,1.6,SEMI-AUTO,PETROL
10677,16,GLA Class,2020,29066,1701,145,37.2,1.6,SEMI-AUTO,PETROL
10678,16,GLA Class,2020,29495,500,145,37.2,1.6,MANUAL,PETROL
10679,16,GLA Class,2020,29987,3195,145,35.8,1.6,SEMI-AUTO,PETROL
10680,16,GLA Class,2020,29991,1786,145,35.8,1.6,SEMI-AUTO,PETROL
10681,16,GLA Class,2020,29991,2011,145,35.8,1.6,SEMI-AUTO,PETROL
10682,16,GLA Class,2020,30991,306,145,35.8,1.6,SEMI-AUTO,PETROL
10683,16,GLA Class,2020,37490,5000,145,49.6,2,AUTOMATIC,DIESEL
10684,17,GLB Class,2020,30209,1000,145,47.9,2,SEMI-AUTO,DIESEL
10685,17,GLB Class,2020,35400,1508,145,47.9,2,SEMI-AUTO,DIESEL
10686,17,GLB Class,2020,35400,2000,145,46.3,2,SEMI-AUTO,DIESEL
10687,17,GLB Class,2020,35400,2000,145,46.3,2,SEMI-AUTO,DIESEL
10688,17,GLB Class,2020,35990,1499,145,47.9,2,SEMI-AUTO,DIESEL
10689,17,GLB Class,2020,35995,4500,145,47.9,2,SEMI-AUTO,DIESEL
10690,17,GLB Class,2020,36880,3001,145,44.8,2,SEMI-AUTO,DIESEL
10691,17,GLB Class,2020,36980,19,145,46.3,2,SEMI-AUTO,DIESEL
10692,17,GLB Class,2020,36995,1500,145,44.8,2,SEMI-AUTO,DIESEL
10693,17,GLB Class,2020,36995,6000,145,47.9,2,AUTOMATIC,DIESEL
10694,17,GLB Class,2020,37400,50,145,46.3,2,AUTOMATIC,DIESEL
10695,17,GLB Class,2020,38980,16,145,44.8,2,SEMI-AUTO,DIESEL
10696,17,GLB Class,2020,38990,50,145,44.8,2,SEMI-AUTO,DIESEL
10697,17,GLB Class,2020,39480,29,145,46.3,2,SEMI-AUTO,DIESEL
10698,17,GLB Class,2020,39950,637,145,44.8,2,SEMI-AUTO,DIESEL
10699,17,GLB Class,2020,39980,349,145,46.3,2,SEMI-AUTO,DIESEL
10700,17,GLB Class,2020,39995,1912,145,44.8,2,SEMI-AUTO,DIESEL
10701,17,GLB Class,2020,40480,29,145,44.8,2,SEMI-AUTO,DIESEL
10702,17,GLB Class,2020,44298,20,145,44.8,2,AUTOMATIC,DIESEL
10703,18,GLC Class,2015,19500,66160,125,56.5,2.1,AUTOMATIC,DIESEL
10704,18,GLC Class,2015,21000,48445,125,56.5,2.1,AUTOMATIC,DIESEL
10705,18,GLC Class,2015,21745,35587,125,56.5,2.1,AUTOMATIC,DIESEL
10706,18,GLC Class,2015,21999,48500,125,56.5,2.1,AUTOMATIC,DIESEL
10707,18,GLC Class,2015,22795,27853,125,56.5,2.1,SEMI-AUTO,DIESEL
10708,18,GLC Class,2015,22965,18580,125,56.5,2.1,AUTOMATIC,DIESEL
10709,18,GLC Class,2015,22990,31289,125,56.5,2.1,SEMI-AUTO,DIESEL
10710,18,GLC Class,2015,23472,37322,125,56.5,2.1,AUTOMATIC,DIESEL
10711,18,GLC Class,2015,23549,38254,125,56.5,2.1,SEMI-AUTO,DIESEL
10712,18,GLC Class,2015,24498,23487,125,56.5,2.1,SEMI-AUTO,DIESEL
10713,18,GLC Class,2015,24750,23405,125,56.5,2.1,AUTOMATIC,DIESEL
10714,18,GLC Class,2016,14331,53818,125,56.5,2.1,SEMI-AUTO,DIESEL
10715,18,GLC Class,2016,18366,65012,125,56.5,2.1,AUTOMATIC,DIESEL
10716,18,GLC Class,2016,18990,70560,125,56.5,2.1,SEMI-AUTO,DIESEL
10717,18,GLC Class,2016,18990,76452,125,56.5,2.1,SEMI-AUTO,DIESEL
10718,18,GLC Class,2016,19300,50043,125,56.5,2.1,AUTOMATIC,DIESEL
10719,18,GLC Class,2016,19490,59442,125,56.5,2.1,SEMI-AUTO,DIESEL
10720,18,GLC Class,2016,19500,60773,125,56.5,2.1,AUTOMATIC,DIESEL
10721,18,GLC Class,2016,19750,48979,125,56.5,2.1,AUTOMATIC,DIESEL
10722,18,GLC Class,2016,19795,83280,125,56.5,2.1,AUTOMATIC,DIESEL
10723,18,GLC Class,2016,19970,67286,125,56.5,2.1,AUTOMATIC,DIESEL
10724,18,GLC Class,2016,19980,48795,125,56.5,2.1,SEMI-AUTO,DIESEL
10725,18,GLC Class,2016,20510,29340,125,56.5,2.1,SEMI-AUTO,DIESEL
10726,18,GLC Class,2016,20750,30848,125,56.5,2.1,AUTOMATIC,DIESEL
10727,18,GLC Class,2016,20750,44445,125,56.5,2.1,AUTOMATIC,DIESEL
10728,18,GLC Class,2016,20871,44482,125,56.5,2.1,SEMI-AUTO,DIESEL
10729,18,GLC Class,2016,20950,27000,125,56.5,2.1,AUTOMATIC,DIESEL
10730,18,GLC Class,2016,20990,44013,125,56.5,2.1,AUTOMATIC,DIESEL
10731,18,GLC Class,2016,20998,36240,125,56.5,2.1,SEMI-AUTO,DIESEL
10732,18,GLC Class,2016,20998,37045,125,56.5,2.1,SEMI-AUTO,DIESEL
10733,18,GLC Class,2016,21000,51093,125,56.5,2.1,AUTOMATIC,DIESEL
10734,18,GLC Class,2016,21000,57454,125,56.5,2.1,AUTOMATIC,DIESEL
10735,18,GLC Class,2016,21000,68594,125,56.5,2.1,AUTOMATIC,DIESEL
10736,18,GLC Class,2016,21112,26516,125,56.5,2.1,SEMI-AUTO,DIESEL
10737,18,GLC Class,2016,21295,64995,125,56.5,2.1,SEMI-AUTO,DIESEL
10738,18,GLC Class,2016,21500,23349,125,56.5,2.1,SEMI-AUTO,DIESEL
10739,18,GLC Class,2016,21750,52852,125,56.5,2.1,AUTOMATIC,DIESEL
10740,18,GLC Class,2016,21980,23000,125,56.5,2.1,SEMI-AUTO,DIESEL
10741,18,GLC Class,2016,21995,28000,125,56.5,2.1,SEMI-AUTO,DIESEL
10742,18,GLC Class,2016,21995,44759,125,56.5,2.1,SEMI-AUTO,DIESEL
10743,18,GLC Class,2016,21998,27894,125,56.5,2.1,SEMI-AUTO,DIESEL
10744,18,GLC Class,2016,21998,29884,125,56.5,2.1,AUTOMATIC,DIESEL
10745,18,GLC Class,2016,21998,49986,125,56.5,2.1,SEMI-AUTO,DIESEL
10746,18,GLC Class,2016,22000,47358,125,56.5,2.1,AUTOMATIC,DIESEL
10747,18,GLC Class,2016,22041,66559,125,56.5,2.1,SEMI-AUTO,DIESEL
10748,18,GLC Class,2016,22248,32726,125,56.5,2.1,AUTOMATIC,DIESEL
10749,18,GLC Class,2016,22250,57774,125,56.5,2.1,AUTOMATIC,DIESEL
10750,18,GLC Class,2016,22390,41351,125,56.5,2.1,AUTOMATIC,DIESEL
10751,18,GLC Class,2016,22498,25220,125,56.5,2.1,SEMI-AUTO,DIESEL
10752,18,GLC Class,2016,22498,26210,125,56.5,2.1,SEMI-AUTO,DIESEL
10753,18,GLC Class,2016,22499,49822,125,56.5,2.1,SEMI-AUTO,DIESEL
10754,18,GLC Class,2016,22500,26789,125,56.5,2.1,SEMI-AUTO,DIESEL
10755,18,GLC Class,2016,22510,36672,125,56.5,2.1,SEMI-AUTO,DIESEL
10756,18,GLC Class,2016,22650,52567,125,56.5,2.1,AUTOMATIC,DIESEL
10757,18,GLC Class,2016,22750,21225,125,56.5,2.1,AUTOMATIC,DIESEL
10758,18,GLC Class,2016,22792,36087,125,56.5,2.1,SEMI-AUTO,DIESEL
10759,18,GLC Class,2016,22800,38797,125,56.5,2.1,AUTOMATIC,DIESEL
10760,18,GLC Class,2016,22900,20561,125,56.5,2.1,AUTOMATIC,DIESEL
10761,18,GLC Class,2016,22994,54117,125,56.5,2.1,SEMI-AUTO,DIESEL
10762,18,GLC Class,2016,22995,30000,125,56.5,2.1,SEMI-AUTO,DIESEL
10763,18,GLC Class,2016,22998,30162,125,56.5,2.1,SEMI-AUTO,DIESEL
10764,18,GLC Class,2016,23062,46975,125,56.5,2.1,AUTOMATIC,DIESEL
10765,18,GLC Class,2016,23245,21210,125,56.5,2.1,SEMI-AUTO,DIESEL
10766,18,GLC Class,2016,23245,61828,125,56.5,2.1,AUTOMATIC,DIESEL
10767,18,GLC Class,2016,23282,9700,125,56.5,2.1,SEMI-AUTO,DIESEL
10768,18,GLC Class,2016,23282,9700,125,56.5,2.1,SEMI-AUTO,DIESEL
10769,18,GLC Class,2016,23490,29300,125,56.5,2.1,SEMI-AUTO,DIESEL
10770,18,GLC Class,2016,23490,33622,125,56.5,2.1,SEMI-AUTO,DIESEL
10771,18,GLC Class,2016,23498,46259,125,56.5,2.1,SEMI-AUTO,DIESEL
10772,18,GLC Class,2016,23500,20335,125,56.5,2.1,AUTOMATIC,DIESEL
10773,18,GLC Class,2016,23500,28647,125,56.5,2.1,AUTOMATIC,DIESEL
10774,18,GLC Class,2016,23680,29071,125,56.5,2.1,AUTOMATIC,DIESEL
10775,18,GLC Class,2016,23750,28197,125,56.5,2.1,AUTOMATIC,DIESEL
10776,18,GLC Class,2016,23790,32549,125,56.5,2.1,SEMI-AUTO,DIESEL
10777,18,GLC Class,2016,23822,58543,125,56.5,2.1,SEMI-AUTO,DIESEL
10778,18,GLC Class,2016,23924,42381,125,56.5,2.1,AUTOMATIC,DIESEL
10779,18,GLC Class,2016,23980,14643,125,56.5,2.1,SEMI-AUTO,DIESEL
10780,18,GLC Class,2016,23980,44293,125,56.5,2.1,SEMI-AUTO,DIESEL
10781,18,GLC Class,2016,23988,42045,125,56.5,2.1,AUTOMATIC,DIESEL
10782,18,GLC Class,2016,23998,14946,125,56.5,2.1,SEMI-AUTO,DIESEL
10783,18,GLC Class,2016,23998,42809,125,56.5,2.1,SEMI-AUTO,DIESEL
10784,18,GLC Class,2016,23999,14000,125,56.5,2.1,AUTOMATIC,DIESEL
10785,18,GLC Class,2016,23999,35655,125,56.5,2.1,AUTOMATIC,DIESEL
10786,18,GLC Class,2016,24132,48314,125,56.5,2.1,SEMI-AUTO,DIESEL
10787,18,GLC Class,2016,24240,21258,125,56.5,2.1,SEMI-AUTO,DIESEL
10788,18,GLC Class,2016,24250,36743,125,56.5,2.1,AUTOMATIC,DIESEL
10789,18,GLC Class,2016,24340,36320,125,56.5,2.1,SEMI-AUTO,DIESEL
10790,18,GLC Class,2016,24480,31730,125,56.5,2.1,SEMI-AUTO,DIESEL
10791,18,GLC Class,2016,24480,41490,125,56.5,2.1,SEMI-AUTO,DIESEL
10792,18,GLC Class,2016,24486,22955,125,56.5,2.1,AUTOMATIC,DIESEL
10793,18,GLC Class,2016,24486,22955,125,56.5,2.1,SEMI-AUTO,DIESEL
10794,18,GLC Class,2016,24490,22989,125,56.5,2.1,SEMI-AUTO,DIESEL
10795,18,GLC Class,2016,24495,11400,125,56.5,2.1,SEMI-AUTO,DIESEL
10796,18,GLC Class,2016,24495,32018,125,56.5,2.1,AUTOMATIC,DIESEL
10797,18,GLC Class,2016,24498,16840,125,56.5,2.1,SEMI-AUTO,DIESEL
10798,18,GLC Class,2016,24500,20242,125,56.5,2.1,AUTOMATIC,DIESEL
10799,18,GLC Class,2016,24642,20345,125,56.5,2.1,SEMI-AUTO,DIESEL
10800,18,GLC Class,2016,24741,42300,125,56.5,2.1,SEMI-AUTO,DIESEL
10801,18,GLC Class,2016,24898,30488,125,56.5,2.1,SEMI-AUTO,DIESEL
10802,18,GLC Class,2016,24950,29190,125,56.5,2.1,SEMI-AUTO,DIESEL
10803,18,GLC Class,2016,24990,23941,125,56.5,2.1,SEMI-AUTO,DIESEL
10804,18,GLC Class,2016,24995,18160,125,56.5,2.1,SEMI-AUTO,DIESEL
10805,18,GLC Class,2016,24995,21600,125,56.5,2.1,AUTOMATIC,DIESEL
10806,18,GLC Class,2016,24995,36000,125,56.5,2.1,AUTOMATIC,DIESEL
10807,18,GLC Class,2016,24995,40343,125,56.5,2.1,AUTOMATIC,DIESEL
10808,18,GLC Class,2016,24998,30639,125,56.5,2.1,SEMI-AUTO,DIESEL
10809,18,GLC Class,2016,25100,27703,125,56.5,2.1,SEMI-AUTO,DIESEL
10810,18,GLC Class,2016,25299,32000,125,56.5,2.1,SEMI-AUTO,DIESEL
10811,18,GLC Class,2016,25432,45490,125,56.5,2.1,SEMI-AUTO,DIESEL
10812,18,GLC Class,2016,25495,24290,125,56.5,2.1,SEMI-AUTO,DIESEL
10813,18,GLC Class,2016,25498,14301,125,56.5,2.1,SEMI-AUTO,DIESEL
10814,18,GLC Class,2016,25733,31239,125,56.5,2.1,AUTOMATIC,DIESEL
10815,18,GLC Class,2016,25750,17000,125,56.5,2.1,SEMI-AUTO,DIESEL
10816,18,GLC Class,2016,25780,34358,125,56.5,2.1,AUTOMATIC,DIESEL
10817,18,GLC Class,2016,25980,30404,125,56.5,2.1,SEMI-AUTO,DIESEL
10818,18,GLC Class,2016,25980,37876,125,56.5,2.1,SEMI-AUTO,DIESEL
10819,18,GLC Class,2016,25995,22000,125,56.5,2.1,SEMI-AUTO,DIESEL
10820,18,GLC Class,2016,25998,21677,125,56.5,2.1,SEMI-AUTO,DIESEL
10821,18,GLC Class,2016,25998,40220,145,56.5,2.1,SEMI-AUTO,DIESEL
10822,18,GLC Class,2016,25999,21000,125,56.5,2.1,SEMI-AUTO,DIESEL
10823,18,GLC Class,2016,26000,31726,125,56.5,2.1,SEMI-AUTO,DIESEL
10824,18,GLC Class,2016,26001,34358,125,56.5,2.1,SEMI-AUTO,DIESEL
10825,18,GLC Class,2016,26199,21782,125,56.5,2.1,SEMI-AUTO,DIESEL
10826,18,GLC Class,2016,26250,29529,125,56.5,2.1,AUTOMATIC,DIESEL
10827,18,GLC Class,2016,26320,26065,145,56.5,2.1,SEMI-AUTO,DIESEL
10828,18,GLC Class,2016,26480,35011,125,56.5,2.1,SEMI-AUTO,DIESEL
10829,18,GLC Class,2016,26498,30000,125,56.5,2.1,AUTOMATIC,DIESEL
10830,18,GLC Class,2016,26780,33294,125,56.5,2.1,SEMI-AUTO,DIESEL
10831,18,GLC Class,2016,27000,8153,125,56.5,2.1,SEMI-AUTO,DIESEL
10832,18,GLC Class,2016,27050,38438,145,56.5,2.1,SEMI-AUTO,DIESEL
10833,18,GLC Class,2016,27102,27634,125,56.5,2.1,SEMI-AUTO,DIESEL
10834,18,GLC Class,2016,27250,30810,150,56.5,2.1,AUTOMATIC,DIESEL
10835,18,GLC Class,2016,27480,35782,125,56.5,2.1,SEMI-AUTO,DIESEL
10836,18,GLC Class,2016,27480,36499,145,56.5,2.1,SEMI-AUTO,DIESEL
10837,18,GLC Class,2016,27500,18283,125,56.5,2.1,SEMI-AUTO,DIESEL
10838,18,GLC Class,2016,27577,17809,145,56.5,2.1,AUTOMATIC,DIESEL
10839,18,GLC Class,2016,27899,11562,125,56.5,2.1,SEMI-AUTO,DIESEL
10840,18,GLC Class,2016,27900,73358,300,34,3,AUTOMATIC,PETROL
10841,18,GLC Class,2016,27981,7917,125,56.5,2.1,SEMI-AUTO,DIESEL
10842,18,GLC Class,2016,27995,25680,125,56.5,2.1,SEMI-AUTO,DIESEL
10843,18,GLC Class,2016,27998,33062,145,56.5,2.1,SEMI-AUTO,DIESEL
10844,18,GLC Class,2016,27998,43910,145,56.5,2.1,SEMI-AUTO,DIESEL
10845,18,GLC Class,2016,28490,29889,145,56.5,2.1,SEMI-AUTO,DIESEL
10846,18,GLC Class,2016,28798,18773,145,56.5,2.1,SEMI-AUTO,DIESEL
10847,18,GLC Class,2016,28995,31600,145,56.5,2.1,SEMI-AUTO,DIESEL
10848,18,GLC Class,2016,28998,16742,145,56.5,2.1,SEMI-AUTO,DIESEL
10849,18,GLC Class,2016,28999,21355,145,56.5,2.1,SEMI-AUTO,DIESEL
10850,18,GLC Class,2016,29221,20296,150,56.5,2.1,SEMI-AUTO,DIESEL
10851,18,GLC Class,2016,29280,19640,145,56.5,2.1,SEMI-AUTO,DIESEL
10852,18,GLC Class,2016,29480,15772,145,56.5,2.1,SEMI-AUTO,DIESEL
10853,18,GLC Class,2016,29499,19932,145,56.5,2.1,SEMI-AUTO,DIESEL
10854,18,GLC Class,2016,30502,11568,145,56.5,2.1,SEMI-AUTO,DIESEL
10855,18,GLC Class,2016,30752,15385,145,56.5,2.1,SEMI-AUTO,DIESEL
10856,18,GLC Class,2016,31490,43500,305,34,3,AUTOMATIC,PETROL
10857,18,GLC Class,2016,31695,13778,145,56.5,2.1,AUTOMATIC,DIESEL
10858,18,GLC Class,2016,31990,29360,300,34,3,SEMI-AUTO,PETROL
10859,18,GLC Class,2016,34980,31499,300,34,3,SEMI-AUTO,PETROL
10860,18,GLC Class,2017,19000,87750,125,56.5,2.1,AUTOMATIC,DIESEL
10861,18,GLC Class,2017,20175,56386,125,56.5,2.1,AUTOMATIC,DIESEL
10862,18,GLC Class,2017,20475,70024,125,56.5,2.1,AUTOMATIC,DIESEL
10863,18,GLC Class,2017,20998,40949,125,56.5,2.1,SEMI-AUTO,DIESEL
10864,18,GLC Class,2017,21042,15230,125,56.5,2.1,SEMI-AUTO,DIESEL
10865,18,GLC Class,2017,21250,65094,125,56.5,2.1,AUTOMATIC,DIESEL
10866,18,GLC Class,2017,21380,51000,125,56.5,2.1,SEMI-AUTO,DIESEL
10867,18,GLC Class,2017,21449,61954,125,56.5,2.1,SEMI-AUTO,DIESEL
10868,18,GLC Class,2017,21600,54609,125,56.5,2.1,AUTOMATIC,DIESEL
10869,18,GLC Class,2017,21950,57000,125,56.5,2.1,SEMI-AUTO,DIESEL
10870,18,GLC Class,2017,22495,33495,125,56.5,2.1,SEMI-AUTO,DIESEL
10871,18,GLC Class,2017,22498,30028,145,56.5,2.1,SEMI-AUTO,DIESEL
10872,18,GLC Class,2017,22699,31995,125,56.5,2.1,SEMI-AUTO,DIESEL
10873,18,GLC Class,2017,22699,31995,125,56.5,2.1,SEMI-AUTO,DIESEL
10874,18,GLC Class,2017,22750,24786,125,56.5,2.1,AUTOMATIC,DIESEL
10875,18,GLC Class,2017,22750,29929,145,56.5,2.1,SEMI-AUTO,DIESEL
10876,18,GLC Class,2017,23000,32308,145,56.5,2.1,AUTOMATIC,DIESEL
10877,18,GLC Class,2017,23100,36853,125,56.5,2.1,AUTOMATIC,DIESEL
10878,18,GLC Class,2017,23242,52214,125,56.5,2.1,SEMI-AUTO,DIESEL
10879,18,GLC Class,2017,23242,52214,125,56.5,2.1,SEMI-AUTO,DIESEL
10880,18,GLC Class,2017,23248,22623,125,56.5,2.1,AUTOMATIC,DIESEL
10881,18,GLC Class,2017,23481,29025,125,56.5,2.1,SEMI-AUTO,DIESEL
10882,18,GLC Class,2017,23490,40023,150,56.5,2.1,SEMI-AUTO,DIESEL
10883,18,GLC Class,2017,23498,32902,125,56.5,2.1,SEMI-AUTO,DIESEL
10884,18,GLC Class,2017,23615,41243,145,56.5,2.1,SEMI-AUTO,DIESEL
10885,18,GLC Class,2017,23750,43927,125,56.5,2.1,AUTOMATIC,DIESEL
10886,18,GLC Class,2017,23800,59879,145,56.5,2.1,AUTOMATIC,DIESEL
10887,18,GLC Class,2017,23895,47581,125,56.5,2.1,AUTOMATIC,DIESEL
10888,18,GLC Class,2017,23900,21969,145,56.5,2.1,AUTOMATIC,DIESEL
10889,18,GLC Class,2017,23990,34000,125,56.5,2.1,SEMI-AUTO,DIESEL
10890,18,GLC Class,2017,23994,31225,145,56.5,2.1,SEMI-AUTO,DIESEL
10891,18,GLC Class,2017,23998,39647,125,56.5,2.1,SEMI-AUTO,DIESEL
10892,18,GLC Class,2017,24100,32894,125,56.5,2.1,AUTOMATIC,DIESEL
10893,18,GLC Class,2017,24180,10139,125,56.5,2.1,SEMI-AUTO,DIESEL
10894,18,GLC Class,2017,24250,24168,125,56.5,2.1,SEMI-AUTO,DIESEL
10895,18,GLC Class,2017,24399,26844,125,56.5,2.1,SEMI-AUTO,DIESEL
10896,18,GLC Class,2017,24481,40058,125,56.5,2.1,SEMI-AUTO,DIESEL
10897,18,GLC Class,2017,24481,45106,125,56.5,2.1,SEMI-AUTO,DIESEL
10898,18,GLC Class,2017,24490,34937,145,56.5,2.1,SEMI-AUTO,DIESEL
10899,18,GLC Class,2017,24498,36058,125,56.5,2.1,SEMI-AUTO,DIESEL
10900,18,GLC Class,2017,24500,26968,125,56.5,2.1,AUTOMATIC,DIESEL
10901,18,GLC Class,2017,24510,26995,145,56.5,2.1,AUTOMATIC,DIESEL
10902,18,GLC Class,2017,24695,33620,145,56.5,2.1,SEMI-AUTO,DIESEL
10903,18,GLC Class,2017,24699,28982,125,56.5,2.1,SEMI-AUTO,DIESEL
10904,18,GLC Class,2017,24780,27484,145,56.5,2.1,AUTOMATIC,DIESEL
10905,18,GLC Class,2017,24790,28894,145,56.5,2.1,SEMI-AUTO,DIESEL
10906,18,GLC Class,2017,24900,51380,125,56.5,2.1,AUTOMATIC,DIESEL
10907,18,GLC Class,2017,24990,38200,125,56.5,2.1,SEMI-AUTO,DIESEL
10908,18,GLC Class,2017,24990,56263,125,56.5,2.1,SEMI-AUTO,DIESEL
10909,18,GLC Class,2017,24994,9867,145,56.5,2.1,AUTOMATIC,DIESEL
10910,18,GLC Class,2017,24998,44847,125,56.5,2.1,SEMI-AUTO,DIESEL
10911,18,GLC Class,2017,24998,53351,145,56.5,2.1,SEMI-AUTO,DIESEL
10912,18,GLC Class,2017,24999,17706,125,56.5,2.1,SEMI-AUTO,DIESEL
10913,18,GLC Class,2017,24999,29897,125,56.5,2.1,SEMI-AUTO,DIESEL
10914,18,GLC Class,2017,25210,39140,150,56.5,2.1,SEMI-AUTO,DIESEL
10915,18,GLC Class,2017,25260,18391,145,56.5,2.1,AUTOMATIC,DIESEL
10916,18,GLC Class,2017,25291,29312,125,56.5,2.1,AUTOMATIC,DIESEL
10917,18,GLC Class,2017,25400,28838,145,56.5,2.1,AUTOMATIC,DIESEL
10918,18,GLC Class,2017,25481,42000,150,56.5,2.1,SEMI-AUTO,DIESEL
10919,18,GLC Class,2017,25498,9444,145,56.5,2.1,SEMI-AUTO,DIESEL
10920,18,GLC Class,2017,25498,17967,150,56.5,2.1,SEMI-AUTO,DIESEL
10921,18,GLC Class,2017,25498,52554,125,56.5,2.1,AUTOMATIC,DIESEL
10922,18,GLC Class,2017,25649,38070,125,56.5,2.1,SEMI-AUTO,DIESEL
10923,18,GLC Class,2017,25750,22000,145,56.5,2.1,AUTOMATIC,DIESEL
10924,18,GLC Class,2017,25800,15334,145,56.5,2.1,SEMI-AUTO,DIESEL
10925,18,GLC Class,2017,25800,35872,145,56.5,2.1,AUTOMATIC,DIESEL
10926,18,GLC Class,2017,25874,20190,145,56.5,2.1,AUTOMATIC,DIESEL
10927,18,GLC Class,2017,25980,25871,125,56.5,2.1,SEMI-AUTO,DIESEL
10928,18,GLC Class,2017,25980,36276,125,56.5,2.1,SEMI-AUTO,DIESEL
10929,18,GLC Class,2017,25991,16008,145,56.5,2.1,SEMI-AUTO,DIESEL
10930,18,GLC Class,2017,25991,17371,145,56.5,2.1,AUTOMATIC,DIESEL
10931,18,GLC Class,2017,25995,38941,145,56.5,2.1,SEMI-AUTO,DIESEL
10932,18,GLC Class,2017,25995,47776,200,47.9,3,SEMI-AUTO,DIESEL
10933,18,GLC Class,2017,25998,20804,125,56.5,2.1,SEMI-AUTO,DIESEL
10934,18,GLC Class,2017,25998,30859,145,56.5,2.1,AUTOMATIC,DIESEL
10935,18,GLC Class,2017,25998,35224,125,56.5,2.1,AUTOMATIC,DIESEL
10936,18,GLC Class,2017,25998,46453,145,56.5,2.1,SEMI-AUTO,DIESEL
10937,18,GLC Class,2017,26000,16895,145,56.5,2.1,SEMI-AUTO,DIESEL
10938,18,GLC Class,2017,26000,28773,145,56.5,2.1,SEMI-AUTO,DIESEL
10939,18,GLC Class,2017,26024,45202,125,56.5,2.1,SEMI-AUTO,DIESEL
10940,18,GLC Class,2017,26124,43493,145,56.5,2.1,AUTOMATIC,DIESEL
10941,18,GLC Class,2017,26250,59180,145,56.5,2.1,AUTOMATIC,DIESEL
10942,18,GLC Class,2017,26480,34596,125,56.5,2.1,SEMI-AUTO,DIESEL
10943,18,GLC Class,2017,26495,27534,125,56.5,2.1,SEMI-AUTO,DIESEL
10944,18,GLC Class,2017,26498,33523,145,56.5,2.1,SEMI-AUTO,DIESEL
10945,18,GLC Class,2017,26551,13644,150,56.5,2.1,SEMI-AUTO,DIESEL
10946,18,GLC Class,2017,26780,24557,150,56.5,2.1,SEMI-AUTO,DIESEL
10947,18,GLC Class,2017,26980,26234,145,56.5,2.1,AUTOMATIC,DIESEL
10948,18,GLC Class,2017,26989,28037,125,56.5,2.1,AUTOMATIC,DIESEL
10949,18,GLC Class,2017,26990,28001,150,56.5,2.1,SEMI-AUTO,DIESEL
10950,18,GLC Class,2017,26995,17987,125,56.5,2.1,SEMI-AUTO,DIESEL
10951,18,GLC Class,2017,26995,21500,145,56.5,2.1,SEMI-AUTO,DIESEL
10952,18,GLC Class,2017,26995,24205,145,56.5,2.1,SEMI-AUTO,DIESEL
10953,18,GLC Class,2017,26995,25497,150,56.5,2.1,AUTOMATIC,DIESEL
10954,18,GLC Class,2017,26995,33153,145,56.5,2.1,SEMI-AUTO,DIESEL
10955,18,GLC Class,2017,26995,37950,145,56.5,2.1,SEMI-AUTO,DIESEL
10956,18,GLC Class,2017,26998,9172,145,56.5,2.1,SEMI-AUTO,DIESEL
10957,18,GLC Class,2017,26998,21554,145,56.5,2.1,SEMI-AUTO,DIESEL
10958,18,GLC Class,2017,26998,33544,145,56.5,2.1,SEMI-AUTO,DIESEL
10959,18,GLC Class,2017,26998,36239,145,56.5,2.1,SEMI-AUTO,DIESEL
10960,18,GLC Class,2017,26999,35293,145,56.5,2.1,SEMI-AUTO,DIESEL
10961,18,GLC Class,2017,27000,14819,150,56.5,2.1,AUTOMATIC,DIESEL
10962,18,GLC Class,2017,27199,21452,145,56.5,2.1,SEMI-AUTO,DIESEL
10963,18,GLC Class,2017,27450,19299,145,56.5,2.1,SEMI-AUTO,DIESEL
10964,18,GLC Class,2017,27495,31654,150,56.5,2.1,SEMI-AUTO,DIESEL
10965,18,GLC Class,2017,27495,36061,145,56.5,2.1,AUTOMATIC,DIESEL
10966,18,GLC Class,2017,27498,23351,145,56.5,2.1,SEMI-AUTO,DIESEL
10967,18,GLC Class,2017,27498,29933,145,56.5,2.1,AUTOMATIC,DIESEL
10968,18,GLC Class,2017,27520,33590,145,56.5,2.1,SEMI-AUTO,DIESEL
10969,18,GLC Class,2017,27673,3573,145,56.5,2.1,SEMI-AUTO,DIESEL
10970,18,GLC Class,2017,27700,16907,150,56.5,2.1,AUTOMATIC,DIESEL
10971,18,GLC Class,2017,27782,37000,200,47.9,3,SEMI-AUTO,DIESEL
10972,18,GLC Class,2017,27799,22414,125,56.5,2.1,SEMI-AUTO,DIESEL
10973,18,GLC Class,2017,27890,14891,150,56.5,2.1,SEMI-AUTO,DIESEL
10974,18,GLC Class,2017,27892,34121,145,56.5,2.1,SEMI-AUTO,DIESEL
10975,18,GLC Class,2017,27950,22244,145,56.5,2.1,AUTOMATIC,DIESEL
10976,18,GLC Class,2017,27980,16617,145,56.5,2.1,SEMI-AUTO,DIESEL
10977,18,GLC Class,2017,27980,27002,150,56.5,2.1,SEMI-AUTO,DIESEL
10978,18,GLC Class,2017,27990,25782,145,56.5,2.1,SEMI-AUTO,DIESEL
10979,18,GLC Class,2017,27995,28500,150,56.5,2.1,AUTOMATIC,DIESEL
10980,18,GLC Class,2017,27995,32725,200,47.9,3,SEMI-AUTO,DIESEL
10981,18,GLC Class,2017,27998,18983,145,56.5,2.1,SEMI-AUTO,DIESEL
10982,18,GLC Class,2017,27998,27343,145,56.5,2.1,SEMI-AUTO,DIESEL
10983,18,GLC Class,2017,27998,30459,145,56.5,2.1,SEMI-AUTO,DIESEL
10984,18,GLC Class,2017,28240,23248,145,56.5,2.1,SEMI-AUTO,DIESEL
10985,18,GLC Class,2017,28450,22608,145,56.5,2.1,AUTOMATIC,DIESEL
10986,18,GLC Class,2017,28490,30199,145,56.5,2.1,AUTOMATIC,DIESEL
10987,18,GLC Class,2017,28490,33485,145,56.5,2.1,SEMI-AUTO,DIESEL
10988,18,GLC Class,2017,28490,49953,145,56.5,2.1,SEMI-AUTO,DIESEL
10989,18,GLC Class,2017,28498,26299,145,56.5,2.1,SEMI-AUTO,DIESEL
10990,18,GLC Class,2017,28599,26200,145,56.5,2.1,SEMI-AUTO,DIESEL
10991,18,GLC Class,2017,28698,12960,145,56.5,2.1,SEMI-AUTO,DIESEL
10992,18,GLC Class,2017,28699,30063,145,56.5,2.1,SEMI-AUTO,DIESEL
10993,18,GLC Class,2017,28800,28152,235,45.6,3,AUTOMATIC,DIESEL
10994,18,GLC Class,2017,28880,22822,145,56.5,2.1,SEMI-AUTO,DIESEL
10995,18,GLC Class,2017,28900,6587,150,56.5,2.1,AUTOMATIC,DIESEL
10996,18,GLC Class,2017,28900,21000,150,47.9,3,AUTOMATIC,DIESEL
10997,18,GLC Class,2017,28910,24187,145,56.5,2.1,AUTOMATIC,DIESEL
10998,18,GLC Class,2017,28962,10132,200,47.9,3,SEMI-AUTO,DIESEL
10999,18,GLC Class,2017,28980,15462,145,56.5,2.1,SEMI-AUTO,DIESEL
11000,18,GLC Class,2017,28980,21112,145,56.5,2.1,SEMI-AUTO,DIESEL
11001,18,GLC Class,2017,28980,31018,145,56.5,2.1,SEMI-AUTO,DIESEL
11002,18,GLC Class,2017,28995,30808,150,56.5,2.1,AUTOMATIC,DIESEL
11003,18,GLC Class,2017,28998,21263,145,56.5,2.1,SEMI-AUTO,DIESEL
11004,18,GLC Class,2017,28999,26200,145,56.5,2.1,SEMI-AUTO,DIESEL
11005,18,GLC Class,2017,28999,28478,150,56.5,2.1,SEMI-AUTO,DIESEL
11006,18,GLC Class,2017,29062,23995,145,47.9,3,AUTOMATIC,DIESEL
11007,18,GLC Class,2017,29151,30744,145,56.5,2.1,SEMI-AUTO,DIESEL
11008,18,GLC Class,2017,29400,25686,145,56.5,2.1,SEMI-AUTO,DIESEL
11009,18,GLC Class,2017,29440,2017,145,56.5,2.1,AUTOMATIC,DIESEL
11010,18,GLC Class,2017,29450,32234,145,56.5,2.1,SEMI-AUTO,DIESEL
11011,18,GLC Class,2017,29480,27552,145,56.5,2.1,SEMI-AUTO,DIESEL
11012,18,GLC Class,2017,29490,39720,145,56.5,2.1,AUTOMATIC,DIESEL
11013,18,GLC Class,2017,29495,29000,145,56.5,2.1,SEMI-AUTO,DIESEL
11014,18,GLC Class,2017,29499,30500,145,56.5,2.1,SEMI-AUTO,DIESEL
11015,18,GLC Class,2017,29500,25782,150,56.5,2.1,SEMI-AUTO,DIESEL
11016,18,GLC Class,2017,29676,33169,300,34,3,AUTOMATIC,PETROL
11017,18,GLC Class,2017,29980,44916,145,56.5,2.1,SEMI-AUTO,DIESEL
11018,18,GLC Class,2017,29990,13919,150,56.5,2.1,AUTOMATIC,DIESEL
11019,18,GLC Class,2017,29991,18607,145,56.5,2.1,SEMI-AUTO,DIESEL
11020,18,GLC Class,2017,29991,22489,150,56.5,2.1,SEMI-AUTO,DIESEL
11021,18,GLC Class,2017,29998,23326,150,56.5,2.1,SEMI-AUTO,DIESEL
11022,18,GLC Class,2017,29999,15884,200,47.9,3,SEMI-AUTO,DIESEL
11023,18,GLC Class,2017,30122,24046,145,56.5,2.1,SEMI-AUTO,DIESEL
11024,18,GLC Class,2017,30400,30136,145,45.6,3,AUTOMATIC,DIESEL
11025,18,GLC Class,2017,30950,21000,145,56.5,2.1,AUTOMATIC,DIESEL
11026,18,GLC Class,2017,30971,9501,145,56.5,2.1,SEMI-AUTO,DIESEL
11027,18,GLC Class,2017,30980,23999,145,56.5,2.1,SEMI-AUTO,DIESEL
11028,18,GLC Class,2017,30991,25509,145,56.5,2.1,SEMI-AUTO,DIESEL
11029,18,GLC Class,2017,30998,26865,150,56.5,2.1,AUTOMATIC,DIESEL
11030,18,GLC Class,2017,30999,12376,145,56.5,2.1,AUTOMATIC,DIESEL
11031,18,GLC Class,2017,30999,25000,145,56.5,2.1,SEMI-AUTO,DIESEL
11032,18,GLC Class,2017,30999,36056,145,56.5,2.1,SEMI-AUTO,DIESEL
11033,18,GLC Class,2017,31248,34444,145,56.5,2.1,AUTOMATIC,DIESEL
11034,18,GLC Class,2017,32312,14794,145,56.5,2.1,SEMI-AUTO,DIESEL
11035,18,GLC Class,2017,32472,17321,145,56.5,2.1,SEMI-AUTO,DIESEL
11036,18,GLC Class,2017,32745,31000,145,34,3,SEMI-AUTO,PETROL
11037,18,GLC Class,2017,32995,6500,150,56.5,2.1,SEMI-AUTO,DIESEL
11038,18,GLC Class,2017,32998,29265,300,34,3,SEMI-AUTO,PETROL
11039,18,GLC Class,2017,33000,28263,305,34,3,SEMI-AUTO,PETROL
11040,18,GLC Class,2017,33890,22499,150,34,3,SEMI-AUTO,PETROL
11041,18,GLC Class,2017,33990,18500,305,34,3,AUTOMATIC,PETROL
11042,18,GLC Class,2017,33990,45129,145,34,3,SEMI-AUTO,PETROL
11043,18,GLC Class,2017,33995,24752,150,45.6,3,AUTOMATIC,DIESEL
11044,18,GLC Class,2017,33999,22000,145,34,3,SEMI-AUTO,PETROL
11045,18,GLC Class,2017,34647,21264,145,34,3,SEMI-AUTO,PETROL
11046,18,GLC Class,2017,35822,14177,300,34,3,SEMI-AUTO,PETROL
11047,18,GLC Class,2017,35999,18507,150,34,3,AUTOMATIC,PETROL
11048,18,GLC Class,2017,36000,15250,145,34,3,SEMI-AUTO,PETROL
11049,18,GLC Class,2017,36092,21305,300,34,3,SEMI-AUTO,PETROL
11050,18,GLC Class,2017,37982,11386,145,34,3,SEMI-AUTO,PETROL
11051,18,GLC Class,2017,37995,25975,150,34,3,AUTOMATIC,PETROL
11052,18,GLC Class,2017,37998,20418,145,34,3,SEMI-AUTO,PETROL
11053,18,GLC Class,2017,38000,18120,150,34,3,SEMI-AUTO,PETROL
11054,18,GLC Class,2017,42249,15164,145,34,3,SEMI-AUTO,PETROL
11055,18,GLC Class,2018,20850,20000,150,56.5,2.1,AUTOMATIC,DIESEL
11056,18,GLC Class,2018,24690,40422,145,56.5,2.1,SEMI-AUTO,DIESEL
11057,18,GLC Class,2018,24750,21960,150,56.5,2.1,AUTOMATIC,DIESEL
11058,18,GLC Class,2018,24750,23267,150,56.5,2.1,AUTOMATIC,DIESEL
11059,18,GLC Class,2018,24750,24881,150,56.5,2.1,AUTOMATIC,DIESEL
11060,18,GLC Class,2018,24750,25046,145,56.5,2.1,AUTOMATIC,DIESEL
11061,18,GLC Class,2018,24750,25530,145,56.5,2.1,AUTOMATIC,DIESEL
11062,18,GLC Class,2018,24970,19360,145,56.5,2.1,AUTOMATIC,DIESEL
11063,18,GLC Class,2018,25250,22138,150,56.5,2.1,AUTOMATIC,DIESEL
11064,18,GLC Class,2018,25500,11119,150,56.5,2.1,AUTOMATIC,DIESEL
11065,18,GLC Class,2018,25500,13940,145,56.5,2.1,AUTOMATIC,DIESEL
11066,18,GLC Class,2018,25890,9848,145,56.5,2.1,AUTOMATIC,DIESEL
11067,18,GLC Class,2018,25980,27297,145,56.5,2.1,SEMI-AUTO,DIESEL
11068,18,GLC Class,2018,25995,11690,145,56.5,2.1,SEMI-AUTO,DIESEL
11069,18,GLC Class,2018,26000,17165,150,41.5,2.1,AUTOMATIC,DIESEL
11070,18,GLC Class,2018,26399,13900,145,37.2,2,SEMI-AUTO,PETROL
11071,18,GLC Class,2018,26480,10833,145,56.5,2.1,SEMI-AUTO,DIESEL
11072,18,GLC Class,2018,26500,6876,150,56.5,2.1,AUTOMATIC,DIESEL
11073,18,GLC Class,2018,26890,15200,145,41.5,2.1,SEMI-AUTO,DIESEL
11074,18,GLC Class,2018,26951,28598,150,56.5,2.1,SEMI-AUTO,DIESEL
11075,18,GLC Class,2018,26980,10266,145,37.2,2,SEMI-AUTO,PETROL
11076,18,GLC Class,2018,26990,7364,145,41.5,2.1,SEMI-AUTO,DIESEL
11077,18,GLC Class,2018,26995,20226,145,56.5,2.1,SEMI-AUTO,DIESEL
11078,18,GLC Class,2018,26995,20696,150,56.5,2.1,SEMI-AUTO,DIESEL
11079,18,GLC Class,2018,26995,36998,145,56.5,2.1,AUTOMATIC,DIESEL
11080,18,GLC Class,2018,26999,11000,145,37.2,2,SEMI-AUTO,PETROL
11081,18,GLC Class,2018,27462,15123,145,56.5,2.1,SEMI-AUTO,DIESEL
11082,18,GLC Class,2018,27480,7851,145,41.5,2.1,SEMI-AUTO,DIESEL
11083,18,GLC Class,2018,27490,34507,145,56.5,2.1,SEMI-AUTO,DIESEL
11084,18,GLC Class,2018,27500,23303,145,56.5,2.1,SEMI-AUTO,DIESEL
11085,18,GLC Class,2018,27590,16776,145,56.5,2.1,SEMI-AUTO,DIESEL
11086,18,GLC Class,2018,27750,15516,150,43.5,2,AUTOMATIC,PETROL
11087,18,GLC Class,2018,27880,10408,145,56.5,2.1,SEMI-AUTO,DIESEL
11088,18,GLC Class,2018,27890,10007,145,56.5,2.1,AUTOMATIC,DIESEL
11089,18,GLC Class,2018,27902,13512,145,56.5,2.1,SEMI-AUTO,DIESEL
11090,18,GLC Class,2018,27974,24199,145,56.5,2.1,SEMI-AUTO,DIESEL
11091,18,GLC Class,2018,27980,7830,150,56.5,2.1,SEMI-AUTO,DIESEL
11092,18,GLC Class,2018,27989,6910,145,56.5,2.1,SEMI-AUTO,DIESEL
11093,18,GLC Class,2018,27990,21734,150,56.5,2.1,SEMI-AUTO,DIESEL
11094,18,GLC Class,2018,27991,17060,150,56.5,2.1,AUTOMATIC,DIESEL
11095,18,GLC Class,2018,27994,12567,145,56.5,2.1,SEMI-AUTO,DIESEL
11096,18,GLC Class,2018,28000,20188,150,56.5,2.1,SEMI-AUTO,DIESEL
11097,18,GLC Class,2018,28082,35754,145,56.5,2.1,SEMI-AUTO,DIESEL
11098,18,GLC Class,2018,28172,10149,145,56.5,2.1,SEMI-AUTO,DIESEL
11099,18,GLC Class,2018,28295,15000,145,56.5,2.1,SEMI-AUTO,DIESEL
11100,18,GLC Class,2018,28390,10465,145,56.5,2.1,SEMI-AUTO,DIESEL
11101,18,GLC Class,2018,28452,26993,145,56.5,2.1,SEMI-AUTO,DIESEL
11102,18,GLC Class,2018,28480,6945,150,56.5,2.1,SEMI-AUTO,DIESEL
11103,18,GLC Class,2018,28482,17004,145,43.5,2,SEMI-AUTO,PETROL
11104,18,GLC Class,2018,28491,11763,145,56.5,2.1,AUTOMATIC,DIESEL
11105,18,GLC Class,2018,28499,21659,145,56.5,2.1,SEMI-AUTO,DIESEL
11106,18,GLC Class,2018,28499,25861,145,56.5,2.1,SEMI-AUTO,DIESEL
11107,18,GLC Class,2018,28500,12670,145,56.5,2.1,SEMI-AUTO,DIESEL
11108,18,GLC Class,2018,28860,7158,145,43.5,2,SEMI-AUTO,PETROL
11109,18,GLC Class,2018,28944,29790,145,56.5,2.1,AUTOMATIC,DIESEL
11110,18,GLC Class,2018,28982,25426,145,56.5,2.1,SEMI-AUTO,DIESEL
11111,18,GLC Class,2018,28995,9500,150,56.5,2.1,AUTOMATIC,DIESEL
11112,18,GLC Class,2018,28995,15000,150,56.5,2.1,AUTOMATIC,DIESEL
11113,18,GLC Class,2018,29062,26500,145,56.5,2.1,SEMI-AUTO,DIESEL
11114,18,GLC Class,2018,29112,16729,145,56.5,2.1,AUTOMATIC,DIESEL
11115,18,GLC Class,2018,29190,12523,145,56.5,2.1,AUTOMATIC,DIESEL
11116,18,GLC Class,2018,29400,8783,145,56.5,2.1,AUTOMATIC,DIESEL
11117,18,GLC Class,2018,29440,9690,145,56.5,2.1,SEMI-AUTO,DIESEL
11118,18,GLC Class,2018,29442,11352,145,56.5,2.1,SEMI-AUTO,DIESEL
11119,18,GLC Class,2018,29449,16985,145,56.5,2.1,SEMI-AUTO,DIESEL
11120,18,GLC Class,2018,29480,14510,145,56.5,2.1,SEMI-AUTO,DIESEL
11121,18,GLC Class,2018,29480,21275,145,56.5,2.1,SEMI-AUTO,DIESEL
11122,18,GLC Class,2018,29495,12718,145,56.5,2.1,AUTOMATIC,DIESEL
11123,18,GLC Class,2018,29495,21994,145,56.5,2.1,SEMI-AUTO,DIESEL
11124,18,GLC Class,2018,29712,15492,145,56.5,2.1,SEMI-AUTO,DIESEL
11125,18,GLC Class,2018,29890,14287,145,56.5,2.1,AUTOMATIC,DIESEL
11126,18,GLC Class,2018,29932,14196,145,56.5,2.1,SEMI-AUTO,DIESEL
11127,18,GLC Class,2018,29990,22420,145,56.5,2.1,SEMI-AUTO,DIESEL
11128,18,GLC Class,2018,29991,18976,150,47.9,3,SEMI-AUTO,DIESEL
11129,18,GLC Class,2018,29995,10300,145,43.5,2,AUTOMATIC,PETROL
11130,18,GLC Class,2018,29999,12000,150,56.5,2.1,AUTOMATIC,DIESEL
11131,18,GLC Class,2018,30423,8123,145,56.5,2.1,AUTOMATIC,DIESEL
11132,18,GLC Class,2018,30495,11943,150,56.5,2.1,SEMI-AUTO,DIESEL
11133,18,GLC Class,2018,30498,19287,145,56.5,2.1,SEMI-AUTO,DIESEL
11134,18,GLC Class,2018,30499,8995,145,56.5,2.1,SEMI-AUTO,DIESEL
11135,18,GLC Class,2018,30500,8648,145,56.5,2.1,SEMI-AUTO,DIESEL
11136,18,GLC Class,2018,30568,9160,145,56.5,2.1,AUTOMATIC,DIESEL
11137,18,GLC Class,2018,30682,14517,145,56.5,2.1,AUTOMATIC,DIESEL
11138,18,GLC Class,2018,30699,6704,145,56.5,2.1,SEMI-AUTO,DIESEL
11139,18,GLC Class,2018,30862,22216,145,47.9,3,SEMI-AUTO,DIESEL
11140,18,GLC Class,2018,30991,26573,145,56.5,2.1,SEMI-AUTO,DIESEL
11141,18,GLC Class,2018,31124,4291,150,56.5,2.1,SEMI-AUTO,DIESEL
11142,18,GLC Class,2018,31199,11673,145,56.5,2.1,SEMI-AUTO,DIESEL
11143,18,GLC Class,2018,31480,5761,145,56.5,2.1,SEMI-AUTO,DIESEL
11144,18,GLC Class,2018,31950,34229,145,56.5,2.1,SEMI-AUTO,DIESEL
11145,18,GLC Class,2018,31975,10516,145,56.5,2.1,AUTOMATIC,DIESEL
11146,18,GLC Class,2018,31994,19339,145,45.6,3,SEMI-AUTO,DIESEL
11147,18,GLC Class,2018,31995,16176,150,56.5,2.1,AUTOMATIC,DIESEL
11148,18,GLC Class,2018,31998,11605,145,56.5,2.1,SEMI-AUTO,DIESEL
11149,18,GLC Class,2018,31999,5444,145,56.5,2.1,SEMI-AUTO,DIESEL
11150,18,GLC Class,2018,32245,25359,145,56.5,2.1,AUTOMATIC,DIESEL
11151,18,GLC Class,2018,32399,8900,145,56.5,2.1,SEMI-AUTO,DIESEL
11152,18,GLC Class,2018,32480,11592,145,56.5,2.1,SEMI-AUTO,DIESEL
11153,18,GLC Class,2018,32498,12517,145,45.6,3,SEMI-AUTO,DIESEL
11154,18,GLC Class,2018,32750,12431,145,56.5,2.1,SEMI-AUTO,DIESEL
11155,18,GLC Class,2018,32849,11582,145,56.5,2.1,SEMI-AUTO,DIESEL
11156,18,GLC Class,2018,32890,16000,145,56.5,2.1,SEMI-AUTO,DIESEL
11157,18,GLC Class,2018,32932,17099,145,56.5,2.1,SEMI-AUTO,DIESEL
11158,18,GLC Class,2018,33900,7392,145,56.5,2.1,SEMI-AUTO,DIESEL
11159,18,GLC Class,2018,33998,7220,145,56.5,2.1,SEMI-AUTO,DIESEL
11160,18,GLC Class,2018,34995,5551,145,56.5,2.1,AUTOMATIC,DIESEL
11161,18,GLC Class,2018,35000,23500,150,34,3,SEMI-AUTO,PETROL
11162,18,GLC Class,2018,36850,4841,145,34,3,AUTOMATIC,PETROL
11163,18,GLC Class,2018,37900,17609,145,34,3,SEMI-AUTO,PETROL
11164,18,GLC Class,2018,38990,10638,145,34,3,SEMI-AUTO,PETROL
11165,18,GLC Class,2018,42732,14403,145,34,3,SEMI-AUTO,PETROL
11166,18,GLC Class,2018,49891,11744,145,27.4,4,SEMI-AUTO,PETROL
11167,18,GLC Class,2018,50990,8550,145,27.4,4,AUTOMATIC,PETROL
11168,18,GLC Class,2018,51989,6059,145,27.4,4,SEMI-AUTO,PETROL
11169,18,GLC Class,2018,53750,5444,145,27.4,4,AUTOMATIC,PETROL
11170,18,GLC Class,2018,59124,6982,145,26.4,4,SEMI-AUTO,PETROL
11171,18,GLC Class,2018,60799,1563,145,26.4,4,SEMI-AUTO,PETROL
11172,18,GLC Class,2019,24250,21252,150,37.2,2,AUTOMATIC,PETROL
11173,18,GLC Class,2019,24500,15358,150,37.2,2,AUTOMATIC,PETROL
11174,18,GLC Class,2019,24500,19932,150,37.2,2,AUTOMATIC,PETROL
11175,18,GLC Class,2019,24500,21118,150,37.2,2,AUTOMATIC,PETROL
11176,18,GLC Class,2019,26000,7966,150,56.5,2.1,AUTOMATIC,DIESEL
11177,18,GLC Class,2019,26000,19424,145,43.5,2,AUTOMATIC,PETROL
11178,18,GLC Class,2019,27100,9196,145,41.5,2.1,AUTOMATIC,DIESEL
11179,18,GLC Class,2019,27227,13387,145,56.5,2.1,SEMI-AUTO,DIESEL
11180,18,GLC Class,2019,27495,5809,145,41.5,2.1,AUTOMATIC,DIESEL
11181,18,GLC Class,2019,27750,6109,150,56.5,2.1,AUTOMATIC,DIESEL
11182,18,GLC Class,2019,27890,19072,145,56.5,2.1,AUTOMATIC,DIESEL
11183,18,GLC Class,2019,27949,8595,145,56.5,2.1,SEMI-AUTO,DIESEL
11184,18,GLC Class,2019,27950,2901,150,41.5,2,SEMI-AUTO,DIESEL
11185,18,GLC Class,2019,27991,8811,145,41.5,2.1,SEMI-AUTO,DIESEL
11186,18,GLC Class,2019,27995,6563,145,41.5,2.1,SEMI-AUTO,DIESEL
11187,18,GLC Class,2019,27995,6563,150,41.5,2.1,SEMI-AUTO,DIESEL
11188,18,GLC Class,2019,28299,12329,145,41.5,2.1,SEMI-AUTO,DIESEL
11189,18,GLC Class,2019,28480,5981,145,41.5,2.1,SEMI-AUTO,DIESEL
11190,18,GLC Class,2019,28490,15900,150,43.5,2,AUTOMATIC,PETROL
11191,18,GLC Class,2019,28660,11649,145,56.5,2.1,AUTOMATIC,DIESEL
11192,18,GLC Class,2019,28980,2015,145,41.5,2.1,SEMI-AUTO,DIESEL
11193,18,GLC Class,2019,28985,14123,145,56.5,2.1,AUTOMATIC,DIESEL
11194,18,GLC Class,2019,28990,8763,145,56.5,2.1,SEMI-AUTO,DIESEL
11195,18,GLC Class,2019,29000,12495,145,43.5,2,SEMI-AUTO,PETROL
11196,18,GLC Class,2019,29240,12975,150,56.5,2.1,SEMI-AUTO,DIESEL
11197,18,GLC Class,2019,29260,11240,145,56.5,2.1,SEMI-AUTO,DIESEL
11198,18,GLC Class,2019,29260,11745,145,56.5,2.1,AUTOMATIC,DIESEL
11199,18,GLC Class,2019,29299,8847,145,56.5,2.1,SEMI-AUTO,DIESEL
11200,18,GLC Class,2019,29480,11495,145,56.5,2.1,SEMI-AUTO,DIESEL
11201,18,GLC Class,2019,29490,8115,145,56.5,2.1,SEMI-AUTO,DIESEL
11202,18,GLC Class,2019,29490,12315,145,56.5,2.1,SEMI-AUTO,DIESEL
11203,18,GLC Class,2019,29750,10857,150,56.5,2.1,AUTOMATIC,DIESEL
11204,18,GLC Class,2019,29750,12914,150,56.5,2.1,AUTOMATIC,DIESEL
11205,18,GLC Class,2019,29750,13460,150,56.5,2.1,AUTOMATIC,DIESEL
11206,18,GLC Class,2019,29755,11016,145,56.5,2.1,AUTOMATIC,DIESEL
11207,18,GLC Class,2019,29849,13427,145,56.5,2.1,SEMI-AUTO,DIESEL
11208,18,GLC Class,2019,29950,8522,145,43.5,2,AUTOMATIC,PETROL
11209,18,GLC Class,2019,29980,3635,145,41.5,2.1,SEMI-AUTO,DIESEL
11210,18,GLC Class,2019,29980,7286,145,31.7,2,SEMI-AUTO,PETROL
11211,18,GLC Class,2019,29980,9336,145,31.7,2,SEMI-AUTO,PETROL
11212,18,GLC Class,2019,29980,28299,145,56.5,2.1,SEMI-AUTO,DIESEL
11213,18,GLC Class,2019,29995,10007,145,43.5,2,SEMI-AUTO,PETROL
11214,18,GLC Class,2019,29995,16283,145,41.5,2.1,AUTOMATIC,DIESEL
11215,18,GLC Class,2019,29999,10420,145,56.5,2.1,SEMI-AUTO,DIESEL
11216,18,GLC Class,2019,30000,8268,150,44.8,2,AUTOMATIC,DIESEL
11217,18,GLC Class,2019,30049,11614,145,56.5,2.1,SEMI-AUTO,DIESEL
11218,18,GLC Class,2019,30049,11840,145,56.5,2.1,SEMI-AUTO,DIESEL
11219,18,GLC Class,2019,30099,1934,145,41.5,2.1,SEMI-AUTO,DIESEL
11220,18,GLC Class,2019,30149,10903,145,56.5,2.1,SEMI-AUTO,DIESEL
11221,18,GLC Class,2019,30199,4102,145,56.5,2.1,SEMI-AUTO,DIESEL
11222,18,GLC Class,2019,30199,14564,145,43.5,2,AUTOMATIC,PETROL
11223,18,GLC Class,2019,30299,11875,145,56.5,2.1,SEMI-AUTO,DIESEL
11224,18,GLC Class,2019,30480,9736,145,42.2,2.1,SEMI-AUTO,DIESEL
11225,18,GLC Class,2019,30480,15224,145,56.5,2.1,SEMI-AUTO,DIESEL
11226,18,GLC Class,2019,30490,8340,150,42.2,2.1,SEMI-AUTO,DIESEL
11227,18,GLC Class,2019,30500,8696,145,56.5,2.1,SEMI-AUTO,DIESEL
11228,18,GLC Class,2019,30562,16538,145,56.5,2.1,AUTOMATIC,DIESEL
11229,18,GLC Class,2019,30582,12972,145,56.5,2.1,SEMI-AUTO,DIESEL
11230,18,GLC Class,2019,30649,5909,145,56.5,2.1,SEMI-AUTO,DIESEL
11231,18,GLC Class,2019,30799,9886,145,41.5,2.1,AUTOMATIC,DIESEL
11232,18,GLC Class,2019,30890,12076,145,56.5,2.1,SEMI-AUTO,DIESEL
11233,18,GLC Class,2019,30941,8841,150,41.5,2.1,SEMI-AUTO,DIESEL
11234,18,GLC Class,2019,30950,10697,145,44.8,2,SEMI-AUTO,DIESEL
11235,18,GLC Class,2019,30980,3999,145,47.9,2,SEMI-AUTO,DIESEL
11236,18,GLC Class,2019,30980,5002,145,44.8,2,SEMI-AUTO,DIESEL
11237,18,GLC Class,2019,30980,9469,145,56.5,2.1,SEMI-AUTO,DIESEL
11238,18,GLC Class,2019,30980,10217,145,56.5,2.1,SEMI-AUTO,DIESEL
11239,18,GLC Class,2019,30980,13650,145,41.5,2.1,SEMI-AUTO,DIESEL
11240,18,GLC Class,2019,30999,4588,145,47.9,2,AUTOMATIC,DIESEL
11241,18,GLC Class,2019,30999,11612,145,41.5,2.1,AUTOMATIC,DIESEL
11242,18,GLC Class,2019,31000,15961,150,38.7,2,AUTOMATIC,PETROL
11243,18,GLC Class,2019,31000,16313,150,44.8,2,SEMI-AUTO,DIESEL
11244,18,GLC Class,2019,31062,12860,145,56.5,2.1,AUTOMATIC,DIESEL
11245,18,GLC Class,2019,31099,11096,145,41.5,2.1,SEMI-AUTO,DIESEL
11246,18,GLC Class,2019,31203,10208,145,56.5,2.1,AUTOMATIC,DIESEL
11247,18,GLC Class,2019,31245,13387,145,56.5,2.1,SEMI-AUTO,DIESEL
11248,18,GLC Class,2019,31295,4181,145,44.8,2,SEMI-AUTO,DIESEL
11249,18,GLC Class,2019,31295,12580,145,41.5,2.1,SEMI-AUTO,DIESEL
11250,18,GLC Class,2019,31399,10254,145,41.5,2.1,SEMI-AUTO,DIESEL
11251,18,GLC Class,2019,31400,7670,145,44.8,2,SEMI-AUTO,DIESEL
11252,18,GLC Class,2019,31480,3068,145,47.9,2,SEMI-AUTO,DIESEL
11253,18,GLC Class,2019,31480,9807,145,56.5,2.1,SEMI-AUTO,DIESEL
11254,18,GLC Class,2019,31480,12365,145,42.2,2.1,SEMI-AUTO,DIESEL
11255,18,GLC Class,2019,31480,13445,145,41.5,2.1,SEMI-AUTO,DIESEL
11256,18,GLC Class,2019,31480,15101,145,41.5,2.1,SEMI-AUTO,DIESEL
11257,18,GLC Class,2019,31490,3270,145,44.8,2,SEMI-AUTO,DIESEL
11258,18,GLC Class,2019,31490,6294,145,44.8,2,SEMI-AUTO,DIESEL
11259,18,GLC Class,2019,31490,9545,145,41.5,2.1,AUTOMATIC,DIESEL
11260,18,GLC Class,2019,31490,9569,145,42.2,2.1,SEMI-AUTO,DIESEL
11261,18,GLC Class,2019,31490,14681,145,41.5,2.1,AUTOMATIC,DIESEL
11262,18,GLC Class,2019,31500,7399,145,44.8,2,SEMI-AUTO,DIESEL
11263,18,GLC Class,2019,31500,8534,145,44.8,2,SEMI-AUTO,DIESEL
11264,18,GLC Class,2019,31500,9000,145,44.8,2,AUTOMATIC,DIESEL
11265,18,GLC Class,2019,31500,9327,145,44.8,2,SEMI-AUTO,DIESEL
11266,18,GLC Class,2019,31519,1000,145,47.9,2,SEMI-AUTO,DIESEL
11267,18,GLC Class,2019,31640,9624,145,41.5,2.1,SEMI-AUTO,DIESEL
11268,18,GLC Class,2019,31649,4086,145,43.5,2,SEMI-AUTO,PETROL
11269,18,GLC Class,2019,31695,4270,145,41.5,2.1,SEMI-AUTO,DIESEL
11270,18,GLC Class,2019,31750,5973,145,44.8,2,SEMI-AUTO,DIESEL
11271,18,GLC Class,2019,31795,7780,145,41.5,2.1,SEMI-AUTO,DIESEL
11272,18,GLC Class,2019,31849,12382,145,42.2,2.1,SEMI-AUTO,DIESEL
11273,18,GLC Class,2019,31899,9853,145,41.5,2.1,SEMI-AUTO,DIESEL
11274,18,GLC Class,2019,31899,14908,145,41.5,2.1,SEMI-AUTO,DIESEL
11275,18,GLC Class,2019,31900,5100,150,42.2,2.1,AUTOMATIC,DIESEL
11276,18,GLC Class,2019,31900,8895,145,41.5,2.1,SEMI-AUTO,DIESEL
11277,18,GLC Class,2019,31946,11622,145,42.2,2.1,AUTOMATIC,DIESEL
11278,18,GLC Class,2019,31950,9460,145,42.2,2.1,AUTOMATIC,DIESEL
11279,18,GLC Class,2019,31980,3999,145,34,2,SEMI-AUTO,PETROL
11280,18,GLC Class,2019,31980,5604,145,34,2,SEMI-AUTO,PETROL
11281,18,GLC Class,2019,31980,10959,145,42.2,2.1,SEMI-AUTO,DIESEL
11282,18,GLC Class,2019,31980,16212,145,56.5,2.1,SEMI-AUTO,DIESEL
11283,18,GLC Class,2019,31990,7352,145,41.5,2.1,AUTOMATIC,DIESEL
11284,18,GLC Class,2019,31990,7977,145,56.5,2.1,AUTOMATIC,DIESEL
11285,18,GLC Class,2019,31990,10334,150,41.5,2.1,AUTOMATIC,DIESEL
11286,18,GLC Class,2019,31995,100,145,44.8,2,AUTOMATIC,DIESEL
11287,18,GLC Class,2019,31995,1852,145,37.2,2,AUTOMATIC,PETROL
11288,18,GLC Class,2019,31995,5999,145,44.8,2,AUTOMATIC,DIESEL
11289,18,GLC Class,2019,31999,3867,145,56.5,2.1,SEMI-AUTO,DIESEL
11290,18,GLC Class,2019,31999,6222,145,44.8,2,AUTOMATIC,DIESEL
11291,18,GLC Class,2019,31999,10971,145,42.2,2.1,SEMI-AUTO,DIESEL
11292,18,GLC Class,2019,32000,3917,145,47.9,2,SEMI-AUTO,DIESEL
11293,18,GLC Class,2019,32000,4219,145,44.8,2,SEMI-AUTO,DIESEL
11294,18,GLC Class,2019,32000,6000,145,44.8,2,SEMI-AUTO,DIESEL
11295,18,GLC Class,2019,32000,9023,150,44.8,2,SEMI-AUTO,DIESEL
11296,18,GLC Class,2019,32049,10698,145,42.2,2.1,SEMI-AUTO,DIESEL
11297,18,GLC Class,2019,32056,13847,145,42.2,2.1,AUTOMATIC,DIESEL
11298,18,GLC Class,2019,32148,4000,145,44.8,2,SEMI-AUTO,DIESEL
11299,18,GLC Class,2019,32199,9351,145,42.2,2.1,SEMI-AUTO,DIESEL
11300,18,GLC Class,2019,32199,9418,145,41.5,2.1,SEMI-AUTO,DIESEL
11301,18,GLC Class,2019,32199,10316,145,41.5,2.1,SEMI-AUTO,DIESEL
11302,18,GLC Class,2019,32249,5943,145,42.2,2.1,SEMI-AUTO,DIESEL
11303,18,GLC Class,2019,32249,8779,145,42.2,2.1,SEMI-AUTO,DIESEL
11304,18,GLC Class,2019,32305,5553,145,42.2,2.1,SEMI-AUTO,DIESEL
11305,18,GLC Class,2019,32305,9678,145,42.2,2.1,SEMI-AUTO,DIESEL
11306,18,GLC Class,2019,32340,1303,145,44.8,2,AUTOMATIC,DIESEL
11307,18,GLC Class,2019,32367,6257,145,56.5,2.1,AUTOMATIC,DIESEL
11308,18,GLC Class,2019,32375,12225,145,42.2,2.1,SEMI-AUTO,DIESEL
11309,18,GLC Class,2019,32390,9675,145,42.2,2.1,SEMI-AUTO,DIESEL
11310,18,GLC Class,2019,32480,2566,145,44.8,2,SEMI-AUTO,DIESEL
11311,18,GLC Class,2019,32480,3989,145,44.8,2,SEMI-AUTO,DIESEL
11312,18,GLC Class,2019,32480,10217,145,56.5,2.1,SEMI-AUTO,DIESEL
11313,18,GLC Class,2019,32480,16353,145,56.5,2.1,SEMI-AUTO,DIESEL
11314,18,GLC Class,2019,32490,1499,145,44.8,2,AUTOMATIC,DIESEL
11315,18,GLC Class,2019,32490,4302,150,44.8,2,SEMI-AUTO,DIESEL
11316,18,GLC Class,2019,32495,3628,145,44.8,2,SEMI-AUTO,DIESEL
11317,18,GLC Class,2019,32499,3150,145,41.5,2.1,SEMI-AUTO,DIESEL
11318,18,GLC Class,2019,32499,7538,145,41.5,2.1,SEMI-AUTO,DIESEL
11319,18,GLC Class,2019,32499,9418,145,41.5,2.1,SEMI-AUTO,DIESEL
11320,18,GLC Class,2019,32500,2000,145,44.8,2,SEMI-AUTO,DIESEL
11321,18,GLC Class,2019,32500,2000,145,44.8,2,SEMI-AUTO,DIESEL
11322,18,GLC Class,2019,32500,2677,145,44.8,2,SEMI-AUTO,DIESEL
11323,18,GLC Class,2019,32500,3500,150,44.8,2,SEMI-AUTO,DIESEL
11324,18,GLC Class,2019,32526,10574,145,42.2,2.1,SEMI-AUTO,DIESEL
11325,18,GLC Class,2019,32599,9240,145,42.2,2.1,SEMI-AUTO,DIESEL
11326,18,GLC Class,2019,32749,1000,145,44.8,2,SEMI-AUTO,DIESEL
11327,18,GLC Class,2019,32749,1000,145,44.8,2,SEMI-AUTO,DIESEL
11328,18,GLC Class,2019,32749,3743,145,44.8,2,SEMI-AUTO,DIESEL
11329,18,GLC Class,2019,32749,5000,145,44.8,2,SEMI-AUTO,DIESEL
11330,18,GLC Class,2019,32890,9948,145,42.2,2.1,SEMI-AUTO,DIESEL
11331,18,GLC Class,2019,32919,1000,145,44.8,2,SEMI-AUTO,DIESEL
11332,18,GLC Class,2019,32919,1000,145,44.8,2,SEMI-AUTO,DIESEL
11333,18,GLC Class,2019,32949,2424,145,42.2,2.1,SEMI-AUTO,DIESEL
11334,18,GLC Class,2019,32950,3500,150,42.2,2.1,AUTOMATIC,DIESEL
11335,18,GLC Class,2019,32980,3403,145,44.8,2,SEMI-AUTO,DIESEL
11336,18,GLC Class,2019,32998,12831,145,44.8,2,SEMI-AUTO,DIESEL
11337,18,GLC Class,2019,33140,3320,150,44.8,2,SEMI-AUTO,DIESEL
11338,18,GLC Class,2019,33160,2022,145,44.8,2,SEMI-AUTO,DIESEL
11339,18,GLC Class,2019,33190,7163,145,44.8,2,AUTOMATIC,DIESEL
11340,18,GLC Class,2019,33449,3957,145,31.7,2,SEMI-AUTO,PETROL
11341,18,GLC Class,2019,33449,4623,145,44.8,2,SEMI-AUTO,DIESEL
11342,18,GLC Class,2019,33480,2552,145,44.8,2,SEMI-AUTO,DIESEL
11343,18,GLC Class,2019,33495,12344,145,56.5,2.1,SEMI-AUTO,DIESEL
11344,18,GLC Class,2019,33499,999,145,44.8,2,AUTOMATIC,DIESEL
11345,18,GLC Class,2019,33499,6165,145,44.8,2,SEMI-AUTO,DIESEL
11346,18,GLC Class,2019,33729,11301,145,56.5,2.1,AUTOMATIC,DIESEL
11347,18,GLC Class,2019,33980,3346,145,44.8,2,SEMI-AUTO,DIESEL
11348,18,GLC Class,2019,33990,5830,150,40.9,2,SEMI-AUTO,DIESEL
11349,18,GLC Class,2019,34099,2632,150,42.2,2.1,SEMI-AUTO,DIESEL
11350,18,GLC Class,2019,34290,5595,145,44.8,2,SEMI-AUTO,DIESEL
11351,18,GLC Class,2019,34299,1224,145,42.2,2.1,SEMI-AUTO,DIESEL
11352,18,GLC Class,2019,34350,12623,145,44.8,2,AUTOMATIC,DIESEL
11353,18,GLC Class,2019,34400,6940,145,44.8,2,AUTOMATIC,DIESEL
11354,18,GLC Class,2019,34420,4450,145,34,2,AUTOMATIC,PETROL
11355,18,GLC Class,2019,34459,9250,145,56.5,2.1,AUTOMATIC,DIESEL
11356,18,GLC Class,2019,34460,9844,145,56.5,2.1,AUTOMATIC,DIESEL
11357,18,GLC Class,2019,34490,4025,145,44.8,2,AUTOMATIC,DIESEL
11358,18,GLC Class,2019,34499,138,145,44.8,2,SEMI-AUTO,DIESEL
11359,18,GLC Class,2019,34500,4000,145,44.8,2,SEMI-AUTO,DIESEL
11360,18,GLC Class,2019,34699,9889,145,56.5,2.1,SEMI-AUTO,DIESEL
11361,18,GLC Class,2019,34795,5848,145,56.5,2.1,SEMI-AUTO,DIESEL
11362,18,GLC Class,2019,34800,10747,145,40.9,2,SEMI-AUTO,DIESEL
11363,18,GLC Class,2019,34945,6420,145,56.5,2.1,SEMI-AUTO,DIESEL
11364,18,GLC Class,2019,34946,10387,145,44.8,2,AUTOMATIC,DIESEL
11365,18,GLC Class,2019,34950,3100,145,43.5,2,AUTOMATIC,DIESEL
11366,18,GLC Class,2019,34950,5700,145,44.8,2,AUTOMATIC,DIESEL
11367,18,GLC Class,2019,34950,9551,145,56.5,2.1,SEMI-AUTO,DIESEL
11368,18,GLC Class,2019,34965,7801,145,44.8,2,AUTOMATIC,DIESEL
11369,18,GLC Class,2019,34970,7298,145,38.7,2,AUTOMATIC,PETROL
11370,18,GLC Class,2019,34980,5000,150,43.5,2,AUTOMATIC,DIESEL
11371,18,GLC Class,2019,34980,10913,145,44.8,2,SEMI-AUTO,DIESEL
11372,18,GLC Class,2019,34990,4106,150,40.9,2,AUTOMATIC,DIESEL
11373,18,GLC Class,2019,34990,6500,145,34,2,AUTOMATIC,PETROL
11374,18,GLC Class,2019,34990,8048,145,56.5,2.1,SEMI-AUTO,DIESEL
11375,18,GLC Class,2019,34995,9794,145,40.9,2,AUTOMATIC,DIESEL
11376,18,GLC Class,2019,34998,423,145,56.5,2.1,SEMI-AUTO,DIESEL
11377,18,GLC Class,2019,34999,10094,145,44.8,2,AUTOMATIC,DIESEL
11378,18,GLC Class,2019,35000,3806,145,56.5,2.1,SEMI-AUTO,DIESEL
11379,18,GLC Class,2019,35000,5383,145,44.8,2,SEMI-AUTO,DIESEL
11380,18,GLC Class,2019,35000,10810,145,40.9,2,SEMI-AUTO,DIESEL
11381,18,GLC Class,2019,35099,5486,145,56.5,2.1,SEMI-AUTO,DIESEL
11382,18,GLC Class,2019,35159,100,145,47.9,2,AUTOMATIC,DIESEL
11383,18,GLC Class,2019,35162,4557,150,44.8,2,SEMI-AUTO,DIESEL
11384,18,GLC Class,2019,35199,4048,145,56.5,2.1,AUTOMATIC,DIESEL
11385,18,GLC Class,2019,35394,11190,150,56.5,2.1,AUTOMATIC,DIESEL
11386,18,GLC Class,2019,35400,6000,145,44.8,2,AUTOMATIC,DIESEL
11387,18,GLC Class,2019,35444,2870,145,44.8,2,AUTOMATIC,DIESEL
11388,18,GLC Class,2019,35490,2644,145,40.9,2,AUTOMATIC,DIESEL
11389,18,GLC Class,2019,35490,6840,145,40.9,2,SEMI-AUTO,DIESEL
11390,18,GLC Class,2019,35495,382,145,44.8,2,SEMI-AUTO,DIESEL
11391,18,GLC Class,2019,35500,5181,145,40.9,2,SEMI-AUTO,DIESEL
11392,18,GLC Class,2019,35589,5420,145,40.9,2,SEMI-AUTO,DIESEL
11393,18,GLC Class,2019,35611,26153,145,45.6,3,AUTOMATIC,DIESEL
11394,18,GLC Class,2019,35722,8380,145,44.8,2,AUTOMATIC,DIESEL
11395,18,GLC Class,2019,35730,8225,145,40.9,2,AUTOMATIC,DIESEL
11396,18,GLC Class,2019,35800,3251,145,40.9,2,SEMI-AUTO,DIESEL
11397,18,GLC Class,2019,35980,16,145,44.8,2,SEMI-AUTO,DIESEL
11398,18,GLC Class,2019,35980,4115,145,43.5,2,SEMI-AUTO,DIESEL
11399,18,GLC Class,2019,35981,3656,145,44.8,2,AUTOMATIC,DIESEL
11400,18,GLC Class,2019,35990,4749,145,42.2,2.1,AUTOMATIC,DIESEL
11401,18,GLC Class,2019,35995,7132,145,40.9,2,SEMI-AUTO,DIESEL
11402,18,GLC Class,2019,35995,11984,145,40.9,2,SEMI-AUTO,DIESEL
11403,18,GLC Class,2019,35998,7540,145,40.9,2,SEMI-AUTO,DIESEL
11404,18,GLC Class,2019,36000,6462,145,40.9,2,SEMI-AUTO,DIESEL
11405,18,GLC Class,2019,36000,7800,145,40.9,2,SEMI-AUTO,DIESEL
11406,18,GLC Class,2019,36000,8000,145,40.9,2,SEMI-AUTO,DIESEL
11407,18,GLC Class,2019,36249,2580,145,44.8,2,SEMI-AUTO,DIESEL
11408,18,GLC Class,2019,36349,2095,145,44.8,2,SEMI-AUTO,DIESEL
11409,18,GLC Class,2019,36390,10955,145,40.9,2,SEMI-AUTO,DIESEL
11410,18,GLC Class,2019,36429,1000,145,40.9,2,SEMI-AUTO,DIESEL
11411,18,GLC Class,2019,36490,50,145,40.9,2,SEMI-AUTO,DIESEL
11412,18,GLC Class,2019,36490,2450,145,40.9,2,AUTOMATIC,DIESEL
11413,18,GLC Class,2019,36490,3449,145,40.9,2,AUTOMATIC,DIESEL
11414,18,GLC Class,2019,36490,5223,145,40.9,2,SEMI-AUTO,DIESEL
11415,18,GLC Class,2019,36490,6668,145,40.9,2,SEMI-AUTO,DIESEL
11416,18,GLC Class,2019,36490,7011,145,40.9,2,SEMI-AUTO,DIESEL
11417,18,GLC Class,2019,36540,3395,145,44.8,2,AUTOMATIC,DIESEL
11418,18,GLC Class,2019,36800,6112,145,40.9,2,SEMI-AUTO,DIESEL
11419,18,GLC Class,2019,36920,8901,145,40.9,2,AUTOMATIC,DIESEL
11420,18,GLC Class,2019,36980,2704,145,40.9,2,SEMI-AUTO,DIESEL
11421,18,GLC Class,2019,36995,3000,145,40.9,2,AUTOMATIC,DIESEL
11422,18,GLC Class,2019,36998,1894,145,44.8,2,AUTOMATIC,DIESEL
11423,18,GLC Class,2019,36999,2823,145,40.9,2,SEMI-AUTO,DIESEL
11424,18,GLC Class,2019,37000,5529,145,40.9,2,SEMI-AUTO,DIESEL
11425,18,GLC Class,2019,37045,1509,145,44.8,2,SEMI-AUTO,DIESEL
11426,18,GLC Class,2019,37116,6250,145,40.9,2,AUTOMATIC,DIESEL
11427,18,GLC Class,2019,37189,1000,145,40.9,2,SEMI-AUTO,DIESEL
11428,18,GLC Class,2019,37189,4500,145,40.9,2,SEMI-AUTO,DIESEL
11429,18,GLC Class,2019,37250,1360,145,40.9,2,SEMI-AUTO,DIESEL
11430,18,GLC Class,2019,37359,1000,145,40.9,2,SEMI-AUTO,DIESEL
11431,18,GLC Class,2019,37480,4967,145,40.9,2,SEMI-AUTO,DIESEL
11432,18,GLC Class,2019,37680,4895,145,40.9,2,AUTOMATIC,DIESEL
11433,18,GLC Class,2019,37900,4500,145,40.9,2,AUTOMATIC,DIESEL
11434,18,GLC Class,2019,37970,169,145,40.9,2,AUTOMATIC,DIESEL
11435,18,GLC Class,2019,37980,16,145,40.9,2,SEMI-AUTO,DIESEL
11436,18,GLC Class,2019,37980,2138,145,40.9,2,SEMI-AUTO,DIESEL
11437,18,GLC Class,2019,37980,3999,145,40.9,2,SEMI-AUTO,DIESEL
11438,18,GLC Class,2019,37980,3999,145,40.9,2,SEMI-AUTO,DIESEL
11439,18,GLC Class,2019,37980,3999,145,40.9,2,SEMI-AUTO,DIESEL
11440,18,GLC Class,2019,37980,4145,145,40.9,2,SEMI-AUTO,DIESEL
11441,18,GLC Class,2019,37980,4145,145,40.9,2,SEMI-AUTO,DIESEL
11442,18,GLC Class,2019,37980,6200,145,34,3,AUTOMATIC,PETROL
11443,18,GLC Class,2019,37989,4824,145,40.9,2,AUTOMATIC,DIESEL
11444,18,GLC Class,2019,37990,1499,145,40.9,2,AUTOMATIC,DIESEL
11445,18,GLC Class,2019,38000,99,145,32.1,2,SEMI-AUTO,PETROL
11446,18,GLC Class,2019,38000,3180,145,40.9,2,SEMI-AUTO,DIESEL
11447,18,GLC Class,2019,38099,5052,145,56.5,2.1,SEMI-AUTO,DIESEL
11448,18,GLC Class,2019,38399,3772,145,40.9,2,SEMI-AUTO,DIESEL
11449,18,GLC Class,2019,38499,10330,145,43.5,2,AUTOMATIC,DIESEL
11450,18,GLC Class,2019,38509,3000,145,40.9,2,SEMI-AUTO,DIESEL
11451,18,GLC Class,2019,38520,2600,145,44.8,2,AUTOMATIC,DIESEL
11452,18,GLC Class,2019,38570,4187,145,40.9,2,AUTOMATIC,DIESEL
11453,18,GLC Class,2019,38790,7318,145,40.9,2,AUTOMATIC,DIESEL
11454,18,GLC Class,2019,38885,19440,145,40.9,2,SEMI-AUTO,DIESEL
11455,18,GLC Class,2019,38950,9685,145,40.9,2,AUTOMATIC,DIESEL
11456,18,GLC Class,2019,38970,7234,145,40.9,2,AUTOMATIC,DIESEL
11457,18,GLC Class,2019,38987,3911,145,43.5,2,AUTOMATIC,DIESEL
11458,18,GLC Class,2019,38990,6769,145,40.9,2,SEMI-AUTO,DIESEL
11459,18,GLC Class,2019,38995,2500,150,40.9,2,AUTOMATIC,DIESEL
11460,18,GLC Class,2019,38999,6148,145,40.9,2,AUTOMATIC,DIESEL
11461,18,GLC Class,2019,38999,9487,145,40.9,2,SEMI-AUTO,DIESEL
11462,18,GLC Class,2019,39000,4606,145,40.9,2,SEMI-AUTO,DIESEL
11463,18,GLC Class,2019,39190,4335,145,43.5,2,SEMI-AUTO,DIESEL
11464,18,GLC Class,2019,39200,5401,145,43.5,2,SEMI-AUTO,DIESEL
11465,18,GLC Class,2019,39496,66,145,34,3,SEMI-AUTO,PETROL
11466,18,GLC Class,2019,39500,3649,145,40.9,2,SEMI-AUTO,DIESEL
11467,18,GLC Class,2019,39750,5313,145,34,3,SEMI-AUTO,PETROL
11468,18,GLC Class,2019,39790,5218,145,40.9,2,SEMI-AUTO,DIESEL
11469,18,GLC Class,2019,39825,6330,145,40.9,2,SEMI-AUTO,DIESEL
11470,18,GLC Class,2019,39838,101,145,44.8,2,AUTOMATIC,DIESEL
11471,18,GLC Class,2019,39900,2502,150,32.1,2,AUTOMATIC,PETROL
11472,18,GLC Class,2019,39900,4696,145,40.9,2,SEMI-AUTO,DIESEL
11473,18,GLC Class,2019,39980,3999,145,40.9,2,SEMI-AUTO,DIESEL
11474,18,GLC Class,2019,39980,3999,145,40.9,2,SEMI-AUTO,DIESEL
11475,18,GLC Class,2019,39990,7095,145,40.9,2,AUTOMATIC,DIESEL
11476,18,GLC Class,2019,39995,4750,145,40.9,2,SEMI-AUTO,DIESEL
11477,18,GLC Class,2019,39999,10189,145,40.4,2,SEMI-AUTO,DIESEL
11478,18,GLC Class,2019,40000,3860,145,40.9,2,SEMI-AUTO,DIESEL
11479,18,GLC Class,2019,40000,4000,145,40.9,2,SEMI-AUTO,DIESEL
11480,18,GLC Class,2019,40260,12385,145,40.9,2,SEMI-AUTO,PETROL
11481,18,GLC Class,2019,40531,4999,145,40.9,2,AUTOMATIC,DIESEL
11482,18,GLC Class,2019,40850,10771,145,34,3,SEMI-AUTO,PETROL
11483,18,GLC Class,2019,40950,7160,145,40.4,2,AUTOMATIC,DIESEL
11484,18,GLC Class,2019,40991,4911,145,40.9,2,AUTOMATIC,DIESEL
11485,18,GLC Class,2019,40991,5117,145,40.9,2,AUTOMATIC,DIESEL
11486,18,GLC Class,2019,41399,3183,150,40.4,2,SEMI-AUTO,DIESEL
11487,18,GLC Class,2019,41399,3183,145,40.4,2,SEMI-AUTO,DIESEL
11488,18,GLC Class,2019,41429,1000,145,40.4,2,SEMI-AUTO,DIESEL
11489,18,GLC Class,2019,41429,1000,145,40.4,2,SEMI-AUTO,DIESEL
11490,18,GLC Class,2019,41430,4478,145,31.7,2,AUTOMATIC,PETROL
11491,18,GLC Class,2019,41480,11096,150,40.9,2,SEMI-AUTO,DIESEL
11492,18,GLC Class,2019,41570,8892,145,40.9,2,SEMI-AUTO,DIESEL
11493,18,GLC Class,2019,41620,9125,145,40.4,2,AUTOMATIC,DIESEL
11494,18,GLC Class,2019,41630,4169,145,31.7,2,AUTOMATIC,PETROL
11495,18,GLC Class,2019,41681,7910,145,40.9,2,AUTOMATIC,DIESEL
11496,18,GLC Class,2019,41890,2500,145,40.9,2,AUTOMATIC,DIESEL
11497,18,GLC Class,2019,41900,9107,145,40.4,2,SEMI-AUTO,DIESEL
11498,18,GLC Class,2019,41990,4569,145,40.9,2,AUTOMATIC,DIESEL
11499,18,GLC Class,2019,41995,1367,150,40.4,2,SEMI-AUTO,DIESEL
11500,18,GLC Class,2019,42400,3001,145,40.4,2,SEMI-AUTO,DIESEL
11501,18,GLC Class,2019,42495,8999,145,34,3,AUTOMATIC,PETROL
11502,18,GLC Class,2019,42600,8491,145,40.9,2,AUTOMATIC,DIESEL
11503,18,GLC Class,2019,42676,11302,150,40.4,2,SEMI-AUTO,DIESEL
11504,18,GLC Class,2019,42750,2738,150,40.4,2,SEMI-AUTO,DIESEL
11505,18,GLC Class,2019,42987,2799,145,40.9,2,AUTOMATIC,DIESEL
11506,18,GLC Class,2019,42987,3590,145,40.9,2,AUTOMATIC,DIESEL
11507,18,GLC Class,2019,43099,9558,145,40.4,2,SEMI-AUTO,DIESEL
11508,18,GLC Class,2019,43199,12704,145,40.4,2,AUTOMATIC,DIESEL
11509,18,GLC Class,2019,43299,9090,145,40.4,2,SEMI-AUTO,DIESEL
11510,18,GLC Class,2019,43299,9235,145,40.4,2,SEMI-AUTO,DIESEL
11511,18,GLC Class,2019,43299,9235,150,40.4,2,SEMI-AUTO,DIESEL
11512,18,GLC Class,2019,43489,100,145,34,3,AUTOMATIC,PETROL
11513,18,GLC Class,2019,43499,13075,145,40.4,2,SEMI-AUTO,DIESEL
11514,18,GLC Class,2019,43591,5326,145,40.9,2,AUTOMATIC,DIESEL
11515,18,GLC Class,2019,43680,4522,145,34,3,SEMI-AUTO,PETROL
11516,18,GLC Class,2019,43980,2277,145,27.7,3,SEMI-AUTO,PETROL
11517,18,GLC Class,2019,43981,6750,145,31.7,2,AUTOMATIC,PETROL
11518,18,GLC Class,2019,43987,1766,145,31.7,2,AUTOMATIC,PETROL
11519,18,GLC Class,2019,43999,8370,145,40.4,2,SEMI-AUTO,DIESEL
11520,18,GLC Class,2019,44000,2900,145,31.7,2,SEMI-AUTO,PETROL
11521,18,GLC Class,2019,44099,7500,145,40.4,2,SEMI-AUTO,DIESEL
11522,18,GLC Class,2019,44280,5800,145,40.9,2,AUTOMATIC,DIESEL
11523,18,GLC Class,2019,44499,10000,145,34,3,SEMI-AUTO,PETROL
11524,18,GLC Class,2019,45106,427,145,40.4,2,SEMI-AUTO,DIESEL
11525,18,GLC Class,2019,45299,2792,145,40.4,2,SEMI-AUTO,DIESEL
11526,18,GLC Class,2019,45399,1788,145,40.4,2,SEMI-AUTO,DIESEL
11527,18,GLC Class,2019,45881,4766,145,31.7,2,AUTOMATIC,PETROL
11528,18,GLC Class,2019,46076,9460,145,27.4,4,AUTOMATIC,PETROL
11529,18,GLC Class,2019,46495,7683,145,34,3,SEMI-AUTO,PETROL
11530,18,GLC Class,2019,46624,10064,145,34,3,AUTOMATIC,PETROL
11531,18,GLC Class,2019,47484,3439,145,27.4,4,AUTOMATIC,PETROL
11532,18,GLC Class,2019,47980,3958,145,27.4,3,SEMI-AUTO,PETROL
11533,18,GLC Class,2019,47980,3999,145,27.4,3,SEMI-AUTO,PETROL
11534,18,GLC Class,2019,47981,3686,145,27.4,3,SEMI-AUTO,PETROL
11535,18,GLC Class,2019,49569,1000,145,26.7,3,SEMI-AUTO,PETROL
11536,18,GLC Class,2019,49980,4608,145,27.4,3,SEMI-AUTO,PETROL
11537,18,GLC Class,2019,51500,23500,150,27.4,4,SEMI-AUTO,PETROL
11538,18,GLC Class,2019,52555,2501,145,26.4,3,SEMI-AUTO,PETROL
11539,18,GLC Class,2019,54282,2556,145,27.4,4,AUTOMATIC,PETROL
11540,18,GLC Class,2019,54524,7764,145,27.4,4,AUTOMATIC,PETROL
11541,18,GLC Class,2019,54990,350,145,27.4,4,AUTOMATIC,PETROL
11542,18,GLC Class,2019,55990,400,145,27.4,4,AUTOMATIC,PETROL
11543,18,GLC Class,2019,56191,2417,145,27.4,4,AUTOMATIC,PETROL
11544,18,GLC Class,2019,56990,350,145,27.4,4,AUTOMATIC,PETROL
11545,18,GLC Class,2019,59980,5036,145,26.4,4,SEMI-AUTO,PETROL
11546,18,GLC Class,2019,60699,607,145,26.4,4,AUTOMATIC,PETROL
11547,18,GLC Class,2019,62299,1945,145,27.4,4,SEMI-AUTO,PETROL
11548,18,GLC Class,2019,62499,7689,145,26.4,4,SEMI-AUTO,PETROL
11549,18,GLC Class,2019,66099,2918,145,27.4,4,SEMI-AUTO,PETROL
11550,18,GLC Class,2019,66599,2104,145,22.4,4,SEMI-AUTO,PETROL
11551,18,GLC Class,2019,66899,391,145,22.4,4,SEMI-AUTO,PETROL
11552,18,GLC Class,2019,67539,1000,145,22.4,4,SEMI-AUTO,PETROL
11553,18,GLC Class,2019,67980,5500,145,21.7,4,AUTOMATIC,PETROL
11554,18,GLC Class,2019,68900,6007,145,22.1,4,AUTOMATIC,PETROL
11555,18,GLC Class,2019,69995,1829,145,22.1,4,AUTOMATIC,PETROL
11556,18,GLC Class,2019,71980,4017,145,22.1,4,SEMI-AUTO,PETROL
11557,18,GLC Class,2019,73980,16,145,21.6,4,SEMI-AUTO,PETROL
11558,18,GLC Class,2019,74199,1000,145,26.4,4,SEMI-AUTO,PETROL
11559,18,GLC Class,2019,74319,1000,145,21.6,4,SEMI-AUTO,PETROL
11560,18,GLC Class,2019,74980,1998,145,21.6,4,SEMI-AUTO,PETROL
11561,18,GLC Class,2019,74980,1998,145,21.6,4,SEMI-AUTO,PETROL
11562,18,GLC Class,2019,75729,1000,145,22.1,4,SEMI-AUTO,PETROL
11563,18,GLC Class,2019,76699,473,145,21.6,4,SEMI-AUTO,PETROL
11564,18,GLC Class,2019,76989,3012,145,22.1,4,AUTOMATIC,PETROL
11565,18,GLC Class,2020,25991,14000,145,40.9,2,SEMI-AUTO,DIESEL
11566,18,GLC Class,2020,30980,3999,145,34,2,SEMI-AUTO,PETROL
11567,18,GLC Class,2020,31980,3999,145,34,2,SEMI-AUTO,PETROL
11568,18,GLC Class,2020,32950,3528,145,44.8,2,AUTOMATIC,DIESEL
11569,18,GLC Class,2020,33980,16,145,44.8,2,SEMI-AUTO,DIESEL
11570,18,GLC Class,2020,34987,2729,145,34,2,SEMI-AUTO,PETROL
11571,18,GLC Class,2020,34999,2271,145,44.8,2,SEMI-AUTO,DIESEL
11572,18,GLC Class,2020,35900,4582,145,44.8,2,AUTOMATIC,DIESEL
11573,18,GLC Class,2020,35980,3999,145,43.5,2,SEMI-AUTO,DIESEL
11574,18,GLC Class,2020,35980,3999,145,44.8,2,SEMI-AUTO,DIESEL
11575,18,GLC Class,2020,35980,3999,145,44.8,2,SEMI-AUTO,DIESEL
11576,18,GLC Class,2020,36851,281,145,44.8,2,SEMI-AUTO,DIESEL
11577,18,GLC Class,2020,36995,4999,145,40.9,2,SEMI-AUTO,DIESEL
11578,18,GLC Class,2020,37189,1000,145,40.9,2,SEMI-AUTO,DIESEL
11579,18,GLC Class,2020,37659,1000,145,40.9,2,SEMI-AUTO,DIESEL
11580,18,GLC Class,2020,37980,3999,145,40.9,2,SEMI-AUTO,DIESEL
11581,18,GLC Class,2020,37990,1610,145,40.9,2,SEMI-AUTO,DIESEL
11582,18,GLC Class,2020,37995,9,145,33.2,2,SEMI-AUTO,PETROL
11583,18,GLC Class,2020,37995,9,145,33.2,2,SEMI-AUTO,PETROL
11584,18,GLC Class,2020,37995,2034,145,33.2,2,SEMI-AUTO,PETROL
11585,18,GLC Class,2020,37998,5538,150,40.9,2,SEMI-AUTO,DIESEL
11586,18,GLC Class,2020,38900,1000,145,40.9,2,AUTOMATIC,DIESEL
11587,18,GLC Class,2020,38980,3999,145,40.9,2,SEMI-AUTO,DIESEL
11588,18,GLC Class,2020,38995,2400,145,40.9,2,SEMI-AUTO,DIESEL
11589,18,GLC Class,2020,38995,3652,145,40.9,2,AUTOMATIC,PETROL
11590,18,GLC Class,2020,38995,4200,145,40.9,2,SEMI-AUTO,DIESEL
11591,18,GLC Class,2020,39489,1000,145,40.9,2,SEMI-AUTO,DIESEL
11592,18,GLC Class,2020,39499,305,145,32.1,2,SEMI-AUTO,PETROL
11593,18,GLC Class,2020,39579,1000,145,31.7,2,SEMI-AUTO,PETROL
11594,18,GLC Class,2020,39980,2599,145,31.7,2,SEMI-AUTO,PETROL
11595,18,GLC Class,2020,39980,3999,145,32.1,2,SEMI-AUTO,PETROL
11596,18,GLC Class,2020,39980,3999,145,32.1,2,SEMI-AUTO,PETROL
11597,18,GLC Class,2020,39980,3999,145,40.9,2,SEMI-AUTO,DIESEL
11598,18,GLC Class,2020,39980,3999,145,32.1,2,SEMI-AUTO,PETROL
11599,18,GLC Class,2020,39980,3999,145,32.1,2,SEMI-AUTO,PETROL
11600,18,GLC Class,2020,39980,3999,145,32.1,2,SEMI-AUTO,PETROL
11601,18,GLC Class,2020,39989,1000,145,40.9,2,SEMI-AUTO,DIESEL
11602,18,GLC Class,2020,39990,3125,145,40.9,2,SEMI-AUTO,DIESEL
11603,18,GLC Class,2020,39995,1250,145,40.9,2,SEMI-AUTO,DIESEL
11604,18,GLC Class,2020,39995,3999,145,32.1,2,SEMI-AUTO,PETROL
11605,18,GLC Class,2020,39998,1000,145,32.1,2,AUTOMATIC,PETROL
11606,18,GLC Class,2020,39999,2000,145,40.9,2,SEMI-AUTO,DIESEL
11607,18,GLC Class,2020,40980,19,145,40.9,2,SEMI-AUTO,DIESEL
11608,18,GLC Class,2020,41239,1000,145,31.7,2,SEMI-AUTO,PETROL
11609,18,GLC Class,2020,41500,2000,145,40.9,2,SEMI-AUTO,DIESEL
11610,18,GLC Class,2020,41795,4499,145,32.1,2,SEMI-AUTO,PETROL
11611,18,GLC Class,2020,41900,250,145,40.9,2,SEMI-AUTO,DIESEL
11612,18,GLC Class,2020,41980,1120,145,40.9,2,SEMI-AUTO,DIESEL
11613,18,GLC Class,2020,41980,3774,145,40.9,2,SEMI-AUTO,DIESEL
11614,18,GLC Class,2020,41991,1000,145,40.9,2,SEMI-AUTO,DIESEL
11615,18,GLC Class,2020,41991,1000,145,40.9,2,SEMI-AUTO,DIESEL
11616,18,GLC Class,2020,41991,3885,145,31.7,2,SEMI-AUTO,PETROL
11617,18,GLC Class,2020,41995,999,145,40.9,2,SEMI-AUTO,DIESEL
11618,18,GLC Class,2020,42359,1000,145,40.4,2,SEMI-AUTO,DIESEL
11619,18,GLC Class,2020,42495,3750,145,31.7,2,SEMI-AUTO,PETROL
11620,18,GLC Class,2020,42781,4123,145,40.9,2,SEMI-AUTO,DIESEL
11621,18,GLC Class,2020,42900,1708,145,31.7,2,SEMI-AUTO,PETROL
11622,18,GLC Class,2020,42995,20,145,43.5,2,AUTOMATIC,DIESEL
11623,18,GLC Class,2020,42995,999,145,32.1,2,SEMI-AUTO,PETROL
11624,18,GLC Class,2020,42998,1000,145,31.7,2,AUTOMATIC,PETROL
11625,18,GLC Class,2020,42999,4999,145,40.9,2,SEMI-AUTO,DIESEL
11626,18,GLC Class,2020,43129,3501,145,40.4,2,SEMI-AUTO,DIESEL
11627,18,GLC Class,2020,43495,20,145,31.7,2,AUTOMATIC,PETROL
11628,18,GLC Class,2020,43980,16,145,40.9,2,SEMI-AUTO,DIESEL
11629,18,GLC Class,2020,43995,859,145,32.1,2,SEMI-AUTO,PETROL
11630,18,GLC Class,2020,43995,4500,145,40.4,2,SEMI-AUTO,DIESEL
11631,18,GLC Class,2020,43995,4999,150,44.8,2,SEMI-AUTO,DIESEL
11632,18,GLC Class,2020,44491,4576,145,40.9,2,SEMI-AUTO,DIESEL
11633,18,GLC Class,2020,44950,2500,145,31.7,2,AUTOMATIC,PETROL
11634,18,GLC Class,2020,44950,4000,145,40.9,2,AUTOMATIC,DIESEL
11635,18,GLC Class,2020,44995,6000,145,40.9,2,AUTOMATIC,DIESEL
11636,18,GLC Class,2020,44995,6000,145,40.4,2,SEMI-AUTO,DIESEL
11637,18,GLC Class,2020,45980,3999,145,27.7,3,SEMI-AUTO,PETROL
11638,18,GLC Class,2020,45995,6000,145,40.4,2,SEMI-AUTO,DIESEL
11639,18,GLC Class,2020,46481,4000,145,40.9,2,SEMI-AUTO,DIESEL
11640,18,GLC Class,2020,46990,5133,145,40.4,2,SEMI-AUTO,DIESEL
11641,18,GLC Class,2020,47459,1000,145,26.4,3,SEMI-AUTO,PETROL
11642,18,GLC Class,2020,47890,4025,145,27.4,3,AUTOMATIC,PETROL
11643,18,GLC Class,2020,47980,3999,145,27.4,3,SEMI-AUTO,PETROL
11644,18,GLC Class,2020,48790,1964,145,27.4,3,SEMI-AUTO,PETROL
11645,18,GLC Class,2020,49980,3999,145,26.4,3,SEMI-AUTO,PETROL
11646,18,GLC Class,2020,49980,3999,145,26.4,3,SEMI-AUTO,PETROL
11647,18,GLC Class,2020,49980,3999,145,26.4,3,SEMI-AUTO,PETROL
11648,18,GLC Class,2020,49980,3999,145,26.4,3,SEMI-AUTO,PETROL
11649,18,GLC Class,2020,49980,3999,145,26.4,3,SEMI-AUTO,PETROL
11650,18,GLC Class,2020,49980,3999,145,26.4,3,SEMI-AUTO,PETROL
11651,18,GLC Class,2020,49980,3999,145,26.4,3,SEMI-AUTO,PETROL
11652,18,GLC Class,2020,49980,4001,145,26.4,3,SEMI-AUTO,PETROL
11653,18,GLC Class,2020,49995,2000,145,26.4,3,SEMI-AUTO,PETROL
11654,18,GLC Class,2020,49995,2607,145,27.4,3,SEMI-AUTO,PETROL
11655,18,GLC Class,2020,49995,5000,145,27.4,3,SEMI-AUTO,PETROL
11656,18,GLC Class,2020,49995,5000,145,26.4,3,SEMI-AUTO,PETROL
11657,18,GLC Class,2020,52990,4000,145,31.7,2,AUTOMATIC,PETROL
11658,18,GLC Class,2020,62189,1000,145,22.1,4,SEMI-AUTO,PETROL
11659,18,GLC Class,2020,62480,3999,145,22.4,4,SEMI-AUTO,PETROL
11660,18,GLC Class,2020,72990,100,150,22.1,4,SEMI-AUTO,PETROL
11661,18,GLC Class,2020,72995,500,145,22.4,4,SEMI-AUTO,PETROL
11662,18,GLC Class,2020,75995,500,145,22.1,4,SEMI-AUTO,PETROL
11663,19,GLE Class,2015,21967,47430,200,47.9,2.1,SEMI-AUTO,DIESEL
11664,19,GLE Class,2015,22986,43434,260,42.8,3,SEMI-AUTO,DIESEL
11665,19,GLE Class,2015,23699,46117,205,47.9,2.1,AUTOMATIC,DIESEL
11666,19,GLE Class,2015,24950,43800,200,47.9,2.1,SEMI-AUTO,DIESEL
11667,19,GLE Class,2015,25498,29078,200,47.9,2.1,SEMI-AUTO,DIESEL
11668,19,GLE Class,2015,26480,29196,200,47.9,2.1,SEMI-AUTO,DIESEL
11669,19,GLE Class,2015,26680,30155,260,42.8,3,SEMI-AUTO,DIESEL
11670,19,GLE Class,2015,26990,33799,260,42.8,3,AUTOMATIC,DIESEL
11671,19,GLE Class,2015,27649,12019,200,47.9,2.1,SEMI-AUTO,DIESEL
11672,19,GLE Class,2015,29955,54229,305,39.2,3,SEMI-AUTO,DIESEL
11673,19,GLE Class,2015,30990,66000,305,39.2,3,SEMI-AUTO,DIESEL
11674,19,GLE Class,2015,34995,39898,325,31.7,3,SEMI-AUTO,PETROL
11675,19,GLE Class,2015,34998,22651,300,39.2,3,SEMI-AUTO,DIESEL
11676,19,GLE Class,2015,37871,33564,325,31.7,3,SEMI-AUTO,PETROL
11677,19,GLE Class,2015,44176,13340,570,23.9,5.5,AUTOMATIC,PETROL
11678,19,GLE Class,2015,48400,13212,570,23.7,5.5,AUTOMATIC,PETROL
11679,19,GLE Class,2016,7750,77456,235,42.8,3,SEMI-AUTO,DIESEL
11680,19,GLE Class,2016,22000,52798,200,47.9,2.1,AUTOMATIC,DIESEL
11681,19,GLE Class,2016,23911,43490,205,47.9,2.1,SEMI-AUTO,DIESEL
11682,19,GLE Class,2016,23990,48036,200,47.9,2.1,SEMI-AUTO,DIESEL
11683,19,GLE Class,2016,23995,38000,200,47.9,2.1,AUTOMATIC,DIESEL
11684,19,GLE Class,2016,24000,55015,200,47.9,2.1,AUTOMATIC,DIESEL
11685,19,GLE Class,2016,24028,45015,200,47.9,2.1,SEMI-AUTO,DIESEL
11686,19,GLE Class,2016,24495,32790,260,42.8,3,AUTOMATIC,DIESEL
11687,19,GLE Class,2016,24862,49499,200,47.9,2.1,SEMI-AUTO,DIESEL
11688,19,GLE Class,2016,24998,30121,205,47.9,2.1,SEMI-AUTO,DIESEL
11689,19,GLE Class,2016,24998,42913,200,47.9,2.1,SEMI-AUTO,DIESEL
11690,19,GLE Class,2016,25000,36098,205,47.9,2.1,AUTOMATIC,DIESEL
11691,19,GLE Class,2016,25000,38759,200,47.9,2.1,SEMI-AUTO,DIESEL
11692,19,GLE Class,2016,25000,40689,200,47.9,2.1,SEMI-AUTO,DIESEL
11693,19,GLE Class,2016,25000,49958,260,42.8,3,SEMI-AUTO,DIESEL
11694,19,GLE Class,2016,25340,34895,200,47.9,2.1,AUTOMATIC,DIESEL
11695,19,GLE Class,2016,25490,23935,200,47.9,2.1,SEMI-AUTO,DIESEL
11696,19,GLE Class,2016,25491,35138,200,47.9,2.1,SEMI-AUTO,DIESEL
11697,19,GLE Class,2016,25775,18406,205,47.9,2.1,SEMI-AUTO,DIESEL
11698,19,GLE Class,2016,25980,38942,260,42.8,3,SEMI-AUTO,DIESEL
11699,19,GLE Class,2016,25995,21001,260,42.8,3,AUTOMATIC,DIESEL
11700,19,GLE Class,2016,25995,86364,0,76.4,3,SEMI-AUTO,HYBRID
11701,19,GLE Class,2016,25998,27307,200,47.9,2.1,SEMI-AUTO,DIESEL
11702,19,GLE Class,2016,26000,29628,200,47.9,2.1,SEMI-AUTO,DIESEL
11703,19,GLE Class,2016,26295,27595,260,42.8,3,SEMI-AUTO,DIESEL
11704,19,GLE Class,2016,26295,27595,260,42.8,3,SEMI-AUTO,DIESEL
11705,19,GLE Class,2016,26499,31830,200,47.9,2.1,SEMI-AUTO,DIESEL
11706,19,GLE Class,2016,26499,37870,200,47.9,2.1,SEMI-AUTO,DIESEL
11707,19,GLE Class,2016,26550,30814,260,42.8,3,AUTOMATIC,DIESEL
11708,19,GLE Class,2016,26572,34333,260,42.8,3,AUTOMATIC,DIESEL
11709,19,GLE Class,2016,26980,35162,260,42.8,3,SEMI-AUTO,DIESEL
11710,19,GLE Class,2016,27190,37236,200,47.9,2.1,AUTOMATIC,DIESEL
11711,19,GLE Class,2016,27260,33177,200,47.9,2.1,SEMI-AUTO,DIESEL
11712,19,GLE Class,2016,27499,52260,235,42.8,3,SEMI-AUTO,DIESEL
11713,19,GLE Class,2016,27685,13656,200,47.9,2.1,AUTOMATIC,DIESEL
11714,19,GLE Class,2016,27880,11513,200,47.9,2.1,AUTOMATIC,DIESEL
11715,19,GLE Class,2016,27990,33493,205,47.9,2.1,AUTOMATIC,DIESEL
11716,19,GLE Class,2016,27991,25022,260,42.8,3,AUTOMATIC,DIESEL
11717,19,GLE Class,2016,27995,48956,260,42.8,3,SEMI-AUTO,DIESEL
11718,19,GLE Class,2016,27998,21750,205,47.9,2.1,SEMI-AUTO,DIESEL
11719,19,GLE Class,2016,27998,24732,200,47.9,2.1,SEMI-AUTO,DIESEL
11720,19,GLE Class,2016,27999,27804,260,42.8,3,AUTOMATIC,DIESEL
11721,19,GLE Class,2016,27999,32068,200,47.9,2.1,SEMI-AUTO,DIESEL
11722,19,GLE Class,2016,28293,37435,260,42.8,3,AUTOMATIC,DIESEL
11723,19,GLE Class,2016,28299,9982,200,47.9,2.1,SEMI-AUTO,DIESEL
11724,19,GLE Class,2016,28480,19968,260,42.8,3,SEMI-AUTO,DIESEL
11725,19,GLE Class,2016,28498,22282,205,47.9,2.1,SEMI-AUTO,DIESEL
11726,19,GLE Class,2016,28500,20000,205,47.9,2.1,AUTOMATIC,DIESEL
11727,19,GLE Class,2016,28698,22707,200,47.9,2.1,SEMI-AUTO,DIESEL
11728,19,GLE Class,2016,28799,36500,260,42.8,3,SEMI-AUTO,DIESEL
11729,19,GLE Class,2016,28950,33129,260,42.8,3,SEMI-AUTO,DIESEL
11730,19,GLE Class,2016,28980,22442,260,42.8,3,SEMI-AUTO,DIESEL
11731,19,GLE Class,2016,28998,34669,200,47.9,2.1,SEMI-AUTO,DIESEL
11732,19,GLE Class,2016,29000,47956,260,42.8,3,SEMI-AUTO,DIESEL
11733,19,GLE Class,2016,29362,44248,235,42.8,3,SEMI-AUTO,DIESEL
11734,19,GLE Class,2016,29570,41199,300,32.8,3,AUTOMATIC,PETROL
11735,19,GLE Class,2016,29579,23606,265,42.8,3,AUTOMATIC,DIESEL
11736,19,GLE Class,2016,29950,11118,260,42.8,3,SEMI-AUTO,DIESEL
11737,19,GLE Class,2016,29990,63250,145,32.5,3,SEMI-AUTO,DIESEL
11738,19,GLE Class,2016,29995,2933,200,47.9,2.1,SEMI-AUTO,DIESEL
11739,19,GLE Class,2016,29995,27700,200,47.9,2.1,AUTOMATIC,DIESEL
11740,19,GLE Class,2016,29999,30138,200,47.9,2.1,SEMI-AUTO,DIESEL
11741,19,GLE Class,2016,30000,37754,260,42.8,3,AUTOMATIC,DIESEL
11742,19,GLE Class,2016,30045,18524,240,42.8,3,AUTOMATIC,DIESEL
11743,19,GLE Class,2016,30399,16815,235,42.8,3,SEMI-AUTO,DIESEL
11744,19,GLE Class,2016,30998,14149,235,42.8,3,SEMI-AUTO,DIESEL
11745,19,GLE Class,2016,30998,19574,240,42.8,3,SEMI-AUTO,DIESEL
11746,19,GLE Class,2016,31390,30772,300,39.2,3,SEMI-AUTO,DIESEL
11747,19,GLE Class,2016,31982,25263,240,42.8,3,SEMI-AUTO,DIESEL
11748,19,GLE Class,2016,31990,46000,0,76.4,3,AUTOMATIC,OTHER
11749,19,GLE Class,2016,31995,2933,200,47.9,2.1,SEMI-AUTO,DIESEL
11750,19,GLE Class,2016,32480,18171,260,42.8,3,SEMI-AUTO,DIESEL
11751,19,GLE Class,2016,32480,18173,260,42.8,3,SEMI-AUTO,DIESEL
11752,19,GLE Class,2016,32490,36342,305,39.2,3,SEMI-AUTO,DIESEL
11753,19,GLE Class,2016,32995,18072,265,42.8,3,SEMI-AUTO,DIESEL
11754,19,GLE Class,2016,32998,47181,300,39.2,3,SEMI-AUTO,DIESEL
11755,19,GLE Class,2016,33480,40129,300,39.2,3,SEMI-AUTO,DIESEL
11756,19,GLE Class,2016,33750,44870,300,39.2,3,SEMI-AUTO,DIESEL
11757,19,GLE Class,2016,34480,35879,300,39.2,3,SEMI-AUTO,DIESEL
11758,19,GLE Class,2016,34698,27229,305,39.2,3,SEMI-AUTO,DIESEL
11759,19,GLE Class,2016,34975,42102,305,39.2,3,AUTOMATIC,DIESEL
11760,19,GLE Class,2016,34998,17525,300,39.2,3,SEMI-AUTO,DIESEL
11761,19,GLE Class,2016,35402,39739,305,39.2,3,AUTOMATIC,DIESEL
11762,19,GLE Class,2016,35889,28419,300,39.2,3,SEMI-AUTO,DIESEL
11763,19,GLE Class,2016,35980,39056,300,39.2,3,SEMI-AUTO,DIESEL
11764,19,GLE Class,2016,35980,39056,300,39.2,3,SEMI-AUTO,DIESEL
11765,19,GLE Class,2016,35990,17569,300,39.2,3,AUTOMATIC,DIESEL
11766,19,GLE Class,2016,36070,22981,300,39.2,3,SEMI-AUTO,DIESEL
11767,19,GLE Class,2016,36182,40945,300,39.2,3,AUTOMATIC,DIESEL
11768,19,GLE Class,2016,36980,11087,300,39.2,3,AUTOMATIC,DIESEL
11769,19,GLE Class,2016,37490,31500,325,31.7,3,AUTOMATIC,PETROL
11770,19,GLE Class,2016,39844,13087,325,31.7,3,SEMI-AUTO,PETROL
11771,19,GLE Class,2016,48480,19466,570,23.9,5.5,SEMI-AUTO,PETROL
11772,19,GLE Class,2017,24500,22585,200,47.9,2.1,AUTOMATIC,DIESEL
11773,19,GLE Class,2017,25498,35725,200,47.9,2.1,SEMI-AUTO,DIESEL
11774,19,GLE Class,2017,25915,46847,145,47.9,2.1,SEMI-AUTO,DIESEL
11775,19,GLE Class,2017,26000,24053,265,42.8,3,AUTOMATIC,DIESEL
11776,19,GLE Class,2017,26245,27130,205,47.9,2.1,AUTOMATIC,DIESEL
11777,19,GLE Class,2017,26600,33848,145,42.8,3,AUTOMATIC,DIESEL
11778,19,GLE Class,2017,26620,48551,145,47.9,2.1,SEMI-AUTO,DIESEL
11779,19,GLE Class,2017,26800,50964,150,47.9,2.1,AUTOMATIC,DIESEL
11780,19,GLE Class,2017,26925,30546,145,42.8,3,SEMI-AUTO,DIESEL
11781,19,GLE Class,2017,26998,20113,200,47.9,2.1,SEMI-AUTO,DIESEL
11782,19,GLE Class,2017,26998,37610,150,42.8,3,SEMI-AUTO,DIESEL
11783,19,GLE Class,2017,26998,47120,200,47.9,2.1,SEMI-AUTO,DIESEL
11784,19,GLE Class,2017,27000,12190,265,42.8,3,AUTOMATIC,DIESEL
11785,19,GLE Class,2017,27000,13107,265,42.8,3,AUTOMATIC,DIESEL
11786,19,GLE Class,2017,27000,14731,265,42.8,3,AUTOMATIC,DIESEL
11787,19,GLE Class,2017,27000,16263,265,42.8,3,AUTOMATIC,DIESEL
11788,19,GLE Class,2017,27000,17794,145,47.9,2.1,AUTOMATIC,DIESEL
11789,19,GLE Class,2017,27000,29054,200,47.9,2.1,SEMI-AUTO,DIESEL
11790,19,GLE Class,2017,27000,33555,205,47.9,2.1,AUTOMATIC,DIESEL
11791,19,GLE Class,2017,27357,39110,145,42.8,3,AUTOMATIC,DIESEL
11792,19,GLE Class,2017,27380,37060,200,47.9,2.1,SEMI-AUTO,DIESEL
11793,19,GLE Class,2017,27480,39110,145,42.8,3,SEMI-AUTO,DIESEL
11794,19,GLE Class,2017,27498,32662,145,42.8,3,SEMI-AUTO,DIESEL
11795,19,GLE Class,2017,27500,8363,150,47.9,2.1,AUTOMATIC,DIESEL
11796,19,GLE Class,2017,27599,52000,145,47.9,2.1,SEMI-AUTO,DIESEL
11797,19,GLE Class,2017,27645,17022,200,47.9,2.1,AUTOMATIC,DIESEL
11798,19,GLE Class,2017,27690,24915,145,47.9,2.1,SEMI-AUTO,DIESEL
11799,19,GLE Class,2017,27692,29548,260,42.8,3,SEMI-AUTO,DIESEL
11800,19,GLE Class,2017,27750,7698,150,42.8,3,AUTOMATIC,DIESEL
11801,19,GLE Class,2017,27790,25906,145,42.8,3,AUTOMATIC,DIESEL
11802,19,GLE Class,2017,27950,14156,145,47.9,2.1,SEMI-AUTO,DIESEL
11803,19,GLE Class,2017,27950,23825,145,42.8,3,AUTOMATIC,DIESEL
11804,19,GLE Class,2017,27980,35354,145,42.8,3,SEMI-AUTO,DIESEL
11805,19,GLE Class,2017,27980,35393,145,42.8,3,SEMI-AUTO,DIESEL
11806,19,GLE Class,2017,27990,17400,145,42.8,3,AUTOMATIC,DIESEL
11807,19,GLE Class,2017,27998,29292,150,47.9,2.1,AUTOMATIC,DIESEL
11808,19,GLE Class,2017,27999,37069,200,47.9,2.1,SEMI-AUTO,DIESEL
11809,19,GLE Class,2017,28124,33053,200,47.9,2.1,SEMI-AUTO,DIESEL
11810,19,GLE Class,2017,28149,40897,145,42.8,3,SEMI-AUTO,DIESEL
11811,19,GLE Class,2017,28360,28939,145,42.8,3,AUTOMATIC,DIESEL
11812,19,GLE Class,2017,28490,23909,145,47.9,2.1,SEMI-AUTO,DIESEL
11813,19,GLE Class,2017,28498,26416,205,47.9,2.1,SEMI-AUTO,DIESEL
11814,19,GLE Class,2017,28498,30825,145,47.9,2.1,SEMI-AUTO,DIESEL
11815,19,GLE Class,2017,28498,34236,145,42.8,3,AUTOMATIC,DIESEL
11816,19,GLE Class,2017,28500,28297,200,47.9,2.1,SEMI-AUTO,DIESEL
11817,19,GLE Class,2017,28672,29447,145,42.8,3,SEMI-AUTO,DIESEL
11818,19,GLE Class,2017,28795,17713,145,47.9,2.1,SEMI-AUTO,DIESEL
11819,19,GLE Class,2017,28900,25475,145,47.9,2.1,AUTOMATIC,DIESEL
11820,19,GLE Class,2017,28980,34929,145,42.8,3,SEMI-AUTO,DIESEL
11821,19,GLE Class,2017,28991,17314,145,47.9,2.1,SEMI-AUTO,DIESEL
11822,19,GLE Class,2017,28998,18801,145,42.8,3,SEMI-AUTO,DIESEL
11823,19,GLE Class,2017,28998,18855,200,47.9,2.1,SEMI-AUTO,DIESEL
11824,19,GLE Class,2017,28998,30854,200,47.9,2.1,AUTOMATIC,DIESEL
11825,19,GLE Class,2017,28998,31322,145,42.8,3,SEMI-AUTO,DIESEL
11826,19,GLE Class,2017,29249,29261,145,42.8,3,SEMI-AUTO,DIESEL
11827,19,GLE Class,2017,29338,18001,145,47.9,2.1,SEMI-AUTO,DIESEL
11828,19,GLE Class,2017,29450,30000,145,42.8,3,AUTOMATIC,DIESEL
11829,19,GLE Class,2017,29462,17440,145,47.9,2.1,AUTOMATIC,DIESEL
11830,19,GLE Class,2017,29480,27252,145,42.8,3,SEMI-AUTO,DIESEL
11831,19,GLE Class,2017,29480,28699,145,42.8,3,SEMI-AUTO,DIESEL
11832,19,GLE Class,2017,29498,22501,200,47.9,2.1,SEMI-AUTO,DIESEL
11833,19,GLE Class,2017,29498,25542,260,42.8,3,SEMI-AUTO,DIESEL
11834,19,GLE Class,2017,29500,34915,145,42.8,3,AUTOMATIC,DIESEL
11835,19,GLE Class,2017,29698,22052,200,47.9,2.1,SEMI-AUTO,DIESEL
11836,19,GLE Class,2017,29799,28719,145,47.9,2.1,SEMI-AUTO,DIESEL
11837,19,GLE Class,2017,29800,7076,150,47.9,2.1,SEMI-AUTO,DIESEL
11838,19,GLE Class,2017,29931,18263,200,47.9,2.1,SEMI-AUTO,DIESEL
11839,19,GLE Class,2017,29990,29472,145,47.9,2.1,AUTOMATIC,DIESEL
11840,19,GLE Class,2017,29998,15626,265,42.8,3,SEMI-AUTO,DIESEL
11841,19,GLE Class,2017,29998,23747,150,42.8,3,SEMI-AUTO,DIESEL
11842,19,GLE Class,2017,30000,19190,265,42.8,3,SEMI-AUTO,DIESEL
11843,19,GLE Class,2017,30199,23632,145,47.9,2.1,SEMI-AUTO,DIESEL
11844,19,GLE Class,2017,30298,12805,150,47.9,2.1,SEMI-AUTO,DIESEL
11845,19,GLE Class,2017,30298,14786,200,47.9,2.1,SEMI-AUTO,DIESEL
11846,19,GLE Class,2017,30300,11309,265,42.8,3,SEMI-AUTO,DIESEL
11847,19,GLE Class,2017,30490,28975,265,42.8,3,SEMI-AUTO,DIESEL
11848,19,GLE Class,2017,30498,19605,260,42.8,3,SEMI-AUTO,DIESEL
11849,19,GLE Class,2017,30498,22539,145,47.9,2.1,SEMI-AUTO,DIESEL
11850,19,GLE Class,2017,30599,23732,145,47.9,2.1,SEMI-AUTO,DIESEL
11851,19,GLE Class,2017,30890,4300,200,47.9,2.1,SEMI-AUTO,DIESEL
11852,19,GLE Class,2017,30950,20266,145,47.9,2.1,SEMI-AUTO,DIESEL
11853,19,GLE Class,2017,30980,17722,260,42.8,3,SEMI-AUTO,DIESEL
11854,19,GLE Class,2017,30999,18398,145,47.9,2.1,AUTOMATIC,DIESEL
11855,19,GLE Class,2017,31298,12122,145,47.9,2.1,SEMI-AUTO,DIESEL
11856,19,GLE Class,2017,31498,9949,205,47.9,2.1,SEMI-AUTO,DIESEL
11857,19,GLE Class,2017,31498,13718,145,42.8,3,SEMI-AUTO,DIESEL
11858,19,GLE Class,2017,31990,8581,145,42.8,3,SEMI-AUTO,DIESEL
11859,19,GLE Class,2017,31990,17599,150,42.8,3,SEMI-AUTO,DIESEL
11860,19,GLE Class,2017,31998,30227,300,39.2,3,SEMI-AUTO,DIESEL
11861,19,GLE Class,2017,33142,27661,145,42.8,3,AUTOMATIC,DIESEL
11862,19,GLE Class,2017,34950,22067,135,76.4,3,SEMI-AUTO,HYBRID
11863,19,GLE Class,2017,34998,16647,205,47.9,2.1,SEMI-AUTO,DIESEL
11864,19,GLE Class,2017,34998,33127,145,39.2,3,SEMI-AUTO,DIESEL
11865,19,GLE Class,2017,36995,15154,300,39.2,3,SEMI-AUTO,DIESEL
11866,19,GLE Class,2017,36999,10946,305,32.8,3,SEMI-AUTO,PETROL
11867,19,GLE Class,2017,37477,25662,305,39.2,3,AUTOMATIC,DIESEL
11868,19,GLE Class,2017,37950,20925,145,39.2,3,SEMI-AUTO,DIESEL
11869,19,GLE Class,2017,38191,19157,145,32.8,3,AUTOMATIC,PETROL
11870,19,GLE Class,2017,38248,19300,145,39.2,3,AUTOMATIC,DIESEL
11871,19,GLE Class,2017,38572,21566,135,76.4,3,SEMI-AUTO,HYBRID
11872,19,GLE Class,2017,38980,24240,145,39.2,3,SEMI-AUTO,DIESEL
11873,19,GLE Class,2017,39599,15575,145,32.8,3,SEMI-AUTO,PETROL
11874,19,GLE Class,2017,39699,10689,145,39.2,3,SEMI-AUTO,DIESEL
11875,19,GLE Class,2017,39980,23321,145,39.2,3,SEMI-AUTO,DIESEL
11876,19,GLE Class,2017,39991,17800,300,39.2,3,AUTOMATIC,DIESEL
11877,19,GLE Class,2017,40899,16000,145,39.2,3,SEMI-AUTO,DIESEL
11878,19,GLE Class,2017,40899,16000,145,39.2,3,SEMI-AUTO,DIESEL
11879,19,GLE Class,2017,40980,17763,145,39.2,3,SEMI-AUTO,DIESEL
11880,19,GLE Class,2017,41391,30256,325,31.7,3,SEMI-AUTO,PETROL
11881,19,GLE Class,2017,42995,24901,300,39.2,3,AUTOMATIC,DIESEL
11882,19,GLE Class,2017,43500,6001,145,31.7,3,SEMI-AUTO,PETROL
11883,19,GLE Class,2017,52999,23000,145,23.9,5.5,SEMI-AUTO,PETROL
11884,19,GLE Class,2017,53989,6000,145,23.9,5.5,SEMI-AUTO,PETROL
11885,19,GLE Class,2017,55995,7000,145,29.5,5.5,AUTOMATIC,PETROL
11886,19,GLE Class,2018,15491,42882,150,47.9,2.1,SEMI-AUTO,DIESEL
11887,19,GLE Class,2018,28800,35000,150,47.9,2.1,AUTOMATIC,DIESEL
11888,19,GLE Class,2018,28900,37463,145,47.9,2.1,AUTOMATIC,DIESEL
11889,19,GLE Class,2018,29000,29109,145,42.8,3,AUTOMATIC,DIESEL
11890,19,GLE Class,2018,29442,29745,145,47.9,2.1,SEMI-AUTO,DIESEL
11891,19,GLE Class,2018,29490,32039,145,47.9,2.1,AUTOMATIC,DIESEL
11892,19,GLE Class,2018,29490,45900,150,37.7,3,AUTOMATIC,DIESEL
11893,19,GLE Class,2018,29500,3000,145,47.9,2.1,AUTOMATIC,DIESEL
11894,19,GLE Class,2018,29500,20137,145,47.9,2.1,AUTOMATIC,DIESEL
11895,19,GLE Class,2018,29500,20214,150,47.9,2.1,AUTOMATIC,DIESEL
11896,19,GLE Class,2018,29500,21647,150,47.9,2.1,AUTOMATIC,DIESEL
11897,19,GLE Class,2018,29990,15523,145,42.8,3,SEMI-AUTO,DIESEL
11898,19,GLE Class,2018,30000,33177,150,37.7,3,AUTOMATIC,DIESEL
11899,19,GLE Class,2018,30948,16000,145,47.9,2.1,AUTOMATIC,DIESEL
11900,19,GLE Class,2018,30991,20155,150,47.9,2.1,SEMI-AUTO,DIESEL
11901,19,GLE Class,2018,31298,6951,145,47.9,2.1,SEMI-AUTO,DIESEL
11902,19,GLE Class,2018,31990,25908,145,37.7,3,AUTOMATIC,DIESEL
11903,19,GLE Class,2018,31991,30339,145,42.8,3,AUTOMATIC,DIESEL
11904,19,GLE Class,2018,31999,11510,145,47.9,2.1,SEMI-AUTO,DIESEL
11905,19,GLE Class,2018,32480,14597,145,42.8,3,SEMI-AUTO,DIESEL
11906,19,GLE Class,2018,32990,21000,145,47.9,2.1,AUTOMATIC,DIESEL
11907,19,GLE Class,2018,32991,23451,150,47.9,2.1,SEMI-AUTO,DIESEL
11908,19,GLE Class,2018,33999,13000,145,47.9,2.1,SEMI-AUTO,DIESEL
11909,19,GLE Class,2018,34000,14408,150,37.7,3,AUTOMATIC,DIESEL
11910,19,GLE Class,2018,34750,16500,145,37.7,3,AUTOMATIC,DIESEL
11911,19,GLE Class,2018,34981,16890,150,37.7,3,SEMI-AUTO,DIESEL
11912,19,GLE Class,2018,34990,17000,145,37.7,3,AUTOMATIC,DIESEL
11913,19,GLE Class,2018,35002,22306,150,37.7,3,SEMI-AUTO,DIESEL
11914,19,GLE Class,2018,36990,16000,145,39.2,3,SEMI-AUTO,DIESEL
11915,19,GLE Class,2018,37300,5597,145,39.2,3,AUTOMATIC,DIESEL
11916,19,GLE Class,2018,38881,13758,145,31.7,3,SEMI-AUTO,PETROL
11917,19,GLE Class,2018,39998,15711,145,39.2,3,SEMI-AUTO,DIESEL
11918,19,GLE Class,2018,39999,24624,145,32.8,3,SEMI-AUTO,PETROL
11919,19,GLE Class,2018,41000,4267,145,36.7,3,SEMI-AUTO,DIESEL
11920,19,GLE Class,2018,41000,21889,150,36.7,3,AUTOMATIC,DIESEL
11921,19,GLE Class,2018,41501,16003,145,31.7,3,SEMI-AUTO,PETROL
11922,19,GLE Class,2018,42895,8578,145,36.7,3,SEMI-AUTO,DIESEL
11923,19,GLE Class,2018,42980,6426,145,36.7,3,SEMI-AUTO,DIESEL
11924,19,GLE Class,2018,43980,7719,145,36.7,3,SEMI-AUTO,DIESEL
11925,19,GLE Class,2018,43995,14286,145,36.7,3,AUTOMATIC,DIESEL
11926,19,GLE Class,2018,44150,10763,145,36.7,3,SEMI-AUTO,DIESEL
11927,19,GLE Class,2018,44738,21276,150,36.7,3,SEMI-AUTO,DIESEL
11928,19,GLE Class,2018,44980,8976,145,36.7,3,SEMI-AUTO,DIESEL
11929,19,GLE Class,2018,44990,13299,145,30.1,3,SEMI-AUTO,PETROL
11930,19,GLE Class,2018,45071,12100,145,36.7,3,SEMI-AUTO,DIESEL
11931,19,GLE Class,2018,45200,9139,145,36.7,3,SEMI-AUTO,DIESEL
11932,19,GLE Class,2018,45890,9343,145,36.7,3,AUTOMATIC,DIESEL
11933,19,GLE Class,2018,46299,15447,145,36.7,3,SEMI-AUTO,DIESEL
11934,19,GLE Class,2018,46980,6948,145,36.7,3,SEMI-AUTO,DIESEL
11935,19,GLE Class,2018,49995,8900,145,31.7,3,SEMI-AUTO,PETROL
11936,19,GLE Class,2018,55376,5234,145,23.9,5.5,AUTOMATIC,PETROL
11937,19,GLE Class,2018,66974,16592,145,23.7,5.5,AUTOMATIC,PETROL
11938,19,GLE Class,2019,39495,1795,145,42.8,3,SEMI-AUTO,DIESEL
11939,19,GLE Class,2019,41174,5387,145,36.7,3,SEMI-AUTO,DIESEL
11940,19,GLE Class,2019,43490,14026,145,36.7,3,SEMI-AUTO,DIESEL
11941,19,GLE Class,2019,43900,31,150,36.7,2,AUTOMATIC,DIESEL
11942,19,GLE Class,2019,43990,10974,145,36.7,3,AUTOMATIC,DIESEL
11943,19,GLE Class,2019,44500,8489,145,36.7,3,AUTOMATIC,DIESEL
11944,19,GLE Class,2019,44980,5387,145,36.7,3,SEMI-AUTO,DIESEL
11945,19,GLE Class,2019,44981,7496,145,36.7,3,AUTOMATIC,DIESEL
11946,19,GLE Class,2019,44990,8351,145,32.8,3,AUTOMATIC,DIESEL
11947,19,GLE Class,2019,44995,10499,145,36.7,2,AUTOMATIC,DIESEL
11948,19,GLE Class,2019,45390,3654,145,36.7,2,AUTOMATIC,DIESEL
11949,19,GLE Class,2019,45480,18764,145,36.7,2,SEMI-AUTO,DIESEL
11950,19,GLE Class,2019,45900,20186,145,36.7,3,AUTOMATIC,DIESEL
11951,19,GLE Class,2019,45990,9600,145,36.7,3,SEMI-AUTO,DIESEL
11952,19,GLE Class,2019,45995,3999,145,36.7,2,AUTOMATIC,DIESEL
11953,19,GLE Class,2019,45995,5000,145,36.7,2,AUTOMATIC,DIESEL
11954,19,GLE Class,2019,45995,6500,145,36.7,2,AUTOMATIC,DIESEL
11955,19,GLE Class,2019,46236,9548,145,30.1,3,AUTOMATIC,PETROL
11956,19,GLE Class,2019,46481,7796,150,36.7,3,SEMI-AUTO,DIESEL
11957,19,GLE Class,2019,46500,8148,145,36.7,2,SEMI-AUTO,DIESEL
11958,19,GLE Class,2019,46549,8207,145,36.7,2,SEMI-AUTO,DIESEL
11959,19,GLE Class,2019,46650,2515,145,36.7,3,AUTOMATIC,DIESEL
11960,19,GLE Class,2019,46890,5820,145,36.7,3,SEMI-AUTO,DIESEL
11961,19,GLE Class,2019,46995,4302,145,36.7,2,AUTOMATIC,DIESEL
11962,19,GLE Class,2019,46995,6999,145,36.7,2,AUTOMATIC,DIESEL
11963,19,GLE Class,2019,46999,3769,145,36.7,2,SEMI-AUTO,DIESEL
11964,19,GLE Class,2019,47169,2532,145,36.7,2,SEMI-AUTO,DIESEL
11965,19,GLE Class,2019,47300,9840,145,36.7,3,SEMI-AUTO,DIESEL
11966,19,GLE Class,2019,47390,9500,145,36.7,2,SEMI-AUTO,DIESEL
11967,19,GLE Class,2019,47480,5034,145,36.7,2,SEMI-AUTO,DIESEL
11968,19,GLE Class,2019,47499,5509,145,36.7,3,SEMI-AUTO,DIESEL
11969,19,GLE Class,2019,47750,3853,145,36.7,2,SEMI-AUTO,DIESEL
11970,19,GLE Class,2019,47890,6224,145,36.7,2,SEMI-AUTO,DIESEL
11971,19,GLE Class,2019,47979,8642,145,36.7,2,SEMI-AUTO,DIESEL
11972,19,GLE Class,2019,47995,9,145,36.7,2,AUTOMATIC,DIESEL
11973,19,GLE Class,2019,47995,5343,145,36.7,2,SEMI-AUTO,DIESEL
11974,19,GLE Class,2019,47995,7018,145,36.7,2,SEMI-AUTO,DIESEL
11975,19,GLE Class,2019,47995,7848,150,36.7,2,AUTOMATIC,DIESEL
11976,19,GLE Class,2019,47995,11000,145,36.7,2,AUTOMATIC,DIESEL
11977,19,GLE Class,2019,48000,3746,145,36.7,2,SEMI-AUTO,DIESEL
11978,19,GLE Class,2019,48099,3312,145,36.7,2,SEMI-AUTO,DIESEL
11979,19,GLE Class,2019,48291,10835,145,30.1,3,AUTOMATIC,PETROL
11980,19,GLE Class,2019,48399,8921,145,35.8,2,SEMI-AUTO,DIESEL
11981,19,GLE Class,2019,48444,8112,145,36.7,3,AUTOMATIC,DIESEL
11982,19,GLE Class,2019,48480,4050,145,36.7,2,SEMI-AUTO,DIESEL
11983,19,GLE Class,2019,48490,1483,145,36.7,2,AUTOMATIC,DIESEL
11984,19,GLE Class,2019,48766,1857,145,36.7,2,SEMI-AUTO,DIESEL
11985,19,GLE Class,2019,48890,4500,150,35.8,2,SEMI-AUTO,DIESEL
11986,19,GLE Class,2019,48890,6170,145,32.8,3,AUTOMATIC,DIESEL
11987,19,GLE Class,2019,48900,10163,150,35.8,2,AUTOMATIC,DIESEL
11988,19,GLE Class,2019,48980,4056,145,36.7,2,SEMI-AUTO,DIESEL
11989,19,GLE Class,2019,48980,4104,145,36.7,2,SEMI-AUTO,DIESEL
11990,19,GLE Class,2019,48980,6016,145,36.7,2,SEMI-AUTO,DIESEL
11991,19,GLE Class,2019,49199,6785,150,36.7,3,SEMI-AUTO,DIESEL
11992,19,GLE Class,2019,49229,1000,145,36.7,2,AUTOMATIC,DIESEL
11993,19,GLE Class,2019,49399,5432,145,36.7,3,AUTOMATIC,DIESEL
11994,19,GLE Class,2019,49480,4468,145,36.7,2,SEMI-AUTO,DIESEL
11995,19,GLE Class,2019,49499,4180,145,36.7,3,SEMI-AUTO,DIESEL
11996,19,GLE Class,2019,49500,3644,145,36.7,2,SEMI-AUTO,DIESEL
11997,19,GLE Class,2019,49549,11452,145,35.8,2,SEMI-AUTO,DIESEL
11998,19,GLE Class,2019,49699,3151,145,36.7,3,SEMI-AUTO,DIESEL
11999,19,GLE Class,2019,49792,8569,150,35.8,2,SEMI-AUTO,DIESEL
12000,19,GLE Class,2019,49883,9922,145,32.8,3,AUTOMATIC,DIESEL
12001,19,GLE Class,2019,49950,5501,145,36.7,2,AUTOMATIC,DIESEL
12002,19,GLE Class,2019,49950,9333,145,32.8,3,AUTOMATIC,DIESEL
12003,19,GLE Class,2019,49950,16668,145,32.5,3,AUTOMATIC,DIESEL
12004,19,GLE Class,2019,49980,52,145,36.7,2,SEMI-AUTO,DIESEL
12005,19,GLE Class,2019,49980,2010,145,36.7,2,SEMI-AUTO,DIESEL
12006,19,GLE Class,2019,49980,2844,145,36.7,2,SEMI-AUTO,DIESEL
12007,19,GLE Class,2019,49980,4089,145,36.7,2,SEMI-AUTO,DIESEL
12008,19,GLE Class,2019,49980,23479,145,32.8,2.9,SEMI-AUTO,DIESEL
12009,19,GLE Class,2019,49990,5401,145,32.8,3,SEMI-AUTO,DIESEL
12010,19,GLE Class,2019,49990,5794,145,32.8,3,SEMI-AUTO,DIESEL
12011,19,GLE Class,2019,50480,3999,145,36.7,2,SEMI-AUTO,DIESEL
12012,19,GLE Class,2019,50599,9339,145,30.1,3,SEMI-AUTO,PETROL
12013,19,GLE Class,2019,50636,2172,145,36.7,2,SEMI-AUTO,DIESEL
12014,19,GLE Class,2019,50700,6000,145,32.8,3,SEMI-AUTO,DIESEL
12015,19,GLE Class,2019,50950,11800,150,30.1,3,AUTOMATIC,PETROL
12016,19,GLE Class,2019,50980,2850,145,36.7,2,SEMI-AUTO,DIESEL
12017,19,GLE Class,2019,51290,6235,145,32.8,3,AUTOMATIC,DIESEL
12018,19,GLE Class,2019,51890,12268,145,30.1,3,SEMI-AUTO,PETROL
12019,19,GLE Class,2019,51912,3713,150,32.8,2.9,SEMI-AUTO,DIESEL
12020,19,GLE Class,2019,51990,2800,145,32.8,3,SEMI-AUTO,DIESEL
12021,19,GLE Class,2019,51991,8341,145,29.5,3,AUTOMATIC,PETROL
12022,19,GLE Class,2019,52000,3196,150,32.8,2.9,SEMI-AUTO,DIESEL
12023,19,GLE Class,2019,52146,10005,145,35.8,2,AUTOMATIC,DIESEL
12024,19,GLE Class,2019,52495,6880,145,32.8,3,SEMI-AUTO,DIESEL
12025,19,GLE Class,2019,52500,3866,145,32.8,3,SEMI-AUTO,DIESEL
12026,19,GLE Class,2019,52700,2343,145,32.8,3,SEMI-AUTO,DIESEL
12027,19,GLE Class,2019,52779,1000,145,32.8,3,SEMI-AUTO,DIESEL
12028,19,GLE Class,2019,52799,3925,145,32.8,3,AUTOMATIC,DIESEL
12029,19,GLE Class,2019,52800,3317,145,36.7,2,AUTOMATIC,DIESEL
12030,19,GLE Class,2019,52900,1786,145,32.8,3,SEMI-AUTO,DIESEL
12031,19,GLE Class,2019,53199,2504,145,32.8,3,SEMI-AUTO,DIESEL
12032,19,GLE Class,2019,53199,2504,150,32.8,2.9,SEMI-AUTO,DIESEL
12033,19,GLE Class,2019,53499,1378,145,32.8,3,SEMI-AUTO,DIESEL
12034,19,GLE Class,2019,53750,6925,145,32.5,3,SEMI-AUTO,DIESEL
12035,19,GLE Class,2019,53980,11,145,32.8,2.9,SEMI-AUTO,DIESEL
12036,19,GLE Class,2019,53990,5000,145,36.7,3,AUTOMATIC,DIESEL
12037,19,GLE Class,2019,53990,5214,145,32.5,3,AUTOMATIC,DIESEL
12038,19,GLE Class,2019,53999,9015,150,30.1,3,SEMI-AUTO,PETROL
12039,19,GLE Class,2019,54498,6279,145,32.8,3,SEMI-AUTO,DIESEL
12040,19,GLE Class,2019,54500,2870,145,32.8,3,SEMI-AUTO,DIESEL
12041,19,GLE Class,2019,54885,10516,145,32.5,3,AUTOMATIC,DIESEL
12042,19,GLE Class,2019,54890,6740,145,32.5,3,AUTOMATIC,DIESEL
12043,19,GLE Class,2019,54900,5000,150,29.5,3,AUTOMATIC,PETROL
12044,19,GLE Class,2019,54991,1644,145,32.8,3,AUTOMATIC,DIESEL
12045,19,GLE Class,2019,55199,3029,145,32.8,3,SEMI-AUTO,DIESEL
12046,19,GLE Class,2019,55299,2768,145,32.8,3,SEMI-AUTO,DIESEL
12047,19,GLE Class,2019,55491,1795,145,36.7,2,AUTOMATIC,DIESEL
12048,19,GLE Class,2019,55500,12000,145,32.5,3,SEMI-AUTO,DIESEL
12049,19,GLE Class,2019,55599,1594,145,32.8,2.9,SEMI-AUTO,DIESEL
12050,19,GLE Class,2019,55690,7599,145,32.5,3,AUTOMATIC,DIESEL
12051,19,GLE Class,2019,55799,838,145,32.8,3,SEMI-AUTO,DIESEL
12052,19,GLE Class,2019,55885,2005,145,32.5,3,AUTOMATIC,DIESEL
12053,19,GLE Class,2019,55981,2572,150,32.5,2.9,SEMI-AUTO,DIESEL
12054,19,GLE Class,2019,55981,9254,145,32.8,3,AUTOMATIC,DIESEL
12055,19,GLE Class,2019,56000,4957,145,32.5,3,SEMI-AUTO,DIESEL
12056,19,GLE Class,2019,56000,7704,145,29.5,3,SEMI-AUTO,PETROL
12057,19,GLE Class,2019,56000,8795,145,32.5,3,SEMI-AUTO,DIESEL
12058,19,GLE Class,2019,56490,5554,145,32.5,3,SEMI-AUTO,DIESEL
12059,19,GLE Class,2019,56495,917,145,29.5,3,SEMI-AUTO,PETROL
12060,19,GLE Class,2019,56499,4315,145,29.5,3,SEMI-AUTO,PETROL
12061,19,GLE Class,2019,56555,2320,145,32.5,2.9,SEMI-AUTO,DIESEL
12062,19,GLE Class,2019,56693,9632,145,29.5,3,AUTOMATIC,PETROL
12063,19,GLE Class,2019,56800,2483,145,29.5,3,AUTOMATIC,PETROL
12064,19,GLE Class,2019,56810,3560,145,32.5,3,AUTOMATIC,DIESEL
12065,19,GLE Class,2019,57383,7629,145,29.5,3,AUTOMATIC,PETROL
12066,19,GLE Class,2019,57599,9354,145,32.5,2.9,SEMI-AUTO,DIESEL
12067,19,GLE Class,2019,57633,10340,145,32.5,3,AUTOMATIC,DIESEL
12068,19,GLE Class,2019,57799,1706,145,32.5,2.9,SEMI-AUTO,DIESEL
12069,19,GLE Class,2019,57980,3999,145,30.1,3,SEMI-AUTO,PETROL
12070,19,GLE Class,2019,57995,3500,145,32.5,3,SEMI-AUTO,DIESEL
12071,19,GLE Class,2019,57995,5862,145,29.5,3,AUTOMATIC,PETROL
12072,19,GLE Class,2019,58991,2777,145,32.8,3,AUTOMATIC,DIESEL
12073,19,GLE Class,2019,59700,7500,145,32.5,3,AUTOMATIC,DIESEL
12074,19,GLE Class,2019,59812,3393,145,29.5,3,SEMI-AUTO,PETROL
12075,19,GLE Class,2019,59889,1000,145,32.5,3,SEMI-AUTO,DIESEL
12076,19,GLE Class,2019,59922,8005,145,32.5,3,AUTOMATIC,DIESEL
12077,19,GLE Class,2019,59995,3500,145,32.5,2.9,SEMI-AUTO,DIESEL
12078,19,GLE Class,2019,62495,11545,145,23.9,5.5,SEMI-AUTO,PETROL
12079,19,GLE Class,2019,71899,3574,145,23.7,5.5,AUTOMATIC,PETROL
12080,19,GLE Class,2019,71999,2704,145,23.7,5.5,AUTOMATIC,PETROL
12081,19,GLE Class,2019,75995,9,145,23.7,5.5,SEMI-AUTO,PETROL
12082,19,GLE Class,2019,87459,1493,145,23.7,5.5,SEMI-AUTO,PETROL
12083,19,GLE Class,2020,48000,5000,145,36.7,2,SEMI-AUTO,DIESEL
12084,19,GLE Class,2020,48980,3999,145,36.7,2,SEMI-AUTO,DIESEL
12085,19,GLE Class,2020,48980,3999,145,36.7,2,SEMI-AUTO,DIESEL
12086,19,GLE Class,2020,48980,3999,145,36.7,2,SEMI-AUTO,DIESEL
12087,19,GLE Class,2020,48980,3999,145,36.7,2,SEMI-AUTO,DIESEL
12088,19,GLE Class,2020,48980,3999,145,36.7,2,SEMI-AUTO,DIESEL
12089,19,GLE Class,2020,48980,3999,145,36.7,2,SEMI-AUTO,DIESEL
12090,19,GLE Class,2020,48995,3000,145,36.7,2,AUTOMATIC,DIESEL
12091,19,GLE Class,2020,50419,1000,145,36.7,2,SEMI-AUTO,DIESEL
12092,19,GLE Class,2020,50495,2200,145,36.7,2,SEMI-AUTO,DIESEL
12093,19,GLE Class,2020,50995,20,145,36.7,2,AUTOMATIC,DIESEL
12094,19,GLE Class,2020,53995,9,145,32.8,3,SEMI-AUTO,DIESEL
12095,19,GLE Class,2020,53998,1000,145,32.8,2.9,AUTOMATIC,DIESEL
12096,19,GLE Class,2020,54990,3016,150,32.8,3,SEMI-AUTO,DIESEL
12097,19,GLE Class,2020,54995,6700,150,32.8,3,AUTOMATIC,DIESEL
12098,19,GLE Class,2020,54999,2900,145,32.8,2.9,AUTOMATIC,DIESEL
12099,19,GLE Class,2020,54999,3600,145,32.8,2.9,SEMI-AUTO,DIESEL
12100,19,GLE Class,2020,55290,2242,145,32.8,2.9,AUTOMATIC,DIESEL
12101,19,GLE Class,2020,55489,1000,145,32.8,2.9,SEMI-AUTO,DIESEL
12102,19,GLE Class,2020,56995,4242,150,32.5,2.9,SEMI-AUTO,DIESEL
12103,19,GLE Class,2020,56995,4254,145,32.5,2.9,SEMI-AUTO,DIESEL
12104,19,GLE Class,2020,56995,4296,145,32.5,2.9,SEMI-AUTO,DIESEL
12105,19,GLE Class,2020,57049,1000,145,29.5,3,SEMI-AUTO,PETROL
12106,19,GLE Class,2020,57400,2538,145,32.5,2.9,SEMI-AUTO,DIESEL
12107,19,GLE Class,2020,57569,1000,145,32.8,2.9,SEMI-AUTO,DIESEL
12108,19,GLE Class,2020,57995,9,145,32.5,3,SEMI-AUTO,DIESEL
12109,19,GLE Class,2020,57995,6000,145,36.7,2,AUTOMATIC,DIESEL
12110,19,GLE Class,2020,58450,1159,150,32.8,2.9,AUTOMATIC,DIESEL
12111,19,GLE Class,2020,58789,1000,145,32.5,2.9,SEMI-AUTO,DIESEL
12112,19,GLE Class,2020,59000,2000,145,32.5,3,SEMI-AUTO,DIESEL
12113,19,GLE Class,2020,59980,14,145,29.5,3,SEMI-AUTO,PETROL
12114,19,GLE Class,2020,59995,3392,150,32.5,2.9,SEMI-AUTO,DIESEL
12115,19,GLE Class,2020,59995,3500,150,32.5,2.9,SEMI-AUTO,DIESEL
12116,19,GLE Class,2020,59995,3526,145,32.5,2.9,SEMI-AUTO,DIESEL
12117,19,GLE Class,2020,59995,4000,150,32.5,2.9,SEMI-AUTO,DIESEL
12118,19,GLE Class,2020,59995,4999,145,29.5,3,SEMI-AUTO,PETROL
12119,19,GLE Class,2020,60899,1000,150,32.5,2.9,SEMI-AUTO,DIESEL
12120,19,GLE Class,2020,61489,1000,145,29.5,3,SEMI-AUTO,PETROL
12121,19,GLE Class,2020,62980,49,145,32.5,2.9,SEMI-AUTO,DIESEL
12122,19,GLE Class,2020,64359,1000,145,29.5,3,SEMI-AUTO,PETROL
12123,19,GLE Class,2020,67495,1500,145,29.5,3,SEMI-AUTO,PETROL
12124,20,GLS Class,2016,33000,42924,300,37.2,3,AUTOMATIC,DIESEL
12125,20,GLS Class,2016,33500,28711,305,37.2,3,AUTOMATIC,DIESEL
12126,20,GLS Class,2016,34763,32505,305,37.2,3,AUTOMATIC,DIESEL
12127,20,GLS Class,2016,35168,27844,305,37.2,3,AUTOMATIC,DIESEL
12128,20,GLS Class,2016,35390,25306,305,37.2,3,AUTOMATIC,DIESEL
12129,20,GLS Class,2016,36495,33000,300,37.2,3,SEMI-AUTO,DIESEL
12130,20,GLS Class,2016,37094,23083,305,37.2,3,AUTOMATIC,DIESEL
12131,20,GLS Class,2016,37385,21169,305,37.2,3,AUTOMATIC,DIESEL
12132,20,GLS Class,2016,37500,41013,300,37.2,3,AUTOMATIC,DIESEL
12133,20,GLS Class,2016,39799,32609,300,37.2,3,SEMI-AUTO,DIESEL
12134,20,GLS Class,2016,41750,30448,300,37.2,3,AUTOMATIC,DIESEL
12135,20,GLS Class,2017,37999,44555,300,37.2,3,SEMI-AUTO,DIESEL
12136,20,GLS Class,2017,38000,11575,150,37.2,3,AUTOMATIC,DIESEL
12137,20,GLS Class,2017,38000,12046,150,37.2,3,AUTOMATIC,DIESEL
12138,20,GLS Class,2017,38250,7201,150,37.2,3,AUTOMATIC,DIESEL
12139,20,GLS Class,2017,38250,7208,305,37.2,3,AUTOMATIC,DIESEL
12140,20,GLS Class,2017,38250,7736,150,37.2,3,AUTOMATIC,DIESEL
12141,20,GLS Class,2017,38343,26452,305,37.2,3,AUTOMATIC,DIESEL
12142,20,GLS Class,2017,38459,25237,305,37.2,3,AUTOMATIC,DIESEL
12143,20,GLS Class,2017,38580,22957,145,37.2,3,AUTOMATIC,DIESEL
12144,20,GLS Class,2017,38750,30394,145,37.2,3,SEMI-AUTO,DIESEL
12145,20,GLS Class,2017,38990,23510,150,37.2,3,SEMI-AUTO,DIESEL
12146,20,GLS Class,2017,39498,25605,145,37.2,3,AUTOMATIC,DIESEL
12147,20,GLS Class,2017,39649,16650,300,37.2,3,SEMI-AUTO,DIESEL
12148,20,GLS Class,2017,39900,17000,305,37.2,3,AUTOMATIC,DIESEL
12149,20,GLS Class,2017,39900,19761,300,37.2,3,AUTOMATIC,DIESEL
12150,20,GLS Class,2017,41750,8823,145,37.2,3,AUTOMATIC,DIESEL
12151,20,GLS Class,2017,41962,22219,145,37.2,3,SEMI-AUTO,DIESEL
12152,20,GLS Class,2017,41990,32875,305,37.2,3,SEMI-AUTO,DIESEL
12153,20,GLS Class,2017,42489,21200,145,37.2,3,AUTOMATIC,DIESEL
12154,20,GLS Class,2017,43498,7517,145,37.2,3,SEMI-AUTO,DIESEL
12155,20,GLS Class,2017,46002,28416,145,37.2,3,AUTOMATIC,DIESEL
12156,20,GLS Class,2017,53000,45239,150,23,5.5,AUTOMATIC,PETROL
12157,20,GLS Class,2018,41994,7256,145,37.2,3,AUTOMATIC,DIESEL
12158,20,GLS Class,2018,41995,14718,145,37.2,3,AUTOMATIC,DIESEL
12159,20,GLS Class,2018,42248,13609,145,37.2,3,AUTOMATIC,DIESEL
12160,20,GLS Class,2018,43286,16489,145,37.2,3,AUTOMATIC,DIESEL
12161,20,GLS Class,2018,43289,18500,145,37.2,3,AUTOMATIC,DIESEL
12162,20,GLS Class,2018,43990,10405,145,37.2,3,AUTOMATIC,DIESEL
12163,20,GLS Class,2018,43999,8963,145,37.2,3,SEMI-AUTO,DIESEL
12164,20,GLS Class,2018,44444,6285,145,37.2,3,AUTOMATIC,DIESEL
12165,20,GLS Class,2018,46532,5987,145,37.2,3,AUTOMATIC,DIESEL
12166,20,GLS Class,2018,46998,9182,145,37.2,3,SEMI-AUTO,DIESEL
12167,20,GLS Class,2018,47980,5376,145,37.2,3,SEMI-AUTO,DIESEL
12168,20,GLS Class,2018,48899,4278,145,37.2,3,SEMI-AUTO,DIESEL
12169,20,GLS Class,2018,49500,19719,145,34,3,AUTOMATIC,DIESEL
12170,20,GLS Class,2018,64999,41102,145,23,5.5,SEMI-AUTO,PETROL
12171,20,GLS Class,2018,72950,7390,150,23,5.5,AUTOMATIC,PETROL
12172,20,GLS Class,2019,44890,18082,145,37.2,3,AUTOMATIC,DIESEL
12173,20,GLS Class,2019,44990,11607,145,37.2,3,AUTOMATIC,DIESEL
12174,20,GLS Class,2019,45550,20429,145,37.2,3,AUTOMATIC,DIESEL
12175,20,GLS Class,2019,46770,11231,145,37.2,3,AUTOMATIC,DIESEL
12176,20,GLS Class,2019,46931,7650,150,37.2,3,SEMI-AUTO,DIESEL
12177,20,GLS Class,2019,47980,8274,145,37.2,3,SEMI-AUTO,DIESEL
12178,20,GLS Class,2019,47980,9977,145,37.2,3,SEMI-AUTO,DIESEL
12179,20,GLS Class,2019,47980,10514,145,37.2,3,SEMI-AUTO,DIESEL
12180,20,GLS Class,2019,47980,11584,145,37.2,3,SEMI-AUTO,DIESEL
12181,20,GLS Class,2019,47980,11663,145,37.2,3,AUTOMATIC,DIESEL
12182,20,GLS Class,2019,47980,13110,145,37.2,3,SEMI-AUTO,DIESEL
12183,20,GLS Class,2019,48249,6510,145,37.2,3,SEMI-AUTO,DIESEL
12184,20,GLS Class,2019,48502,10721,145,37.2,3,AUTOMATIC,DIESEL
12185,20,GLS Class,2019,54990,18717,145,34,3,SEMI-AUTO,DIESEL
12186,20,GLS Class,2019,57526,8353,145,34,3,AUTOMATIC,DIESEL
12187,20,GLS Class,2019,59999,10000,145,34,3,AUTOMATIC,DIESEL
12188,20,GLS Class,2019,60124,29,145,34,3,SEMI-AUTO,DIESEL
12189,20,GLS Class,2019,65990,5076,150,30.4,3,SEMI-AUTO,DIESEL
12190,20,GLS Class,2019,67600,2010,145,34,3,AUTOMATIC,DIESEL
12191,20,GLS Class,2019,69990,6224,145,30.4,3,AUTOMATIC,DIESEL
12192,20,GLS Class,2020,66990,2596,145,30.4,3,SEMI-AUTO,DIESEL
12193,20,GLS Class,2020,67480,3999,145,30.4,3,SEMI-AUTO,DIESEL
12194,20,GLS Class,2020,67899,1000,150,30.4,2.9,AUTOMATIC,DIESEL
12195,20,GLS Class,2020,71991,452,145,30.4,3,SEMI-AUTO,DIESEL
12196,20,GLS Class,2020,76469,2700,145,30.4,3,SEMI-AUTO,DIESEL
12197,20,GLS Class,2020,76980,3999,145,30.4,3,SEMI-AUTO,DIESEL
12198,21,M Class,1970,24999,14000,305,39.2,0,AUTOMATIC,DIESEL
12199,21,M Class,2004,1995,165000,330,20,3.7,SEMI-AUTO,PETROL
12200,21,M Class,2004,19950,121000,325,29.7,2.7,AUTOMATIC,DIESEL
12201,21,M Class,2007,6750,67000,555,28.8,3,AUTOMATIC,DIESEL
12202,21,M Class,2008,5990,110000,555,28.8,3,AUTOMATIC,DIESEL
12203,21,M Class,2008,6495,96000,565,28.8,3,SEMI-AUTO,DIESEL
12204,21,M Class,2009,8995,86000,555,30.4,3,AUTOMATIC,DIESEL
12205,21,M Class,2009,9990,59000,555,30.4,3,AUTOMATIC,DIESEL
12206,21,M Class,2010,7449,155876,540,32.5,3,AUTOMATIC,DIESEL
12207,21,M Class,2010,8990,128000,555,32.5,3,AUTOMATIC,DIESEL
12208,21,M Class,2010,9000,92000,555,32.5,3,AUTOMATIC,DIESEL
12209,21,M Class,2010,9995,106800,555,31,3,AUTOMATIC,DIESEL
12210,21,M Class,2010,12995,46000,555,31,3,AUTOMATIC,DIESEL
12211,21,M Class,2011,7995,131000,555,31,3,AUTOMATIC,DIESEL
12212,21,M Class,2011,10750,90000,555,32.5,3,AUTOMATIC,DIESEL
12213,21,M Class,2011,10990,69000,555,32.5,3,AUTOMATIC,DIESEL
12214,21,M Class,2011,13150,75000,555,31,3,AUTOMATIC,DIESEL
12215,21,M Class,2012,14400,61898,300,39.2,3,AUTOMATIC,DIESEL
12216,21,M Class,2012,14999,75626,200,44.8,2.1,AUTOMATIC,DIESEL
12217,21,M Class,2012,15299,54632,200,44.8,2.1,AUTOMATIC,DIESEL
12218,21,M Class,2012,15699,62639,300,39.2,3,AUTOMATIC,DIESEL
12219,21,M Class,2013,14250,84413,205,44.8,2.1,SEMI-AUTO,DIESEL
12220,21,M Class,2013,15200,61363,200,44.8,2.1,SEMI-AUTO,DIESEL
12221,21,M Class,2013,15250,56164,200,44.8,2.1,AUTOMATIC,DIESEL
12222,21,M Class,2013,15880,62791,300,39.2,3,SEMI-AUTO,DIESEL
12223,21,M Class,2013,15890,66426,300,39.2,3,AUTOMATIC,DIESEL
12224,21,M Class,2013,15990,51800,200,44.8,2.1,AUTOMATIC,DIESEL
12225,21,M Class,2013,16000,80000,200,44.8,2.1,AUTOMATIC,DIESEL
12226,21,M Class,2013,16300,57367,200,44.8,2.1,SEMI-AUTO,DIESEL
12227,21,M Class,2013,16490,70710,300,39.2,3,AUTOMATIC,DIESEL
12228,21,M Class,2013,16770,41366,300,39.2,3,SEMI-AUTO,DIESEL
12229,21,M Class,2013,16991,56979,200,44.8,2.1,SEMI-AUTO,DIESEL
12230,21,M Class,2013,17481,58457,200,44.8,2.1,SEMI-AUTO,DIESEL
12231,21,M Class,2013,17500,84000,205,44.8,2.1,AUTOMATIC,DIESEL
12232,21,M Class,2013,18999,27932,200,44.8,2.1,AUTOMATIC,DIESEL
12233,21,M Class,2014,15998,71657,200,44.8,2.1,SEMI-AUTO,DIESEL
12234,21,M Class,2014,16087,70308,200,44.8,2.1,AUTOMATIC,DIESEL
12235,21,M Class,2014,16940,74869,205,44.8,2.1,AUTOMATIC,DIESEL
12236,21,M Class,2014,16998,59812,300,39.2,3,AUTOMATIC,DIESEL
12237,21,M Class,2014,17050,73181,300,39.2,3,AUTOMATIC,DIESEL
12238,21,M Class,2014,17500,60500,200,46.3,2.1,SEMI-AUTO,DIESEL
12239,21,M Class,2014,17995,43729,300,39.2,3,SEMI-AUTO,DIESEL
12240,21,M Class,2014,18490,46556,200,44.8,2.1,SEMI-AUTO,DIESEL
12241,21,M Class,2014,18500,48928,200,46.3,2.1,SEMI-AUTO,DIESEL
12242,21,M Class,2014,19194,57573,200,46.3,2.1,SEMI-AUTO,DIESEL
12243,21,M Class,2014,19420,42218,200,46.3,2.1,SEMI-AUTO,DIESEL
12244,21,M Class,2014,19495,50974,300,39.2,3,AUTOMATIC,DIESEL
12245,21,M Class,2014,19662,38833,200,44.8,2.1,SEMI-AUTO,DIESEL
12246,21,M Class,2014,20495,27000,205,44.8,2.1,AUTOMATIC,DIESEL
12247,21,M Class,2014,20499,37986,300,39.2,3,AUTOMATIC,DIESEL
12248,21,M Class,2014,21944,34525,305,39.2,3,AUTOMATIC,DIESEL
12249,21,M Class,2014,32995,33271,580,23.9,5.5,SEMI-AUTO,PETROL
12250,21,M Class,2015,18300,53815,205,39.2,2.1,AUTOMATIC,DIESEL
12251,21,M Class,2015,18450,49000,200,45.6,2.2,AUTOMATIC,DIESEL
12252,21,M Class,2015,18490,49283,200,45.6,2.1,SEMI-AUTO,DIESEL
12253,21,M Class,2015,18495,71000,200,46.3,2.1,SEMI-AUTO,DIESEL
12254,21,M Class,2015,18789,68279,300,39.2,3,AUTOMATIC,DIESEL
12255,21,M Class,2015,19300,25653,200,39.2,2.1,AUTOMATIC,DIESEL
12256,21,M Class,2015,19689,75358,200,39.2,2.1,AUTOMATIC,DIESEL
12257,21,M Class,2015,19900,32245,205,46.3,2.1,AUTOMATIC,DIESEL
12258,21,M Class,2015,19940,49355,200,46.3,2.1,AUTOMATIC,DIESEL
12259,21,M Class,2015,19940,50408,200,39.2,2.1,AUTOMATIC,DIESEL
12260,21,M Class,2015,19995,47808,300,39.2,3,SEMI-AUTO,DIESEL
12261,21,M Class,2015,20460,43108,200,39.2,2.1,AUTOMATIC,DIESEL
12262,21,M Class,2015,20498,43072,205,39.2,2.1,SEMI-AUTO,DIESEL
12263,21,M Class,2015,20500,44529,205,39.2,2.1,AUTOMATIC,DIESEL
12264,21,M Class,2015,21498,43339,200,39.2,2.1,SEMI-AUTO,DIESEL
12265,21,M Class,2015,21498,44984,300,39.2,3,SEMI-AUTO,DIESEL
12266,21,M Class,2015,21643,46023,205,39.2,2.1,AUTOMATIC,DIESEL
12267,21,M Class,2015,21698,38644,200,39.2,2.1,SEMI-AUTO,DIESEL
12268,21,M Class,2015,21998,22976,300,39.2,3,AUTOMATIC,DIESEL
12269,21,M Class,2015,21998,37963,205,39.2,2.1,SEMI-AUTO,DIESEL
12270,21,M Class,2015,22498,37484,300,39.2,3,SEMI-AUTO,DIESEL
12271,21,M Class,2015,23249,30198,300,39.2,3,SEMI-AUTO,DIESEL
12272,21,M Class,2015,23480,46049,300,39.2,3,SEMI-AUTO,DIESEL
12273,21,M Class,2015,23750,21000,305,39.2,3,AUTOMATIC,DIESEL
12274,21,M Class,2015,23995,30657,200,39.2,2.1,SEMI-AUTO,DIESEL
12275,21,M Class,2015,24480,33059,300,39.2,3,SEMI-AUTO,DIESEL
12276,21,M Class,2015,32250,43910,570,23.9,5.5,SEMI-AUTO,PETROL
12277,22,R Class,2007,6950,60000,565,30.4,3,AUTOMATIC,DIESEL
12278,22,R Class,2011,11999,75857,325,33.2,3,AUTOMATIC,DIESEL
12279,23,S Class,1998,19990,43534,265,23.3,6,AUTOMATIC,PETROL
12280,23,S Class,1999,5995,34000,145,24.6,3.2,AUTOMATIC,PETROL
12281,23,S Class,2001,1695,108800,325,31.7,3.2,AUTOMATIC,DIESEL
12282,23,S Class,2001,4495,66000,570,24.6,3.2,AUTOMATIC,PETROL
12283,23,S Class,2002,6995,24000,570,21.1,5,AUTOMATIC,PETROL
12284,23,S Class,2005,4990,75148,330,36.7,3.2,AUTOMATIC,DIESEL
12285,23,S Class,2005,7995,39000,315,36.7,3.2,AUTOMATIC,DIESEL
12286,23,S Class,2009,7724,122000,325,36.7,3,AUTOMATIC,DIESEL
12287,23,S Class,2009,8990,79980,325,34,3,AUTOMATIC,DIESEL
12288,23,S Class,2010,9995,51238,300,37.2,3,AUTOMATIC,DIESEL
12289,23,S Class,2010,26990,38000,570,19.5,6.2,AUTOMATIC,PETROL
12290,23,S Class,2011,10950,66000,265,41.5,3,AUTOMATIC,DIESEL
12291,23,S Class,2011,12990,53521,260,41.5,3,AUTOMATIC,DIESEL
12292,23,S Class,2012,10948,107000,265,36.7,3.5,AUTOMATIC,PETROL
12293,23,S Class,2012,12995,72700,235,41.5,3,AUTOMATIC,DIESEL
12294,23,S Class,2013,24530,56061,190,44.8,3.5,AUTOMATIC,HYBRID
12295,23,S Class,2014,24491,18273,200,48.7,3,AUTOMATIC,DIESEL
12296,23,S Class,2014,24990,56000,200,48.7,3,AUTOMATIC,DIESEL
12297,23,S Class,2014,25991,31385,200,48.7,3,AUTOMATIC,DIESEL
12298,23,S Class,2014,29772,13460,205,48.7,3,SEMI-AUTO,DIESEL
12299,23,S Class,2014,41980,26000,555,28,5.5,AUTOMATIC,PETROL
12300,23,S Class,2015,19991,77719,160,51.4,3,AUTOMATIC,DIESEL
12301,23,S Class,2015,22250,76000,200,48.7,3,AUTOMATIC,DIESEL
12302,23,S Class,2015,22995,41472,160,51.4,3,SEMI-AUTO,DIESEL
12303,23,S Class,2015,24498,28191,200,47.9,3,SEMI-AUTO,DIESEL
12304,23,S Class,2015,24981,30355,165,51.4,3,SEMI-AUTO,DIESEL
12305,23,S Class,2015,24998,29036,160,50.4,3,SEMI-AUTO,DIESEL
12306,23,S Class,2015,25460,46757,205,47.9,3,AUTOMATIC,DIESEL
12307,23,S Class,2015,25999,64518,200,48.7,3,SEMI-AUTO,DIESEL
12308,23,S Class,2015,26498,27343,200,48.7,3,SEMI-AUTO,DIESEL
12309,23,S Class,2015,26498,34434,200,48.7,3,SEMI-AUTO,DIESEL
12310,23,S Class,2015,26578,33462,205,48.7,3,AUTOMATIC,DIESEL
12311,23,S Class,2015,27000,30782,20,64.2,2.1,AUTOMATIC,HYBRID
12312,23,S Class,2015,27498,35236,200,47.9,3,SEMI-AUTO,DIESEL
12313,23,S Class,2015,27998,14158,200,47.9,3,SEMI-AUTO,DIESEL
12314,23,S Class,2015,27998,17168,200,48.7,3,SEMI-AUTO,DIESEL
12315,23,S Class,2015,27998,30554,200,48.7,3,SEMI-AUTO,DIESEL
12316,23,S Class,2015,28086,38347,205,48.7,3,AUTOMATIC,DIESEL
12317,23,S Class,2015,28498,15293,200,48.7,3,SEMI-AUTO,DIESEL
12318,23,S Class,2015,28998,10284,205,47.9,3,SEMI-AUTO,DIESEL
12319,23,S Class,2015,28998,16382,200,47.9,3,SEMI-AUTO,DIESEL
12320,23,S Class,2015,29029,12687,205,48.7,3,AUTOMATIC,DIESEL
12321,23,S Class,2015,29995,17700,200,48.7,3,AUTOMATIC,DIESEL
12322,23,S Class,2015,30980,20392,200,48.7,3,AUTOMATIC,DIESEL
12323,23,S Class,2015,32249,7864,325,31.7,4.7,AUTOMATIC,PETROL
12324,23,S Class,2015,32249,8052,325,31.7,4.7,AUTOMATIC,PETROL
12325,23,S Class,2015,36499,8051,325,31.7,4.7,AUTOMATIC,PETROL
12326,23,S Class,2015,38980,11000,270,33.2,4.7,AUTOMATIC,PETROL
12327,23,S Class,2015,51990,23156,555,28,5.5,AUTOMATIC,PETROL
12328,23,S Class,2016,24880,75000,190,42.4,3.5,AUTOMATIC,HYBRID
12329,23,S Class,2016,25400,40000,165,50.4,3,AUTOMATIC,DIESEL
12330,23,S Class,2016,25498,44072,200,47.9,3,SEMI-AUTO,DIESEL
12331,23,S Class,2016,26059,49397,205,47.9,3,AUTOMATIC,DIESEL
12332,23,S Class,2016,26495,75000,160,50.4,3,AUTOMATIC,DIESEL
12333,23,S Class,2016,26498,36121,200,47.9,3,SEMI-AUTO,DIESEL
12334,23,S Class,2016,27491,54318,200,47.9,3,AUTOMATIC,DIESEL
12335,23,S Class,2016,28498,30135,200,47.9,3,SEMI-AUTO,DIESEL
12336,23,S Class,2016,28980,31210,200,47.9,3,SEMI-AUTO,DIESEL
12337,23,S Class,2016,28980,46000,160,50.4,3,SEMI-AUTO,DIESEL
12338,23,S Class,2016,29267,9521,165,50.4,3,AUTOMATIC,DIESEL
12339,23,S Class,2016,30000,27000,160,50.4,3,AUTOMATIC,DIESEL
12340,23,S Class,2016,30498,17624,200,47.9,3,SEMI-AUTO,DIESEL
12341,23,S Class,2016,30998,23743,200,47.9,3,SEMI-AUTO,DIESEL
12342,23,S Class,2016,31000,15000,300,33.6,4.7,AUTOMATIC,PETROL
12343,23,S Class,2016,31041,21739,205,47.9,3,SEMI-AUTO,DIESEL
12344,23,S Class,2016,31990,42000,165,50.4,3,AUTOMATIC,DIESEL
12345,23,S Class,2016,31998,14633,200,47.9,3,SEMI-AUTO,DIESEL
12346,23,S Class,2016,34995,33650,200,47.9,3,AUTOMATIC,DIESEL
12347,23,S Class,2016,42490,19000,305,33.2,4.7,AUTOMATIC,PETROL
12348,23,S Class,2016,56995,19953,555,28,5.5,SEMI-AUTO,PETROL
12349,23,S Class,2016,57000,14000,555,28,5.5,AUTOMATIC,PETROL
12350,23,S Class,2016,79950,25317,570,24.1,6,SEMI-AUTO,PETROL
12351,23,S Class,2017,27498,39872,145,50.4,3,SEMI-AUTO,DIESEL
12352,23,S Class,2017,28000,31582,150,50.4,3,AUTOMATIC,DIESEL
12353,23,S Class,2017,28999,26000,150,50.4,3,AUTOMATIC,DIESEL
12354,23,S Class,2017,29890,40952,160,50.4,3,AUTOMATIC,DIESEL
12355,23,S Class,2017,29990,17814,160,50.4,3,SEMI-AUTO,DIESEL
12356,23,S Class,2017,30291,30272,145,50.4,3,AUTOMATIC,DIESEL
12357,23,S Class,2017,30580,26699,145,50.4,3,SEMI-AUTO,DIESEL
12358,23,S Class,2017,30795,35980,160,52.3,3,AUTOMATIC,DIESEL
12359,23,S Class,2017,31055,13763,160,50.4,3,SEMI-AUTO,DIESEL
12360,23,S Class,2017,31998,20224,160,52.3,3,SEMI-AUTO,DIESEL
12361,23,S Class,2017,34948,27000,20,61.4,2.1,AUTOMATIC,HYBRID
12362,23,S Class,2017,34999,22906,145,52.3,3,SEMI-AUTO,DIESEL
12363,23,S Class,2017,36890,22657,20,61.4,2.1,AUTOMATIC,HYBRID
12364,23,S Class,2017,37500,12653,145,52.3,3,AUTOMATIC,DIESEL
12365,23,S Class,2017,38800,18066,145,52.3,2.9,AUTOMATIC,DIESEL
12366,23,S Class,2017,40990,6200,150,52.3,3,SEMI-AUTO,DIESEL
12367,23,S Class,2017,41990,21600,145,52.3,2.9,AUTOMATIC,DIESEL
12368,23,S Class,2017,45599,32979,135,100.9,3,SEMI-AUTO,HYBRID
12369,23,S Class,2017,46980,13112,145,40.9,3,SEMI-AUTO,PETROL
12370,23,S Class,2017,48990,21000,150,40.9,3,AUTOMATIC,PETROL
12371,23,S Class,2017,49890,8090,145,32.1,4.7,AUTOMATIC,PETROL
12372,23,S Class,2017,57752,12376,145,32.5,4.7,SEMI-AUTO,PETROL
12373,23,S Class,2017,67699,15400,145,28,5.5,SEMI-AUTO,PETROL
12374,23,S Class,2018,33490,43000,145,52.3,2.9,AUTOMATIC,DIESEL
12375,23,S Class,2018,34999,39203,145,52.3,3,SEMI-AUTO,DIESEL
12376,23,S Class,2018,38980,11917,145,52.3,3,AUTOMATIC,DIESEL
12377,23,S Class,2018,39490,23000,150,52.3,2.9,AUTOMATIC,DIESEL
12378,23,S Class,2018,39990,25000,150,52.3,2.9,AUTOMATIC,DIESEL
12379,23,S Class,2018,40796,10577,150,52.3,3,SEMI-AUTO,DIESEL
12380,23,S Class,2018,41366,11994,145,52.3,3,AUTOMATIC,DIESEL
12381,23,S Class,2018,41632,12955,145,52.3,3,SEMI-AUTO,DIESEL
12382,23,S Class,2018,41990,7527,145,52.3,3,SEMI-AUTO,DIESEL
12383,23,S Class,2018,41999,8107,145,52.3,3,SEMI-AUTO,DIESEL
12384,23,S Class,2018,43899,12811,145,52.3,3,SEMI-AUTO,DIESEL
12385,23,S Class,2018,45000,39840,150,40.9,3,AUTOMATIC,PETROL
12386,23,S Class,2018,45842,5147,145,52.3,3,SEMI-AUTO,DIESEL
12387,23,S Class,2018,46990,22700,145,52.3,2.9,AUTOMATIC,DIESEL
12388,23,S Class,2018,47480,11876,145,38.2,3,AUTOMATIC,PETROL
12389,23,S Class,2018,49980,17587,145,40.9,3,AUTOMATIC,PETROL
12390,23,S Class,2018,51991,10842,145,40.9,3,AUTOMATIC,PETROL
12391,23,S Class,2018,53000,2001,145,40.9,3,AUTOMATIC,PETROL
12392,23,S Class,2018,56000,2286,145,40.9,3,SEMI-AUTO,PETROL
12393,23,S Class,2018,57899,3728,145,48.7,3,AUTOMATIC,DIESEL
12394,23,S Class,2018,57995,1861,145,40.9,3,SEMI-AUTO,PETROL
12395,23,S Class,2018,58099,2984,145,48.7,3,SEMI-AUTO,DIESEL
12396,23,S Class,2018,58332,2136,145,40.9,3,AUTOMATIC,PETROL
12397,23,S Class,2018,59995,2802,140,52.3,2.9,AUTOMATIC,DIESEL
12398,23,S Class,2018,72995,9740,145,34,4,SEMI-AUTO,PETROL
12399,23,S Class,2018,79989,2499,145,34,4,AUTOMATIC,PETROL
12400,23,S Class,2018,79995,6623,150,34,4,SEMI-AUTO,PETROL
12401,23,S Class,2018,82099,1952,145,34,4,AUTOMATIC,PETROL
12402,23,S Class,2018,89995,2928,145,31.7,4,SEMI-AUTO,PETROL
12403,23,S Class,2018,104400,3796,145,31.7,4,SEMI-AUTO,PETROL
12404,23,S Class,2019,40900,15251,150,52.3,2.9,AUTOMATIC,DIESEL
12405,23,S Class,2019,44980,8333,145,52.3,3,SEMI-AUTO,DIESEL
12406,23,S Class,2019,44980,11735,145,52.3,3,SEMI-AUTO,DIESEL
12407,23,S Class,2019,44980,12007,145,52.3,3,AUTOMATIC,DIESEL
12408,23,S Class,2019,45990,14259,145,52.3,3,SEMI-AUTO,DIESEL
12409,23,S Class,2019,46250,9252,145,52.3,3,SEMI-AUTO,DIESEL
12410,23,S Class,2019,46980,7659,145,52.3,3,SEMI-AUTO,DIESEL
12411,23,S Class,2019,46998,1042,145,52.3,3,SEMI-AUTO,DIESEL
12412,23,S Class,2019,47599,11876,145,52.3,3,SEMI-AUTO,DIESEL
12413,23,S Class,2019,47749,11168,145,52.3,3,SEMI-AUTO,DIESEL
12414,23,S Class,2019,47980,10655,145,52.3,3,SEMI-AUTO,DIESEL
12415,23,S Class,2019,48499,8365,145,52.3,3,SEMI-AUTO,DIESEL
12416,23,S Class,2019,48750,2772,145,52.3,3,AUTOMATIC,DIESEL
12417,23,S Class,2019,48896,9955,145,52.3,3,SEMI-AUTO,DIESEL
12418,23,S Class,2019,48998,375,145,52.3,3,SEMI-AUTO,DIESEL
12419,23,S Class,2019,49980,3236,145,52.3,3,SEMI-AUTO,DIESEL
12420,23,S Class,2019,49998,83,145,52.3,3,SEMI-AUTO,DIESEL
12421,23,S Class,2019,52500,12139,145,52.3,2.9,AUTOMATIC,DIESEL
12422,23,S Class,2019,52950,4320,145,52.3,3,AUTOMATIC,DIESEL
12423,23,S Class,2019,53699,4870,145,52.3,3,SEMI-AUTO,DIESEL
12424,23,S Class,2019,53999,3835,145,52.3,3,SEMI-AUTO,DIESEL
12425,23,S Class,2019,54399,2384,145,52.3,3,SEMI-AUTO,DIESEL
12426,23,S Class,2019,54399,2498,145,52.3,3,SEMI-AUTO,DIESEL
12427,23,S Class,2019,54599,5961,145,52.3,3,SEMI-AUTO,DIESEL
12428,23,S Class,2019,54899,695,145,52.3,3,SEMI-AUTO,DIESEL
12429,23,S Class,2019,54990,1501,145,41.5,3,AUTOMATIC,DIESEL
12430,23,S Class,2019,54994,3715,145,52.3,2.9,AUTOMATIC,DIESEL
12431,23,S Class,2019,54999,369,145,52.3,3,SEMI-AUTO,DIESEL
12432,23,S Class,2019,54999,2075,145,52.3,2.9,AUTOMATIC,DIESEL
12433,23,S Class,2019,54999,2255,145,52.3,3,AUTOMATIC,DIESEL
12434,23,S Class,2019,55298,1284,145,52.3,2.9,AUTOMATIC,DIESEL
12435,23,S Class,2019,55499,2983,145,52.3,3,AUTOMATIC,DIESEL
12436,23,S Class,2019,55649,2500,145,52.3,3,SEMI-AUTO,DIESEL
12437,23,S Class,2019,55890,3380,145,52.3,3,SEMI-AUTO,DIESEL
12438,23,S Class,2019,55995,100,145,52.3,3,AUTOMATIC,DIESEL
12439,23,S Class,2019,55995,1933,145,40.4,3,AUTOMATIC,DIESEL
12440,23,S Class,2019,56499,582,135,122.9,3,AUTOMATIC,HYBRID
12441,23,S Class,2019,56890,2931,135,100.9,3,AUTOMATIC,HYBRID
12442,23,S Class,2019,56900,12000,140,100.9,3,AUTOMATIC,HYBRID
12443,23,S Class,2019,57000,7283,145,48.7,3,SEMI-AUTO,DIESEL
12444,23,S Class,2019,57890,7125,145,48.7,3,AUTOMATIC,DIESEL
12445,23,S Class,2019,58700,3767,145,52.3,3,AUTOMATIC,DIESEL
12446,23,S Class,2019,58990,6501,145,52.3,3,AUTOMATIC,DIESEL
12447,23,S Class,2019,59949,6468,145,48.7,3,AUTOMATIC,DIESEL
12448,23,S Class,2019,59995,2000,145,48.7,3,AUTOMATIC,DIESEL
12449,23,S Class,2019,59998,10500,145,34.5,3,SEMI-AUTO,PETROL
12450,23,S Class,2019,60399,1500,145,52.3,3,SEMI-AUTO,DIESEL
12451,23,S Class,2019,60849,6675,145,48.7,3,SEMI-AUTO,DIESEL
12452,23,S Class,2019,60970,1350,145,48.7,3,AUTOMATIC,DIESEL
12453,23,S Class,2019,60998,100,145,40.9,3,SEMI-AUTO,PETROL
12454,23,S Class,2019,61899,5260,145,48.7,3,AUTOMATIC,DIESEL
12455,23,S Class,2019,62799,2528,145,48.7,3,AUTOMATIC,DIESEL
12456,23,S Class,2019,63099,1766,145,48.7,3,SEMI-AUTO,DIESEL
12457,23,S Class,2019,63099,1803,145,52.3,3,AUTOMATIC,DIESEL
12458,23,S Class,2019,63999,618,145,52.3,3,AUTOMATIC,DIESEL
12459,23,S Class,2019,64999,119,145,40.9,3,SEMI-AUTO,PETROL
12460,23,S Class,2019,67109,1000,145,52.3,3,SEMI-AUTO,DIESEL
12461,23,S Class,2019,67109,1000,145,52.3,3,AUTOMATIC,DIESEL
12462,23,S Class,2019,79980,5000,145,31.7,4,SEMI-AUTO,PETROL
12463,23,S Class,2019,81900,21442,145,32.1,4,AUTOMATIC,PETROL
12464,23,S Class,2019,86399,1912,145,34,4,AUTOMATIC,PETROL
12465,23,S Class,2019,86699,1314,145,34,4,AUTOMATIC,PETROL
12466,23,S Class,2019,87478,1257,145,34,4,SEMI-AUTO,PETROL
12467,23,S Class,2019,89999,1400,145,34,4,SEMI-AUTO,PETROL
12468,23,S Class,2019,90759,1000,145,34,4,SEMI-AUTO,PETROL
12469,23,S Class,2019,93499,1000,145,34,4,SEMI-AUTO,PETROL
12470,23,S Class,2019,95099,1022,145,34,4,SEMI-AUTO,PETROL
12471,23,S Class,2019,104590,3671,145,31.7,4,AUTOMATIC,PETROL
12472,23,S Class,2019,109995,4688,150,31.7,4,SEMI-AUTO,PETROL
12473,23,S Class,2019,124999,1500,145,31.7,4,AUTOMATIC,PETROL
12474,23,S Class,2020,64980,3999,145,40.4,3,SEMI-AUTO,DIESEL
12475,23,S Class,2020,64980,3999,145,40.4,3,SEMI-AUTO,DIESEL
12476,24,SL CLASS,1997,9995,76000,255,28.2,3.2,AUTOMATIC,PETROL
12477,24,SL CLASS,1998,10450,49000,255,28.2,3.2,AUTOMATIC,PETROL
12478,24,SL CLASS,2000,11750,68709,270,24.6,3.2,AUTOMATIC,PETROL
12479,24,SL CLASS,2001,12999,122000,305,22.3,5,AUTOMATIC,PETROL
12480,24,SL CLASS,2002,16999,34000,325,22.2,5,AUTOMATIC,PETROL
12481,24,SL CLASS,2003,12995,47450,325,22.2,5,AUTOMATIC,PETROL
12482,24,SL CLASS,2005,6995,80543,325,24.1,3.7,AUTOMATIC,PETROL
12483,24,SL CLASS,2007,12995,45000,570,23.3,5,AUTOMATIC,PETROL
12484,24,SL CLASS,2010,11975,79000,555,29.1,3.5,AUTOMATIC,PETROL
12485,24,SL CLASS,2010,15995,56098,555,29.1,3.5,AUTOMATIC,PETROL
12486,24,SL CLASS,2010,16990,18000,555,29.1,3.5,AUTOMATIC,PETROL
12487,24,SL CLASS,2010,18000,32450,540,29.1,3.5,AUTOMATIC,PETROL
12488,24,SL CLASS,2011,149948,3000,570,21.4,6.2,AUTOMATIC,PETROL
12489,24,SL CLASS,2014,20000,57000,240,37.7,3.5,AUTOMATIC,PETROL
12490,24,SL CLASS,2014,43990,25939,565,28.5,5.5,SEMI-AUTO,PETROL
12491,24,SL CLASS,2015,26750,38570,260,36.7,3,AUTOMATIC,PETROL
12492,24,SL CLASS,2015,29950,28000,325,31,4.7,AUTOMATIC,PETROL
12493,24,SL CLASS,2015,47124,11000,555,28.5,5.5,AUTOMATIC,PETROL
12494,24,SL CLASS,2016,16362,29883,30,70.6,2.1,AUTOMATIC,DIESEL
12495,24,SL CLASS,2016,16400,45823,30,70.6,2.1,AUTOMATIC,DIESEL
12496,24,SL CLASS,2016,16500,26955,30,70.6,0,AUTOMATIC,DIESEL
12497,24,SL CLASS,2016,16890,52122,30,70.6,2.1,SEMI-AUTO,DIESEL
12498,24,SL CLASS,2016,16991,42106,145,47.9,2,SEMI-AUTO,PETROL
12499,24,SL CLASS,2016,16995,14002,30,70.6,2.1,AUTOMATIC,DIESEL
12500,24,SL CLASS,2016,17391,14224,30,70.6,2.1,SEMI-AUTO,DIESEL
12501,24,SL CLASS,2016,17698,39820,30,70.6,2.1,SEMI-AUTO,DIESEL
12502,24,SL CLASS,2016,17808,20618,30,70.6,2.1,AUTOMATIC,DIESEL
12503,24,SL CLASS,2016,17995,24066,30,70.6,2.1,AUTOMATIC,DIESEL
12504,24,SL CLASS,2016,18000,18922,30,70.6,2.1,AUTOMATIC,DIESEL
12505,24,SL CLASS,2016,18100,21505,30,70.6,2.1,AUTOMATIC,DIESEL
12506,24,SL CLASS,2016,18490,33650,30,70.6,2.1,SEMI-AUTO,DIESEL
12507,24,SL CLASS,2016,18490,35452,30,70.6,2.1,SEMI-AUTO,DIESEL
12508,24,SL CLASS,2016,18498,26676,30,70.6,2.1,SEMI-AUTO,DIESEL
12509,24,SL CLASS,2016,18498,33502,30,70.6,2.1,SEMI-AUTO,DIESEL
12510,24,SL CLASS,2016,18674,12465,30,70.6,2.1,AUTOMATIC,DIESEL
12511,24,SL CLASS,2016,18690,22112,30,70.6,2.1,SEMI-AUTO,DIESEL
12512,24,SL CLASS,2016,18698,30269,30,70.6,2.1,SEMI-AUTO,DIESEL
12513,24,SL CLASS,2016,18698,35595,30,70.6,2.1,SEMI-AUTO,DIESEL
12514,24,SL CLASS,2016,18890,27001,30,70.6,2.1,SEMI-AUTO,DIESEL
12515,24,SL CLASS,2016,18950,17358,160,43.5,2,MANUAL,PETROL
12516,24,SL CLASS,2016,18990,24609,30,70.6,2.1,SEMI-AUTO,DIESEL
12517,24,SL CLASS,2016,18990,29799,30,70.6,2.1,SEMI-AUTO,DIESEL
12518,24,SL CLASS,2016,18990,31091,30,70.6,2.1,AUTOMATIC,DIESEL
12519,24,SL CLASS,2016,18991,11813,30,70.6,2.1,SEMI-AUTO,DIESEL
12520,24,SL CLASS,2016,18995,26996,30,70.6,2.1,AUTOMATIC,DIESEL
12521,24,SL CLASS,2016,18998,29302,30,70.6,2.1,SEMI-AUTO,DIESEL
12522,24,SL CLASS,2016,19250,19525,30,70.6,2.1,AUTOMATIC,DIESEL
12523,24,SL CLASS,2016,19390,15964,30,70.6,2.1,SEMI-AUTO,DIESEL
12524,24,SL CLASS,2016,19480,38303,145,47.9,2,SEMI-AUTO,PETROL
12525,24,SL CLASS,2016,19490,11335,30,70.6,2.1,SEMI-AUTO,DIESEL
12526,24,SL CLASS,2016,19490,14211,30,70.6,2.1,SEMI-AUTO,DIESEL
12527,24,SL CLASS,2016,19812,21455,145,47.9,2,SEMI-AUTO,PETROL
12528,24,SL CLASS,2016,19995,13626,30,70.6,2.1,AUTOMATIC,DIESEL
12529,24,SL CLASS,2016,19998,27801,145,47.9,2,SEMI-AUTO,PETROL
12530,24,SL CLASS,2016,20298,14035,30,70.6,2.1,SEMI-AUTO,DIESEL
12531,24,SL CLASS,2016,20498,10643,30,70.6,2.1,SEMI-AUTO,DIESEL
12532,24,SL CLASS,2016,21481,29840,145,47.1,2,SEMI-AUTO,PETROL
12533,24,SL CLASS,2016,28650,9262,260,36.7,3,SEMI-AUTO,PETROL
12534,24,SL CLASS,2016,29900,23400,265,36.7,3,AUTOMATIC,PETROL
12535,24,SL CLASS,2016,30389,46000,235,36.7,3,SEMI-AUTO,PETROL
12536,24,SL CLASS,2016,32991,16608,235,36.7,3,AUTOMATIC,PETROL
12537,24,SL CLASS,2016,33889,23736,235,36.7,3,AUTOMATIC,PETROL
12538,24,SL CLASS,2016,33995,35000,330,31,4.7,AUTOMATIC,PETROL
12539,24,SL CLASS,2016,35249,18400,235,36.7,3,AUTOMATIC,PETROL
12540,24,SL CLASS,2016,36491,19971,235,36.7,3,SEMI-AUTO,PETROL
12541,24,SL CLASS,2016,36599,23735,235,36.7,3,AUTOMATIC,PETROL
12542,24,SL CLASS,2016,36991,9105,235,36.7,3,AUTOMATIC,PETROL
12543,24,SL CLASS,2016,36995,11888,235,36.7,3,SEMI-AUTO,PETROL
12544,24,SL CLASS,2016,47995,19425,555,28,5.5,AUTOMATIC,PETROL
12545,24,SL CLASS,2016,49948,6200,555,28,5.5,AUTOMATIC,PETROL
12546,24,SL CLASS,2016,52990,21681,565,28,5.5,SEMI-AUTO,PETROL
12547,24,SL CLASS,2017,16292,30025,160,43.5,2,MANUAL,PETROL
12548,24,SL CLASS,2017,16700,15407,145,43.5,2,MANUAL,PETROL
12549,24,SL CLASS,2017,16999,33500,145,43.5,2,MANUAL,PETROL
12550,24,SL CLASS,2017,17124,39076,160,43.5,2,MANUAL,PETROL
12551,24,SL CLASS,2017,17765,19235,145,70.6,2.1,SEMI-AUTO,DIESEL
12552,24,SL CLASS,2017,18048,24529,30,70.6,2.1,AUTOMATIC,DIESEL
12553,24,SL CLASS,2017,18152,43074,145,48.7,1.6,SEMI-AUTO,PETROL
12554,24,SL CLASS,2017,18250,30266,30,70.6,2.1,SEMI-AUTO,DIESEL
12555,24,SL CLASS,2017,18460,21882,30,70.6,2.1,AUTOMATIC,DIESEL
12556,24,SL CLASS,2017,18699,21750,145,47.9,2,SEMI-AUTO,PETROL
12557,24,SL CLASS,2017,18775,19522,30,70.6,2.1,AUTOMATIC,DIESEL
12558,24,SL CLASS,2017,18812,13264,145,48.7,1.6,MANUAL,PETROL
12559,24,SL CLASS,2017,18898,15096,30,70.6,2.1,AUTOMATIC,DIESEL
12560,24,SL CLASS,2017,18900,28465,160,43.5,2,MANUAL,PETROL
12561,24,SL CLASS,2017,18990,17261,160,43.5,2,MANUAL,PETROL
12562,24,SL CLASS,2017,18990,21490,145,70.6,2.1,AUTOMATIC,DIESEL
12563,24,SL CLASS,2017,19329,8556,30,70.6,2.1,AUTOMATIC,DIESEL
12564,24,SL CLASS,2017,19490,21173,145,48.7,1.6,MANUAL,PETROL
12565,24,SL CLASS,2017,19498,29114,30,70.6,2.1,SEMI-AUTO,DIESEL
12566,24,SL CLASS,2017,19590,18061,30,70.6,2.1,AUTOMATIC,DIESEL
12567,24,SL CLASS,2017,19621,13764,145,70.6,2.1,SEMI-AUTO,DIESEL
12568,24,SL CLASS,2017,19624,11807,145,48.7,1.6,MANUAL,PETROL
12569,24,SL CLASS,2017,19700,28380,150,48.7,1.6,MANUAL,PETROL
12570,24,SL CLASS,2017,19828,18455,30,70.6,2.1,AUTOMATIC,DIESEL
12571,24,SL CLASS,2017,19866,17900,150,70.6,2.1,AUTOMATIC,DIESEL
12572,24,SL CLASS,2017,19889,17564,30,70.6,2.1,AUTOMATIC,DIESEL
12573,24,SL CLASS,2017,19989,9705,145,70.6,2.1,SEMI-AUTO,DIESEL
12574,24,SL CLASS,2017,19990,22530,150,70.6,2.1,SEMI-AUTO,DIESEL
12575,24,SL CLASS,2017,19995,13582,145,70.6,2.1,AUTOMATIC,DIESEL
12576,24,SL CLASS,2017,19995,18403,30,70.6,2.1,AUTOMATIC,DIESEL
12577,24,SL CLASS,2017,19999,11000,145,43.5,2,MANUAL,PETROL
12578,24,SL CLASS,2017,20019,11782,30,70.6,2.1,AUTOMATIC,DIESEL
12579,24,SL CLASS,2017,20191,24584,145,47.9,2,SEMI-AUTO,PETROL
12580,24,SL CLASS,2017,20250,20072,30,70.6,2.1,AUTOMATIC,DIESEL
12581,24,SL CLASS,2017,20298,20028,30,70.6,2.1,SEMI-AUTO,DIESEL
12582,24,SL CLASS,2017,20298,20055,30,70.6,2.1,SEMI-AUTO,DIESEL
12583,24,SL CLASS,2017,20349,15244,145,70.6,2.1,SEMI-AUTO,DIESEL
12584,24,SL CLASS,2017,20444,17825,145,70.6,2.1,AUTOMATIC,DIESEL
12585,24,SL CLASS,2017,20450,15580,30,70.6,2.1,AUTOMATIC,DIESEL
12586,24,SL CLASS,2017,20490,6271,145,70.6,2.1,SEMI-AUTO,DIESEL
12587,24,SL CLASS,2017,20490,8347,145,70.6,2.1,SEMI-AUTO,DIESEL
12588,24,SL CLASS,2017,20490,8728,145,70.6,2.1,SEMI-AUTO,DIESEL
12589,24,SL CLASS,2017,20490,13484,145,70.6,2.1,SEMI-AUTO,DIESEL
12590,24,SL CLASS,2017,20498,18076,30,70.6,2.1,SEMI-AUTO,DIESEL
12591,24,SL CLASS,2017,20498,27474,150,70.6,2.1,AUTOMATIC,DIESEL
12592,24,SL CLASS,2017,20601,16730,150,70.6,2.1,AUTOMATIC,DIESEL
12593,24,SL CLASS,2017,20659,6573,150,70.6,2.1,AUTOMATIC,DIESEL
12594,24,SL CLASS,2017,20681,25082,150,70.6,2.1,AUTOMATIC,DIESEL
12595,24,SL CLASS,2017,20745,23103,30,70.6,2.1,AUTOMATIC,DIESEL
12596,24,SL CLASS,2017,20900,26560,145,47.9,2,AUTOMATIC,PETROL
12597,24,SL CLASS,2017,20995,7182,150,70.6,2.1,AUTOMATIC,DIESEL
12598,24,SL CLASS,2017,20995,12591,150,47.9,2,AUTOMATIC,PETROL
12599,24,SL CLASS,2017,20998,13526,145,47.9,2,SEMI-AUTO,PETROL
12600,24,SL CLASS,2017,20998,18739,145,70.6,2.1,SEMI-AUTO,DIESEL
12601,24,SL CLASS,2017,21122,13573,145,47.9,2,SEMI-AUTO,PETROL
12602,24,SL CLASS,2017,21250,23407,30,70.6,2.1,SEMI-AUTO,DIESEL
12603,24,SL CLASS,2017,21450,19220,150,70.6,2.1,AUTOMATIC,DIESEL
12604,24,SL CLASS,2017,21499,16247,145,47.9,2,SEMI-AUTO,PETROL
12605,24,SL CLASS,2017,21500,3584,145,70.6,2.1,SEMI-AUTO,DIESEL
12606,24,SL CLASS,2017,21500,16000,145,47.1,2,SEMI-AUTO,PETROL
12607,24,SL CLASS,2017,21609,2780,30,70.6,2.1,AUTOMATIC,DIESEL
12608,24,SL CLASS,2017,21998,4657,145,70.6,2.1,SEMI-AUTO,DIESEL
12609,24,SL CLASS,2017,22491,10537,150,43.5,2,MANUAL,PETROL
12610,24,SL CLASS,2017,22495,13873,145,47.9,2,SEMI-AUTO,PETROL
12611,24,SL CLASS,2017,22495,15092,150,47.9,2,SEMI-AUTO,PETROL
12612,24,SL CLASS,2017,22498,11534,145,70.6,2.1,SEMI-AUTO,DIESEL
12613,24,SL CLASS,2017,33995,49439,145,36.7,3,AUTOMATIC,PETROL
12614,24,SL CLASS,2017,34950,16558,145,36.7,3,AUTOMATIC,PETROL
12615,24,SL CLASS,2017,34990,25036,150,36.7,3,SEMI-AUTO,PETROL
12616,24,SL CLASS,2017,35999,27000,145,36.7,3,SEMI-AUTO,PETROL
12617,24,SL CLASS,2017,36900,31286,145,36.7,3,AUTOMATIC,PETROL
12618,24,SL CLASS,2017,38799,14000,145,36.7,3,SEMI-AUTO,PETROL
12619,24,SL CLASS,2017,39999,19200,145,31.4,4.7,SEMI-AUTO,PETROL
12620,24,SL CLASS,2017,40321,18513,145,36.7,3,SEMI-AUTO,PETROL
12621,24,SL CLASS,2017,41612,3746,235,36.7,3,SEMI-AUTO,PETROL
12622,24,SL CLASS,2017,57999,8420,145,28,5.5,SEMI-AUTO,PETROL
12623,24,SL CLASS,2018,18999,8942,145,48.7,1.6,AUTOMATIC,PETROL
12624,24,SL CLASS,2018,21400,14435,145,47.9,2,AUTOMATIC,PETROL
12625,24,SL CLASS,2018,22495,4000,145,48.7,1.6,SEMI-AUTO,PETROL
12626,24,SL CLASS,2018,22914,8725,145,47.9,2,AUTOMATIC,PETROL
12627,24,SL CLASS,2018,23012,7724,150,70.6,2.1,SEMI-AUTO,DIESEL
12628,24,SL CLASS,2018,23599,10219,145,47.9,2,SEMI-AUTO,PETROL
12629,24,SL CLASS,2018,25495,14200,145,47.1,2,AUTOMATIC,PETROL
12630,24,SL CLASS,2018,25749,7501,145,47.1,2,SEMI-AUTO,PETROL
12631,24,SL CLASS,2018,26254,1670,145,47.1,2,SEMI-AUTO,PETROL
12632,24,SL CLASS,2018,27225,5002,145,47.1,2,AUTOMATIC,PETROL
12633,24,SL CLASS,2018,27482,1095,145,47.1,2,SEMI-AUTO,PETROL
12634,24,SL CLASS,2018,27890,1565,145,47.1,2,AUTOMATIC,PETROL
12635,24,SL CLASS,2018,34799,212,145,36.2,3,AUTOMATIC,PETROL
12636,24,SL CLASS,2018,39900,12975,145,36.7,3,AUTOMATIC,PETROL
12637,24,SL CLASS,2018,48799,313,145,36.7,3,AUTOMATIC,PETROL
12638,24,SL CLASS,2018,49995,10767,145,31.4,4.7,SEMI-AUTO,PETROL
12639,24,SL CLASS,2018,49999,8804,145,31.4,4.7,SEMI-AUTO,PETROL
12640,24,SL CLASS,2019,23400,2687,150,48.7,1.6,AUTOMATIC,PETROL
12641,24,SL CLASS,2019,28491,9477,145,47.1,2,SEMI-AUTO,PETROL
12642,24,SL CLASS,2019,29250,1526,145,47.9,2,AUTOMATIC,PETROL
12643,24,SL CLASS,2019,29350,4452,145,47.1,2,SEMI-AUTO,PETROL
12644,24,SL CLASS,2019,29500,2986,150,47.1,2,SEMI-AUTO,PETROL
12645,24,SL CLASS,2019,29595,3199,145,47.1,2,SEMI-AUTO,PETROL
12646,24,SL CLASS,2019,29612,8249,145,47.1,2,AUTOMATIC,PETROL
12647,24,SL CLASS,2019,29649,7950,145,47.1,2,SEMI-AUTO,PETROL
12648,24,SL CLASS,2019,29730,150,145,47.1,2,SEMI-AUTO,PETROL
12649,24,SL CLASS,2019,29755,8009,145,47.1,2,SEMI-AUTO,PETROL
12650,24,SL CLASS,2019,29790,2425,145,47.9,2,SEMI-AUTO,PETROL
12651,24,SL CLASS,2019,29799,2000,145,47.1,2,SEMI-AUTO,PETROL
12652,24,SL CLASS,2019,29886,9086,145,47.1,2,SEMI-AUTO,PETROL
12653,24,SL CLASS,2019,29990,3425,145,47.9,2,AUTOMATIC,PETROL
12654,24,SL CLASS,2019,29990,8899,145,47.1,2,SEMI-AUTO,PETROL
12655,24,SL CLASS,2019,29990,14237,145,47.1,2,SEMI-AUTO,PETROL
12656,24,SL CLASS,2019,29995,8000,150,47.1,2,SEMI-AUTO,PETROL
12657,24,SL CLASS,2019,30000,9266,145,47.1,2,SEMI-AUTO,PETROL
12658,24,SL CLASS,2019,30182,3988,145,47.1,2,AUTOMATIC,PETROL
12659,24,SL CLASS,2019,30249,7539,145,47.1,2,SEMI-AUTO,PETROL
12660,24,SL CLASS,2019,30499,5494,145,47.1,2,SEMI-AUTO,PETROL
12661,24,SL CLASS,2019,30599,1905,145,47.9,2,SEMI-AUTO,PETROL
12662,24,SL CLASS,2019,30670,3000,145,47.1,2,AUTOMATIC,PETROL
12663,24,SL CLASS,2019,30720,5000,145,47.1,2,AUTOMATIC,PETROL
12664,24,SL CLASS,2019,30799,314,145,47.9,2,SEMI-AUTO,PETROL
12665,24,SL CLASS,2019,30799,4210,145,47.1,2,AUTOMATIC,PETROL
12666,24,SL CLASS,2019,30899,3362,145,47.1,2,SEMI-AUTO,PETROL
12667,24,SL CLASS,2019,30999,2071,145,47.1,2,SEMI-AUTO,PETROL
12668,24,SL CLASS,2019,31099,831,145,47.1,2,SEMI-AUTO,PETROL
12669,24,SL CLASS,2019,31200,50,145,47.1,2,SEMI-AUTO,PETROL
12670,24,SL CLASS,2019,31495,8048,145,47.1,2,SEMI-AUTO,PETROL
12671,24,SL CLASS,2019,31599,1250,145,47.9,2,SEMI-AUTO,PETROL
12672,24,SL CLASS,2019,31999,192,145,47.1,2,SEMI-AUTO,PETROL
12673,24,SL CLASS,2019,32250,4410,145,47.1,2,AUTOMATIC,PETROL
12674,24,SL CLASS,2019,32299,1000,145,47.1,2,SEMI-AUTO,PETROL
12675,24,SL CLASS,2019,32499,545,145,47.1,2,SEMI-AUTO,PETROL
12676,24,SL CLASS,2019,32499,873,150,47.1,2,SEMI-AUTO,PETROL
12677,24,SL CLASS,2019,32599,33,145,47.1,2,SEMI-AUTO,PETROL
12678,24,SL CLASS,2019,32889,522,145,47.1,2,SEMI-AUTO,PETROL
12679,24,SL CLASS,2019,32990,1724,145,47.1,2,AUTOMATIC,PETROL
12680,24,SL CLASS,2019,32995,10368,145,36.2,3,SEMI-AUTO,PETROL
12681,24,SL CLASS,2019,32998,17,145,47.1,2,SEMI-AUTO,PETROL
12682,24,SL CLASS,2019,32998,2403,145,47.1,2,SEMI-AUTO,PETROL
12683,24,SL CLASS,2019,32999,100,145,47.1,2,SEMI-AUTO,PETROL
12684,24,SL CLASS,2019,34000,1001,145,47.1,2,AUTOMATIC,PETROL
12685,24,SL CLASS,2019,34120,1623,145,47.1,2,AUTOMATIC,PETROL
12686,24,SL CLASS,2019,34639,1000,145,47.1,2,SEMI-AUTO,PETROL
12687,24,SL CLASS,2019,35699,4500,150,36.2,3,AUTOMATIC,PETROL
12688,24,SL CLASS,2019,35899,821,145,36.2,3,AUTOMATIC,PETROL
12689,24,SL CLASS,2019,46995,3443,145,36.7,3,SEMI-AUTO,PETROL
12690,24,SL CLASS,2019,47789,2000,145,36.7,3,AUTOMATIC,PETROL
12691,24,SL CLASS,2019,47789,2000,150,36.7,3,SEMI-AUTO,PETROL
12692,24,SL CLASS,2019,47789,2000,145,36.7,3,AUTOMATIC,PETROL
12693,24,SL CLASS,2019,47789,2000,145,36.7,3,SEMI-AUTO,PETROL
12694,24,SL CLASS,2019,47789,2702,145,36.7,3,SEMI-AUTO,PETROL
12695,24,SL CLASS,2019,48500,9000,145,31.4,4.7,AUTOMATIC,PETROL
12696,24,SL CLASS,2019,48745,9742,145,31.4,4.7,SEMI-AUTO,PETROL
12697,24,SL CLASS,2019,49299,670,145,36.7,3,SEMI-AUTO,PETROL
12698,24,SL CLASS,2019,49400,3500,145,36.7,3,SEMI-AUTO,PETROL
12699,24,SL CLASS,2019,49480,6116,145,36.7,3,SEMI-AUTO,PETROL
12700,24,SL CLASS,2019,49899,1279,145,36.7,3,AUTOMATIC,PETROL
12701,24,SL CLASS,2019,49899,2760,145,36.7,3,AUTOMATIC,PETROL
12702,24,SL CLASS,2019,49980,6054,145,36.7,3,SEMI-AUTO,PETROL
12703,24,SL CLASS,2019,49995,8996,145,31.4,4.7,AUTOMATIC,PETROL
12704,24,SL CLASS,2019,50899,13,145,36.7,3,SEMI-AUTO,PETROL
12705,24,SL CLASS,2019,50899,24,145,36.7,3,SEMI-AUTO,PETROL
12706,24,SL CLASS,2019,50995,9393,145,31.4,4.7,AUTOMATIC,PETROL
12707,24,SL CLASS,2019,51096,2281,145,36.7,3,SEMI-AUTO,PETROL
12708,24,SL CLASS,2019,51124,5884,145,31.4,4.7,SEMI-AUTO,PETROL
12709,24,SL CLASS,2019,51124,10627,145,31.4,4.7,AUTOMATIC,PETROL
12710,24,SL CLASS,2019,51995,3500,145,36.7,3,AUTOMATIC,PETROL
12711,24,SL CLASS,2019,52799,1000,145,36.7,3,AUTOMATIC,PETROL
12712,24,SL CLASS,2019,52995,682,145,29.4,3,AUTOMATIC,PETROL
12713,24,SL CLASS,2019,52999,270,145,36.7,3,SEMI-AUTO,PETROL
12714,24,SL CLASS,2019,54790,6655,150,29.4,3,AUTOMATIC,PETROL
12715,24,SL CLASS,2019,55199,377,145,31.4,4.7,SEMI-AUTO,PETROL
12716,24,SL CLASS,2019,57399,894,145,31.4,4.7,SEMI-AUTO,PETROL
12717,24,SL CLASS,2019,57995,1201,145,29.4,3,AUTOMATIC,PETROL
12718,24,SL CLASS,2019,58799,183,145,29.7,3,AUTOMATIC,PETROL
12719,24,SL CLASS,2019,59899,767,145,29.4,3,AUTOMATIC,PETROL
12720,24,SL CLASS,2019,60099,38,145,29.4,3,AUTOMATIC,PETROL
12721,24,SL CLASS,2019,60099,91,145,29.4,3,AUTOMATIC,PETROL
12722,24,SL CLASS,2019,64998,313,145,31.4,4.7,SEMI-AUTO,PETROL
12723,24,SL CLASS,2019,70999,420,145,27.2,4.7,AUTOMATIC,PETROL
12724,24,SL CLASS,2019,77890,105,145,28,5.5,AUTOMATIC,PETROL
12725,24,SL CLASS,2019,78399,3728,145,28,5.5,SEMI-AUTO,PETROL
12726,24,SL CLASS,2019,79210,10,145,28,5.5,AUTOMATIC,PETROL
12727,24,SL CLASS,2019,79299,1776,145,28,5.5,SEMI-AUTO,PETROL
12728,24,SL CLASS,2019,79480,150,145,28,5.5,AUTOMATIC,PETROL
12729,24,SL CLASS,2019,79799,540,145,28,5.5,AUTOMATIC,PETROL
12730,24,SL CLASS,2019,80650,221,145,28,5.5,AUTOMATIC,PETROL
12731,24,SL CLASS,2019,89880,50,145,28,5.5,AUTOMATIC,PETROL
12732,24,SL CLASS,2020,32290,400,145,36.7,2,SEMI-AUTO,PETROL
12733,24,SL CLASS,2020,32999,600,145,36.7,2,SEMI-AUTO,PETROL
12734,24,SL CLASS,2020,33980,382,145,36.7,2,SEMI-AUTO,PETROL
12735,24,SL CLASS,2020,39995,250,145,35.8,2,SEMI-AUTO,PETROL
12736,25,SLK,1998,1990,99300,265,32.1,2.3,AUTOMATIC,PETROL
12737,25,SLK,1998,1990,113557,265,32.1,2.3,AUTOMATIC,PETROL
12738,25,SLK,2000,1490,87000,265,27.2,3.2,AUTOMATIC,PETROL
12739,25,SLK,2000,3990,113237,270,27.2,3.2,AUTOMATIC,PETROL
12740,25,SLK,2001,3950,91000,325,30,2.3,AUTOMATIC,PETROL
12741,25,SLK,2001,3990,48172,325,30,2.3,AUTOMATIC,PETROL
12742,25,SLK,2001,3990,69234,325,30.7,2,AUTOMATIC,PETROL
12743,25,SLK,2001,4490,42087,325,30,2.3,AUTOMATIC,PETROL
12744,25,SLK,2001,4990,56785,325,25.5,3.2,MANUAL,PETROL
12745,25,SLK,2001,4990,64476,325,27.2,3.2,AUTOMATIC,PETROL
12746,25,SLK,2002,2990,80586,330,30.7,2,AUTOMATIC,PETROL
12747,25,SLK,2002,3990,61400,325,30,2.3,AUTOMATIC,PETROL
12748,25,SLK,2002,4990,75034,325,30,2.3,AUTOMATIC,PETROL
12749,25,SLK,2003,3650,58500,325,30,2.3,AUTOMATIC,PETROL
12750,25,SLK,2003,3990,57989,325,30,2.3,AUTOMATIC,PETROL
12751,25,SLK,2003,5990,58415,330,27.2,3.2,AUTOMATIC,PETROL
12752,25,SLK,2004,3490,118400,325,30.7,2,AUTOMATIC,PETROL
12753,25,SLK,2004,3990,64015,325,30,2.3,AUTOMATIC,PETROL
12754,25,SLK,2004,4890,46000,330,28,3.5,AUTOMATIC,PETROL
12755,25,SLK,2004,4990,51566,325,30.7,2,MANUAL,PETROL
12756,25,SLK,2004,4990,62744,325,30.7,2,AUTOMATIC,PETROL
12757,25,SLK,2004,5000,86000,325,28,3.5,AUTOMATIC,PETROL
12758,25,SLK,2005,5200,63000,325,32.1,1.8,AUTOMATIC,PETROL
12759,25,SLK,2006,4995,75000,555,28,3.5,AUTOMATIC,PETROL
12760,25,SLK,2006,5990,70952,565,28.5,3,MANUAL,PETROL
12761,25,SLK,2006,6850,65000,565,28,3.5,AUTOMATIC,PETROL
12762,25,SLK,2007,5290,74000,325,32.1,1.8,AUTOMATIC,PETROL
12763,25,SLK,2007,6495,69000,325,32.1,1.8,AUTOMATIC,PETROL
12764,25,SLK,2008,5850,78954,300,34.4,1.8,AUTOMATIC,PETROL
12765,25,SLK,2008,5980,60000,280,34.4,1.8,AUTOMATIC,PETROL
12766,25,SLK,2008,6775,65000,290,34.4,1.8,AUTOMATIC,PETROL
12767,25,SLK,2008,7495,58000,330,29.7,3,AUTOMATIC,PETROL
12768,25,SLK,2010,7495,59147,300,36.2,1.8,MANUAL,PETROL
12769,25,SLK,2011,10995,40000,200,43.5,1.8,AUTOMATIC,PETROL
12770,25,SLK,2012,10499,47800,145,56.5,2.1,AUTOMATIC,DIESEL
12771,25,SLK,2012,10800,51703,145,56.5,2.1,AUTOMATIC,DIESEL
12772,25,SLK,2012,10990,55000,200,43.5,1.8,AUTOMATIC,PETROL
12773,25,SLK,2012,12995,43890,205,43.5,1.8,AUTOMATIC,PETROL
12774,25,SLK,2012,13999,28500,200,42.8,1.8,AUTOMATIC,PETROL
12775,25,SLK,2013,9600,51458,145,56.5,2,AUTOMATIC,DIESEL
12776,25,SLK,2013,10495,18105,150,56.5,2,SEMI-AUTO,DIESEL
12777,25,SLK,2013,10498,44226,145,56.5,2,SEMI-AUTO,DIESEL
12778,25,SLK,2013,10499,43739,145,56.5,2.1,AUTOMATIC,DIESEL
12779,25,SLK,2013,10698,66282,145,56.5,2,SEMI-AUTO,DIESEL
12780,25,SLK,2013,10699,35116,145,56.5,2.1,AUTOMATIC,DIESEL
12781,25,SLK,2013,10857,49284,200,43.5,2,AUTOMATIC,PETROL
12782,25,SLK,2013,10900,73000,150,56.5,2.1,AUTOMATIC,DIESEL
12783,25,SLK,2013,11300,38490,145,56.5,2.1,AUTOMATIC,DIESEL
12784,25,SLK,2013,11991,37411,150,56.5,2,SEMI-AUTO,DIESEL
12785,25,SLK,2013,12995,43150,200,43.5,1.8,AUTOMATIC,PETROL
12786,25,SLK,2014,10695,64130,145,56.5,2.1,AUTOMATIC,DIESEL
12787,25,SLK,2014,10950,55404,145,56.5,2,AUTOMATIC,DIESEL
12788,25,SLK,2014,11100,69861,145,56.5,2,SEMI-AUTO,DIESEL
12789,25,SLK,2014,11100,69866,145,56.5,2,SEMI-AUTO,DIESEL
12790,25,SLK,2014,11699,30769,145,56.5,2,AUTOMATIC,DIESEL
12791,25,SLK,2014,11999,50027,145,56.5,2,SEMI-AUTO,DIESEL
12792,25,SLK,2014,12998,32171,145,56.5,2,SEMI-AUTO,DIESEL
12793,25,SLK,2014,13650,34170,200,43.5,2,SEMI-AUTO,PETROL
12794,25,SLK,2014,14890,35000,150,56.5,2,SEMI-AUTO,DIESEL
12795,25,SLK,2014,14900,40230,150,56.5,3,AUTOMATIC,DIESEL
12796,25,SLK,2014,15990,43955,205,43.5,1.8,AUTOMATIC,PETROL
12797,25,SLK,2014,16994,16500,145,56.5,2.1,AUTOMATIC,DIESEL
12798,25,SLK,2015,12990,40000,145,56.5,2.1,AUTOMATIC,DIESEL
12799,25,SLK,2015,12995,39000,150,56.5,2.1,OTHER,DIESEL
12800,25,SLK,2015,12999,25996,145,70.6,2.1,AUTOMATIC,DIESEL
12801,25,SLK,2015,13240,38487,145,56.5,2,SEMI-AUTO,DIESEL
12802,25,SLK,2015,13400,47003,205,41.5,1.8,MANUAL,PETROL
12803,25,SLK,2015,13795,29945,145,56.5,2,SEMI-AUTO,DIESEL
12804,25,SLK,2015,14298,21624,145,56.5,2,SEMI-AUTO,DIESEL
12805,25,SLK,2015,14365,34465,200,43.5,2,SEMI-AUTO,PETROL
12806,25,SLK,2015,14400,27630,30,70.6,2.1,AUTOMATIC,DIESEL
12807,25,SLK,2015,14800,31576,30,70.6,2.1,AUTOMATIC,DIESEL
12808,25,SLK,2015,14900,21078,30,70.6,2.1,AUTOMATIC,DIESEL
12809,25,SLK,2015,14900,48489,150,47.9,2,AUTOMATIC,PETROL
12810,25,SLK,2015,14990,40625,150,56.5,2,SEMI-AUTO,DIESEL
12811,25,SLK,2015,14995,36860,145,56.5,2.1,AUTOMATIC,DIESEL
12812,25,SLK,2015,14995,37265,30,70.6,2,SEMI-AUTO,DIESEL
12813,25,SLK,2015,15599,21680,150,56.5,2.1,AUTOMATIC,DIESEL
12814,25,SLK,2015,16280,29001,205,41.5,2,MANUAL,PETROL
12815,25,SLK,2015,16480,27877,30,70.6,2,SEMI-AUTO,DIESEL
12816,25,SLK,2015,16995,14125,145,47.9,2,AUTOMATIC,PETROL
12817,25,SLK,2015,17480,31023,30,70.6,2,SEMI-AUTO,DIESEL
12818,25,SLK,2015,17900,13000,150,56.5,2.1,AUTOMATIC,DIESEL
12819,25,SLK,2016,15100,41509,30,70.6,2.1,AUTOMATIC,DIESEL
12820,25,SLK,2016,15280,33534,30,70.6,2,SEMI-AUTO,DIESEL
12821,25,SLK,2016,16299,39820,30,70.6,2.1,AUTOMATIC,DIESEL
12822,25,SLK,2016,16480,30816,30,70.6,2,SEMI-AUTO,DIESEL
12823,25,SLK,2016,16480,36363,30,70.6,2,SEMI-AUTO,DIESEL
12824,25,SLK,2016,16980,28852,30,70.6,2,SEMI-AUTO,DIESEL
12825,25,SLK,2016,17480,29726,30,70.6,2,SEMI-AUTO,DIESEL
12826,25,SLK,2016,17499,30128,30,70.6,2.1,AUTOMATIC,DIESEL
12827,25,SLK,2016,17980,16107,30,70.6,2,SEMI-AUTO,DIESEL
12828,25,SLK,2016,18980,8417,30,70.6,2,SEMI-AUTO,DIESEL
12829,25,SLK,2016,18991,12178,30,70.6,2,SEMI-AUTO,DIESEL
12830,25,SLK,2018,19450,25782,30,70.6,2.1,AUTOMATIC,DIESEL
12831,26,V Class,2010,6949,259000,540,30.7,3,AUTOMATIC,DIESEL
12832,26,V Class,2013,14995,78000,300,38.7,2.1,AUTOMATIC,DIESEL
12833,26,V Class,2013,20000,58518,305,38.7,2.1,MANUAL,DIESEL
12834,26,V Class,2015,19500,99960,200,45.6,2.1,AUTOMATIC,DIESEL
12835,26,V Class,2015,23000,69172,200,45.6,2.2,SEMI-AUTO,DIESEL
12836,26,V Class,2015,25990,56617,235,44.8,2.2,SEMI-AUTO,DIESEL
12837,26,V Class,2015,26490,48500,200,45.6,2.1,AUTOMATIC,DIESEL
12838,26,V Class,2015,26950,49000,235,44.8,2.2,AUTOMATIC,DIESEL
12839,26,V Class,2015,27490,57500,235,44.8,2.1,AUTOMATIC,DIESEL
12840,26,V Class,2016,17998,21981,200,46.3,2.1,MANUAL,DIESEL
12841,26,V Class,2016,17998,21981,200,46.3,2.1,MANUAL,DIESEL
12842,26,V Class,2016,25490,43000,200,45.6,2.1,AUTOMATIC,DIESEL
12843,26,V Class,2016,26490,32494,200,45.6,2.2,SEMI-AUTO,DIESEL
12844,26,V Class,2016,29995,33000,235,44.8,2.1,AUTOMATIC,DIESEL
12845,26,V Class,2016,30449,48000,235,44.8,2.2,AUTOMATIC,DIESEL
12846,26,V Class,2016,31995,42000,235,44.8,2.1,AUTOMATIC,DIESEL
12847,26,V Class,2016,32134,24754,235,44.8,2.2,SEMI-AUTO,DIESEL
12848,26,V Class,2016,32895,20751,235,44.8,2.2,AUTOMATIC,DIESEL
12849,26,V Class,2016,36999,20455,200,46.3,2.1,MANUAL,DIESEL
12850,26,V Class,2017,16990,49532,145,46.3,2.1,MANUAL,DIESEL
12851,26,V Class,2017,25490,5000,150,48.7,2.1,AUTOMATIC,DIESEL
12852,26,V Class,2017,27998,58590,235,44.8,2.2,SEMI-AUTO,DIESEL
12853,26,V Class,2017,29950,33000,145,44.6,2.1,AUTOMATIC,DIESEL
12854,26,V Class,2017,29990,86000,145,44.8,2.1,AUTOMATIC,DIESEL
12855,26,V Class,2017,29998,41298,205,45.6,2.2,SEMI-AUTO,DIESEL
12856,26,V Class,2017,30998,32577,145,45.6,2.2,SEMI-AUTO,DIESEL
12857,26,V Class,2017,31980,16000,145,44.8,2.1,AUTOMATIC,DIESEL
12858,26,V Class,2017,32499,2552,145,45.6,2.2,AUTOMATIC,DIESEL
12859,26,V Class,2017,32980,8141,145,45.6,2.2,AUTOMATIC,DIESEL
12860,26,V Class,2017,33990,40000,150,44.8,2.1,AUTOMATIC,DIESEL
12861,26,V Class,2017,34980,6316,145,45.6,2.2,SEMI-AUTO,DIESEL
12862,26,V Class,2017,35699,7833,145,45.6,2.2,AUTOMATIC,DIESEL
12863,26,V Class,2017,35995,16830,235,44.8,2.2,SEMI-AUTO,DIESEL
12864,26,V Class,2017,36990,14311,235,44.8,2.1,AUTOMATIC,DIESEL
12865,26,V Class,2017,37000,15612,235,44.8,2.2,SEMI-AUTO,DIESEL
12866,26,V Class,2017,54990,34564,145,44.8,2.1,AUTOMATIC,DIESEL
12867,26,V Class,2018,17495,38004,145,46.3,2.1,MANUAL,DIESEL
12868,26,V Class,2018,18000,21749,145,46.3,2.1,MANUAL,DIESEL
12869,26,V Class,2018,18450,23075,145,46.3,2.1,MANUAL,DIESEL
12870,26,V Class,2018,18691,20074,150,48.7,2.1,AUTOMATIC,DIESEL
12871,26,V Class,2018,18990,38000,145,46.3,2.1,MANUAL,DIESEL
12872,26,V Class,2018,18998,24043,150,46.3,2.1,MANUAL,DIESEL
12873,26,V Class,2018,18998,28702,145,46.3,2.1,MANUAL,DIESEL
12874,26,V Class,2018,19000,29000,145,46.3,2.1,MANUAL,DIESEL
12875,26,V Class,2018,19000,39292,145,46.3,2.1,MANUAL,DIESEL
12876,26,V Class,2018,19000,49000,145,46.3,2.1,MANUAL,DIESEL
12877,26,V Class,2018,19346,32095,150,46.3,2.1,MANUAL,DIESEL
12878,26,V Class,2018,19346,34483,150,46.3,2.1,MANUAL,DIESEL
12879,26,V Class,2018,19498,21525,145,46.3,2.1,MANUAL,DIESEL
12880,26,V Class,2018,19498,24164,145,46.3,2.1,MANUAL,DIESEL
12881,26,V Class,2018,19498,26276,145,46.3,2.1,MANUAL,DIESEL
12882,26,V Class,2018,19498,29723,145,46.3,2.1,MANUAL,DIESEL
12883,26,V Class,2018,19750,15232,145,48.7,2.1,AUTOMATIC,DIESEL
12884,26,V Class,2018,19750,15993,145,48.7,2.1,AUTOMATIC,DIESEL
12885,26,V Class,2018,19750,19016,145,48.7,2.1,AUTOMATIC,DIESEL
12886,26,V Class,2018,19750,21059,145,46.3,2.1,MANUAL,DIESEL
12887,26,V Class,2018,19990,23415,145,46.3,2.1,MANUAL,DIESEL
12888,26,V Class,2018,19990,30577,145,46.3,2.1,MANUAL,DIESEL
12889,26,V Class,2018,19998,11726,145,46.3,2.1,MANUAL,DIESEL
12890,26,V Class,2018,19998,14941,145,46.3,2.1,MANUAL,DIESEL
12891,26,V Class,2018,19998,16146,145,46.3,2.1,MANUAL,DIESEL
12892,26,V Class,2018,19998,17876,145,46.3,2.1,MANUAL,DIESEL
12893,26,V Class,2018,19998,22058,145,46.3,2.1,MANUAL,DIESEL
12894,26,V Class,2018,19998,23183,145,46.3,2.1,MANUAL,DIESEL
12895,26,V Class,2018,19998,24823,145,46.3,2.1,MANUAL,DIESEL
12896,26,V Class,2018,19998,26140,145,46.3,2.1,MANUAL,DIESEL
12897,26,V Class,2018,19998,26973,145,46.3,2.1,MANUAL,DIESEL
12898,26,V Class,2018,19998,27222,145,46.3,2.1,MANUAL,DIESEL
12899,26,V Class,2018,19998,27222,145,46.3,2.1,MANUAL,DIESEL
12900,26,V Class,2018,20498,18831,145,46.3,2.1,MANUAL,DIESEL
12901,26,V Class,2018,20498,20138,145,46.3,2.1,MANUAL,DIESEL
12902,26,V Class,2018,20498,20646,145,46.3,2.1,MANUAL,DIESEL
12903,26,V Class,2018,20498,20841,145,46.3,2.1,MANUAL,DIESEL
12904,26,V Class,2018,20498,21431,145,46.3,2.1,MANUAL,DIESEL
12905,26,V Class,2018,20498,21681,145,46.3,2.1,MANUAL,DIESEL
12906,26,V Class,2018,20498,22011,145,46.3,2.1,MANUAL,DIESEL
12907,26,V Class,2018,20498,22033,145,46.3,2.1,MANUAL,DIESEL
12908,26,V Class,2018,20498,23128,145,46.3,2.1,MANUAL,DIESEL
12909,26,V Class,2018,20498,23694,145,46.3,2.1,MANUAL,DIESEL
12910,26,V Class,2018,20498,25254,145,46.3,2.1,MANUAL,DIESEL
12911,26,V Class,2018,20698,13013,145,46.3,2.1,MANUAL,DIESEL
12912,26,V Class,2018,20998,11323,145,46.3,2.1,MANUAL,DIESEL
12913,26,V Class,2018,20998,14453,145,46.3,2.1,MANUAL,DIESEL
12914,26,V Class,2018,20998,22740,145,46.3,2.1,MANUAL,DIESEL
12915,26,V Class,2018,21798,15323,150,46.3,2.1,MANUAL,DIESEL
12916,26,V Class,2018,21996,32095,145,46.3,2.1,MANUAL,DIESEL
12917,26,V Class,2018,21996,34483,145,46.3,2.1,MANUAL,DIESEL
12918,26,V Class,2018,22798,25920,145,46.3,2.1,MANUAL,DIESEL
12919,26,V Class,2018,24998,23275,145,46.3,2.1,MANUAL,DIESEL
12920,26,V Class,2018,29998,40479,145,45.6,2.2,SEMI-AUTO,DIESEL
12921,26,V Class,2018,32748,12392,145,45.6,2.1,AUTOMATIC,DIESEL
12922,26,V Class,2018,32998,18932,145,45.6,2.2,SEMI-AUTO,DIESEL
12923,26,V Class,2018,34000,13000,145,45.6,2.1,AUTOMATIC,DIESEL
12924,26,V Class,2018,35000,8900,145,45.6,2.1,AUTOMATIC,DIESEL
12925,26,V Class,2018,35299,22,145,44.8,2.2,AUTOMATIC,DIESEL
12926,26,V Class,2018,35480,13737,145,45.6,2.1,AUTOMATIC,DIESEL
12927,26,V Class,2018,35990,26500,145,45.6,2.1,AUTOMATIC,DIESEL
12928,26,V Class,2018,35995,7000,145,45.6,2.2,AUTOMATIC,DIESEL
12929,26,V Class,2018,36399,2748,145,44.8,2.2,SEMI-AUTO,DIESEL
12930,26,V Class,2018,36498,20527,145,45.6,2.1,AUTOMATIC,DIESEL
12931,26,V Class,2018,38782,15640,145,45.6,2.2,SEMI-AUTO,DIESEL
12932,26,V Class,2018,38995,14777,145,44.8,2.1,AUTOMATIC,DIESEL
12933,26,V Class,2018,39900,5988,145,44.8,2.2,SEMI-AUTO,DIESEL
12934,26,V Class,2018,42134,3067,145,44.8,2.2,AUTOMATIC,DIESEL
12935,26,V Class,2018,42510,10044,145,44.8,2.2,AUTOMATIC,DIESEL
12936,26,V Class,2018,43991,12572,150,44.8,2.2,SEMI-AUTO,DIESEL
12937,26,V Class,2018,52000,11875,145,45.6,2.1,AUTOMATIC,DIESEL
12938,26,V Class,2019,17699,20578,145,46.3,2.1,MANUAL,DIESEL
12939,26,V Class,2019,17950,22538,145,46.3,2.1,MANUAL,DIESEL
12940,26,V Class,2019,18450,16989,145,46.3,2.1,MANUAL,DIESEL
12941,26,V Class,2019,19950,20981,145,46.3,2.1,MANUAL,DIESEL
12942,26,V Class,2019,20000,23580,145,46.3,2.1,MANUAL,DIESEL
12943,26,V Class,2019,20391,18266,150,48.7,2.1,AUTOMATIC,DIESEL
12944,26,V Class,2019,20391,18552,150,48.7,2.1,AUTOMATIC,DIESEL
12945,26,V Class,2019,20391,18812,150,48.7,2.1,AUTOMATIC,DIESEL
12946,26,V Class,2019,20691,18398,150,48.7,2.1,AUTOMATIC,DIESEL
12947,26,V Class,2019,20750,18603,145,48.7,2.1,AUTOMATIC,DIESEL
12948,26,V Class,2019,20750,18625,145,48.7,2.1,AUTOMATIC,DIESEL
12949,26,V Class,2019,20950,10,145,46.3,2.1,MANUAL,DIESEL
12950,26,V Class,2019,20950,35,145,46.3,2.1,MANUAL,DIESEL
12951,26,V Class,2019,20950,20500,145,48.7,2.1,AUTOMATIC,DIESEL
12952,26,V Class,2019,22890,6257,145,46.3,2.1,MANUAL,DIESEL
12953,26,V Class,2019,22950,22691,145,46.3,2.1,MANUAL,DIESEL
12954,26,V Class,2019,23750,19735,145,48.7,2.1,AUTOMATIC,DIESEL
12955,26,V Class,2019,24750,18349,145,48.7,2.1,AUTOMATIC,DIESEL
12956,26,V Class,2019,24750,19735,145,48.7,2.1,AUTOMATIC,DIESEL
12957,26,V Class,2019,24990,5000,145,46.3,2.1,MANUAL,DIESEL
12958,26,V Class,2019,25000,100,145,46.3,2.1,MANUAL,DIESEL
12959,26,V Class,2019,25991,3442,150,39.8,2.1,AUTOMATIC,DIESEL
12960,26,V Class,2019,27000,500,145,38.2,2.1,AUTOMATIC,DIESEL
12961,26,V Class,2019,27000,500,145,38.2,2.1,AUTOMATIC,DIESEL
12962,26,V Class,2019,29990,9000,145,38.7,2,AUTOMATIC,DIESEL
12963,26,V Class,2019,36980,2924,145,44.8,2.2,SEMI-AUTO,DIESEL
12964,26,V Class,2019,36998,5500,145,45.6,2.1,AUTOMATIC,DIESEL
12965,26,V Class,2019,37995,10593,145,45.6,2.2,SEMI-AUTO,DIESEL
12966,26,V Class,2019,38200,3974,145,45.6,2.2,AUTOMATIC,DIESEL
12967,26,V Class,2019,38949,11588,145,45.6,2.2,AUTOMATIC,DIESEL
12968,26,V Class,2019,38949,14227,145,45.6,2.2,AUTOMATIC,DIESEL
12969,26,V Class,2019,38995,13347,145,45.6,2.2,SEMI-AUTO,DIESEL
12970,26,V Class,2019,38995,14086,145,45.6,2.2,SEMI-AUTO,DIESEL
12971,26,V Class,2019,39410,79,145,45.6,2.2,AUTOMATIC,DIESEL
12972,26,V Class,2019,39500,1250,145,44.8,2.2,AUTOMATIC,DIESEL
12973,26,V Class,2019,39580,5322,145,45.6,2,AUTOMATIC,DIESEL
12974,26,V Class,2019,39897,5927,145,44.8,2.2,SEMI-AUTO,DIESEL
12975,26,V Class,2019,39950,2738,145,44.8,2.2,AUTOMATIC,DIESEL
12976,26,V Class,2019,39980,3257,145,44.8,2.2,SEMI-AUTO,DIESEL
12977,26,V Class,2019,39995,1659,145,44.8,2.1,AUTOMATIC,DIESEL
12978,26,V Class,2019,39995,4823,145,45.6,2.2,SEMI-AUTO,DIESEL
12979,26,V Class,2019,40890,4170,145,44.1,2.1,AUTOMATIC,DIESEL
12980,26,V Class,2019,40995,7415,145,45.6,2.2,SEMI-AUTO,DIESEL
12981,26,V Class,2019,41730,2582,145,45.6,2.2,AUTOMATIC,DIESEL
12982,26,V Class,2019,42980,1998,145,37.7,2,SEMI-AUTO,DIESEL
12983,26,V Class,2019,42980,3226,150,44.8,2.1,AUTOMATIC,DIESEL
12984,26,V Class,2019,43890,3000,150,37.2,2,AUTOMATIC,DIESEL
12985,26,V Class,2019,43990,2753,145,36.7,2,AUTOMATIC,DIESEL
12986,26,V Class,2019,44410,4362,145,45.6,2.2,AUTOMATIC,DIESEL
12987,26,V Class,2019,44490,1002,145,36.2,2,AUTOMATIC,DIESEL
12988,26,V Class,2019,44490,6295,145,36.7,2,SEMI-AUTO,DIESEL
12989,26,V Class,2019,44631,4000,145,36.2,2,AUTOMATIC,DIESEL
12990,26,V Class,2019,44980,16,145,36.2,2,SEMI-AUTO,DIESEL
12991,26,V Class,2019,44990,1099,145,45.6,2.2,AUTOMATIC,DIESEL
12992,26,V Class,2019,44995,200,145,36.7,2,SEMI-AUTO,DIESEL
12993,26,V Class,2019,44999,492,145,36.2,2,AUTOMATIC,DIESEL
12994,26,V Class,2019,44999,3337,145,44.8,2.2,SEMI-AUTO,DIESEL
12995,26,V Class,2019,45394,147,145,36.2,2,AUTOMATIC,DIESEL
12996,26,V Class,2019,45394,1350,145,36.2,2,AUTOMATIC,DIESEL
12997,26,V Class,2019,45394,2020,145,36.2,2,AUTOMATIC,DIESEL
12998,26,V Class,2019,45395,9,145,36.2,2,AUTOMATIC,DIESEL
12999,26,V Class,2019,45395,500,145,36.2,2,AUTOMATIC,DIESEL
13000,26,V Class,2019,45480,236,145,36.2,2,SEMI-AUTO,DIESEL
13001,26,V Class,2019,45800,18,145,36.2,2,AUTOMATIC,DIESEL
13002,26,V Class,2019,46220,2145,145,36.2,2,AUTOMATIC,DIESEL
13003,26,V Class,2019,46499,999,145,36.7,2,AUTOMATIC,DIESEL
13004,26,V Class,2019,46500,2000,145,36.7,2,AUTOMATIC,DIESEL
13005,26,V Class,2019,46895,100,145,36.7,2,AUTOMATIC,DIESEL
13006,26,V Class,2019,46895,101,145,36.7,2,AUTOMATIC,DIESEL
13007,26,V Class,2019,46895,500,145,36.7,2,AUTOMATIC,DIESEL
13008,26,V Class,2019,46949,3000,145,44.8,2.2,SEMI-AUTO,DIESEL
13009,26,V Class,2019,46980,1096,145,36.2,2,SEMI-AUTO,DIESEL
13010,26,V Class,2019,46980,2888,145,36.7,2,SEMI-AUTO,DIESEL
13011,26,V Class,2019,46995,3179,145,36.2,2,AUTOMATIC,DIESEL
13012,26,V Class,2019,47490,20,145,36.7,2,AUTOMATIC,DIESEL
13013,26,V Class,2019,47950,2550,145,36.7,2,AUTOMATIC,DIESEL
13014,26,V Class,2019,47990,1000,150,36.7,2,AUTOMATIC,DIESEL
13015,26,V Class,2019,47990,2326,145,45.6,2.2,AUTOMATIC,DIESEL
13016,26,V Class,2019,47995,677,145,36.7,2,AUTOMATIC,DIESEL
13017,26,V Class,2019,47995,1824,145,36.7,2,AUTOMATIC,DIESEL
13018,26,V Class,2019,47995,3999,145,36.7,2,SEMI-AUTO,DIESEL
13019,26,V Class,2019,47999,999,145,36.7,2,AUTOMATIC,DIESEL
13020,26,V Class,2019,47999,999,145,36.7,2,AUTOMATIC,DIESEL
13021,26,V Class,2019,48251,1478,145,45.6,2.2,AUTOMATIC,DIESEL
13022,26,V Class,2019,48890,650,145,36.7,2,SEMI-AUTO,DIESEL
13023,26,V Class,2019,48990,3834,145,36.7,2,AUTOMATIC,DIESEL
13024,26,V Class,2019,49589,1000,145,44.8,2.2,SEMI-AUTO,DIESEL
13025,26,V Class,2019,49989,1611,145,36.7,2,SEMI-AUTO,DIESEL
13026,26,V Class,2019,49991,10,145,36.7,2,AUTOMATIC,DIESEL
13027,26,V Class,2019,49995,8251,145,36.2,2,AUTOMATIC,DIESEL
13028,26,V Class,2019,50640,10,145,45.6,2.2,AUTOMATIC,DIESEL
13029,26,V Class,2019,51000,3238,145,36.7,2,SEMI-AUTO,DIESEL
13030,26,V Class,2019,53581,3000,145,37.2,2,AUTOMATIC,DIESEL
13031,26,V Class,2019,58800,1253,145,36.2,2,AUTOMATIC,DIESEL
13032,26,V Class,2020,24791,303,150,39.8,2.1,AUTOMATIC,DIESEL
13033,26,V Class,2020,43950,2859,145,36.2,2,SEMI-AUTO,DIESEL
13034,26,V Class,2020,49879,1000,145,36.7,2,SEMI-AUTO,DIESEL
13035,26,V Class,2020,52900,250,145,36.2,2,SEMI-AUTO,DIESEL
13036,26,V Class,2020,52999,1000,145,36.2,2,SEMI-AUTO,DIESEL
13037,26,V Class,2020,54561,10,145,36.7,2,SEMI-AUTO,DIESEL
13038,27,X-CLASS,2017,20995,44632,265,35.8,2.3,AUTOMATIC,DIESEL
13039,27,X-CLASS,2017,23950,15270,265,35.8,2.3,AUTOMATIC,DIESEL
13040,27,X-CLASS,2017,24990,23219,140,35.8,2.3,AUTOMATIC,DIESEL
13041,27,X-CLASS,2017,26990,6000,260,37.2,2.3,MANUAL,DIESEL
13042,27,X-CLASS,2017,29990,22500,260,35.8,2.3,AUTOMATIC,DIESEL
13043,27,X-CLASS,2017,31000,11447,260,35.8,2.3,AUTOMATIC,DIESEL
13044,27,X-CLASS,2017,31994,24800,260,35.8,2.3,AUTOMATIC,DIESEL
13045,27,X-CLASS,2018,18991,14243,260,37.2,2.3,MANUAL,DIESEL
13046,27,X-CLASS,2018,21990,53000,260,35.8,2.3,AUTOMATIC,DIESEL
13047,27,X-CLASS,2018,23000,3900,260,35.8,2.3,AUTOMATIC,DIESEL
13048,27,X-CLASS,2018,27950,7968,265,35.8,2.3,AUTOMATIC,DIESEL
13049,27,X-CLASS,2018,27990,7000,260,35.8,2.3,AUTOMATIC,DIESEL
13050,27,X-CLASS,2018,27995,21000,260,35.8,2.3,AUTOMATIC,DIESEL
13051,27,X-CLASS,2018,28490,3500,250,35.8,2.3,AUTOMATIC,DIESEL
13052,27,X-CLASS,2018,28950,13500,260,35.8,2.3,AUTOMATIC,DIESEL
13053,27,X-CLASS,2018,28990,10000,240,35.8,2.3,AUTOMATIC,DIESEL
13054,27,X-CLASS,2018,28990,14000,240,35.8,2.3,AUTOMATIC,DIESEL
13055,27,X-CLASS,2018,28990,18000,260,35.8,2.3,AUTOMATIC,DIESEL
13056,27,X-CLASS,2018,29490,5000,250,35.8,2.3,AUTOMATIC,DIESEL
13057,27,X-CLASS,2018,29869,28415,260,35.8,2.3,AUTOMATIC,DIESEL
13058,27,X-CLASS,2018,29990,42000,260,31.4,3,AUTOMATIC,DIESEL
13059,27,X-CLASS,2018,33000,14500,260,35.8,2.3,AUTOMATIC,DIESEL
13060,27,X-CLASS,2018,33991,11366,265,31.4,3,AUTOMATIC,DIESEL
13061,27,X-CLASS,2018,36790,9500,260,31.4,3,AUTOMATIC,DIESEL
13062,27,X-CLASS,2018,37493,8043,260,31.4,3,AUTOMATIC,DIESEL
13063,27,X-CLASS,2018,37495,7820,260,31.4,3,AUTOMATIC,DIESEL
13064,27,X-CLASS,2018,38995,7820,260,31.4,3,AUTOMATIC,DIESEL
13065,27,X-CLASS,2018,39000,3161,260,31.4,3,AUTOMATIC,DIESEL
13066,27,X-CLASS,2019,22495,500,260,35.8,2.3,AUTOMATIC,DIESEL
13067,27,X-CLASS,2019,22995,500,260,35.8,2.3,AUTOMATIC,DIESEL
13068,27,X-CLASS,2019,22995,8974,265,35.8,2.3,AUTOMATIC,DIESEL
13069,27,X-CLASS,2019,22995,9772,265,35.8,2.3,AUTOMATIC,DIESEL
13070,27,X-CLASS,2019,22995,10996,260,35.8,2.3,AUTOMATIC,DIESEL
13071,27,X-CLASS,2019,22995,11479,260,35.8,2.3,AUTOMATIC,DIESEL
13072,27,X-CLASS,2019,23495,500,260,35.8,2.3,AUTOMATIC,DIESEL
13073,27,X-CLASS,2019,23996,9160,260,35.8,2.3,AUTOMATIC,DIESEL
13074,27,X-CLASS,2019,24895,12402,260,35.8,2.3,AUTOMATIC,DIESEL
13075,27,X-CLASS,2019,24945,500,260,35.8,2.3,AUTOMATIC,DIESEL
13076,27,X-CLASS,2019,24945,500,260,35.8,2.3,AUTOMATIC,DIESEL
13077,27,X-CLASS,2019,24945,500,260,35.8,2.3,AUTOMATIC,DIESEL
13078,27,X-CLASS,2019,24945,500,260,35.8,2.3,AUTOMATIC,DIESEL
13079,27,X-CLASS,2019,24991,8974,260,35.8,2.3,AUTOMATIC,DIESEL
13080,27,X-CLASS,2019,25491,5981,265,35.8,2.3,AUTOMATIC,DIESEL
13081,27,X-CLASS,2019,25491,10485,265,35.8,2.3,AUTOMATIC,DIESEL
13082,27,X-CLASS,2019,25926,9772,260,35.8,2.3,AUTOMATIC,DIESEL
13083,27,X-CLASS,2019,26000,8100,260,35.8,2.3,AUTOMATIC,DIESEL
13084,27,X-CLASS,2019,26995,500,260,35.8,2.3,AUTOMATIC,DIESEL
13085,27,X-CLASS,2019,26995,500,260,35.8,2.3,AUTOMATIC,DIESEL
13086,27,X-CLASS,2019,26995,500,260,35.8,2.3,AUTOMATIC,DIESEL
13087,27,X-CLASS,2019,27995,2750,260,35.8,2.3,AUTOMATIC,DIESEL
13088,27,X-CLASS,2019,28000,16500,260,35.8,2.3,AUTOMATIC,DIESEL
13089,27,X-CLASS,2019,28675,39,260,35.8,2.3,AUTOMATIC,DIESEL
13090,27,X-CLASS,2019,28900,37,260,35.8,2.3,AUTOMATIC,DIESEL
13091,27,X-CLASS,2019,28945,500,260,35.8,2.3,AUTOMATIC,DIESEL
13092,27,X-CLASS,2019,28945,500,260,35.8,2.3,AUTOMATIC,DIESEL
13093,27,X-CLASS,2019,28945,500,260,35.8,2.3,AUTOMATIC,DIESEL
13094,27,X-CLASS,2019,28945,500,260,35.8,2.3,AUTOMATIC,DIESEL
13095,27,X-CLASS,2019,28950,2746,260,35.8,2.3,AUTOMATIC,DIESEL
13096,27,X-CLASS,2019,28990,4000,260,35.8,2.3,AUTOMATIC,DIESEL
13097,27,X-CLASS,2019,29000,4000,260,35.8,2.3,AUTOMATIC,DIESEL
13098,27,X-CLASS,2019,30000,10000,260,35.8,2.3,AUTOMATIC,DIESEL
13099,27,X-CLASS,2019,30991,8107,260,35.8,2.3,AUTOMATIC,DIESEL
13100,27,X-CLASS,2019,31000,7500,260,35.8,2.3,AUTOMATIC,DIESEL
13101,27,X-CLASS,2019,31750,7000,260,35.8,2.3,AUTOMATIC,DIESEL
13102,27,X-CLASS,2019,31950,3740,260,35.8,2.3,AUTOMATIC,DIESEL
13103,27,X-CLASS,2019,31990,1000,260,35.8,2.3,AUTOMATIC,DIESEL
13104,27,X-CLASS,2019,32500,40,260,31.4,3,AUTOMATIC,DIESEL
13105,27,X-CLASS,2019,32995,600,260,31.4,3,AUTOMATIC,DIESEL
13106,27,X-CLASS,2019,33750,12500,260,31.4,3,AUTOMATIC,DIESEL
13107,27,X-CLASS,2019,33990,8000,260,31.4,3,AUTOMATIC,DIESEL
13108,27,X-CLASS,2019,33990,13000,260,31.4,3,AUTOMATIC,DIESEL
13109,27,X-CLASS,2019,34491,8798,260,31.4,3,AUTOMATIC,DIESEL
13110,27,X-CLASS,2019,34500,3800,260,35.8,2.3,AUTOMATIC,DIESEL
13111,27,X-CLASS,2019,34800,1563,260,35.8,2.3,AUTOMATIC,DIESEL
13112,27,X-CLASS,2019,37891,303,265,31.4,3,AUTOMATIC,DIESEL
13113,27,X-CLASS,2019,37891,303,265,31.4,3,AUTOMATIC,DIESEL
13114,27,X-CLASS,2019,38990,8000,260,31.4,3,AUTOMATIC,DIESEL
13115,27,X-CLASS,2019,40990,22000,260,31.4,3,AUTOMATIC,DIESEL
13116,27,X-CLASS,2019,47400,3789,260,31.4,3,AUTOMATIC,DIESEL
13117,27,X-CLASS,2020,31991,303,260,35.8,2.3,AUTOMATIC,DIESEL
13118,27,X-CLASS,2020,31991,303,265,35.8,2.3,AUTOMATIC,DIESEL
13119,27,X-CLASS,2020,46000,2950,260,31.4,3,AUTOMATIC,DIESEL
